library_id,title,cycle,sub_process_id,sub_process,risk_factor,risk_name,risk_description,risk_category,risk_attr_financial,risk_attr_operations,risk_attr_compliance,romm_classification,significant_account,assertions,control_objective,control_activity,frequency,responsible_unit,iuc_or_system,related_system,related_policy,related_law,related_document,related_document_pbc_ids,company_status,design_gap_note,effectiveness,residual_risk,improvement,nature,approach,type,inputs,review_steps,outputs,investigation_threshold,dependent_controls,detailed_description,summary_description,control_id,tags,updated_at
LIB-REV-CUTOFF-01,銷售截止覆核（銷貨日報表）,銷售及收款循環,,,,收入截止錯誤,接近期末之出貨可能於不當會計期間認列收入,,[財務報導] 營業收入完整性與截止,[營運] 出貨與開票時點不一致,[法令遵循] 收入認列政策,Significant Risk — Higher risk associated with the control,營業收入、應收帳款,完整性 (Completeness)；截止 (Cutoff),確保出貨交易於適當會計期間認列收入,會計人員每日將出貨單與銷貨日報表逐筆核對，差異列入截止調節並呈主管簽核,每日,財務部會計課／會計主管,銷貨日報表,,,,,,,,,,,人工,偵測性 (Detective),含覆核要素之控制 (Controls with a Review Element),出貨單、銷貨日報表（ERP 產製）,"取得當日出貨清單與銷貨日報表
比對出貨日與發票／認列日
差異逾1日列入追蹤清單並查明原因
主管覆核調節表並簽核",截止調節表、差異追蹤清單、主管簽核紀錄,出貨日與認列日差異逾1日,,就公司現行銷售及收款循環作業，為因應「收入截止錯誤」風險——接近期末之出貨可能於不當會計期間認列收入（風險三大屬性—財務報導：[財務報導] 營業收入完整性與截止；營運：[營運] 出貨與開票時點不一致；法令遵循：[法令遵循] 收入認列政策；RoMM：Significant Risk — Higher risk associated with the control；重大科目／聲明：營業收入、應收帳款／完整性 (Completeness)；截止 (Cutoff)），設計控制目標為「確保出貨交易於適當會計期間認列收入」。由財務部會計課／會計主管以人工 (Manual)方式、採偵測性 (Detective)取向、屬含覆核要素之控制 (Controls with a Review Element)類型，依每日執行下列控制活動：會計人員每日將出貨單與銷貨日報表逐筆核對，差異列入截止調節並呈主管簽核。控制執行時使用之 IUC／制度為「銷貨日報表」。投入（Inputs）：出貨單、銷貨日報表（ERP 產製）。覆核／執行步驟（Specific activities）：1. 取得當日出貨清單與銷貨日報表2. 比對出貨日與發票／認列日3. 差異逾1日列入追蹤清單並查明原因4. 主管覆核調節表並簽核。產出（Outputs）：截止調節表、差異追蹤清單、主管簽核紀錄。調查門檻與後續追蹤：出貨日與認列日差異逾1日。,[銷售及收款循環｜收入截止錯誤] 確保出貨交易於適當會計期間認列收入：會計人員每日將出貨單與銷貨日報表逐筆核對，差異列入截止調節並呈主管簽核（頻率：每日；負責：財務部會計課／會計主管；IUC：銷貨日報表）,,銷售;截止;Significan Risk;累積範本;去識別範本,2026-08-26 18:45:24
LIB-AP-3WAY-01,採購三方比對核准,採購及付款循環,,,,不實或未授權之應付帳款,供應商發票可能未經有效驗收或採購依據即入帳付款,,[財務報導] 應付帳款存在／發生與正確性,[營運] 採購驗收與付款流程斷點,[法令遵循] 核決權限表,Significant Risk — Not higher risk associated with the control,應付帳款、存貨／費用,存在或發生 (Existence or Occurrence)；正確性 (Accuracy),僅對經授權且貨物／勞務已收受之交易認列應付帳款,應付帳款人員於入帳前執行採購單、驗收單與發票三方比對，不符者不得付款,即時／每筆交易,財務部應付帳款／採購單位,採購單／驗收單／供應商發票（ERP AP）,,,,,,,,,,,人工,預防性 (Preventive),核對驗證 (Verifications),採購單、驗收單、供應商發票,"比對數量與單價
確認驗收完成
確認核決權限
系統過帳或退回供應商",三方比對紀錄、系統過帳 log、退回文件,數量或金額任一不符即暫停付款,採購核決權限控制,就公司現行採購及付款循環作業，為因應「不實或未授權之應付帳款」風險——供應商發票可能未經有效驗收或採購依據即入帳付款（風險三大屬性—財務報導：[財務報導] 應付帳款存在／發生與正確性；營運：[營運] 採購驗收與付款流程斷點；法令遵循：[法令遵循] 核決權限表；RoMM：Significant Risk — Not higher risk associated with the control；重大科目／聲明：應付帳款、存貨／費用／存在或發生 (Existence or Occurrence)；正確性 (Accuracy)），設計控制目標為「僅對經授權且貨物／勞務已收受之交易認列應付帳款」。由財務部應付帳款／採購單位以人工方式、採預防性 (Preventive)取向、屬核對驗證 (Verifications)類型，依每筆交易執行下列控制活動：應付帳款人員於入帳前執行採購單、驗收單與發票三方比對，不符者不得付款。控制執行時使用之 IUC／制度為「採購單／驗收單／供應商發票（ERP AP）」。投入（Inputs）：採購單、驗收單、供應商發票。覆核／執行步驟（Specific activities）：1. 比對數量與單價2. 確認驗收完成3. 確認核決權限4. 系統過帳或退回供應商。產出（Outputs）：三方比對紀錄、系統過帳 log、退回文件。調查門檻與後續追蹤：數量或金額任一不符即暫停付款。本控制依賴其他控制／資訊：採購核決權限控制。,[採購及付款循環｜不實或未授權之應付帳款] 僅對經授權且貨物／勞務已收受之交易認列應付帳款：應付帳款人員於入帳前執行採購單、驗收單與發票三方比對，不符者不得付款（頻率：每筆交易；負責：財務部應付帳款／採購單位；IUC：採購單／驗收單／供應商發票（ERP AP））,,採購;三方比對;累積範本;去識別範本,2026-08-26 18:45:24
LIB-PR-BOM-01,生產｜用料與產出核對,生產循環,PR-101,用料管理作業,用料浪費或短溢,,實際用料與 BOM／工單差異未及時查明，導致成本與存貨不實,報導面,,,,Significant Risk — Not higher risk associated with the control,存貨、銷貨成本,存在或發生 (Existence or Occurrence)；正確性 (Accuracy),確保生產用料與產出依核准工單正確記錄,生產管理員每日比對工單用料與系統領料，差異逾門檻須呈主管簽核後調整,每日,生產管理／成本會計,工單／領料單／BOM,,,,,,,,,,,人工,偵測性 (Detective),含覆核要素之控制 (Controls with a Review Element),,,,,,就公司現行生產循環作業，為因應「（未命名風險）」風險——實際用料與 BOM／工單差異未及時查明，導致成本與存貨不實（風險三大屬性—財務報導：（未填）；營運：（未填）；法令遵循：（未填）；RoMM：Significant Risk — Not higher risk associated with the control；重大科目／聲明：存貨、銷貨成本／存在或發生 (Existence or Occurrence)；正確性 (Accuracy)），設計控制目標為「確保生產用料與產出依核准工單正確記錄」。由生產管理／成本會計以人工方式、採偵測性 (Detective)取向、屬含覆核要素之控制 (Controls with a Review Element)類型，依每日執行下列控制活動：生產管理員每日比對工單用料與系統領料，差異逾門檻須呈主管簽核後調整。控制執行時使用之 IUC／制度為「工單／領料單／BOM」。投入（Inputs）：工單／領料單／BOM。覆核／執行步驟（Specific activities）：生產管理員每日比對工單用料與系統領料，差異逾門檻須呈主管簽核後調整。產出（Outputs）：（請補充控制產出／留存軌跡）。,[生產循環｜未命名風險] 確保生產用料與產出依核准工單正確記錄：生產管理員每日比對工單用料與系統領料，差異逾門檻須呈主管簽核後調整（頻率：每日；負責：生產管理／成本會計；IUC：工單／領料單／BOM）,,生產;用料;累積範本;去識別範本,2026-08-26 18:45:24
LIB-PY-PAYROLL-01,薪工｜薪資異動核准,薪工循環,PY-101,薪資計算作業,未授權薪資異動,,薪資、職級或加給異動未經適當核准即入薪資系統,報導面,,,,Significant Risk — Higher risk associated with the control,薪資費用、應付薪資,發生 (Occurrence)；正確性 (Accuracy),確保薪資異動皆經權責主管核准後才生效,人資於過帳前檢核異動單簽核完整，系統僅允許已核准異動寫入薪資主檔,即時／每筆交易,人資／財務,薪資異動單／簽核紀錄,,,,,,,,,,,人工,預防性 (Preventive),授權與核准 (Authorizations and Approvals),,,,,,就公司現行薪工循環作業，為因應「（未命名風險）」風險——薪資、職級或加給異動未經適當核准即入薪資系統（風險三大屬性—財務報導：（未填）；營運：（未填）；法令遵循：（未填）；RoMM：Significant Risk — Higher risk associated with the control；重大科目／聲明：薪資費用、應付薪資／發生 (Occurrence)；正確性 (Accuracy)），設計控制目標為「確保薪資異動皆經權責主管核准後才生效」。由人資／財務以人工方式、採預防性 (Preventive)取向、屬授權與核准 (Authorizations and Approvals)類型，依每筆交易執行下列控制活動：人資於過帳前檢核異動單簽核完整，系統僅允許已核准異動寫入薪資主檔。控制執行時使用之 IUC／制度為「薪資異動單／簽核紀錄」。投入（Inputs）：薪資異動單／簽核紀錄。覆核／執行步驟（Specific activities）：人資於過帳前檢核異動單簽核完整，系統僅允許已核准異動寫入薪資主檔。產出（Outputs）：（請補充控制產出／留存軌跡）。,[薪工循環｜未命名風險] 確保薪資異動皆經權責主管核准後才生效：人資於過帳前檢核異動單簽核完整，系統僅允許已核准異動寫入薪資主檔（頻率：每筆交易；負責：人資／財務；IUC：薪資異動單／簽核紀錄）,,薪工;累積範本;去識別範本,2026-08-26 18:45:24
LIB-FN-LOAN-01,融資｜借款撥款覆核,融資循環,FN-101,借款管理作業,借款條件不符或未入帳,,借款合約條件與實際撥款／入帳不一致,報導面,,,,Significant Risk — Not higher risk associated with the control,銀行借款、利息費用,完整性 (Completeness)；評價或分攤 (Valuation or Allocation),確保借款撥款與合約條件一致並完整入帳,財務人員於撥款入帳前核對合約額度、利率與撥款通知，主管覆核後過帳,即時／每筆交易,財務部資金,借款合約／撥款通知,,,,,,,,,,,人工,偵測性 (Detective),核對驗證 (Verifications),,,,,,就公司現行融資循環作業，為因應「（未命名風險）」風險——借款合約條件與實際撥款／入帳不一致（風險三大屬性—財務報導：（未填）；營運：（未填）；法令遵循：（未填）；RoMM：Significant Risk — Not higher risk associated with the control；重大科目／聲明：銀行借款、利息費用／完整性 (Completeness)；評價或分攤 (Valuation or Allocation)），設計控制目標為「確保借款撥款與合約條件一致並完整入帳」。由財務部資金以人工方式、採偵測性 (Detective)取向、屬核對驗證 (Verifications)類型，依每筆交易執行下列控制活動：財務人員於撥款入帳前核對合約額度、利率與撥款通知，主管覆核後過帳。控制執行時使用之 IUC／制度為「借款合約／撥款通知」。投入（Inputs）：借款合約／撥款通知。覆核／執行步驟（Specific activities）：財務人員於撥款入帳前核對合約額度、利率與撥款通知，主管覆核後過帳。產出（Outputs）：（請補充控制產出／留存軌跡）。,[融資循環｜未命名風險] 確保借款撥款與合約條件一致並完整入帳：財務人員於撥款入帳前核對合約額度、利率與撥款通知，主管覆核後過帳（頻率：每筆交易；負責：財務部資金；IUC：借款合約／撥款通知）,,融資;累積範本;去識別範本,2026-08-26 18:45:24
LIB-FA-CAPEX-01,固定資產｜資本支出核准,固定資產循環,FA-101,購置管理作業,未核准資本支出入帳,,資本支出未經核決權限核准即採購或資本化,報導面,,,,Significant Risk — Not higher risk associated with the control,不動產廠房及設備,存在或發生 (Existence or Occurrence)；權利與義務 (Rights and Obligations),確保固定資產購置皆經適當核准並正確資本化,資產管理員於請購／驗收入帳前檢核核准層級與金額，不符者不得入帳,即時／每筆交易,資產管理／財務,資本支出申請單／驗收單,,,,,,,,,,,人工,預防性 (Preventive),授權與核准 (Authorizations and Approvals),,,,,,就公司現行固定資產循環作業，為因應「（未命名風險）」風險——資本支出未經核決權限核准即採購或資本化（風險三大屬性—財務報導：（未填）；營運：（未填）；法令遵循：（未填）；RoMM：Significant Risk — Not higher risk associated with the control；重大科目／聲明：不動產廠房及設備／存在或發生 (Existence or Occurrence)；權利與義務 (Rights and Obligations)），設計控制目標為「確保固定資產購置皆經適當核准並正確資本化」。由資產管理／財務以人工方式、採預防性 (Preventive)取向、屬授權與核准 (Authorizations and Approvals)類型，依每筆交易執行下列控制活動：資產管理員於請購／驗收入帳前檢核核准層級與金額，不符者不得入帳。控制執行時使用之 IUC／制度為「資本支出申請單／驗收單」。投入（Inputs）：資本支出申請單／驗收單。覆核／執行步驟（Specific activities）：資產管理員於請購／驗收入帳前檢核核准層級與金額，不符者不得入帳。產出（Outputs）：（請補充控制產出／留存軌跡）。,[固定資產循環｜未命名風險] 確保固定資產購置皆經適當核准並正確資本化：資產管理員於請購／驗收入帳前檢核核准層級與金額，不符者不得入帳（頻率：每筆交易；負責：資產管理／財務；IUC：資本支出申請單／驗收單）,,固定資產;累積範本;去識別範本,2026-08-26 18:45:24
LIB-IV-TRADE-01,投資｜交易覆核,投資循環,IV-101,投資交易作業,投資交易未授權或不完整,,投資買賣未經授權或交割結果未完整入帳,報導面,,,,Significant Risk — Higher risk associated with the control,透過損益按公允價值衡量之金融資產,存在或發生 (Existence or Occurrence)；完整性 (Completeness),確保投資交易經授權且交割結果完整正確入帳,投資管理員比對交易單、券商回報與帳簿，差異須於當日查明並呈主管,每日,投資管理／財務,交易單／券商對帳單,,,,,,,,,,,人工,偵測性 (Detective),核對驗證 (Verifications),,,,,,就公司現行投資循環作業，為因應「（未命名風險）」風險——投資買賣未經授權或交割結果未完整入帳（風險三大屬性—財務報導：（未填）；營運：（未填）；法令遵循：（未填）；RoMM：Significant Risk — Higher risk associated with the control；重大科目／聲明：透過損益按公允價值衡量之金融資產／存在或發生 (Existence or Occurrence)；完整性 (Completeness)），設計控制目標為「確保投資交易經授權且交割結果完整正確入帳」。由投資管理／財務以人工方式、採偵測性 (Detective)取向、屬核對驗證 (Verifications)類型，依每日執行下列控制活動：投資管理員比對交易單、券商回報與帳簿，差異須於當日查明並呈主管。控制執行時使用之 IUC／制度為「交易單／券商對帳單」。投入（Inputs）：交易單／券商對帳單。覆核／執行步驟（Specific activities）：投資管理員比對交易單、券商回報與帳簿，差異須於當日查明並呈主管。產出（Outputs）：（請補充控制產出／留存軌跡）。,[投資循環｜未命名風險] 確保投資交易經授權且交割結果完整正確入帳：投資管理員比對交易單、券商回報與帳簿，差異須於當日查明並呈主管（頻率：每日；負責：投資管理／財務；IUC：交易單／券商對帳單）,,投資;累積範本;去識別範本,2026-08-26 18:45:24
LIB-RD-PROJECT-01,研發｜專案支出歸屬覆核,研發循環,RD-101,研發支出歸屬作業,研發支出歸屬錯誤,,研發專案成本歸屬錯誤或費用／資本化分類不當,報導面,,,,Significant Risk — Not higher risk associated with the control,研究發展費用、無形資產,正確性 (Accuracy)；分類 (Classification),確保研發支出依專案與會計政策正確歸屬,會計每月覆核專案工時／費用歸屬表，異常項目標記後由專案主管確認,每月,研發管理／會計,專案費用歸屬表,,,,,,,,,,,人工,偵測性 (Detective),含覆核要素之控制 (Controls with a Review Element),,,,,,就公司現行研發循環作業，為因應「（未命名風險）」風險——研發專案成本歸屬錯誤或費用／資本化分類不當（風險三大屬性—財務報導：（未填）；營運：（未填）；法令遵循：（未填）；RoMM：Significant Risk — Not higher risk associated with the control；重大科目／聲明：研究發展費用、無形資產／正確性 (Accuracy)；分類 (Classification)），設計控制目標為「確保研發支出依專案與會計政策正確歸屬」。由研發管理／會計以人工方式、採偵測性 (Detective)取向、屬含覆核要素之控制 (Controls with a Review Element)類型，依每月執行下列控制活動：會計每月覆核專案工時／費用歸屬表，異常項目標記後由專案主管確認。控制執行時使用之 IUC／制度為「專案費用歸屬表」。投入（Inputs）：專案費用歸屬表。覆核／執行步驟（Specific activities）：會計每月覆核專案工時／費用歸屬表，異常項目標記後由專案主管確認。產出（Outputs）：（請補充控制產出／留存軌跡）。,[研發循環｜未命名風險] 確保研發支出依專案與會計政策正確歸屬：會計每月覆核專案工時／費用歸屬表，異常項目標記後由專案主管確認（頻率：每月；負責：研發管理／會計；IUC：專案費用歸屬表）,,研發;累積範本;去識別範本,2026-08-26 18:45:24
JL-EC-101-01,資訊單位與使用者單位之間有適當之權責劃分,電腦化資訊系統循環,EC-101,資訊處理單位之功能及職責劃分作業,職能分工,職能分工,使用者充當資訊系統開發者，導致該系統犧牲安全性以換取效能提升或被偏廢,營運面,,[營運] 使用者充當資訊系統開發者，導致該系統犧牲安全性以換取效能提升或被偏廢,,,,,資訊單位與使用者單位之間有適當之權責劃分,資訊單位在組織中之地位應為非隸屬使用者單位的獨立單位。,持續,,,,TBC,,,,,,,,,人工,預防性 (Preventive),,,,,,,就公司現行電腦化資訊系統循環作業，為因應「職能分工」風險——使用者充當資訊系統開發者，導致該系統犧牲安全性以換取效能提升或被偏廢（風險三大屬性—財務報導：（未填）；營運：[營運] 使用者充當資訊系統開發者，導致該系統犧牲安全性以換取效能提升或被偏廢；法令遵循：（未填）；RoMM：（RoMM 分類未填）；重大科目／聲明：（重大科目未填）／（聲明未填）），設計控制目標為「資訊單位與使用者單位之間有適當之權責劃分」。由（負責單位未填）以人工方式、採預防性控制取向、屬（類型未填）類型，依持續執行下列控制活動：資訊單位在組織中之地位應為非隸屬使用者單位的獨立單位。。控制執行時使用之 IUC／制度為「（未指定 IUC／制度）」。投入（Inputs）：（請補充投入資訊）。覆核／執行步驟（Specific activities）：資訊單位在組織中之地位應為非隸屬使用者單位的獨立單位。。產出（Outputs）：（請補充控制產出／留存軌跡）。,[電腦化資訊系統循環｜職能分工] 資訊單位與使用者單位之間有適當之權責劃分：資訊單位在組織中之地位應為非隸屬使用者單位的獨立單位。（頻率：持續；負責：—；IUC：—）,EC-101-01,RCM;資訊循環;首批;電腦化資訊系統循環;累積範本;去識別範本,2026-08-26 16:28:09
JL-EC-101-02,資訊單位內部有適當之權責劃分,電腦化資訊系統循環,EC-101,資訊處理單位之功能及職責劃分作業,職能分工,職能分工,資訊人員權限過大致犧牲系統安全性以換取維護便利性,營運面,,[營運] 資訊人員權限過大致犧牲系統安全性以換取維護便利性,,,,,資訊單位內部有適當之權責劃分,公司應明訂資訊單位之組織任務及功能職掌，並確保工作職責均有明確劃分，且不相容之職務不得由同一人兼任。,持續,,,,,,,,,,,,,人工,預防性 (Preventive),,,,,,,就公司現行電腦化資訊系統循環作業，為因應「職能分工」風險——資訊人員權限過大致犧牲系統安全性以換取維護便利性（風險三大屬性—財務報導：（未填）；營運：[營運] 資訊人員權限過大致犧牲系統安全性以換取維護便利性；法令遵循：（未填）；RoMM：（RoMM 分類未填）；重大科目／聲明：（重大科目未填）／（聲明未填）），設計控制目標為「資訊單位內部有適當之權責劃分」。由（負責單位未填）以人工方式、採預防性控制取向、屬（類型未填）類型，依持續執行下列控制活動：公司應明訂資訊單位之組織任務及功能職掌，並確保工作職責均有明確劃分，且不相容之職務不得由同一人兼任。。控制執行時使用之 IUC／制度為「（未指定 IUC／制度）」。投入（Inputs）：（請補充投入資訊）。覆核／執行步驟（Specific activities）：公司應明訂資訊單位之組織任務及功能職掌，並確保工作職責均有明確劃分，且不相容之職務不得由同一人兼任。。產出（Outputs）：（請補充控制產出／留存軌跡）。,[電腦化資訊系統循環｜職能分工] 資訊單位內部有適當之權責劃分：公司應明訂資訊單位之組織任務及功能職掌，並確保工作職責均有明確劃分，且不相容之職務不得由同一人兼任。（頻率：持續；負責：—；IUC：—）,EC-101-02,RCM;資訊循環;首批;電腦化資訊系統循環;累積範本;去識別範本,2026-08-26 16:28:09
JL-EC-101-03,重要資訊活動方向與公司目標一致且資金充裕不受營運表現影響,電腦化資訊系統循環,EC-101,資訊處理單位之功能及職責劃分作業,策略管理,策略管理,資訊活動方向偏離公司短中長期目標,營運面,,[營運] 資訊活動方向偏離公司短中長期目標,,,,,重要資訊活動方向與公司目標一致且資金充裕不受營運表現影響,資訊單位研擬短、中、長期資訊計劃及年度預算，應經相關利害關係人參與評估，並取得高階管理人員核准。,每年,,,,,,,,,,,,,人工,預防性 (Preventive),,,,,,,就公司現行電腦化資訊系統循環作業，為因應「策略管理」風險——資訊活動方向偏離公司短中長期目標（風險三大屬性—財務報導：（未填）；營運：[營運] 資訊活動方向偏離公司短中長期目標；法令遵循：（未填）；RoMM：（RoMM 分類未填）；重大科目／聲明：（重大科目未填）／（聲明未填）），設計控制目標為「重要資訊活動方向與公司目標一致且資金充裕不受營運表現影響」。由（負責單位未填）以人工方式、採預防性控制取向、屬（類型未填）類型，依每年執行下列控制活動：資訊單位研擬短、中、長期資訊計劃及年度預算，應經相關利害關係人參與評估，並取得高階管理人員核准。。控制執行時使用之 IUC／制度為「（未指定 IUC／制度）」。投入（Inputs）：（請補充投入資訊）。覆核／執行步驟（Specific activities）：資訊單位研擬短、中、長期資訊計劃及年度預算，應經相關利害關係人參與評估，並取得高階管理人員核准。。產出（Outputs）：（請補充控制產出／留存軌跡）。,[電腦化資訊系統循環｜策略管理] 重要資訊活動方向與公司目標一致且資金充裕不受營運表現影響：資訊單位研擬短、中、長期資訊計劃及年度預算，應經相關利害關係人參與評估，並取得高階管理人員核准。（頻率：每年；負責：—；IUC：—）,EC-101-03,RCM;資訊循環;首批;電腦化資訊系統循環;累積範本;去識別範本,2026-08-26 16:28:09
JL-EC-101-04,資訊關鍵作業具備適當人員備援能力,電腦化資訊系統循環,EC-101,資訊處理單位之功能及職責劃分作業,代理人訓練,代理人訓練,資訊系統維運中斷或異常事件無法及時處理,營運面,,[營運] 資訊系統維運中斷或異常事件無法及時處理,,,,,資訊關鍵作業具備適當人員備援能力,資訊單位應落實職務代理人交叉訓練，以加強人員備援能力與偵防弊端。,不定期,,,,,,,,,,,,,人工,預防性 (Preventive),,,,,,,就公司現行電腦化資訊系統循環作業，為因應「代理人訓練」風險——資訊系統維運中斷或異常事件無法及時處理（風險三大屬性—財務報導：（未填）；營運：[營運] 資訊系統維運中斷或異常事件無法及時處理；法令遵循：（未填）；RoMM：（RoMM 分類未填）；重大科目／聲明：（重大科目未填）／（聲明未填）），設計控制目標為「資訊關鍵作業具備適當人員備援能力」。由（負責單位未填）以人工方式、採預防性控制取向、屬（類型未填）類型，依不定期執行下列控制活動：資訊單位應落實職務代理人交叉訓練，以加強人員備援能力與偵防弊端。。控制執行時使用之 IUC／制度為「（未指定 IUC／制度）」。投入（Inputs）：（請補充投入資訊）。覆核／執行步驟（Specific activities）：資訊單位應落實職務代理人交叉訓練，以加強人員備援能力與偵防弊端。。產出（Outputs）：（請補充控制產出／留存軌跡）。,[電腦化資訊系統循環｜代理人訓練] 資訊關鍵作業具備適當人員備援能力：資訊單位應落實職務代理人交叉訓練，以加強人員備援能力與偵防弊端。（頻率：不定期；負責：—；IUC：—）,EC-101-04,RCM;資訊循環;首批;電腦化資訊系統循環;累積範本;去識別範本,2026-08-26 16:28:09
JL-EC-101-05,公司員工具備智慧財產權保護意識並遵循相關規範,電腦化資訊系統循環,EC-101,資訊處理單位之功能及職責劃分作業,智慧財產權,智慧財產權,員工侵害公司或第三方智慧財產權,營運面,,[營運] 員工侵害公司或第三方智慧財產權,,,,,公司員工具備智慧財產權保護意識並遵循相關規範,公司應於員工到職或相關教育訓練時，向員工宣導智慧財產權相關法令及公司規範，並要求員工遵循不得侵害公司或第三方智慧財產權之規定。,TBC,,,,,,,,,,,,,人工,預防性 (Preventive),,,,,,,就公司現行電腦化資訊系統循環作業，為因應「智慧財產權」風險——員工侵害公司或第三方智慧財產權（風險三大屬性—財務報導：（未填）；營運：[營運] 員工侵害公司或第三方智慧財產權；法令遵循：（未填）；RoMM：（RoMM 分類未填）；重大科目／聲明：（重大科目未填）／（聲明未填）），設計控制目標為「公司員工具備智慧財產權保護意識並遵循相關規範」。由（負責單位未填）以人工方式、採預防性控制取向、屬（類型未填）類型，依TBC執行下列控制活動：公司應於員工到職或相關教育訓練時，向員工宣導智慧財產權相關法令及公司規範，並要求員工遵循不得侵害公司或第三方智慧財產權之規定。。控制執行時使用之 IUC／制度為「（未指定 IUC／制度）」。投入（Inputs）：（請補充投入資訊）。覆核／執行步驟（Specific activities）：公司應於員工到職或相關教育訓練時，向員工宣導智慧財產權相關法令及公司規範，並要求員工遵循不得侵害公司或第三方智慧財產權之規定。。產出（Outputs）：（請補充控制產出／留存軌跡）。,[電腦化資訊系統循環｜智慧財產權] 公司員工具備智慧財產權保護意識並遵循相關規範：公司應於員工到職或相關教育訓練時，向員工宣導智慧財產權相關法令及公司規範，並要求員工遵循不得侵害公司或第三方智慧財產權之規定。（頻率：TBC；負責：—；IUC：—）,EC-101-05,RCM;資訊循環;首批;電腦化資訊系統循環;累積範本;去識別範本,2026-08-26 16:28:09
JL-EC-102-01,系統程式變更管理程序具一致性及可追溯性,電腦化資訊系統循環,EC-102,系統程式修改控制作業,制度與程序,制度與程序,系統程式變更無效率或發生錯誤,營運面,,[營運] 系統程式變更無效率或發生錯誤,,,,,系統程式變更管理程序具一致性及可追溯性,公司應建立系統程式修改管理程序，明訂變更申請、測試、驗收、核准及部署等作業規範，並據以執行。,持續,,,,,,,,,,,,,人工,預防性 (Preventive),,,,,,,就公司現行電腦化資訊系統循環作業，為因應「制度與程序」風險——系統程式變更無效率或發生錯誤（風險三大屬性—財務報導：（未填）；營運：[營運] 系統程式變更無效率或發生錯誤；法令遵循：（未填）；RoMM：（RoMM 分類未填）；重大科目／聲明：（重大科目未填）／（聲明未填）），設計控制目標為「系統程式變更管理程序具一致性及可追溯性」。由（負責單位未填）以人工方式、採預防性控制取向、屬（類型未填）類型，依持續執行下列控制活動：公司應建立系統程式修改管理程序，明訂變更申請、測試、驗收、核准及部署等作業規範，並據以執行。。控制執行時使用之 IUC／制度為「（未指定 IUC／制度）」。投入（Inputs）：（請補充投入資訊）。覆核／執行步驟（Specific activities）：公司應建立系統程式修改管理程序，明訂變更申請、測試、驗收、核准及部署等作業規範，並據以執行。。產出（Outputs）：（請補充控制產出／留存軌跡）。,[電腦化資訊系統循環｜制度與程序] 系統程式變更管理程序具一致性及可追溯性：公司應建立系統程式修改管理程序，明訂變更申請、測試、驗收、核准及部署等作業規範，並據以執行。（頻率：持續；負責：—；IUC：—）,EC-102-01,RCM;資訊循環;首批;電腦化資訊系統循環;累積範本;去識別範本,2026-08-26 16:28:09
JL-EC-102-02,重要系統版本及架構符合實際作業需求,電腦化資訊系統循環,EC-102,系統程式修改控制作業,系統變更管理,系統變更管理,系統版本或架構改動錯誤，導致系統功能異常、交易處理失敗、報表產出錯誤或批次作業中斷,營運面,,[營運] 系統版本或架構改動錯誤，導致系統功能異常、交易處理失敗、報表產出錯誤或批次作業中斷,,,,,重要系統版本及架構符合實際作業需求,重要系統版本升級及架構變更，應經資訊單位主管核准後，由資訊單位或委外廠商執行。,不定期,,,,,,,,,,,,,人工,預防性 (Preventive),,,,,,,就公司現行電腦化資訊系統循環作業，為因應「系統變更管理」風險——系統版本或架構改動錯誤，導致系統功能異常、交易處理失敗、報表產出錯誤或批次作業中斷（風險三大屬性—財務報導：（未填）；營運：[營運] 系統版本或架構改動錯誤，導致系統功能異常、交易處理失敗、報表產出錯誤或批次作業中斷；法令遵循：（未填）；RoMM：（RoMM 分類未填）；重大科目／聲明：（重大科目未填）／（聲明未填）），設計控制目標為「重要系統版本及架構符合實際作業需求」。由（負責單位未填）以人工方式、採預防性控制取向、屬（類型未填）類型，依不定期執行下列控制活動：重要系統版本升級及架構變更，應經資訊單位主管核准後，由資訊單位或委外廠商執行。。控制執行時使用之 IUC／制度為「（未指定 IUC／制度）」。投入（Inputs）：（請補充投入資訊）。覆核／執行步驟（Specific activities）：重要系統版本升級及架構變更，應經資訊單位主管核准後，由資訊單位或委外廠商執行。。產出（Outputs）：（請補充控制產出／留存軌跡）。,[電腦化資訊系統循環｜系統變更管理] 重要系統版本及架構符合實際作業需求：重要系統版本升級及架構變更，應經資訊單位主管核准後，由資訊單位或委外廠商執行。（頻率：不定期；負責：—；IUC：—）,EC-102-02,RCM;資訊循環;首批;電腦化資訊系統循環;累積範本;去識別範本,2026-08-26 16:28:09
JL-EC-102-03,資料庫結構之異動皆符合實際作業需求,電腦化資訊系統循環,EC-102,系統程式修改控制作業,資料庫結構變更管理,資料庫結構變更管理,資料庫結構改動錯誤，導致應用系統功能異常、資料處理錯誤、報表資訊不正確、資料完整性受損或系統中斷,營運面,,[營運] 資料庫結構改動錯誤，導致應用系統功能異常、資料處理錯誤、報表資訊不正確、資料完整性受損或系統中斷,,,,,資料庫結構之異動皆符合實際作業需求,資料庫結構異動應依系統變更管理程序辦理，經權責主管核准後，由資訊單位或資料庫管理人員執行。,不定期,,,,,,,,,,,,,人工,預防性 (Preventive),,,,,,,就公司現行電腦化資訊系統循環作業，為因應「資料庫結構變更管理」風險——資料庫結構改動錯誤，導致應用系統功能異常、資料處理錯誤、報表資訊不正確、資料完整性受損或系統中斷（風險三大屬性—財務報導：（未填）；營運：[營運] 資料庫結構改動錯誤，導致應用系統功能異常、資料處理錯誤、報表資訊不正確、資料完整性受損或系統中斷；法令遵循：（未填）；RoMM：（RoMM 分類未填）；重大科目／聲明：（重大科目未填）／（聲明未填）），設計控制目標為「資料庫結構之異動皆符合實際作業需求」。由（負責單位未填）以人工方式、採預防性控制取向、屬（類型未填）類型，依不定期執行下列控制活動：資料庫結構異動應依系統變更管理程序辦理，經權責主管核准後，由資訊單位或資料庫管理人員執行。。控制執行時使用之 IUC／制度為「（未指定 IUC／制度）」。投入（Inputs）：（請補充投入資訊）。覆核／執行步驟（Specific activities）：資料庫結構異動應依系統變更管理程序辦理，經權責主管核准後，由資訊單位或資料庫管理人員執行。。產出（Outputs）：（請補充控制產出／留存軌跡）。,[電腦化資訊系統循環｜資料庫結構變更管理] 資料庫結構之異動皆符合實際作業需求：資料庫結構異動應依系統變更管理程序辦理，經權責主管核准後，由資訊單位或資料庫管理人員執行。（頻率：不定期；負責：—；IUC：—）,EC-102-03,RCM;資訊循環;首批;電腦化資訊系統循環;累積範本;去識別範本,2026-08-26 16:28:09
JL-EC-102-04,正式作業環境於系統開發及測試期間維持穩定運作,電腦化資訊系統循環,EC-102,系統程式修改控制作業,環境區隔控制,環境區隔控制,未經驗證之系統變更直接影響正式作業環境，造成系統異常、資料錯誤或營運中斷,營運面,,[營運] 未經驗證之系統變更直接影響正式作業環境，造成系統異常、資料錯誤或營運中斷,,,,,正式作業環境於系統開發及測試期間維持穩定運作,系統應區分正式作業環境與非正式作業環境；系統變更應於非正式環境完成測試。,持續,,,,,,,,,,,,,人工,預防性 (Preventive),,,,,,,就公司現行電腦化資訊系統循環作業，為因應「環境區隔控制」風險——未經驗證之系統變更直接影響正式作業環境，造成系統異常、資料錯誤或營運中斷（風險三大屬性—財務報導：（未填）；營運：[營運] 未經驗證之系統變更直接影響正式作業環境，造成系統異常、資料錯誤或營運中斷；法令遵循：（未填）；RoMM：（RoMM 分類未填）；重大科目／聲明：（重大科目未填）／（聲明未填）），設計控制目標為「正式作業環境於系統開發及測試期間維持穩定運作」。由（負責單位未填）以人工方式、採預防性控制取向、屬（類型未填）類型，依持續執行下列控制活動：系統應區分正式作業環境與非正式作業環境；系統變更應於非正式環境完成測試。。控制執行時使用之 IUC／制度為「（未指定 IUC／制度）」。投入（Inputs）：（請補充投入資訊）。覆核／執行步驟（Specific activities）：系統應區分正式作業環境與非正式作業環境；系統變更應於非正式環境完成測試。。產出（Outputs）：（請補充控制產出／留存軌跡）。,[電腦化資訊系統循環｜環境區隔控制] 正式作業環境於系統開發及測試期間維持穩定運作：系統應區分正式作業環境與非正式作業環境；系統變更應於非正式環境完成測試。（頻率：持續；負責：—；IUC：—）,EC-102-04,RCM;資訊循環;首批;電腦化資訊系統循環;累積範本;去識別範本,2026-08-26 16:28:09
JL-EC-102-05,系統開發或程式修改具備適當測試規劃,電腦化資訊系統循環,EC-102,系統程式修改控制作業,系統測試設計,系統測試設計,未妥善測試之新開發系統或修改後程式造成運作出現異常，導致營運受影響或中斷,營運面,,[營運] 未妥善測試之新開發系統或修改後程式造成運作出現異常，導致營運受影響或中斷,,,,,系統開發或程式修改具備適當測試規劃,資訊單位於系統開發或程式修改過程中，應依變更內容規劃適當測試方式，視情況包含系統測試、單元測試、介面測試、平行測試、容量測試及使用者接受程度測試等。,不定期,,,,,,,,,,,,,人工,預防性 (Preventive),,,,,,,就公司現行電腦化資訊系統循環作業，為因應「系統測試設計」風險——未妥善測試之新開發系統或修改後程式造成運作出現異常，導致營運受影響或中斷（風險三大屬性—財務報導：（未填）；營運：[營運] 未妥善測試之新開發系統或修改後程式造成運作出現異常，導致營運受影響或中斷；法令遵循：（未填）；RoMM：（RoMM 分類未填）；重大科目／聲明：（重大科目未填）／（聲明未填）），設計控制目標為「系統開發或程式修改具備適當測試規劃」。由（負責單位未填）以人工方式、採預防性控制取向、屬（類型未填）類型，依不定期執行下列控制活動：資訊單位於系統開發或程式修改過程中，應依變更內容規劃適當測試方式，視情況包含系統測試、單元測試、介面測試、平行測試、容量測試及使用者接受程度測試等。。控制執行時使用之 IUC／制度為「（未指定 IUC／制度）」。投入（Inputs）：（請補充投入資訊）。覆核／執行步驟（Specific activities）：資訊單位於系統開發或程式修改過程中，應依變更內容規劃適當測試方式，視情況包含系統測試、單元測試、介面測試、平行測試、容量測試及使用者接受程度測試等。。產出（Outputs）：（請補充控制產出／留存軌跡）。,[電腦化資訊系統循環｜系統測試設計] 系統開發或程式修改具備適當測試規劃：資訊單位於系統開發或程式修改過程中，應依變更內容規劃適當測試方式，視情況包含系統測試、單元測試、介面測試、平行測試、容量測試及使用者接受程度測試等。（頻率：不定期；負責：—；IUC：—）,EC-102-05,RCM;資訊循環;首批;電腦化資訊系統循環;累積範本;去識別範本,2026-08-26 16:28:09
JL-EC-102-06,測試資料具備完整性及代表性,電腦化資訊系統循環,EC-102,系統程式修改控制作業,測試資料管理,測試資料管理,測試因使用之資料不完整或欠缺代表性而無效,營運面,,[營運] 測試因使用之資料不完整或欠缺代表性而無效,,,,,測試資料具備完整性及代表性,應用系統測試應使用完整且具代表性之測試資料，而非使用實際作業環境之資料。,TBC,…,…,…,…,…,…,,,,,,,人工,預防性 (Preventive),,,,…,,,就公司現行電腦化資訊系統循環作業，為因應「測試資料管理」風險——測試因使用之資料不完整或欠缺代表性而無效（風險三大屬性—財務報導：（未填）；營運：[營運] 測試因使用之資料不完整或欠缺代表性而無效；法令遵循：（未填）；RoMM：（RoMM 分類未填）；重大科目／聲明：（重大科目未填）／（聲明未填）），設計控制目標為「測試資料具備完整性及代表性」。由…以人工方式、採預防性控制取向、屬（類型未填）類型，依TBC執行下列控制活動：應用系統測試應使用完整且具代表性之測試資料，而非使用實際作業環境之資料。。控制執行時使用之 IUC／制度為「…」。投入（Inputs）：…。覆核／執行步驟（Specific activities）：應用系統測試應使用完整且具代表性之測試資料，而非使用實際作業環境之資料。。產出（Outputs）：…。,[電腦化資訊系統循環｜測試資料管理] 測試資料具備完整性及代表性：應用系統測試應使用完整且具代表性之測試資料，而非使用實際作業環境之資料。（頻率：TBC；負責：…；IUC：…）,EC-102-06,RCM;資訊循環;首批;電腦化資訊系統循環;累積範本;去識別範本,2026-08-26 16:28:09
JL-EC-102-07,系統正式環境之變更經適當規劃及管理而不影響既有作業流程,電腦化資訊系統循環,EC-102,系統程式修改控制作業,正式部署 / 過版,正式部署 / 過版,系統變更未考量營運單位時程安排，使實際營運作業受影響或被迫中斷,營運面,,[營運] 系統變更未考量營運單位時程安排，使實際營運作業受影響或被迫中斷,,,,,系統正式環境之變更經適當規劃及管理而不影響既有作業流程,於正式環境變動應用系統時，資訊單位應配合相關單位時程執行，避免影響其既有作業流程。,TBC,…,…,…,…,…,…,,,,,,,人工,預防性 (Preventive),,,,…,,,就公司現行電腦化資訊系統循環作業，為因應「正式部署 / 過版」風險——系統變更未考量營運單位時程安排，使實際營運作業受影響或被迫中斷（風險三大屬性—財務報導：（未填）；營運：[營運] 系統變更未考量營運單位時程安排，使實際營運作業受影響或被迫中斷；法令遵循：（未填）；RoMM：（RoMM 分類未填）；重大科目／聲明：（重大科目未填）／（聲明未填）），設計控制目標為「系統正式環境之變更經適當規劃及管理而不影響既有作業流程」。由…以人工方式、採預防性控制取向、屬（類型未填）類型，依TBC執行下列控制活動：於正式環境變動應用系統時，資訊單位應配合相關單位時程執行，避免影響其既有作業流程。。控制執行時使用之 IUC／制度為「…」。投入（Inputs）：…。覆核／執行步驟（Specific activities）：於正式環境變動應用系統時，資訊單位應配合相關單位時程執行，避免影響其既有作業流程。。產出（Outputs）：…。,[電腦化資訊系統循環｜正式部署 / 過版] 系統正式環境之變更經適當規劃及管理而不影響既有作業流程：於正式環境變動應用系統時，資訊單位應配合相關單位時程執行，避免影響其既有作業流程。（頻率：TBC；負責：…；IUC：…）,EC-102-07,RCM;資訊循環;首批;電腦化資訊系統循環;累積範本;去識別範本,2026-08-26 16:28:09
JL-EC-102-08,提升系統過版失敗之復原可能性,電腦化資訊系統循環,EC-102,系統程式修改控制作業,正式部署 / 過版,正式部署 / 過版,系統過版後無法檢視部署前後差異作為未來改善依據,營運面,,[營運] 系統過版後無法檢視部署前後差異作為未來改善依據,,,,,提升系統過版失敗之復原可能性,資訊單位應至少保留正式部署版本之前一版本程式檔及相關設定。,不定期,,,,,,,,,,,,,人工,預防性 (Preventive),,,,,,,就公司現行電腦化資訊系統循環作業，為因應「正式部署 / 過版」風險——系統過版後無法檢視部署前後差異作為未來改善依據（風險三大屬性—財務報導：（未填）；營運：[營運] 系統過版後無法檢視部署前後差異作為未來改善依據；法令遵循：（未填）；RoMM：（RoMM 分類未填）；重大科目／聲明：（重大科目未填）／（聲明未填）），設計控制目標為「提升系統過版失敗之復原可能性」。由（負責單位未填）以人工方式、採預防性控制取向、屬（類型未填）類型，依不定期執行下列控制活動：資訊單位應至少保留正式部署版本之前一版本程式檔及相關設定。。控制執行時使用之 IUC／制度為「（未指定 IUC／制度）」。投入（Inputs）：（請補充投入資訊）。覆核／執行步驟（Specific activities）：資訊單位應至少保留正式部署版本之前一版本程式檔及相關設定。。產出（Outputs）：（請補充控制產出／留存軌跡）。,[電腦化資訊系統循環｜正式部署 / 過版] 提升系統過版失敗之復原可能性：資訊單位應至少保留正式部署版本之前一版本程式檔及相關設定。（頻率：不定期；負責：—；IUC：—）,EC-102-08,RCM;資訊循環;首批;電腦化資訊系統循環;累積範本;去識別範本,2026-08-26 16:28:09
JL-EC-102-09,系統過版不影響既有作業流程及系統正常運作,電腦化資訊系統循環,EC-102,系統程式修改控制作業,正式部署 / 過版,正式部署 / 過版,系統過版出現重大異常而未能回復原狀,營運面,,[營運] 系統過版出現重大異常而未能回復原狀,,,,,系統過版不影響既有作業流程及系統正常運作,系統變更正式部署後如發生重大異常情形，資訊人員應依既定程序回復至前一正常版本。,TBC,,,,,,,,,,,,,人工,偵測性 (Detective),,,,,,,就公司現行電腦化資訊系統循環作業，為因應「正式部署 / 過版」風險——系統過版出現重大異常而未能回復原狀（風險三大屬性—財務報導：（未填）；營運：[營運] 系統過版出現重大異常而未能回復原狀；法令遵循：（未填）；RoMM：（RoMM 分類未填）；重大科目／聲明：（重大科目未填）／（聲明未填）），設計控制目標為「系統過版不影響既有作業流程及系統正常運作」。由（負責單位未填）以人工方式、採偵測性控制取向、屬（類型未填）類型，依TBC執行下列控制活動：系統變更正式部署後如發生重大異常情形，資訊人員應依既定程序回復至前一正常版本。。控制執行時使用之 IUC／制度為「（未指定 IUC／制度）」。投入（Inputs）：（請補充投入資訊）。覆核／執行步驟（Specific activities）：系統變更正式部署後如發生重大異常情形，資訊人員應依既定程序回復至前一正常版本。。產出（Outputs）：（請補充控制產出／留存軌跡）。,[電腦化資訊系統循環｜正式部署 / 過版] 系統過版不影響既有作業流程及系統正常運作：系統變更正式部署後如發生重大異常情形，資訊人員應依既定程序回復至前一正常版本。（頻率：TBC；負責：—；IUC：—）,EC-102-09,RCM;資訊循環;首批;電腦化資訊系統循環;累積範本;去識別範本,2026-08-26 16:28:09
JL-EC-102-10,系統變更符合使用者需求,電腦化資訊系統循環,EC-102,系統程式修改控制作業,使用者驗收,使用者驗收,變更後系統或程式功能不符合使用者需求,營運面,,[營運] 變更後系統或程式功能不符合使用者需求,,,,,系統變更符合使用者需求,變更後應用系統，應經資訊單位與使用單位驗收通過後，始能正式上線。,持續,,,,,,,,,,,,,人工,預防性 (Preventive),,,,,,,就公司現行電腦化資訊系統循環作業，為因應「使用者驗收」風險——變更後系統或程式功能不符合使用者需求（風險三大屬性—財務報導：（未填）；營運：[營運] 變更後系統或程式功能不符合使用者需求；法令遵循：（未填）；RoMM：（RoMM 分類未填）；重大科目／聲明：（重大科目未填）／（聲明未填）），設計控制目標為「系統變更符合使用者需求」。由（負責單位未填）以人工方式、採預防性控制取向、屬（類型未填）類型，依持續執行下列控制活動：變更後應用系統，應經資訊單位與使用單位驗收通過後，始能正式上線。。控制執行時使用之 IUC／制度為「（未指定 IUC／制度）」。投入（Inputs）：（請補充投入資訊）。覆核／執行步驟（Specific activities）：變更後應用系統，應經資訊單位與使用單位驗收通過後，始能正式上線。。產出（Outputs）：（請補充控制產出／留存軌跡）。,[電腦化資訊系統循環｜使用者驗收] 系統變更符合使用者需求：變更後應用系統，應經資訊單位與使用單位驗收通過後，始能正式上線。（頻率：持續；負責：—；IUC：—）,EC-102-10,RCM;資訊循環;首批;電腦化資訊系統循環;累積範本;去識別範本,2026-08-26 16:28:09
JL-EC-102-11,建置後系統或程式皆能被使用者順利使用,電腦化資訊系統循環,EC-102,系統程式修改控制作業,教育訓練 / 正式上線,教育訓練 / 正式上線,使用者無法適應變更後系統或程式功能而影響營運作業,營運面,,[營運] 使用者無法適應變更後系統或程式功能而影響營運作業,,,,,建置後系統或程式皆能被使用者順利使用,新系統建置完成後，由資訊單位或系統供應商辦理使用者教育訓練及操作說明，協助使用者瞭解系統功能及作業流程。,不定期,,,,,,,,,,,,,人工,預防性 (Preventive),,,,,,,就公司現行電腦化資訊系統循環作業，為因應「教育訓練 / 正式上線」風險——使用者無法適應變更後系統或程式功能而影響營運作業（風險三大屬性—財務報導：（未填）；營運：[營運] 使用者無法適應變更後系統或程式功能而影響營運作業；法令遵循：（未填）；RoMM：（RoMM 分類未填）；重大科目／聲明：（重大科目未填）／（聲明未填）），設計控制目標為「建置後系統或程式皆能被使用者順利使用」。由（負責單位未填）以人工方式、採預防性控制取向、屬（類型未填）類型，依不定期執行下列控制活動：新系統建置完成後，由資訊單位或系統供應商辦理使用者教育訓練及操作說明，協助使用者瞭解系統功能及作業流程。。控制執行時使用之 IUC／制度為「（未指定 IUC／制度）」。投入（Inputs）：（請補充投入資訊）。覆核／執行步驟（Specific activities）：新系統建置完成後，由資訊單位或系統供應商辦理使用者教育訓練及操作說明，協助使用者瞭解系統功能及作業流程。。產出（Outputs）：（請補充控制產出／留存軌跡）。,[電腦化資訊系統循環｜教育訓練 / 正式上線] 建置後系統或程式皆能被使用者順利使用：新系統建置完成後，由資訊單位或系統供應商辦理使用者教育訓練及操作說明，協助使用者瞭解系統功能及作業流程。（頻率：不定期；負責：—；IUC：—）,EC-102-11,RCM;資訊循環;首批;電腦化資訊系統循環;累積範本;去識別範本,2026-08-26 16:28:09
JL-EC-102-12,系統變更結果符合專案目標與資源運用,電腦化資訊系統循環,EC-102,系統程式修改控制作業,系統變更管理,系統變更管理,系統變更專案超出預算與人力時間資源限制,營運面,,[營運] 系統變更專案超出預算與人力時間資源限制,,,,,系統變更結果符合專案目標與資源運用,資訊單位主管應追蹤系統變更進度、時程及預算執行情形，並於變更完成後覆核其執行結果。,不定期,,,,,,,,,,,,,人工,偵測性 (Detective),,,,,,,就公司現行電腦化資訊系統循環作業，為因應「系統變更管理」風險——系統變更專案超出預算與人力時間資源限制（風險三大屬性—財務報導：（未填）；營運：[營運] 系統變更專案超出預算與人力時間資源限制；法令遵循：（未填）；RoMM：（RoMM 分類未填）；重大科目／聲明：（重大科目未填）／（聲明未填）），設計控制目標為「系統變更結果符合專案目標與資源運用」。由（負責單位未填）以人工方式、採偵測性控制取向、屬（類型未填）類型，依不定期執行下列控制活動：資訊單位主管應追蹤系統變更進度、時程及預算執行情形，並於變更完成後覆核其執行結果。。控制執行時使用之 IUC／制度為「（未指定 IUC／制度）」。投入（Inputs）：（請補充投入資訊）。覆核／執行步驟（Specific activities）：資訊單位主管應追蹤系統變更進度、時程及預算執行情形，並於變更完成後覆核其執行結果。。產出（Outputs）：（請補充控制產出／留存軌跡）。,[電腦化資訊系統循環｜系統變更管理] 系統變更結果符合專案目標與資源運用：資訊單位主管應追蹤系統變更進度、時程及預算執行情形，並於變更完成後覆核其執行結果。（頻率：不定期；負責：—；IUC：—）,EC-102-12,RCM;資訊循環;首批;電腦化資訊系統循環;累積範本;去識別範本,2026-08-26 16:28:09
JL-EC-103-01,系統重要作業文書內容具一致性且符合實際作業需求,電腦化資訊系統循環,EC-103,編製系統文書之控制作業,系統文書管理,系統文書管理,系統重要文書因久未更新而無法被新進或他單位人員參照使用,營運面,,[營運] 系統重要文書因久未更新而無法被新進或他單位人員參照使用,,,,,系統重要作業文書內容具一致性且符合實際作業需求,公司應評估實際作業需求，編製重要系統之作業說明文書，並取得資訊權責主管適當核准。,不定期,,,,,,,,,,,,,人工,預防性 (Preventive),,,,,,,就公司現行電腦化資訊系統循環作業，為因應「系統文書管理」風險——系統重要文書因久未更新而無法被新進或他單位人員參照使用（風險三大屬性—財務報導：（未填）；營運：[營運] 系統重要文書因久未更新而無法被新進或他單位人員參照使用；法令遵循：（未填）；RoMM：（RoMM 分類未填）；重大科目／聲明：（重大科目未填）／（聲明未填）），設計控制目標為「系統重要作業文書內容具一致性且符合實際作業需求」。由（負責單位未填）以人工方式、採預防性控制取向、屬（類型未填）類型，依不定期執行下列控制活動：公司應評估實際作業需求，編製重要系統之作業說明文書，並取得資訊權責主管適當核准。。控制執行時使用之 IUC／制度為「（未指定 IUC／制度）」。投入（Inputs）：（請補充投入資訊）。覆核／執行步驟（Specific activities）：公司應評估實際作業需求，編製重要系統之作業說明文書，並取得資訊權責主管適當核准。。產出（Outputs）：（請補充控制產出／留存軌跡）。,[電腦化資訊系統循環｜系統文書管理] 系統重要作業文書內容具一致性且符合實際作業需求：公司應評估實際作業需求，編製重要系統之作業說明文書，並取得資訊權責主管適當核准。（頻率：不定期；負責：—；IUC：—）,EC-103-01,RCM;資訊循環;首批;電腦化資訊系統循環;累積範本;去識別範本,2026-08-26 16:28:09
JL-EC-103-02,系統文書與現行系統版本、架構及作業流程一致，且版本變更可供追溯,電腦化資訊系統循環,EC-103,編製系統文書之控制作業,版本管理 / 制度與程序,版本管理 / 制度與程序,系統文書版本管理紊亂，使員工難以遵循，影響公司營運作業效率,營運面,,[營運] 系統文書版本管理紊亂，使員工難以遵循，影響公司營運作業效率,,,,,系統文書與現行系統版本、架構及作業流程一致，且版本變更可供追溯,公司應將所有系統文書納入版本控管，明訂文件建立、修訂、核准、發布、保存及使用權限管理機制；系統文書異動時，應依公司安全管制及版本變更程序辦理，並留存版本變更紀錄。,持續,,,,,,,,,,,,,人工,預防性 (Preventive),,,,,,,就公司現行電腦化資訊系統循環作業，為因應「版本管理 / 制度與程序」風險——系統文書版本管理紊亂，使員工難以遵循，影響公司營運作業效率（風險三大屬性—財務報導：（未填）；營運：[營運] 系統文書版本管理紊亂，使員工難以遵循，影響公司營運作業效率；法令遵循：（未填）；RoMM：（RoMM 分類未填）；重大科目／聲明：（重大科目未填）／（聲明未填）），設計控制目標為「系統文書與現行系統版本、架構及作業流程一致，且版本變更可供追溯」。由（負責單位未填）以人工方式、採預防性控制取向、屬（類型未填）類型，依持續執行下列控制活動：公司應將所有系統文書納入版本控管，明訂文件建立、修訂、核准、發布、保存及使用權限管理機制；系統文書異動時，應依公司安全管制及版本變更程序辦理，並留存版本變更紀錄。。控制執行時使用之 IUC／制度為「（未指定 IUC／制度）」。投入（Inputs）：（請補充投入資訊）。覆核／執行步驟（Specific activities）：公司應將所有系統文書納入版本控管，明訂文件建立、修訂、核准、發布、保存及使用權限管理機制；系統文書異動時，應依公司安全管制及版本變更程序辦理，並留存版本變更紀錄。。產出（Outputs）：（請補充控制產出／留存軌跡）。,[電腦化資訊系統循環｜版本管理 / 制度與程序] 系統文書與現行系統版本、架構及作業流程一致，且版本變更可供追溯：公司應將所有系統文書納入版本控管，明訂文件建立、修訂、核准、發布、保存及使用權限管理機制；系統文書異動時，應依公司安全管制及版本變更程序辦理，並留存版本變更紀錄。（頻率：持續；負責：—；IUC：—）,EC-103-02,RCM;資訊循環;首批;電腦化資訊系統循環;累積範本;去識別範本,2026-08-26 16:28:09
JL-EC-103-03,使用者皆能取得新系統功能完整且正確之操作支援或說明,電腦化資訊系統循環,EC-103,編製系統文書之控制作業,系統文書管理,系統文書管理,使用者參照錯誤版本之說明文件或手冊，造成系統功能被不當操作使用,營運面,,[營運] 使用者參照錯誤版本之說明文件或手冊，造成系統功能被不當操作使用,,,,,使用者皆能取得新系統功能完整且正確之操作支援或說明,新增系統功能時，相關文件或手冊應適時更新、經資訊主管審閱無誤後，始得發布。,不定期,,,,,,,,,,,,,人工,預防性 (Preventive),,,,,,,就公司現行電腦化資訊系統循環作業，為因應「系統文書管理」風險——使用者參照錯誤版本之說明文件或手冊，造成系統功能被不當操作使用（風險三大屬性—財務報導：（未填）；營運：[營運] 使用者參照錯誤版本之說明文件或手冊，造成系統功能被不當操作使用；法令遵循：（未填）；RoMM：（RoMM 分類未填）；重大科目／聲明：（重大科目未填）／（聲明未填）），設計控制目標為「使用者皆能取得新系統功能完整且正確之操作支援或說明」。由（負責單位未填）以人工方式、採預防性控制取向、屬（類型未填）類型，依不定期執行下列控制活動：新增系統功能時，相關文件或手冊應適時更新、經資訊主管審閱無誤後，始得發布。。控制執行時使用之 IUC／制度為「（未指定 IUC／制度）」。投入（Inputs）：（請補充投入資訊）。覆核／執行步驟（Specific activities）：新增系統功能時，相關文件或手冊應適時更新、經資訊主管審閱無誤後，始得發布。。產出（Outputs）：（請補充控制產出／留存軌跡）。,[電腦化資訊系統循環｜系統文書管理] 使用者皆能取得新系統功能完整且正確之操作支援或說明：新增系統功能時，相關文件或手冊應適時更新、經資訊主管審閱無誤後，始得發布。（頻率：不定期；負責：—；IUC：—）,EC-103-03,RCM;資訊循環;首批;電腦化資訊系統循環;累積範本;去識別範本,2026-08-26 16:28:09
JL-EC-103-04,公司能取得委外開發或購置系統完整且正確之操作支援或說明,電腦化資訊系統循環,EC-103,編製系統文書之控制作業,系統文書管理 / 委外資訊服務,系統文書管理 / 委外資訊服務,使用者無法適應新系統或程式功能而影響營運作業,營運面,,[營運] 使用者無法適應新系統或程式功能而影響營運作業,,,,,公司能取得委外開發或購置系統完整且正確之操作支援或說明,委外開發或購置之系統，應要求廠商提供相關使用者操作手冊、系統設定文件手冊及客製化原始程式碼文件等。,不定期,,,,,,,,,,,,,人工,預防性 (Preventive),,,,,,,就公司現行電腦化資訊系統循環作業，為因應「系統文書管理 / 委外資訊服務」風險——使用者無法適應新系統或程式功能而影響營運作業（風險三大屬性—財務報導：（未填）；營運：[營運] 使用者無法適應新系統或程式功能而影響營運作業；法令遵循：（未填）；RoMM：（RoMM 分類未填）；重大科目／聲明：（重大科目未填）／（聲明未填）），設計控制目標為「公司能取得委外開發或購置系統完整且正確之操作支援或說明」。由（負責單位未填）以人工方式、採預防性控制取向、屬（類型未填）類型，依不定期執行下列控制活動：委外開發或購置之系統，應要求廠商提供相關使用者操作手冊、系統設定文件手冊及客製化原始程式碼文件等。。控制執行時使用之 IUC／制度為「（未指定 IUC／制度）」。投入（Inputs）：（請補充投入資訊）。覆核／執行步驟（Specific activities）：委外開發或購置之系統，應要求廠商提供相關使用者操作手冊、系統設定文件手冊及客製化原始程式碼文件等。。產出（Outputs）：（請補充控制產出／留存軌跡）。,[電腦化資訊系統循環｜系統文書管理 / 委外資訊服務] 公司能取得委外開發或購置系統完整且正確之操作支援或說明：委外開發或購置之系統，應要求廠商提供相關使用者操作手冊、系統設定文件手冊及客製化原始程式碼文件等。（頻率：不定期；負責：—；IUC：—）,EC-103-04,RCM;資訊循環;首批;電腦化資訊系統循環;累積範本;去識別範本,2026-08-26 16:28:09
JL-EC-104-01,系統操作者身分可被明確識別及追溯,電腦化資訊系統循環,EC-104,程式及資料之存取控制作業,共用帳號,共用帳號,系統操作因無法追溯至實際執行人員，而在發生未經授權存取、資料不當異動或異常行為時難以究責,營運面,,[營運] 系統操作因無法追溯至實際執行人員，而在發生未經授權存取、資料不當異動或異常行為時難以究責,,,,,系統操作者身分可被明確識別及追溯,系統帳號應由資訊單位依權限申請程序建立及維護；除經核准之系統服務或批次作業帳號外，人員應以個人專屬帳號存取系統，不得共用帳號。,不定期,,,,,,,,,,,,,人工,預防性 (Preventive),,,,,,,就公司現行電腦化資訊系統循環作業，為因應「共用帳號」風險——系統操作因無法追溯至實際執行人員，而在發生未經授權存取、資料不當異動或異常行為時難以究責（風險三大屬性—財務報導：（未填）；營運：[營運] 系統操作因無法追溯至實際執行人員，而在發生未經授權存取、資料不當異動或異常行為時難以究責；法令遵循：（未填）；RoMM：（RoMM 分類未填）；重大科目／聲明：（重大科目未填）／（聲明未填）），設計控制目標為「系統操作者身分可被明確識別及追溯」。由（負責單位未填）以人工方式、採預防性控制取向、屬（類型未填）類型，依不定期執行下列控制活動：系統帳號應由資訊單位依權限申請程序建立及維護；除經核准之系統服務或批次作業帳號外，人員應以個人專屬帳號存取系統，不得共用帳號。。控制執行時使用之 IUC／制度為「（未指定 IUC／制度）」。投入（Inputs）：（請補充投入資訊）。覆核／執行步驟（Specific activities）：系統帳號應由資訊單位依權限申請程序建立及維護；除經核准之系統服務或批次作業帳號外，人員應以個人專屬帳號存取系統，不得共用帳號。。產出（Outputs）：（請補充控制產出／留存軌跡）。,[電腦化資訊系統循環｜共用帳號] 系統操作者身分可被明確識別及追溯：系統帳號應由資訊單位依權限申請程序建立及維護；除經核准之系統服務或批次作業帳號外，人員應以個人專屬帳號存取系統，不得共用帳號。（頻率：不定期；負責：—；IUC：—）,EC-104-01,RCM;資訊循環;首批;電腦化資訊系統循環;累積範本;去識別範本,2026-08-26 16:28:09
JL-EC-104-02,使用者系統存取權限與其職務權責相符,電腦化資訊系統循環,EC-104,程式及資料之存取控制作業,使用者帳號管理,使用者帳號管理,使用者系統帳號及存取權限因未隨晉升、調職或離職情形即時調整，而遭離職人員或職務已變更人員未經授權使用,營運面,,[營運] 使用者系統帳號及存取權限因未隨晉升、調職或離職情形即時調整，而遭離職人員或職務已變更人員未經授權使用,,,,,使用者系統存取權限與其職務權責相符,員工晉升、調職或離職時，應有適當之系統帳號新增、修改及刪除程序，以便依其新狀況調整資訊資源之授權。,不定期,,,,,,,,,,,,,人工,預防性 (Preventive),,,,,,,就公司現行電腦化資訊系統循環作業，為因應「使用者帳號管理」風險——使用者系統帳號及存取權限因未隨晉升、調職或離職情形即時調整，而遭離職人員或職務已變更人員未經授權使用（風險三大屬性—財務報導：（未填）；營運：[營運] 使用者系統帳號及存取權限因未隨晉升、調職或離職情形即時調整，而遭離職人員或職務已變更人員未經授權使用；法令遵循：（未填）；RoMM：（RoMM 分類未填）；重大科目／聲明：（重大科目未填）／（聲明未填）），設計控制目標為「使用者系統存取權限與其職務權責相符」。由（負責單位未填）以人工方式、採預防性控制取向、屬（類型未填）類型，依不定期執行下列控制活動：員工晉升、調職或離職時，應有適當之系統帳號新增、修改及刪除程序，以便依其新狀況調整資訊資源之授權。。控制執行時使用之 IUC／制度為「（未指定 IUC／制度）」。投入（Inputs）：（請補充投入資訊）。覆核／執行步驟（Specific activities）：員工晉升、調職或離職時，應有適當之系統帳號新增、修改及刪除程序，以便依其新狀況調整資訊資源之授權。。產出（Outputs）：（請補充控制產出／留存軌跡）。,[電腦化資訊系統循環｜使用者帳號管理] 使用者系統存取權限與其職務權責相符：員工晉升、調職或離職時，應有適當之系統帳號新增、修改及刪除程序，以便依其新狀況調整資訊資源之授權。（頻率：不定期；負責：—；IUC：—）,EC-104-02,RCM;資訊循環;首批;電腦化資訊系統循環;累積範本;去識別範本,2026-08-26 16:28:09
JL-EC-104-03,應用系統權限帳號皆與其擁有者工作職責相符,電腦化資訊系統循環,EC-104,程式及資料之存取控制作業,使用者權限覆核,使用者權限覆核,使用者系統存取權限因未經定期覆核及即時調整，而遭使用者逾越現行職務範圍存取或使用系統資源,營運面,,[營運] 使用者系統存取權限因未經定期覆核及即時調整，而遭使用者逾越現行職務範圍存取或使用系統資源,,,,,應用系統權限帳號皆與其擁有者工作職責相符,使用單位主管應定期取得並覆核使用者權限清單；若有不適當者，應即時申請移除該帳號權限或停權。,TBC,,,,,,,,,,,,,人工,偵測性 (Detective),,,,,,,就公司現行電腦化資訊系統循環作業，為因應「使用者權限覆核」風險——使用者系統存取權限因未經定期覆核及即時調整，而遭使用者逾越現行職務範圍存取或使用系統資源（風險三大屬性—財務報導：（未填）；營運：[營運] 使用者系統存取權限因未經定期覆核及即時調整，而遭使用者逾越現行職務範圍存取或使用系統資源；法令遵循：（未填）；RoMM：（RoMM 分類未填）；重大科目／聲明：（重大科目未填）／（聲明未填）），設計控制目標為「應用系統權限帳號皆與其擁有者工作職責相符」。由（負責單位未填）以人工方式、採偵測性控制取向、屬（類型未填）類型，依TBC執行下列控制活動：使用單位主管應定期取得並覆核使用者權限清單；若有不適當者，應即時申請移除該帳號權限或停權。。控制執行時使用之 IUC／制度為「（未指定 IUC／制度）」。投入（Inputs）：（請補充投入資訊）。覆核／執行步驟（Specific activities）：使用單位主管應定期取得並覆核使用者權限清單；若有不適當者，應即時申請移除該帳號權限或停權。。產出（Outputs）：（請補充控制產出／留存軌跡）。,[電腦化資訊系統循環｜使用者權限覆核] 應用系統權限帳號皆與其擁有者工作職責相符：使用單位主管應定期取得並覆核使用者權限清單；若有不適當者，應即時申請移除該帳號權限或停權。（頻率：TBC；負責：—；IUC：—）,EC-104-03,RCM;資訊循環;首批;電腦化資訊系統循環;累積範本;去識別範本,2026-08-26 16:28:09
JL-EC-104-04,使用者實際存取行為符合其業務需求、職務權限及已核准之授權範圍,電腦化資訊系統循環,EC-104,程式及資料之存取控制作業,使用者存取紀錄覆核,使用者存取紀錄覆核,未經授權登入、逾越職務範圍存取或大量資料下載等異常行為未被及時發現及處理,營運面,,[營運] 未經授權登入、逾越職務範圍存取或大量資料下載等異常行為未被及時發現及處理,,,,,使用者實際存取行為符合其業務需求、職務權限及已核准之授權範圍,應用系統管理者應定期產出重要或敏感系統之異常使用者存取紀錄，包括非正常時段登入、重複登入失敗、異常來源登入、大量資料查詢或下載及逾越職務範圍之存取活動；發現異常時，應提交系統擁有者或使用單位主管覆核其業務合理性，並留存處理結果。,,,,,,,,,,,,,,人工,偵測性 (Detective),,,,,,,就公司現行電腦化資訊系統循環作業，為因應「使用者存取紀錄覆核」風險——未經授權登入、逾越職務範圍存取或大量資料下載等異常行為未被及時發現及處理（風險三大屬性—財務報導：（未填）；營運：[營運] 未經授權登入、逾越職務範圍存取或大量資料下載等異常行為未被及時發現及處理；法令遵循：（未填）；RoMM：（RoMM 分類未填）；重大科目／聲明：（重大科目未填）／（聲明未填）），設計控制目標為「使用者實際存取行為符合其業務需求、職務權限及已核准之授權範圍」。由（負責單位未填）以人工方式、採偵測性控制取向、屬（類型未填）類型，依（頻率未填）執行下列控制活動：應用系統管理者應定期產出重要或敏感系統之異常使用者存取紀錄，包括非正常時段登入、重複登入失敗、異常來源登入、大量資料查詢或下載及逾越職務範圍之存取活動；發現異常時，應提交系統擁有者或使用單位主管覆核其業務合理性，並留存處理結果。。控制執行時使用之 IUC／制度為「（未指定 IUC／制度）」。投入（Inputs）：（請補充投入資訊）。覆核／執行步驟（Specific activities）：應用系統管理者應定期產出重要或敏感系統之異常使用者存取紀錄，包括非正常時段登入、重複登入失敗、異常來源登入、大量資料查詢或下載及逾越職務範圍之存取活動；發現異常時，應提交系統擁有者或使用單位主管覆核其業務合理性，並留存處理結果。。產出（Outputs）：（請補充控制產出／留存軌跡）。,[電腦化資訊系統循環｜使用者存取紀錄覆核] 使用者實際存取行為符合其業務需求、職務權限及已核准之授權範圍：應用系統管理者應定期產出重要或敏感系統之異常使用者存取紀錄，包括非正常時段登入、重複登入失敗、異常來源登入、大量資料查詢或下載及逾越職務範圍之存取活動；發現異常時，應提交系統擁有者或使用單位主管覆核其業務合理性，並留存處理結果。（頻率：—；負責：—；IUC：—）,EC-104-04,RCM;資訊循環;首批;電腦化資訊系統循環;累積範本;去識別範本,2026-08-26 16:28:09
JL-EC-104-05,重要系統皆設有高強度密碼保護,電腦化資訊系統循環,EC-104,程式及資料之存取控制作業,密碼管理 / 制度與程序,密碼管理 / 制度與程序,重要系統帳號易遭密碼破解或帳號冒用，使未經授權人員得以存取系統及相關資料,營運面,,[營運] 重要系統帳號易遭密碼破解或帳號冒用，使未經授權人員得以存取系統及相關資料,,,,,重要系統皆設有高強度密碼保護,重要系統皆應設定相關密碼規則（包含：密碼長度、密碼強度、密碼定期更換、可接受之密碼錯誤次數、重複密碼控制）。,持續,,,,,,,,,,,,,人工,預防性 (Preventive),,,,,,,就公司現行電腦化資訊系統循環作業，為因應「密碼管理 / 制度與程序」風險——重要系統帳號易遭密碼破解或帳號冒用，使未經授權人員得以存取系統及相關資料（風險三大屬性—財務報導：（未填）；營運：[營運] 重要系統帳號易遭密碼破解或帳號冒用，使未經授權人員得以存取系統及相關資料；法令遵循：（未填）；RoMM：（RoMM 分類未填）；重大科目／聲明：（重大科目未填）／（聲明未填）），設計控制目標為「重要系統皆設有高強度密碼保護」。由（負責單位未填）以人工方式、採預防性控制取向、屬（類型未填）類型，依持續執行下列控制活動：重要系統皆應設定相關密碼規則（包含：密碼長度、密碼強度、密碼定期更換、可接受之密碼錯誤次數、重複密碼控制）。。控制執行時使用之 IUC／制度為「（未指定 IUC／制度）」。投入（Inputs）：（請補充投入資訊）。覆核／執行步驟（Specific activities）：重要系統皆應設定相關密碼規則（包含：密碼長度、密碼強度、密碼定期更換、可接受之密碼錯誤次數、重複密碼控制）。。產出（Outputs）：（請補充控制產出／留存軌跡）。,[電腦化資訊系統循環｜密碼管理 / 制度與程序] 重要系統皆設有高強度密碼保護：重要系統皆應設定相關密碼規則（包含：密碼長度、密碼強度、密碼定期更換、可接受之密碼錯誤次數、重複密碼控制）。（頻率：持續；負責：—；IUC：—）,EC-104-05,RCM;資訊循環;首批;電腦化資訊系統循環;累積範本;去識別範本,2026-08-26 16:28:09
JL-EC-104-06,一般使用者帳號不持續使用初始密碼,電腦化資訊系統循環,EC-104,程式及資料之存取控制作業,密碼管理,密碼管理,使用者帳號遭冒用及機密資料被未經授權存取或外洩,營運面,,[營運] 使用者帳號遭冒用及機密資料被未經授權存取或外洩,,,,,一般使用者帳號不持續使用初始密碼,一般使用者帳號建立或密碼重置後，應由使用者於首次登入時變更初始密碼；初始密碼不得由不同使用者共同使用。,TBC,,,,,,,,,,,,,人工,預防性 (Preventive),,,,,,,就公司現行電腦化資訊系統循環作業，為因應「密碼管理」風險——使用者帳號遭冒用及機密資料被未經授權存取或外洩（風險三大屬性—財務報導：（未填）；營運：[營運] 使用者帳號遭冒用及機密資料被未經授權存取或外洩；法令遵循：（未填）；RoMM：（RoMM 分類未填）；重大科目／聲明：（重大科目未填）／（聲明未填）），設計控制目標為「一般使用者帳號不持續使用初始密碼」。由（負責單位未填）以人工方式、採預防性控制取向、屬（類型未填）類型，依TBC執行下列控制活動：一般使用者帳號建立或密碼重置後，應由使用者於首次登入時變更初始密碼；初始密碼不得由不同使用者共同使用。。控制執行時使用之 IUC／制度為「（未指定 IUC／制度）」。投入（Inputs）：（請補充投入資訊）。覆核／執行步驟（Specific activities）：一般使用者帳號建立或密碼重置後，應由使用者於首次登入時變更初始密碼；初始密碼不得由不同使用者共同使用。。產出（Outputs）：（請補充控制產出／留存軌跡）。,[電腦化資訊系統循環｜密碼管理] 一般使用者帳號不持續使用初始密碼：一般使用者帳號建立或密碼重置後，應由使用者於首次登入時變更初始密碼；初始密碼不得由不同使用者共同使用。（頻率：TBC；負責：—；IUC：—）,EC-104-06,RCM;資訊循環;首批;電腦化資訊系統循環;累積範本;去識別範本,2026-08-26 16:28:09
JL-EC-104-07,特權帳號之驗證資訊不沿用原廠預設設定,電腦化資訊系統循環,EC-104,程式及資料之存取控制作業,密碼管理 / 特權帳號管理,密碼管理 / 特權帳號管理,未經授權人員透過系統管理權限造使系統設定遭變更、資料遭不當存取或安全機制遭停用,營運面,,[營運] 未經授權人員透過系統管理權限造使系統設定遭變更、資料遭不當存取或安全機制遭停用,,,,,特權帳號之驗證資訊不沿用原廠預設設定,各類資訊系統之管理員、超級使用者及其他特權帳號，不得沿用原廠預設帳號及密碼；系統安裝或設定完成後，應立即變更預設密碼，並依實際需要停用、更名或限制使用預設帳號。,TBC,,,,,,,,,,,,,人工,預防性 (Preventive),,,,,,,就公司現行電腦化資訊系統循環作業，為因應「密碼管理 / 特權帳號管理」風險——未經授權人員透過系統管理權限造使系統設定遭變更、資料遭不當存取或安全機制遭停用（風險三大屬性—財務報導：（未填）；營運：[營運] 未經授權人員透過系統管理權限造使系統設定遭變更、資料遭不當存取或安全機制遭停用；法令遵循：（未填）；RoMM：（RoMM 分類未填）；重大科目／聲明：（重大科目未填）／（聲明未填）），設計控制目標為「特權帳號之驗證資訊不沿用原廠預設設定」。由（負責單位未填）以人工方式、採預防性控制取向、屬（類型未填）類型，依TBC執行下列控制活動：各類資訊系統之管理員、超級使用者及其他特權帳號，不得沿用原廠預設帳號及密碼；系統安裝或設定完成後，應立即變更預設密碼，並依實際需要停用、更名或限制使用預設帳號。。控制執行時使用之 IUC／制度為「（未指定 IUC／制度）」。投入（Inputs）：（請補充投入資訊）。覆核／執行步驟（Specific activities）：各類資訊系統之管理員、超級使用者及其他特權帳號，不得沿用原廠預設帳號及密碼；系統安裝或設定完成後，應立即變更預設密碼，並依實際需要停用、更名或限制使用預設帳號。。產出（Outputs）：（請補充控制產出／留存軌跡）。,[電腦化資訊系統循環｜密碼管理 / 特權帳號管理] 特權帳號之驗證資訊不沿用原廠預設設定：各類資訊系統之管理員、超級使用者及其他特權帳號，不得沿用原廠預設帳號及密碼；系統安裝或設定完成後，應立即變更預設密碼，並依實際需要停用、更名或限制使用預設帳號。（頻率：TBC；負責：—；IUC：—）,EC-104-07,RCM;資訊循環;首批;電腦化資訊系統循環;累積範本;去識別範本,2026-08-26 16:28:09
JL-EC-104-08,特權帳號之授權範圍與人員職務及維運需求相符,電腦化資訊系統循環,EC-104,程式及資料之存取控制作業,特權帳號管理,特權帳號管理,特權帳號及其權限遭未經授權人員使用或逾越維運需求存取系統、修改設定及處理資料,營運面,,[營運] 特權帳號及其權限遭未經授權人員使用或逾越維運需求存取系統、修改設定及處理資料,,,,,特權帳號之授權範圍與人員職務及維運需求相符,管理員、超級使用者、資料庫管理員及其他特權帳號之建立、權限異動及停用，應經資訊單位主管核准。,TBC,,,,,,,,,,,,,人工,預防性 (Preventive),,,,,,,就公司現行電腦化資訊系統循環作業，為因應「特權帳號管理」風險——特權帳號及其權限遭未經授權人員使用或逾越維運需求存取系統、修改設定及處理資料（風險三大屬性—財務報導：（未填）；營運：[營運] 特權帳號及其權限遭未經授權人員使用或逾越維運需求存取系統、修改設定及處理資料；法令遵循：（未填）；RoMM：（RoMM 分類未填）；重大科目／聲明：（重大科目未填）／（聲明未填）），設計控制目標為「特權帳號之授權範圍與人員職務及維運需求相符」。由（負責單位未填）以人工方式、採預防性控制取向、屬（類型未填）類型，依TBC執行下列控制活動：管理員、超級使用者、資料庫管理員及其他特權帳號之建立、權限異動及停用，應經資訊單位主管核准。。控制執行時使用之 IUC／制度為「（未指定 IUC／制度）」。投入（Inputs）：（請補充投入資訊）。覆核／執行步驟（Specific activities）：管理員、超級使用者、資料庫管理員及其他特權帳號之建立、權限異動及停用，應經資訊單位主管核准。。產出（Outputs）：（請補充控制產出／留存軌跡）。,[電腦化資訊系統循環｜特權帳號管理] 特權帳號之授權範圍與人員職務及維運需求相符：管理員、超級使用者、資料庫管理員及其他特權帳號之建立、權限異動及停用，應經資訊單位主管核准。（頻率：TBC；負責：—；IUC：—）,EC-104-08,RCM;資訊循環;首批;電腦化資訊系統循環;累積範本;去識別範本,2026-08-26 16:28:09
JL-EC-104-09,應用系統特權帳號及其權限範圍持續符合人員職務及系統維運需求,電腦化資訊系統循環,EC-104,程式及資料之存取控制作業,特權帳號覆核,特權帳號覆核,重要應用系統之特權帳號及權限遭歸屬不明或已無使用需求之帳號不當使用，或持續保有逾越維運需求之權限,營運面,,[營運] 重要應用系統之特權帳號及權限遭歸屬不明或已無使用需求之帳號不當使用，或持續保有逾越維運需求之權限,,,,,應用系統特權帳號及其權限範圍持續符合人員職務及系統維運需求,資訊單位主管應定期取得重要應用系統之特權帳號及權限清單，覆核帳號擁有者、帳號用途、管理角色、權限範圍、使用狀態及保留必要性；如發現帳號歸屬不明、權限過大或已無使用需求，應即時調整權限或停用帳號，並留存覆核及處理紀錄。,TBC,,,,,,,,,,,,,人工,偵測性 (Detective),,,,,,,就公司現行電腦化資訊系統循環作業，為因應「特權帳號覆核」風險——重要應用系統之特權帳號及權限遭歸屬不明或已無使用需求之帳號不當使用，或持續保有逾越維運需求之權限（風險三大屬性—財務報導：（未填）；營運：[營運] 重要應用系統之特權帳號及權限遭歸屬不明或已無使用需求之帳號不當使用，或持續保有逾越維運需求之權限；法令遵循：（未填）；RoMM：（RoMM 分類未填）；重大科目／聲明：（重大科目未填）／（聲明未填）），設計控制目標為「應用系統特權帳號及其權限範圍持續符合人員職務及系統維運需求」。由（負責單位未填）以人工方式、採偵測性控制取向、屬（類型未填）類型，依TBC執行下列控制活動：資訊單位主管應定期取得重要應用系統之特權帳號及權限清單，覆核帳號擁有者、帳號用途、管理角色、權限範圍、使用狀態及保留必要性；如發現帳號歸屬不明、權限過大或已無使用需求，應即時調整權限或停用帳號，並留存覆核及處理紀錄。。控制執行時使用之 IUC／制度為「（未指定 IUC／制度）」。投入（Inputs）：（請補充投入資訊）。覆核／執行步驟（Specific activities）：資訊單位主管應定期取得重要應用系統之特權帳號及權限清單，覆核帳號擁有者、帳號用途、管理角色、權限範圍、使用狀態及保留必要性；如發現帳號歸屬不明、權限過大或已無使用需求，應即時調整權限或停用帳號，並留存覆核及處理紀錄。。產出（Outputs）：（請補充控制產出／留存軌跡）。,[電腦化資訊系統循環｜特權帳號覆核] 應用系統特權帳號及其權限範圍持續符合人員職務及系統維運需求：資訊單位主管應定期取得重要應用系統之特權帳號及權限清單，覆核帳號擁有者、帳號用途、管理角色、權限範圍、使用狀態及保留必要性；如發現帳號歸屬不明、權限過大或已無使用需求，應即時調整權限或停用帳號，並留存覆核及處理紀錄。（頻率：TBC；負責：—；IUC：—）,EC-104-09,RCM;資訊循環;首批;電腦化資訊系統循環;累積範本;去識別範本,2026-08-26 16:28:09
JL-EC-104-10,作業系統特權帳號及其權限範圍持續符合人員職務及主機維運需求,電腦化資訊系統循環,EC-104,程式及資料之存取控制作業,特權帳號覆核,特權帳號覆核,正式作業主機之作業系統特權帳號及管理權限遭歸屬不明或已無使用需求之帳號不當使用，或持續保有逾越主機維運需求之權限,營運面,,[營運] 正式作業主機之作業系統特權帳號及管理權限遭歸屬不明或已無使用需求之帳號不當使用，或持續保有逾越主機維運需求之權限,,,,,作業系統特權帳號及其權限範圍持續符合人員職務及主機維運需求,資訊單位主管應定期取得正式作業主機之作業系統特權帳號及管理群組清單，覆核 Administrator、root、sudo、Domain Admins 或其他系統管理權限之帳號擁有者、用途、權限範圍、使用狀態及保留必要性；如有異常，應調整權限或停用帳號，並留存覆核及處理紀錄。,TBC,,,,,,,,,,,,,人工,偵測性 (Detective),,,,,,,就公司現行電腦化資訊系統循環作業，為因應「特權帳號覆核」風險——正式作業主機之作業系統特權帳號及管理權限遭歸屬不明或已無使用需求之帳號不當使用，或持續保有逾越主機維運需求之權限（風險三大屬性—財務報導：（未填）；營運：[營運] 正式作業主機之作業系統特權帳號及管理權限遭歸屬不明或已無使用需求之帳號不當使用，或持續保有逾越主機維運需求之權限；法令遵循：（未填）；RoMM：（RoMM 分類未填）；重大科目／聲明：（重大科目未填）／（聲明未填）），設計控制目標為「作業系統特權帳號及其權限範圍持續符合人員職務及主機維運需求」。由（負責單位未填）以人工方式、採偵測性控制取向、屬（類型未填）類型，依TBC執行下列控制活動：資訊單位主管應定期取得正式作業主機之作業系統特權帳號及管理群組清單，覆核 Administrator、root、sudo、Domain Admins 或其他系統管理權限之帳號擁有者、用途、權限範圍、使用狀態及保留必要性；如有異常，應調整權限或停用帳號，並留存覆核及處理紀錄。。控制執行時使用之 IUC／制度為「（未指定 IUC／制度）」。投入（Inputs）：（請補充投入資訊）。覆核／執行步驟（Specific activities）：資訊單位主管應定期取得正式作業主機之作業系統特權帳號及管理群組清單，覆核 Administrator、root、sudo、Domain Admins 或其他系統管理權限之帳號擁有者、用途、權限範圍、使用狀態及保留必要性；如有異常，應調整權限或停用帳號，並留存覆核及處理紀錄。。產出（Outputs）：（請補充控制產出／留存軌跡）。,[電腦化資訊系統循環｜特權帳號覆核] 作業系統特權帳號及其權限範圍持續符合人員職務及主機維運需求：資訊單位主管應定期取得正式作業主機之作業系統特權帳號及管理群組清單，覆核 Administrator、root、sudo、Domain Admins 或其他系統管理權限之帳號擁有者、用途、權限範圍、使用狀態及保留必要性；如有異常，應調整權限或停用帳號，並留存覆核及處理紀錄。（頻率：TBC；負責：—；IUC：—）,EC-104-10,RCM;資訊循環;首批;電腦化資訊系統循環;累積範本;去識別範本,2026-08-26 16:28:09
JL-EC-104-11,資料庫特權帳號及其權限範圍持續符合資料庫維運需求,電腦化資訊系統循環,EC-104,程式及資料之存取控制作業,特權帳號覆核,特權帳號覆核,重要資料庫之特權帳號、角色及系統權限遭歸屬不明或已無使用需求之帳號不當使用，或持續保有逾越資料庫維運需求之存取權限,營運面,,[營運] 重要資料庫之特權帳號、角色及系統權限遭歸屬不明或已無使用需求之帳號不當使用，或持續保有逾越資料庫維運需求之存取權限,,,,,資料庫特權帳號及其權限範圍持續符合資料庫維運需求,資訊單位主管應定期取得重要資料庫之特權帳號、角色及系統權限清單，覆核資料庫管理員、系統服務帳號及其他高權限帳號之擁有者、用途、存取範圍、使用狀態及保留必要性；如有異常，應調整權限或停用帳號，並留存覆核及處理紀錄。,TBC,,,,,,,,,,,,,人工,偵測性 (Detective),,,,,,,就公司現行電腦化資訊系統循環作業，為因應「特權帳號覆核」風險——重要資料庫之特權帳號、角色及系統權限遭歸屬不明或已無使用需求之帳號不當使用，或持續保有逾越資料庫維運需求之存取權限（風險三大屬性—財務報導：（未填）；營運：[營運] 重要資料庫之特權帳號、角色及系統權限遭歸屬不明或已無使用需求之帳號不當使用，或持續保有逾越資料庫維運需求之存取權限；法令遵循：（未填）；RoMM：（RoMM 分類未填）；重大科目／聲明：（重大科目未填）／（聲明未填）），設計控制目標為「資料庫特權帳號及其權限範圍持續符合資料庫維運需求」。由（負責單位未填）以人工方式、採偵測性控制取向、屬（類型未填）類型，依TBC執行下列控制活動：資訊單位主管應定期取得重要資料庫之特權帳號、角色及系統權限清單，覆核資料庫管理員、系統服務帳號及其他高權限帳號之擁有者、用途、存取範圍、使用狀態及保留必要性；如有異常，應調整權限或停用帳號，並留存覆核及處理紀錄。。控制執行時使用之 IUC／制度為「（未指定 IUC／制度）」。投入（Inputs）：（請補充投入資訊）。覆核／執行步驟（Specific activities）：資訊單位主管應定期取得重要資料庫之特權帳號、角色及系統權限清單，覆核資料庫管理員、系統服務帳號及其他高權限帳號之擁有者、用途、存取範圍、使用狀態及保留必要性；如有異常，應調整權限或停用帳號，並留存覆核及處理紀錄。。產出（Outputs）：（請補充控制產出／留存軌跡）。,[電腦化資訊系統循環｜特權帳號覆核] 資料庫特權帳號及其權限範圍持續符合資料庫維運需求：資訊單位主管應定期取得重要資料庫之特權帳號、角色及系統權限清單，覆核資料庫管理員、系統服務帳號及其他高權限帳號之擁有者、用途、存取範圍、使用狀態及保留必要性；如有異常，應調整權限或停用帳號，並留存覆核及處理紀錄。（頻率：TBC；負責：—；IUC：—）,EC-104-11,RCM;資訊循環;首批;電腦化資訊系統循環;累積範本;去識別範本,2026-08-26 16:28:09
JL-EC-104-12,網路相關系統特權帳號及其權限範圍持續符合網路維運需求,電腦化資訊系統循環,EC-104,程式及資料之存取控制作業,特權帳號覆核,特權帳號覆核,重要網路相關系統之特權帳號及管理權限遭歸屬不明或已無使用需求之帳號不當使用，或持續保有逾越網路維運需求之權限,營運面,,[營運] 重要網路相關系統之特權帳號及管理權限遭歸屬不明或已無使用需求之帳號不當使用，或持續保有逾越網路維運需求之權限,,,,,網路相關系統特權帳號及其權限範圍持續符合網路維運需求,資訊單位主管應定期取得防火牆、交換器、路由器、VPN 及其他重要網路相關系統之特權帳號及權限清單，覆核帳號擁有者、用途、管理權限、使用狀態及保留必要性；如有異常，應調整權限或停用帳號，並留存覆核及處理紀錄。,TBC,,,,,,,,,,,,,人工,偵測性 (Detective),,,,,,,就公司現行電腦化資訊系統循環作業，為因應「特權帳號覆核」風險——重要網路相關系統之特權帳號及管理權限遭歸屬不明或已無使用需求之帳號不當使用，或持續保有逾越網路維運需求之權限（風險三大屬性—財務報導：（未填）；營運：[營運] 重要網路相關系統之特權帳號及管理權限遭歸屬不明或已無使用需求之帳號不當使用，或持續保有逾越網路維運需求之權限；法令遵循：（未填）；RoMM：（RoMM 分類未填）；重大科目／聲明：（重大科目未填）／（聲明未填）），設計控制目標為「網路相關系統特權帳號及其權限範圍持續符合網路維運需求」。由（負責單位未填）以人工方式、採偵測性控制取向、屬（類型未填）類型，依TBC執行下列控制活動：資訊單位主管應定期取得防火牆、交換器、路由器、VPN 及其他重要網路相關系統之特權帳號及權限清單，覆核帳號擁有者、用途、管理權限、使用狀態及保留必要性；如有異常，應調整權限或停用帳號，並留存覆核及處理紀錄。。控制執行時使用之 IUC／制度為「（未指定 IUC／制度）」。投入（Inputs）：（請補充投入資訊）。覆核／執行步驟（Specific activities）：資訊單位主管應定期取得防火牆、交換器、路由器、VPN 及其他重要網路相關系統之特權帳號及權限清單，覆核帳號擁有者、用途、管理權限、使用狀態及保留必要性；如有異常，應調整權限或停用帳號，並留存覆核及處理紀錄。。產出（Outputs）：（請補充控制產出／留存軌跡）。,[電腦化資訊系統循環｜特權帳號覆核] 網路相關系統特權帳號及其權限範圍持續符合網路維運需求：資訊單位主管應定期取得防火牆、交換器、路由器、VPN 及其他重要網路相關系統之特權帳號及權限清單，覆核帳號擁有者、用途、管理權限、使用狀態及保留必要性；如有異常，應調整權限或停用帳號，並留存覆核及處理紀錄。（頻率：TBC；負責：—；IUC：—）,EC-104-12,RCM;資訊循環;首批;電腦化資訊系統循環;累積範本;去識別範本,2026-08-26 16:28:09
JL-EC-104-13,應用系統特權帳號之存取活動符合其授權範圍及維運需求,電腦化資訊系統循環,EC-104,程式及資料之存取控制作業,特權存取紀錄覆核,特權存取紀錄覆核,應用系統特權帳號之異常存取活動未被及時發現及處理,營運面,,[營運] 應用系統特權帳號之異常存取活動未被及時發現及處理,,,,,應用系統特權帳號之存取活動符合其授權範圍及維運需求,資訊單位主管應定期覆核應用系統之特權帳號存取紀錄；若有異常情形，應查明原因並即時處置。,TBC,,,,,,,,,,,,,人工,偵測性 (Detective),,,,,,,就公司現行電腦化資訊系統循環作業，為因應「特權存取紀錄覆核」風險——應用系統特權帳號之異常存取活動未被及時發現及處理（風險三大屬性—財務報導：（未填）；營運：[營運] 應用系統特權帳號之異常存取活動未被及時發現及處理；法令遵循：（未填）；RoMM：（RoMM 分類未填）；重大科目／聲明：（重大科目未填）／（聲明未填）），設計控制目標為「應用系統特權帳號之存取活動符合其授權範圍及維運需求」。由（負責單位未填）以人工方式、採偵測性控制取向、屬（類型未填）類型，依TBC執行下列控制活動：資訊單位主管應定期覆核應用系統之特權帳號存取紀錄；若有異常情形，應查明原因並即時處置。。控制執行時使用之 IUC／制度為「（未指定 IUC／制度）」。投入（Inputs）：（請補充投入資訊）。覆核／執行步驟（Specific activities）：資訊單位主管應定期覆核應用系統之特權帳號存取紀錄；若有異常情形，應查明原因並即時處置。。產出（Outputs）：（請補充控制產出／留存軌跡）。,[電腦化資訊系統循環｜特權存取紀錄覆核] 應用系統特權帳號之存取活動符合其授權範圍及維運需求：資訊單位主管應定期覆核應用系統之特權帳號存取紀錄；若有異常情形，應查明原因並即時處置。（頻率：TBC；負責：—；IUC：—）,EC-104-13,RCM;資訊循環;首批;電腦化資訊系統循環;累積範本;去識別範本,2026-08-26 16:28:09
JL-EC-104-14,作業系統特權帳號之存取活動符合其授權範圍及維運需求,電腦化資訊系統循環,EC-104,程式及資料之存取控制作業,特權存取紀錄覆核,特權存取紀錄覆核,作業系統特權帳號之異常存取活動未被及時發現及處理,營運面,,[營運] 作業系統特權帳號之異常存取活動未被及時發現及處理,,,,,作業系統特權帳號之存取活動符合其授權範圍及維運需求,資訊單位主管應定期覆核作業系統之特權帳號存取紀錄；若有異常情形，應查明原因並即時處置。,,,,,,,,,,,,,,人工,偵測性 (Detective),,,,,,,就公司現行電腦化資訊系統循環作業，為因應「特權存取紀錄覆核」風險——作業系統特權帳號之異常存取活動未被及時發現及處理（風險三大屬性—財務報導：（未填）；營運：[營運] 作業系統特權帳號之異常存取活動未被及時發現及處理；法令遵循：（未填）；RoMM：（RoMM 分類未填）；重大科目／聲明：（重大科目未填）／（聲明未填）），設計控制目標為「作業系統特權帳號之存取活動符合其授權範圍及維運需求」。由（負責單位未填）以人工方式、採偵測性控制取向、屬（類型未填）類型，依（頻率未填）執行下列控制活動：資訊單位主管應定期覆核作業系統之特權帳號存取紀錄；若有異常情形，應查明原因並即時處置。。控制執行時使用之 IUC／制度為「（未指定 IUC／制度）」。投入（Inputs）：（請補充投入資訊）。覆核／執行步驟（Specific activities）：資訊單位主管應定期覆核作業系統之特權帳號存取紀錄；若有異常情形，應查明原因並即時處置。。產出（Outputs）：（請補充控制產出／留存軌跡）。,[電腦化資訊系統循環｜特權存取紀錄覆核] 作業系統特權帳號之存取活動符合其授權範圍及維運需求：資訊單位主管應定期覆核作業系統之特權帳號存取紀錄；若有異常情形，應查明原因並即時處置。（頻率：—；負責：—；IUC：—）,EC-104-14,RCM;資訊循環;首批;電腦化資訊系統循環;累積範本;去識別範本,2026-08-26 16:28:09
JL-EC-104-15,資料庫直接存取權限限於經授權之必要帳號,電腦化資訊系統循環,EC-104,程式及資料之存取控制作業,資料庫特權存取 / 制度與程序,資料庫特權存取 / 制度與程序,資料庫遭非必要人員直接存取,營運面,,[營運] 資料庫遭非必要人員直接存取,,,,,資料庫直接存取權限限於經授權之必要帳號,資料庫直接存取權限應限於經授權之資訊人員、資料庫管理人員或系統服務帳號，並依職務及維運需求明確界定查詢、新增、修改、刪除及管理權限。,不定期,,,,,,,,,,,,,人工,預防性 (Preventive),,,,,,,就公司現行電腦化資訊系統循環作業，為因應「資料庫特權存取 / 制度與程序」風險——資料庫遭非必要人員直接存取（風險三大屬性—財務報導：（未填）；營運：[營運] 資料庫遭非必要人員直接存取；法令遵循：（未填）；RoMM：（RoMM 分類未填）；重大科目／聲明：（重大科目未填）／（聲明未填）），設計控制目標為「資料庫直接存取權限限於經授權之必要帳號」。由（負責單位未填）以人工方式、採預防性控制取向、屬（類型未填）類型，依不定期執行下列控制活動：資料庫直接存取權限應限於經授權之資訊人員、資料庫管理人員或系統服務帳號，並依職務及維運需求明確界定查詢、新增、修改、刪除及管理權限。。控制執行時使用之 IUC／制度為「（未指定 IUC／制度）」。投入（Inputs）：（請補充投入資訊）。覆核／執行步驟（Specific activities）：資料庫直接存取權限應限於經授權之資訊人員、資料庫管理人員或系統服務帳號，並依職務及維運需求明確界定查詢、新增、修改、刪除及管理權限。。產出（Outputs）：（請補充控制產出／留存軌跡）。,[電腦化資訊系統循環｜資料庫特權存取 / 制度與程序] 資料庫直接存取權限限於經授權之必要帳號：資料庫直接存取權限應限於經授權之資訊人員、資料庫管理人員或系統服務帳號，並依職務及維運需求明確界定查詢、新增、修改、刪除及管理權限。（頻率：不定期；負責：—；IUC：—）,EC-104-15,RCM;資訊循環;首批;電腦化資訊系統循環;累積範本;去識別範本,2026-08-26 16:28:09
JL-EC-104-16,資料庫特權帳號之存取活動符合其授權範圍及維運需求,電腦化資訊系統循環,EC-104,程式及資料之存取控制作業,特權存取紀錄覆核,特權存取紀錄覆核,資料庫特權帳號之異常存取活動未被及時發現及處理,營運面,,[營運] 資料庫特權帳號之異常存取活動未被及時發現及處理,,,,,資料庫特權帳號之存取活動符合其授權範圍及維運需求,資訊單位主管應定期覆核資料庫之特權帳號存取紀錄；若有異常情形，應查明原因並即時處置。,,,,,,,,,,,,,,人工,偵測性 (Detective),,,,,,,就公司現行電腦化資訊系統循環作業，為因應「特權存取紀錄覆核」風險——資料庫特權帳號之異常存取活動未被及時發現及處理（風險三大屬性—財務報導：（未填）；營運：[營運] 資料庫特權帳號之異常存取活動未被及時發現及處理；法令遵循：（未填）；RoMM：（RoMM 分類未填）；重大科目／聲明：（重大科目未填）／（聲明未填）），設計控制目標為「資料庫特權帳號之存取活動符合其授權範圍及維運需求」。由（負責單位未填）以人工方式、採偵測性控制取向、屬（類型未填）類型，依（頻率未填）執行下列控制活動：資訊單位主管應定期覆核資料庫之特權帳號存取紀錄；若有異常情形，應查明原因並即時處置。。控制執行時使用之 IUC／制度為「（未指定 IUC／制度）」。投入（Inputs）：（請補充投入資訊）。覆核／執行步驟（Specific activities）：資訊單位主管應定期覆核資料庫之特權帳號存取紀錄；若有異常情形，應查明原因並即時處置。。產出（Outputs）：（請補充控制產出／留存軌跡）。,[電腦化資訊系統循環｜特權存取紀錄覆核] 資料庫特權帳號之存取活動符合其授權範圍及維運需求：資訊單位主管應定期覆核資料庫之特權帳號存取紀錄；若有異常情形，應查明原因並即時處置。（頻率：—；負責：—；IUC：—）,EC-104-16,RCM;資訊循環;首批;電腦化資訊系統循環;累積範本;去識別範本,2026-08-26 16:28:09
JL-EC-104-17,網路相關系統特權帳號之存取活動符合其授權範圍及維運需求,電腦化資訊系統循環,EC-104,程式及資料之存取控制作業,特權存取紀錄覆核,特權存取紀錄覆核,網路相關系統特權帳號之異常存取活動未被及時發現及處理,營運面,,[營運] 網路相關系統特權帳號之異常存取活動未被及時發現及處理,,,,,網路相關系統特權帳號之存取活動符合其授權範圍及維運需求,資訊單位主管應定期覆核網路相關系統之特權帳號存取紀錄；若有異常情形，應查明原因並即時處置。,,,,,,,,,,,,,,人工,偵測性 (Detective),,,,,,,就公司現行電腦化資訊系統循環作業，為因應「特權存取紀錄覆核」風險——網路相關系統特權帳號之異常存取活動未被及時發現及處理（風險三大屬性—財務報導：（未填）；營運：[營運] 網路相關系統特權帳號之異常存取活動未被及時發現及處理；法令遵循：（未填）；RoMM：（RoMM 分類未填）；重大科目／聲明：（重大科目未填）／（聲明未填）），設計控制目標為「網路相關系統特權帳號之存取活動符合其授權範圍及維運需求」。由（負責單位未填）以人工方式、採偵測性控制取向、屬（類型未填）類型，依（頻率未填）執行下列控制活動：資訊單位主管應定期覆核網路相關系統之特權帳號存取紀錄；若有異常情形，應查明原因並即時處置。。控制執行時使用之 IUC／制度為「（未指定 IUC／制度）」。投入（Inputs）：（請補充投入資訊）。覆核／執行步驟（Specific activities）：資訊單位主管應定期覆核網路相關系統之特權帳號存取紀錄；若有異常情形，應查明原因並即時處置。。產出（Outputs）：（請補充控制產出／留存軌跡）。,[電腦化資訊系統循環｜特權存取紀錄覆核] 網路相關系統特權帳號之存取活動符合其授權範圍及維運需求：資訊單位主管應定期覆核網路相關系統之特權帳號存取紀錄；若有異常情形，應查明原因並即時處置。（頻率：—；負責：—；IUC：—）,EC-104-17,RCM;資訊循環;首批;電腦化資訊系統循環;累積範本;去識別範本,2026-08-26 16:28:09
JL-EC-105-01,重要資料完整輸入系統,電腦化資訊系統循環,EC-105,資料輸出入控制作業,資料輸入控制,資料輸入控制,不完整資料輸入系統，影響資料品質及後續作業結果,營運面,,[營運] 不完整資料輸入系統，影響資料品質及後續作業結果,,,,,重要資料完整輸入系統,應用系統應針對重要欄位設定必填檢核機制，未完成必要資料輸入者不得完成儲存或送出作業。,不定期,,,,,,,,,,,,,自動,預防性 (Preventive),,,,,,,就公司現行電腦化資訊系統循環作業，為因應「資料輸入控制」風險——不完整資料輸入系統，影響資料品質及後續作業結果（風險三大屬性—財務報導：（未填）；營運：[營運] 不完整資料輸入系統，影響資料品質及後續作業結果；法令遵循：（未填）；RoMM：（RoMM 分類未填）；重大科目／聲明：（重大科目未填）／（聲明未填）），設計控制目標為「重要資料完整輸入系統」。由（負責單位未填）以自動方式、採預防性控制取向、屬（類型未填）類型，依不定期執行下列控制活動：應用系統應針對重要欄位設定必填檢核機制，未完成必要資料輸入者不得完成儲存或送出作業。。控制執行時使用之 IUC／制度為「（未指定 IUC／制度）」。投入（Inputs）：（請補充投入資訊）。覆核／執行步驟（Specific activities）：應用系統應針對重要欄位設定必填檢核機制，未完成必要資料輸入者不得完成儲存或送出作業。。產出（Outputs）：（請補充控制產出／留存軌跡）。,[電腦化資訊系統循環｜資料輸入控制] 重要資料完整輸入系統：應用系統應針對重要欄位設定必填檢核機制，未完成必要資料輸入者不得完成儲存或送出作業。（頻率：不定期；負責：—；IUC：—）,EC-105-01,RCM;資訊循環;首批;電腦化資訊系統循環;累積範本;去識別範本,2026-08-26 16:28:09
JL-EC-105-02,系統資料符合預設業務規則及合理範圍,電腦化資訊系統循環,EC-105,資料輸出入控制作業,資料輸入控制,資料輸入控制,錯誤或不合理資料輸入系統，影響資料品質及後續作業結果,營運面,,[營運] 錯誤或不合理資料輸入系統，影響資料品質及後續作業結果,,,,,系統資料符合預設業務規則及合理範圍,應用系統應針對重要資料設定格式、範圍及邏輯檢核條件，資料不符合設定條件時系統應自動提示異常或拒絕輸入。,不定期,,,,,,,,,,,,,自動,預防性 (Preventive),,,,,,,就公司現行電腦化資訊系統循環作業，為因應「資料輸入控制」風險——錯誤或不合理資料輸入系統，影響資料品質及後續作業結果（風險三大屬性—財務報導：（未填）；營運：[營運] 錯誤或不合理資料輸入系統，影響資料品質及後續作業結果；法令遵循：（未填）；RoMM：（RoMM 分類未填）；重大科目／聲明：（重大科目未填）／（聲明未填）），設計控制目標為「系統資料符合預設業務規則及合理範圍」。由（負責單位未填）以自動方式、採預防性控制取向、屬（類型未填）類型，依不定期執行下列控制活動：應用系統應針對重要資料設定格式、範圍及邏輯檢核條件，資料不符合設定條件時系統應自動提示異常或拒絕輸入。。控制執行時使用之 IUC／制度為「（未指定 IUC／制度）」。投入（Inputs）：（請補充投入資訊）。覆核／執行步驟（Specific activities）：應用系統應針對重要資料設定格式、範圍及邏輯檢核條件，資料不符合設定條件時系統應自動提示異常或拒絕輸入。。產出（Outputs）：（請補充控制產出／留存軌跡）。,[電腦化資訊系統循環｜資料輸入控制] 系統資料符合預設業務規則及合理範圍：應用系統應針對重要資料設定格式、範圍及邏輯檢核條件，資料不符合設定條件時系統應自動提示異常或拒絕輸入。（頻率：不定期；負責：—；IUC：—）,EC-105-02,RCM;資訊循環;首批;電腦化資訊系統循環;累積範本;去識別範本,2026-08-26 16:28:09
JL-EC-105-03,系統內資料完整且妥善整理,電腦化資訊系統循環,EC-105,資料輸出入控制作業,資料輸入控制,資料輸入控制,重複資料輸入系統，影響資料品質及後續作業結果,營運面,,[營運] 重複資料輸入系統，影響資料品質及後續作業結果,,,,,系統內資料完整且妥善整理,應用系統應針對重要主檔或交易資料設定重複檢核機制，避免重複建立或重複輸入資料。,不定期,,,,,,,,,,,,,自動,預防性 (Preventive),,,,,,,就公司現行電腦化資訊系統循環作業，為因應「資料輸入控制」風險——重複資料輸入系統，影響資料品質及後續作業結果（風險三大屬性—財務報導：（未填）；營運：[營運] 重複資料輸入系統，影響資料品質及後續作業結果；法令遵循：（未填）；RoMM：（RoMM 分類未填）；重大科目／聲明：（重大科目未填）／（聲明未填）），設計控制目標為「系統內資料完整且妥善整理」。由（負責單位未填）以自動方式、採預防性控制取向、屬（類型未填）類型，依不定期執行下列控制活動：應用系統應針對重要主檔或交易資料設定重複檢核機制，避免重複建立或重複輸入資料。。控制執行時使用之 IUC／制度為「（未指定 IUC／制度）」。投入（Inputs）：（請補充投入資訊）。覆核／執行步驟（Specific activities）：應用系統應針對重要主檔或交易資料設定重複檢核機制，避免重複建立或重複輸入資料。。產出（Outputs）：（請補充控制產出／留存軌跡）。,[電腦化資訊系統循環｜資料輸入控制] 系統內資料完整且妥善整理：應用系統應針對重要主檔或交易資料設定重複檢核機制，避免重複建立或重複輸入資料。（頻率：不定期；負責：—；IUC：—）,EC-105-03,RCM;資訊循環;首批;電腦化資訊系統循環;累積範本;去識別範本,2026-08-26 16:28:09
JL-EC-105-04,使用者存取系統資料皆具合理性且經適當授權,電腦化資訊系統循環,EC-105,資料輸出入控制作業,資料存取控制 / 資料輸出控制,資料存取控制 / 資料輸出控制,保管資料因未經權責主管核准即遭撈取移交，而被非必要人員取得或不當使用,營運面,,[營運] 保管資料因未經權責主管核准即遭撈取移交，而被非必要人員取得或不當使用,,,,,使用者存取系統資料皆具合理性且經適當授權,使用者有資料存取需求時，應提出申請，且經由使用單位主管及資訊單位主管核准後，由保管人員進行撈取移交。,不定期,,,,,,,,,,,,,人工,預防性 (Preventive),,,,,,,就公司現行電腦化資訊系統循環作業，為因應「資料存取控制 / 資料輸出控制」風險——保管資料因未經權責主管核准即遭撈取移交，而被非必要人員取得或不當使用（風險三大屬性—財務報導：（未填）；營運：[營運] 保管資料因未經權責主管核准即遭撈取移交，而被非必要人員取得或不當使用；法令遵循：（未填）；RoMM：（RoMM 分類未填）；重大科目／聲明：（重大科目未填）／（聲明未填）），設計控制目標為「使用者存取系統資料皆具合理性且經適當授權」。由（負責單位未填）以人工方式、採預防性控制取向、屬（類型未填）類型，依不定期執行下列控制活動：使用者有資料存取需求時，應提出申請，且經由使用單位主管及資訊單位主管核准後，由保管人員進行撈取移交。。控制執行時使用之 IUC／制度為「（未指定 IUC／制度）」。投入（Inputs）：（請補充投入資訊）。覆核／執行步驟（Specific activities）：使用者有資料存取需求時，應提出申請，且經由使用單位主管及資訊單位主管核准後，由保管人員進行撈取移交。。產出（Outputs）：（請補充控制產出／留存軌跡）。,[電腦化資訊系統循環｜資料存取控制 / 資料輸出控制] 使用者存取系統資料皆具合理性且經適當授權：使用者有資料存取需求時，應提出申請，且經由使用單位主管及資訊單位主管核准後，由保管人員進行撈取移交。（頻率：不定期；負責：—；IUC：—）,EC-105-04,RCM;資訊循環;首批;電腦化資訊系統循環;累積範本;去識別範本,2026-08-26 16:28:09
JL-EC-105-05,公司單位內重要資料僅限經授權人員存取,電腦化資訊系統循環,EC-105,資料輸出入控制作業,機密資料保護,機密資料保護,公司特定單位機密性或敏感性資料遭單位外人員取得或洩漏,營運面,,[營運] 公司特定單位機密性或敏感性資料遭單位外人員取得或洩漏,,,,,公司單位內重要資料僅限經授權人員存取,使用者調閱、存取或輸出機密性及敏感性資料時，應透過既定申請程序取得權責主管核准後，始得辦理。,不定期,,,,,,,,,,,,,人工,預防性 (Preventive),,,,,,,就公司現行電腦化資訊系統循環作業，為因應「機密資料保護」風險——公司特定單位機密性或敏感性資料遭單位外人員取得或洩漏（風險三大屬性—財務報導：（未填）；營運：[營運] 公司特定單位機密性或敏感性資料遭單位外人員取得或洩漏；法令遵循：（未填）；RoMM：（RoMM 分類未填）；重大科目／聲明：（重大科目未填）／（聲明未填）），設計控制目標為「公司單位內重要資料僅限經授權人員存取」。由（負責單位未填）以人工方式、採預防性控制取向、屬（類型未填）類型，依不定期執行下列控制活動：使用者調閱、存取或輸出機密性及敏感性資料時，應透過既定申請程序取得權責主管核准後，始得辦理。。控制執行時使用之 IUC／制度為「（未指定 IUC／制度）」。投入（Inputs）：（請補充投入資訊）。覆核／執行步驟（Specific activities）：使用者調閱、存取或輸出機密性及敏感性資料時，應透過既定申請程序取得權責主管核准後，始得辦理。。產出（Outputs）：（請補充控制產出／留存軌跡）。,[電腦化資訊系統循環｜機密資料保護] 公司單位內重要資料僅限經授權人員存取：使用者調閱、存取或輸出機密性及敏感性資料時，應透過既定申請程序取得權責主管核准後，始得辦理。（頻率：不定期；負責：—；IUC：—）,EC-105-05,RCM;資訊循環;首批;電腦化資訊系統循環;累積範本;去識別範本,2026-08-26 16:28:09
JL-EC-105-06,公司內部個人資料之蒐集、處理及利用符合公司規定與相關法規,電腦化資訊系統循環,EC-105,資料輸出入控制作業,個人資料保護 / 資料輸出控制,個人資料保護 / 資料輸出控制,公司或員工違反個人資料保護相關法規,營運面,,[營運] 公司或員工違反個人資料保護相關法規,,,,,公司內部個人資料之蒐集、處理及利用符合公司規定與相關法規,公司內部各項個人資料之蒐集、處理及利用，應向保管單位提出申請且經核准。,不定期,,,,,,,,,,,,,人工,預防性 (Preventive),,,,,,,就公司現行電腦化資訊系統循環作業，為因應「個人資料保護 / 資料輸出控制」風險——公司或員工違反個人資料保護相關法規（風險三大屬性—財務報導：（未填）；營運：[營運] 公司或員工違反個人資料保護相關法規；法令遵循：（未填）；RoMM：（RoMM 分類未填）；重大科目／聲明：（重大科目未填）／（聲明未填）），設計控制目標為「公司內部個人資料之蒐集、處理及利用符合公司規定與相關法規」。由（負責單位未填）以人工方式、採預防性控制取向、屬（類型未填）類型，依不定期執行下列控制活動：公司內部各項個人資料之蒐集、處理及利用，應向保管單位提出申請且經核准。。控制執行時使用之 IUC／制度為「（未指定 IUC／制度）」。投入（Inputs）：（請補充投入資訊）。覆核／執行步驟（Specific activities）：公司內部各項個人資料之蒐集、處理及利用，應向保管單位提出申請且經核准。。產出（Outputs）：（請補充控制產出／留存軌跡）。,[電腦化資訊系統循環｜個人資料保護 / 資料輸出控制] 公司內部個人資料之蒐集、處理及利用符合公司規定與相關法規：公司內部各項個人資料之蒐集、處理及利用，應向保管單位提出申請且經核准。（頻率：不定期；負責：—；IUC：—）,EC-105-06,RCM;資訊循環;首批;電腦化資訊系統循環;累積範本;去識別範本,2026-08-26 16:28:09
JL-EC-106-01,資料庫內資料修改皆屬合理且正確,電腦化資訊系統循環,EC-106,資料處理之控制作業,資料庫資料處理,資料庫資料處理,資料庫資料遭直接異動，而發生未經授權或錯誤之新增、修改、刪除及操作無法追溯,營運面,,[營運] 資料庫資料遭直接異動，而發生未經授權或錯誤之新增、修改、刪除及操作無法追溯,,,,,資料庫內資料修改皆屬合理且正確,資料庫資料之新增、修改及刪除應透過既定應用程式執行，並留存相關存取紀錄。,不定期,,,,,,,,,,,,,人工,偵測性 (Detective),,,,,,,就公司現行電腦化資訊系統循環作業，為因應「資料庫資料處理」風險——資料庫資料遭直接異動，而發生未經授權或錯誤之新增、修改、刪除及操作無法追溯（風險三大屬性—財務報導：（未填）；營運：[營運] 資料庫資料遭直接異動，而發生未經授權或錯誤之新增、修改、刪除及操作無法追溯；法令遵循：（未填）；RoMM：（RoMM 分類未填）；重大科目／聲明：（重大科目未填）／（聲明未填）），設計控制目標為「資料庫內資料修改皆屬合理且正確」。由（負責單位未填）以人工方式、採偵測性控制取向、屬（類型未填）類型，依不定期執行下列控制活動：資料庫資料之新增、修改及刪除應透過既定應用程式執行，並留存相關存取紀錄。。控制執行時使用之 IUC／制度為「（未指定 IUC／制度）」。投入（Inputs）：（請補充投入資訊）。覆核／執行步驟（Specific activities）：資料庫資料之新增、修改及刪除應透過既定應用程式執行，並留存相關存取紀錄。。產出（Outputs）：（請補充控制產出／留存軌跡）。,[電腦化資訊系統循環｜資料庫資料處理] 資料庫內資料修改皆屬合理且正確：資料庫資料之新增、修改及刪除應透過既定應用程式執行，並留存相關存取紀錄。（頻率：不定期；負責：—；IUC：—）,EC-106-01,RCM;資訊循環;首批;電腦化資訊系統循環;累積範本;去識別範本,2026-08-26 16:28:09
JL-EC-106-02,系統工作排程皆獲適當事前授權,電腦化資訊系統循環,EC-106,資料處理之控制作業,系統工作排程 / 排程授權管理,系統工作排程 / 排程授權管理,系統工作排程發生資料處理錯誤、排程遺漏或非預期作業中斷,營運面,,[營運] 系統工作排程發生資料處理錯誤、排程遺漏或非預期作業中斷,,,,,系統工作排程皆獲適當事前授權,系統工作排程之建立、異動或終止，應經權責主管核准後由資訊單位執行。,,,,,,,,,,,,,,人工,預防性 (Preventive),,,,,,,就公司現行電腦化資訊系統循環作業，為因應「系統工作排程 / 排程授權管理」風險——系統工作排程發生資料處理錯誤、排程遺漏或非預期作業中斷（風險三大屬性—財務報導：（未填）；營運：[營運] 系統工作排程發生資料處理錯誤、排程遺漏或非預期作業中斷；法令遵循：（未填）；RoMM：（RoMM 分類未填）；重大科目／聲明：（重大科目未填）／（聲明未填）），設計控制目標為「系統工作排程皆獲適當事前授權」。由（負責單位未填）以人工方式、採預防性控制取向、屬（類型未填）類型，依（頻率未填）執行下列控制活動：系統工作排程之建立、異動或終止，應經權責主管核准後由資訊單位執行。。控制執行時使用之 IUC／制度為「（未指定 IUC／制度）」。投入（Inputs）：（請補充投入資訊）。覆核／執行步驟（Specific activities）：系統工作排程之建立、異動或終止，應經權責主管核准後由資訊單位執行。。產出（Outputs）：（請補充控制產出／留存軌跡）。,[電腦化資訊系統循環｜系統工作排程 / 排程授權管理] 系統工作排程皆獲適當事前授權：系統工作排程之建立、異動或終止，應經權責主管核准後由資訊單位執行。（頻率：—；負責：—；IUC：—）,EC-106-02,RCM;資訊循環;首批;電腦化資訊系統循環;累積範本;去識別範本,2026-08-26 16:28:09
JL-EC-106-03,系統工作排程皆屬合理且完整,電腦化資訊系統循環,EC-106,資料處理之控制作業,系統工作排程 / 排程定期覆核,系統工作排程 / 排程定期覆核,系統工作排程因設定錯誤、執行異常或已無使用需求，而影響資料處理及系統作業之正常執行,營運面,,[營運] 系統工作排程因設定錯誤、執行異常或已無使用需求，而影響資料處理及系統作業之正常執行,,,,,系統工作排程皆屬合理且完整,資訊單位主管應定期覆核系統工作排程清單及執行紀錄，確認各項排程之合理性與保留必要性；異常或已無使用需求之排程應即時修正、停用或移除，並留存覆核及處理紀錄。,,,,,,,,,,,,,,人工,偵測性 (Detective),,,,,,,就公司現行電腦化資訊系統循環作業，為因應「系統工作排程 / 排程定期覆核」風險——系統工作排程因設定錯誤、執行異常或已無使用需求，而影響資料處理及系統作業之正常執行（風險三大屬性—財務報導：（未填）；營運：[營運] 系統工作排程因設定錯誤、執行異常或已無使用需求，而影響資料處理及系統作業之正常執行；法令遵循：（未填）；RoMM：（RoMM 分類未填）；重大科目／聲明：（重大科目未填）／（聲明未填）），設計控制目標為「系統工作排程皆屬合理且完整」。由（負責單位未填）以人工方式、採偵測性控制取向、屬（類型未填）類型，依（頻率未填）執行下列控制活動：資訊單位主管應定期覆核系統工作排程清單及執行紀錄，確認各項排程之合理性與保留必要性；異常或已無使用需求之排程應即時修正、停用或移除，並留存覆核及處理紀錄。。控制執行時使用之 IUC／制度為「（未指定 IUC／制度）」。投入（Inputs）：（請補充投入資訊）。覆核／執行步驟（Specific activities）：資訊單位主管應定期覆核系統工作排程清單及執行紀錄，確認各項排程之合理性與保留必要性；異常或已無使用需求之排程應即時修正、停用或移除，並留存覆核及處理紀錄。。產出（Outputs）：（請補充控制產出／留存軌跡）。,[電腦化資訊系統循環｜系統工作排程 / 排程定期覆核] 系統工作排程皆屬合理且完整：資訊單位主管應定期覆核系統工作排程清單及執行紀錄，確認各項排程之合理性與保留必要性；異常或已無使用需求之排程應即時修正、停用或移除，並留存覆核及處理紀錄。（頻率：—；負責：—；IUC：—）,EC-106-03,RCM;資訊循環;首批;電腦化資訊系統循環;累積範本;去識別範本,2026-08-26 16:28:09
JL-EC-106-04,系統工作排程異常事件獲得適當追蹤及處理,電腦化資訊系統循環,EC-106,資料處理之控制作業,系統工作排程 / 排程監控,系統工作排程 / 排程監控,系統工作排程因執行失敗、延遲或其他例外情形，而使資料處理不完整、不正確或未依預定時程完成,營運面,,[營運] 系統工作排程因執行失敗、延遲或其他例外情形，而使資料處理不完整、不正確或未依預定時程完成,,,,,系統工作排程異常事件獲得適當追蹤及處理,系統工作排程發生執行失敗、延遲或其他例外情形時，資訊單位應進行原因分析、追蹤及處理，並由資訊單位主管覆核例外事件之處理結果。,,,,,,,,,,,,,,人工,偵測性 (Detective),,,,,,,就公司現行電腦化資訊系統循環作業，為因應「系統工作排程 / 排程監控」風險——系統工作排程因執行失敗、延遲或其他例外情形，而使資料處理不完整、不正確或未依預定時程完成（風險三大屬性—財務報導：（未填）；營運：[營運] 系統工作排程因執行失敗、延遲或其他例外情形，而使資料處理不完整、不正確或未依預定時程完成；法令遵循：（未填）；RoMM：（RoMM 分類未填）；重大科目／聲明：（重大科目未填）／（聲明未填）），設計控制目標為「系統工作排程異常事件獲得適當追蹤及處理」。由（負責單位未填）以人工方式、採偵測性控制取向、屬（類型未填）類型，依（頻率未填）執行下列控制活動：系統工作排程發生執行失敗、延遲或其他例外情形時，資訊單位應進行原因分析、追蹤及處理，並由資訊單位主管覆核例外事件之處理結果。。控制執行時使用之 IUC／制度為「（未指定 IUC／制度）」。投入（Inputs）：（請補充投入資訊）。覆核／執行步驟（Specific activities）：系統工作排程發生執行失敗、延遲或其他例外情形時，資訊單位應進行原因分析、追蹤及處理，並由資訊單位主管覆核例外事件之處理結果。。產出（Outputs）：（請補充控制產出／留存軌跡）。,[電腦化資訊系統循環｜系統工作排程 / 排程監控] 系統工作排程異常事件獲得適當追蹤及處理：系統工作排程發生執行失敗、延遲或其他例外情形時，資訊單位應進行原因分析、追蹤及處理，並由資訊單位主管覆核例外事件之處理結果。（頻率：—；負責：—；IUC：—）,EC-106-04,RCM;資訊循環;首批;電腦化資訊系統循環;累積範本;去識別範本,2026-08-26 16:28:09
JL-EC-106-05,系統參數、平台設定及系統組態異動具備完整紀錄及可追溯性,電腦化資訊系統循環,EC-106,資料處理之控制作業,系統組態異動紀錄,系統組態異動紀錄,正式作業環境之系統參數、平台設定或系統組態因錯誤或與核准需求不一致之異動，而使系統功能異常、資料處理錯誤或服務中斷,營運面,,[營運] 正式作業環境之系統參數、平台設定或系統組態因錯誤或與核准需求不一致之異動，而使系統功能異常、資料處理錯誤或服務中斷,,,,,系統參數、平台設定及系統組態異動具備完整紀錄及可追溯性,資訊單位於正式作業環境之系統參數、平台設定或系統組態異動時，應留存異動前原始設定資料、異動內容及異動後設定資料，並由權責主管或指定人員覆核異動內容是否與核准需求一致。,不定期,,,,,,,,,,,,,人工,預防性 (Preventive),,,,,,,就公司現行電腦化資訊系統循環作業，為因應「系統組態異動紀錄」風險——正式作業環境之系統參數、平台設定或系統組態因錯誤或與核准需求不一致之異動，而使系統功能異常、資料處理錯誤或服務中斷（風險三大屬性—財務報導：（未填）；營運：[營運] 正式作業環境之系統參數、平台設定或系統組態因錯誤或與核准需求不一致之異動，而使系統功能異常、資料處理錯誤或服務中斷；法令遵循：（未填）；RoMM：（RoMM 分類未填）；重大科目／聲明：（重大科目未填）／（聲明未填）），設計控制目標為「系統參數、平台設定及系統組態異動具備完整紀錄及可追溯性」。由（負責單位未填）以人工方式、採預防性控制取向、屬（類型未填）類型，依不定期執行下列控制活動：資訊單位於正式作業環境之系統參數、平台設定或系統組態異動時，應留存異動前原始設定資料、異動內容及異動後設定資料，並由權責主管或指定人員覆核異動內容是否與核准需求一致。。控制執行時使用之 IUC／制度為「（未指定 IUC／制度）」。投入（Inputs）：（請補充投入資訊）。覆核／執行步驟（Specific activities）：資訊單位於正式作業環境之系統參數、平台設定或系統組態異動時，應留存異動前原始設定資料、異動內容及異動後設定資料，並由權責主管或指定人員覆核異動內容是否與核准需求一致。。產出（Outputs）：（請補充控制產出／留存軌跡）。,[電腦化資訊系統循環｜系統組態異動紀錄] 系統參數、平台設定及系統組態異動具備完整紀錄及可追溯性：資訊單位於正式作業環境之系統參數、平台設定或系統組態異動時，應留存異動前原始設定資料、異動內容及異動後設定資料，並由權責主管或指定人員覆核異動內容是否與核准需求一致。（頻率：不定期；負責：—；IUC：—）,EC-106-05,RCM;資訊循環;首批;電腦化資訊系統循環;累積範本;去識別範本,2026-08-26 16:28:09
JL-EC-106-06,系統參數、平台設定及系統組態異動具備回復能力,電腦化資訊系統循環,EC-106,資料處理之控制作業,系統組態異常回復,系統組態異常回復,系統參數或組態設定異常因未及時回復，而影響系統功能及正常運行,營運面,,[營運] 系統參數或組態設定異常因未及時回復，而影響系統功能及正常運行,,,,,系統參數、平台設定及系統組態異動具備回復能力,系統參數或組態設定異動後發生異常情形時，資訊人員應依既定程序回復至前一正常版本。,TBC,,,,,,,,,,,,,人工,偵測性 (Detective),,,,,,,就公司現行電腦化資訊系統循環作業，為因應「系統組態異常回復」風險——系統參數或組態設定異常因未及時回復，而影響系統功能及正常運行（風險三大屬性—財務報導：（未填）；營運：[營運] 系統參數或組態設定異常因未及時回復，而影響系統功能及正常運行；法令遵循：（未填）；RoMM：（RoMM 分類未填）；重大科目／聲明：（重大科目未填）／（聲明未填）），設計控制目標為「系統參數、平台設定及系統組態異動具備回復能力」。由（負責單位未填）以人工方式、採偵測性控制取向、屬（類型未填）類型，依TBC執行下列控制活動：系統參數或組態設定異動後發生異常情形時，資訊人員應依既定程序回復至前一正常版本。。控制執行時使用之 IUC／制度為「（未指定 IUC／制度）」。投入（Inputs）：（請補充投入資訊）。覆核／執行步驟（Specific activities）：系統參數或組態設定異動後發生異常情形時，資訊人員應依既定程序回復至前一正常版本。。產出（Outputs）：（請補充控制產出／留存軌跡）。,[電腦化資訊系統循環｜系統組態異常回復] 系統參數、平台設定及系統組態異動具備回復能力：系統參數或組態設定異動後發生異常情形時，資訊人員應依既定程序回復至前一正常版本。（頻率：TBC；負責：—；IUC：—）,EC-106-06,RCM;資訊循環;首批;電腦化資訊系統循環;累積範本;去識別範本,2026-08-26 16:28:09
JL-EC-106-07,作業系統之變更符合公司營運及安全需求,電腦化資訊系統循環,EC-106,資料處理之控制作業,作業系統變更管理,作業系統變更管理,作業系統因未經授權或不當變更而中斷、功能異常或資安漏洞，破壞正式環境穩定性及資訊安全,營運面,,[營運] 作業系統因未經授權或不當變更而中斷、功能異常或資安漏洞，破壞正式環境穩定性及資訊安全,,,,,作業系統之變更符合公司營運及安全需求,作業系統變更，包括作業系統版本升級或降版、修補程式安裝、安全設定調整、系統服務啟用或停用、主機層級網路設定及系統資源設定異動，應於異動前由資訊單位評估其必要性、影響範圍及安全風險，並經資訊單位主管核准後始得執行。,不定期,,,,,,,,,,,,,人工,預防性 (Preventive),,,,,,,就公司現行電腦化資訊系統循環作業，為因應「作業系統變更管理」風險——作業系統因未經授權或不當變更而中斷、功能異常或資安漏洞，破壞正式環境穩定性及資訊安全（風險三大屬性—財務報導：（未填）；營運：[營運] 作業系統因未經授權或不當變更而中斷、功能異常或資安漏洞，破壞正式環境穩定性及資訊安全；法令遵循：（未填）；RoMM：（RoMM 分類未填）；重大科目／聲明：（重大科目未填）／（聲明未填）），設計控制目標為「作業系統之變更符合公司營運及安全需求」。由（負責單位未填）以人工方式、採預防性控制取向、屬（類型未填）類型，依不定期執行下列控制活動：作業系統變更，包括作業系統版本升級或降版、修補程式安裝、安全設定調整、系統服務啟用或停用、主機層級網路設定及系統資源設定異動，應於異動前由資訊單位評估其必要性、影響範圍及安全風險，並經資訊單位主管核准後始得執行。。控制執行時使用之 IUC／制度為「（未指定 IUC／制度）」。投入（Inputs）：（請補充投入資訊）。覆核／執行步驟（Specific activities）：作業系統變更，包括作業系統版本升級或降版、修補程式安裝、安全設定調整、系統服務啟用或停用、主機層級網路設定及系統資源設定異動，應於異動前由資訊單位評估其必要性、影響範圍及安全風險，並經資訊單位主管核准後始得執行。。產出（Outputs）：（請補充控制產出／留存軌跡）。,[電腦化資訊系統循環｜作業系統變更管理] 作業系統之變更符合公司營運及安全需求：作業系統變更，包括作業系統版本升級或降版、修補程式安裝、安全設定調整、系統服務啟用或停用、主機層級網路設定及系統資源設定異動，應於異動前由資訊單位評估其必要性、影響範圍及安全風險，並經資訊單位主管核准後始得執行。（頻率：不定期；負責：—；IUC：—）,EC-106-07,RCM;資訊循環;首批;電腦化資訊系統循環;累積範本;去識別範本,2026-08-26 16:28:09
JL-EC-107-01,電腦軟硬體及資訊系統之使用經適當身分驗證,電腦化資訊系統循環,EC-107,檔案及設備之安全控制作業,軟硬體存取控制 / 密碼政策,軟硬體存取控制 / 密碼政策,公司電腦軟硬體所儲存或處理之機密或敏感資料遭未經授權存取、使用或揭露,營運面,,[營運] 公司電腦軟硬體所儲存或處理之機密或敏感資料遭未經授權存取、使用或揭露,,,,,電腦軟硬體及資訊系統之使用經適當身分驗證,公司電腦軟硬體應設定密碼、身分驗證或其他保護機制，相關驗證資訊及安全設定應依公司規定定期更新。,TBC,,,,,,,,,,,,,人工,預防性 (Preventive),,,,,,,就公司現行電腦化資訊系統循環作業，為因應「軟硬體存取控制 / 密碼政策」風險——公司電腦軟硬體所儲存或處理之機密或敏感資料遭未經授權存取、使用或揭露（風險三大屬性—財務報導：（未填）；營運：[營運] 公司電腦軟硬體所儲存或處理之機密或敏感資料遭未經授權存取、使用或揭露；法令遵循：（未填）；RoMM：（RoMM 分類未填）；重大科目／聲明：（重大科目未填）／（聲明未填）），設計控制目標為「電腦軟硬體及資訊系統之使用經適當身分驗證」。由（負責單位未填）以人工方式、採預防性控制取向、屬（類型未填）類型，依TBC執行下列控制活動：公司電腦軟硬體應設定密碼、身分驗證或其他保護機制，相關驗證資訊及安全設定應依公司規定定期更新。。控制執行時使用之 IUC／制度為「（未指定 IUC／制度）」。投入（Inputs）：（請補充投入資訊）。覆核／執行步驟（Specific activities）：公司電腦軟硬體應設定密碼、身分驗證或其他保護機制，相關驗證資訊及安全設定應依公司規定定期更新。。產出（Outputs）：（請補充控制產出／留存軌跡）。,[電腦化資訊系統循環｜軟硬體存取控制 / 密碼政策] 電腦軟硬體及資訊系統之使用經適當身分驗證：公司電腦軟硬體應設定密碼、身分驗證或其他保護機制，相關驗證資訊及安全設定應依公司規定定期更新。（頻率：TBC；負責：—；IUC：—）,EC-107-01,RCM;資訊循環;首批;電腦化資訊系統循環;累積範本;去識別範本,2026-08-26 16:28:09
JL-EC-107-02,機房實體存取受到適當管制,電腦化資訊系統循環,EC-107,檔案及設備之安全控制作業,機房進出管制,機房進出管制,未經授權人員進出機房致重要資料毀損或洩漏,營運面,,[營運] 未經授權人員進出機房致重要資料毀損或洩漏,,,,,機房實體存取受到適當管制,機房應設置門禁管制設施（如門禁卡）並確實啟用。,持續,,,,,,,,,,,,,自動,預防性 (Preventive),,,,,,,就公司現行電腦化資訊系統循環作業，為因應「機房進出管制」風險——未經授權人員進出機房致重要資料毀損或洩漏（風險三大屬性—財務報導：（未填）；營運：[營運] 未經授權人員進出機房致重要資料毀損或洩漏；法令遵循：（未填）；RoMM：（RoMM 分類未填）；重大科目／聲明：（重大科目未填）／（聲明未填）），設計控制目標為「機房實體存取受到適當管制」。由（負責單位未填）以自動方式、採預防性控制取向、屬（類型未填）類型，依持續執行下列控制活動：機房應設置門禁管制設施（如門禁卡）並確實啟用。。控制執行時使用之 IUC／制度為「（未指定 IUC／制度）」。投入（Inputs）：（請補充投入資訊）。覆核／執行步驟（Specific activities）：機房應設置門禁管制設施（如門禁卡）並確實啟用。。產出（Outputs）：（請補充控制產出／留存軌跡）。,[電腦化資訊系統循環｜機房進出管制] 機房實體存取受到適當管制：機房應設置門禁管制設施（如門禁卡）並確實啟用。（頻率：持續；負責：—；IUC：—）,EC-107-02,RCM;資訊循環;首批;電腦化資訊系統循環;累積範本;去識別範本,2026-08-26 16:28:09
JL-EC-107-03,機房僅限經授權人員進出,電腦化資訊系統循環,EC-107,檔案及設備之安全控制作業,機房進出管制,機房進出管制,未經授權人員進出機房致重要資料毀損或洩漏,營運面,,[營運] 未經授權人員進出機房致重要資料毀損或洩漏,,,,,機房僅限經授權人員進出,機房之人員進出應事前申請獲准，並如實記載人員資訊與進出時間。,TBC,,,,,,,,,,,,,人工,預防性 (Preventive),,,,,,,就公司現行電腦化資訊系統循環作業，為因應「機房進出管制」風險——未經授權人員進出機房致重要資料毀損或洩漏（風險三大屬性—財務報導：（未填）；營運：[營運] 未經授權人員進出機房致重要資料毀損或洩漏；法令遵循：（未填）；RoMM：（RoMM 分類未填）；重大科目／聲明：（重大科目未填）／（聲明未填）），設計控制目標為「機房僅限經授權人員進出」。由（負責單位未填）以人工方式、採預防性控制取向、屬（類型未填）類型，依TBC執行下列控制活動：機房之人員進出應事前申請獲准，並如實記載人員資訊與進出時間。。控制執行時使用之 IUC／制度為「（未指定 IUC／制度）」。投入（Inputs）：（請補充投入資訊）。覆核／執行步驟（Specific activities）：機房之人員進出應事前申請獲准，並如實記載人員資訊與進出時間。。產出（Outputs）：（請補充控制產出／留存軌跡）。,[電腦化資訊系統循環｜機房進出管制] 機房僅限經授權人員進出：機房之人員進出應事前申請獲准，並如實記載人員資訊與進出時間。（頻率：TBC；負責：—；IUC：—）,EC-107-03,RCM;資訊循環;首批;電腦化資訊系統循環;累積範本;去識別範本,2026-08-26 16:28:09
JL-EC-107-04,機房實體存取受到適當追蹤,電腦化資訊系統循環,EC-107,檔案及設備之安全控制作業,機房進出管制,機房進出管制,未經授權人員進出機房致重要資料毀損或洩漏,營運面,,[營運] 未經授權人員進出機房致重要資料毀損或洩漏,,,,,機房實體存取受到適當追蹤,機房之人員進出紀錄應定期覆核其合理性；若有異常情況，應即時處置。,TBC,,,,,,,,,,,,,人工,偵測性 (Detective),,,,,,,就公司現行電腦化資訊系統循環作業，為因應「機房進出管制」風險——未經授權人員進出機房致重要資料毀損或洩漏（風險三大屬性—財務報導：（未填）；營運：[營運] 未經授權人員進出機房致重要資料毀損或洩漏；法令遵循：（未填）；RoMM：（RoMM 分類未填）；重大科目／聲明：（重大科目未填）／（聲明未填）），設計控制目標為「機房實體存取受到適當追蹤」。由（負責單位未填）以人工方式、採偵測性控制取向、屬（類型未填）類型，依TBC執行下列控制活動：機房之人員進出紀錄應定期覆核其合理性；若有異常情況，應即時處置。。控制執行時使用之 IUC／制度為「（未指定 IUC／制度）」。投入（Inputs）：（請補充投入資訊）。覆核／執行步驟（Specific activities）：機房之人員進出紀錄應定期覆核其合理性；若有異常情況，應即時處置。。產出（Outputs）：（請補充控制產出／留存軌跡）。,[電腦化資訊系統循環｜機房進出管制] 機房實體存取受到適當追蹤：機房之人員進出紀錄應定期覆核其合理性；若有異常情況，應即時處置。（頻率：TBC；負責：—；IUC：—）,EC-107-04,RCM;資訊循環;首批;電腦化資訊系統循環;累積範本;去識別範本,2026-08-26 16:28:09
JL-EC-107-05,機房硬體設備及消防設施維持正常運作狀態,電腦化資訊系統循環,EC-107,檔案及設備之安全控制作業,設備之安全控制,設備之安全控制,機房因硬體設備老舊過期致無法因應重大事故而毀損停擺,營運面,,[營運] 機房因硬體設備老舊過期致無法因應重大事故而毀損停擺,,,,,機房硬體設備及消防設施維持正常運作狀態,機房硬體設備之維護作業應由資訊單位負責或監督辦理，維護完成後應由指定人員會同檢驗並留存維護及檢驗紀錄；機房消防設施應由權責單位定期檢查及維護。,TBC,,,,,,,,,,,,,人工,偵測性 (Detective),,,,,,,就公司現行電腦化資訊系統循環作業，為因應「設備之安全控制」風險——機房因硬體設備老舊過期致無法因應重大事故而毀損停擺（風險三大屬性—財務報導：（未填）；營運：[營運] 機房因硬體設備老舊過期致無法因應重大事故而毀損停擺；法令遵循：（未填）；RoMM：（RoMM 分類未填）；重大科目／聲明：（重大科目未填）／（聲明未填）），設計控制目標為「機房硬體設備及消防設施維持正常運作狀態」。由（負責單位未填）以人工方式、採偵測性控制取向、屬（類型未填）類型，依TBC執行下列控制活動：機房硬體設備之維護作業應由資訊單位負責或監督辦理，維護完成後應由指定人員會同檢驗並留存維護及檢驗紀錄；機房消防設施應由權責單位定期檢查及維護。。控制執行時使用之 IUC／制度為「（未指定 IUC／制度）」。投入（Inputs）：（請補充投入資訊）。覆核／執行步驟（Specific activities）：機房硬體設備之維護作業應由資訊單位負責或監督辦理，維護完成後應由指定人員會同檢驗並留存維護及檢驗紀錄；機房消防設施應由權責單位定期檢查及維護。。產出（Outputs）：（請補充控制產出／留存軌跡）。,[電腦化資訊系統循環｜設備之安全控制] 機房硬體設備及消防設施維持正常運作狀態：機房硬體設備之維護作業應由資訊單位負責或監督辦理，維護完成後應由指定人員會同檢驗並留存維護及檢驗紀錄；機房消防設施應由權責單位定期檢查及維護。（頻率：TBC；負責：—；IUC：—）,EC-107-05,RCM;資訊循環;首批;電腦化資訊系統循環;累積範本;去識別範本,2026-08-26 16:28:09
JL-EC-107-06,重要資訊設備具備適當備援及電力保護能力,電腦化資訊系統循環,EC-107,檔案及設備之安全控制作業,備援設備維護,備援設備維護,重要資訊在設備故障或電力異常時發生系統中斷或資料流失,營運面,,[營運] 重要資訊在設備故障或電力異常時發生系統中斷或資料流失,,,,,重要資訊設備具備適當備援及電力保護能力,資訊單位應定期測試備援設備及不斷電系統，並留存測試結果；相關作業人員應熟悉備援設備之操作及切換程序，重要電腦主機應連接不斷電系統。,TBC,,,,,,,,,,,,,人工,偵測性 (Detective),,,,,,,就公司現行電腦化資訊系統循環作業，為因應「備援設備維護」風險——重要資訊在設備故障或電力異常時發生系統中斷或資料流失（風險三大屬性—財務報導：（未填）；營運：[營運] 重要資訊在設備故障或電力異常時發生系統中斷或資料流失；法令遵循：（未填）；RoMM：（RoMM 分類未填）；重大科目／聲明：（重大科目未填）／（聲明未填）），設計控制目標為「重要資訊設備具備適當備援及電力保護能力」。由（負責單位未填）以人工方式、採偵測性控制取向、屬（類型未填）類型，依TBC執行下列控制活動：資訊單位應定期測試備援設備及不斷電系統，並留存測試結果；相關作業人員應熟悉備援設備之操作及切換程序，重要電腦主機應連接不斷電系統。。控制執行時使用之 IUC／制度為「（未指定 IUC／制度）」。投入（Inputs）：（請補充投入資訊）。覆核／執行步驟（Specific activities）：資訊單位應定期測試備援設備及不斷電系統，並留存測試結果；相關作業人員應熟悉備援設備之操作及切換程序，重要電腦主機應連接不斷電系統。。產出（Outputs）：（請補充控制產出／留存軌跡）。,[電腦化資訊系統循環｜備援設備維護] 重要資訊設備具備適當備援及電力保護能力：資訊單位應定期測試備援設備及不斷電系統，並留存測試結果；相關作業人員應熟悉備援設備之操作及切換程序，重要電腦主機應連接不斷電系統。（頻率：TBC；負責：—；IUC：—）,EC-107-06,RCM;資訊循環;首批;電腦化資訊系統循環;累積範本;去識別範本,2026-08-26 16:28:09
JL-EC-107-07,儲存媒體內容、用途及保管責任可被明確識別,電腦化資訊系統循環,EC-107,檔案及設備之安全控制作業,儲存媒體管理,儲存媒體管理,儲存媒體因內容、用途或識別資訊不明，而遭錯誤取用、誤用或不當處置，致其所儲存資料遺失、毀損或外洩,營運面,,[營運] 儲存媒體因內容、用途或識別資訊不明，而遭錯誤取用、誤用或不當處置，致其所儲存資料遺失、毀損或外洩,,,,,儲存媒體內容、用途及保管責任可被明確識別,儲存媒體應標示其資料內容、媒體用途及識別資訊，並由專責人員保管。,TBC,,,,,,,,,,,,,人工,預防性 (Preventive),,,,,,,就公司現行電腦化資訊系統循環作業，為因應「儲存媒體管理」風險——儲存媒體因內容、用途或識別資訊不明，而遭錯誤取用、誤用或不當處置，致其所儲存資料遺失、毀損或外洩（風險三大屬性—財務報導：（未填）；營運：[營運] 儲存媒體因內容、用途或識別資訊不明，而遭錯誤取用、誤用或不當處置，致其所儲存資料遺失、毀損或外洩；法令遵循：（未填）；RoMM：（RoMM 分類未填）；重大科目／聲明：（重大科目未填）／（聲明未填）），設計控制目標為「儲存媒體內容、用途及保管責任可被明確識別」。由（負責單位未填）以人工方式、採預防性控制取向、屬（類型未填）類型，依TBC執行下列控制活動：儲存媒體應標示其資料內容、媒體用途及識別資訊，並由專責人員保管。。控制執行時使用之 IUC／制度為「（未指定 IUC／制度）」。投入（Inputs）：（請補充投入資訊）。覆核／執行步驟（Specific activities）：儲存媒體應標示其資料內容、媒體用途及識別資訊，並由專責人員保管。。產出（Outputs）：（請補充控制產出／留存軌跡）。,[電腦化資訊系統循環｜儲存媒體管理] 儲存媒體內容、用途及保管責任可被明確識別：儲存媒體應標示其資料內容、媒體用途及識別資訊，並由專責人員保管。（頻率：TBC；負責：—；IUC：—）,EC-107-07,RCM;資訊循環;首批;電腦化資訊系統循環;累積範本;去識別範本,2026-08-26 16:28:09
JL-EC-107-08,儲存媒體受到適當實體保護及保管,電腦化資訊系統循環,EC-107,檔案及設備之安全控制作業,備份實體保存,備份實體保存,備份儲存媒體遭未經授權取用、遺失、毀損或外洩,營運面,,[營運] 備份儲存媒體遭未經授權取用、遺失、毀損或外洩,,,,,儲存媒體受到適當實體保護及保管,資訊單位應將備份儲存媒體存放於安全場所交由專人保管，並留存相關保管紀錄。,,,,,,,,,,,,,,人工,預防性 (Preventive),,,,,,,就公司現行電腦化資訊系統循環作業，為因應「備份實體保存」風險——備份儲存媒體遭未經授權取用、遺失、毀損或外洩（風險三大屬性—財務報導：（未填）；營運：[營運] 備份儲存媒體遭未經授權取用、遺失、毀損或外洩；法令遵循：（未填）；RoMM：（RoMM 分類未填）；重大科目／聲明：（重大科目未填）／（聲明未填）），設計控制目標為「儲存媒體受到適當實體保護及保管」。由（負責單位未填）以人工方式、採預防性控制取向、屬（類型未填）類型，依（頻率未填）執行下列控制活動：資訊單位應將備份儲存媒體存放於安全場所交由專人保管，並留存相關保管紀錄。。控制執行時使用之 IUC／制度為「（未指定 IUC／制度）」。投入（Inputs）：（請補充投入資訊）。覆核／執行步驟（Specific activities）：資訊單位應將備份儲存媒體存放於安全場所交由專人保管，並留存相關保管紀錄。。產出（Outputs）：（請補充控制產出／留存軌跡）。,[電腦化資訊系統循環｜備份實體保存] 儲存媒體受到適當實體保護及保管：資訊單位應將備份儲存媒體存放於安全場所交由專人保管，並留存相關保管紀錄。（頻率：—；負責：—；IUC：—）,EC-107-08,RCM;資訊循環;首批;電腦化資訊系統循環;累積範本;去識別範本,2026-08-26 16:28:09
JL-EC-108-01,資訊類採購符合公司資訊安全要求及相關法令規範,電腦化資訊系統循環,EC-108,硬體及系統軟體之購置、使用及維護控制作業,資訊採購 / 制度與程序,資訊採購 / 制度與程序,資訊類採購因評選標準不明確或不符合資訊安全需求，而取得不符公司需求或安全規範之資訊產品及服務,營運面,,[營運] 資訊類採購因評選標準不明確或不符合資訊安全需求，而取得不符公司需求或安全規範之資訊產品及服務,,,,,資訊類採購符合公司資訊安全要求及相關法令規範,公司應擬訂資訊類採購辦法，明訂招標及供應商選商方式，並配合公司資訊安全要求更新。,TBC,,,,,,,,,,,,,人工,預防性 (Preventive),,,,,,,就公司現行電腦化資訊系統循環作業，為因應「資訊採購 / 制度與程序」風險——資訊類採購因評選標準不明確或不符合資訊安全需求，而取得不符公司需求或安全規範之資訊產品及服務（風險三大屬性—財務報導：（未填）；營運：[營運] 資訊類採購因評選標準不明確或不符合資訊安全需求，而取得不符公司需求或安全規範之資訊產品及服務；法令遵循：（未填）；RoMM：（RoMM 分類未填）；重大科目／聲明：（重大科目未填）／（聲明未填）），設計控制目標為「資訊類採購符合公司資訊安全要求及相關法令規範」。由（負責單位未填）以人工方式、採預防性控制取向、屬（類型未填）類型，依TBC執行下列控制活動：公司應擬訂資訊類採購辦法，明訂招標及供應商選商方式，並配合公司資訊安全要求更新。。控制執行時使用之 IUC／制度為「（未指定 IUC／制度）」。投入（Inputs）：（請補充投入資訊）。覆核／執行步驟（Specific activities）：公司應擬訂資訊類採購辦法，明訂招標及供應商選商方式，並配合公司資訊安全要求更新。。產出（Outputs）：（請補充控制產出／留存軌跡）。,[電腦化資訊系統循環｜資訊採購 / 制度與程序] 資訊類採購符合公司資訊安全要求及相關法令規範：公司應擬訂資訊類採購辦法，明訂招標及供應商選商方式，並配合公司資訊安全要求更新。（頻率：TBC；負責：—；IUC：—）,EC-108-01,RCM;資訊循環;首批;電腦化資訊系統循環;累積範本;去識別範本,2026-08-26 16:28:09
JL-EC-108-02,資訊系統之採購導入皆經資訊單位評估與高階管理人員授權,電腦化資訊系統循環,EC-108,硬體及系統軟體之購置、使用及維護控制作業,資訊採購,資訊採購,資訊系統採購不符合公司需求或缺乏成本效益,營運面,,[營運] 資訊系統採購不符合公司需求或缺乏成本效益,,,,,資訊系統之採購導入皆經資訊單位評估與高階管理人員授權,資訊資產採購事宜，應取得高階管理人員授權，始得辦理。,TBC,,,,,,,,,,,,,人工,預防性 (Preventive),,,,,,,就公司現行電腦化資訊系統循環作業，為因應「資訊採購」風險——資訊系統採購不符合公司需求或缺乏成本效益（風險三大屬性—財務報導：（未填）；營運：[營運] 資訊系統採購不符合公司需求或缺乏成本效益；法令遵循：（未填）；RoMM：（RoMM 分類未填）；重大科目／聲明：（重大科目未填）／（聲明未填）），設計控制目標為「資訊系統之採購導入皆經資訊單位評估與高階管理人員授權」。由（負責單位未填）以人工方式、採預防性控制取向、屬（類型未填）類型，依TBC執行下列控制活動：資訊資產採購事宜，應取得高階管理人員授權，始得辦理。。控制執行時使用之 IUC／制度為「（未指定 IUC／制度）」。投入（Inputs）：（請補充投入資訊）。覆核／執行步驟（Specific activities）：資訊資產採購事宜，應取得高階管理人員授權，始得辦理。。產出（Outputs）：（請補充控制產出／留存軌跡）。,[電腦化資訊系統循環｜資訊採購] 資訊系統之採購導入皆經資訊單位評估與高階管理人員授權：資訊資產採購事宜，應取得高階管理人員授權，始得辦理。（頻率：TBC；負責：—；IUC：—）,EC-108-02,RCM;資訊循環;首批;電腦化資訊系統循環;累積範本;去識別範本,2026-08-26 16:28:09
JL-EC-108-03,公司營業用系統與軟硬體皆具有合法使用權源,電腦化資訊系統循環,EC-108,硬體及系統軟體之購置、使用及維護控制作業,無形資產管理,無形資產管理,系統軟體因授權無效、逾期或超出授權範圍使用，而使公司承擔侵權或違約責任,營運面,,[營運] 系統軟體因授權無效、逾期或超出授權範圍使用，而使公司承擔侵權或違約責任,,,,,公司營業用系統與軟硬體皆具有合法使用權源,資訊單位應定期覆核各項系統軟體之授權有效性及使用情形；如發現未授權、授權逾期或未依操作手冊使用之情形，應追蹤改善並留存紀錄。,TBC,,,,,,,,,,,,,人工,偵測性 (Detective),,,,,,,就公司現行電腦化資訊系統循環作業，為因應「無形資產管理」風險——系統軟體因授權無效、逾期或超出授權範圍使用，而使公司承擔侵權或違約責任（風險三大屬性—財務報導：（未填）；營運：[營運] 系統軟體因授權無效、逾期或超出授權範圍使用，而使公司承擔侵權或違約責任；法令遵循：（未填）；RoMM：（RoMM 分類未填）；重大科目／聲明：（重大科目未填）／（聲明未填）），設計控制目標為「公司營業用系統與軟硬體皆具有合法使用權源」。由（負責單位未填）以人工方式、採偵測性控制取向、屬（類型未填）類型，依TBC執行下列控制活動：資訊單位應定期覆核各項系統軟體之授權有效性及使用情形；如發現未授權、授權逾期或未依操作手冊使用之情形，應追蹤改善並留存紀錄。。控制執行時使用之 IUC／制度為「（未指定 IUC／制度）」。投入（Inputs）：（請補充投入資訊）。覆核／執行步驟（Specific activities）：資訊單位應定期覆核各項系統軟體之授權有效性及使用情形；如發現未授權、授權逾期或未依操作手冊使用之情形，應追蹤改善並留存紀錄。。產出（Outputs）：（請補充控制產出／留存軌跡）。,[電腦化資訊系統循環｜無形資產管理] 公司營業用系統與軟硬體皆具有合法使用權源：資訊單位應定期覆核各項系統軟體之授權有效性及使用情形；如發現未授權、授權逾期或未依操作手冊使用之情形，應追蹤改善並留存紀錄。（頻率：TBC；負責：—；IUC：—）,EC-108-03,RCM;資訊循環;首批;電腦化資訊系統循環;累積範本;去識別範本,2026-08-26 16:28:09
JL-EC-108-04,有效掌握公司旗下資訊資產狀態,電腦化資訊系統循環,EC-108,硬體及系統軟體之購置、使用及維護控制作業,資訊資產管理,資訊資產管理,公司資訊資產遭侵占或變賣而難以即時發現,營運面,,[營運] 公司資訊資產遭侵占或變賣而難以即時發現,,,,,有效掌握公司旗下資訊資產狀態,資訊單位應建立並定期更新電腦硬體資產清冊，記錄資產基本資料、使用單位、保管人、設備狀態及維護資訊。,TBC,,,,,,,,,,,,,人工,預防性 (Preventive),,,,,,,就公司現行電腦化資訊系統循環作業，為因應「資訊資產管理」風險——公司資訊資產遭侵占或變賣而難以即時發現（風險三大屬性—財務報導：（未填）；營運：[營運] 公司資訊資產遭侵占或變賣而難以即時發現；法令遵循：（未填）；RoMM：（RoMM 分類未填）；重大科目／聲明：（重大科目未填）／（聲明未填）），設計控制目標為「有效掌握公司旗下資訊資產狀態」。由（負責單位未填）以人工方式、採預防性控制取向、屬（類型未填）類型，依TBC執行下列控制活動：資訊單位應建立並定期更新電腦硬體資產清冊，記錄資產基本資料、使用單位、保管人、設備狀態及維護資訊。。控制執行時使用之 IUC／制度為「（未指定 IUC／制度）」。投入（Inputs）：（請補充投入資訊）。覆核／執行步驟（Specific activities）：資訊單位應建立並定期更新電腦硬體資產清冊，記錄資產基本資料、使用單位、保管人、設備狀態及維護資訊。。產出（Outputs）：（請補充控制產出／留存軌跡）。,[電腦化資訊系統循環｜資訊資產管理] 有效掌握公司旗下資訊資產狀態：資訊單位應建立並定期更新電腦硬體資產清冊，記錄資產基本資料、使用單位、保管人、設備狀態及維護資訊。（頻率：TBC；負責：—；IUC：—）,EC-108-04,RCM;資訊循環;首批;電腦化資訊系統循環;累積範本;去識別範本,2026-08-26 16:28:09
JL-EC-108-05,有效掌握公司資訊資產移動或移轉狀態而不漏失,電腦化資訊系統循環,EC-108,硬體及系統軟體之購置、使用及維護控制作業,資訊資產移轉,資訊資產移轉,公司資訊資產遭侵占或變賣而難以即時發現,營運面,,[營運] 公司資訊資產遭侵占或變賣而難以即時發現,,,,,有效掌握公司資訊資產移動或移轉狀態而不漏失,電腦硬體、週邊設備之移動或系統軟體之移轉，應於執行前取得使用單位權責主管及資訊單位核准。,TBC,,,,,,,,,,,,,人工,預防性 (Preventive),,,,,,,就公司現行電腦化資訊系統循環作業，為因應「資訊資產移轉」風險——公司資訊資產遭侵占或變賣而難以即時發現（風險三大屬性—財務報導：（未填）；營運：[營運] 公司資訊資產遭侵占或變賣而難以即時發現；法令遵循：（未填）；RoMM：（RoMM 分類未填）；重大科目／聲明：（重大科目未填）／（聲明未填）），設計控制目標為「有效掌握公司資訊資產移動或移轉狀態而不漏失」。由（負責單位未填）以人工方式、採預防性控制取向、屬（類型未填）類型，依TBC執行下列控制活動：電腦硬體、週邊設備之移動或系統軟體之移轉，應於執行前取得使用單位權責主管及資訊單位核准。。控制執行時使用之 IUC／制度為「（未指定 IUC／制度）」。投入（Inputs）：（請補充投入資訊）。覆核／執行步驟（Specific activities）：電腦硬體、週邊設備之移動或系統軟體之移轉，應於執行前取得使用單位權責主管及資訊單位核准。。產出（Outputs）：（請補充控制產出／留存軌跡）。,[電腦化資訊系統循環｜資訊資產移轉] 有效掌握公司資訊資產移動或移轉狀態而不漏失：電腦硬體、週邊設備之移動或系統軟體之移轉，應於執行前取得使用單位權責主管及資訊單位核准。（頻率：TBC；負責：—；IUC：—）,EC-108-05,RCM;資訊循環;首批;電腦化資訊系統循環;累積範本;去識別範本,2026-08-26 16:28:09
JL-EC-108-06,有效掌握公司資訊資產移動或移轉狀態而不漏失,電腦化資訊系統循環,EC-108,硬體及系統軟體之購置、使用及維護控制作業,資訊資產管理,資訊資產管理,公司資訊資產遭侵占或變賣而難以即時發現,營運面,,[營運] 公司資訊資產遭侵占或變賣而難以即時發現,,,,,有效掌握公司資訊資產移動或移轉狀態而不漏失,電腦硬體、週邊設備之移動或系統軟體之移轉完成後，資訊單位應更新設備或軟體清冊，並視異動內容留存相關設定資料及異動紀錄。,TBC,,,,,,,,,,,,,人工,偵測性 (Detective),,,,,,,就公司現行電腦化資訊系統循環作業，為因應「資訊資產管理」風險——公司資訊資產遭侵占或變賣而難以即時發現（風險三大屬性—財務報導：（未填）；營運：[營運] 公司資訊資產遭侵占或變賣而難以即時發現；法令遵循：（未填）；RoMM：（RoMM 分類未填）；重大科目／聲明：（重大科目未填）／（聲明未填）），設計控制目標為「有效掌握公司資訊資產移動或移轉狀態而不漏失」。由（負責單位未填）以人工方式、採偵測性控制取向、屬（類型未填）類型，依TBC執行下列控制活動：電腦硬體、週邊設備之移動或系統軟體之移轉完成後，資訊單位應更新設備或軟體清冊，並視異動內容留存相關設定資料及異動紀錄。。控制執行時使用之 IUC／制度為「（未指定 IUC／制度）」。投入（Inputs）：（請補充投入資訊）。覆核／執行步驟（Specific activities）：電腦硬體、週邊設備之移動或系統軟體之移轉完成後，資訊單位應更新設備或軟體清冊，並視異動內容留存相關設定資料及異動紀錄。。產出（Outputs）：（請補充控制產出／留存軌跡）。,[電腦化資訊系統循環｜資訊資產管理] 有效掌握公司資訊資產移動或移轉狀態而不漏失：電腦硬體、週邊設備之移動或系統軟體之移轉完成後，資訊單位應更新設備或軟體清冊，並視異動內容留存相關設定資料及異動紀錄。（頻率：TBC；負責：—；IUC：—）,EC-108-06,RCM;資訊循環;首批;電腦化資訊系統循環;累積範本;去識別範本,2026-08-26 16:28:09
JL-EC-108-07,公司電腦硬體皆維持於最佳運行狀態,電腦化資訊系統循環,EC-108,硬體及系統軟體之購置、使用及維護控制作業,資訊設備維護,資訊設備維護,公司電腦硬體因欠缺維護而提早毀損,營運面,,[營運] 公司電腦硬體因欠缺維護而提早毀損,,,,,公司電腦硬體皆維持於最佳運行狀態,資訊單位應依資產清冊及設備狀況訂定維護計畫，執行定期檢查、維護及保養，留存維護結果與異常處理紀錄。,每年,,,,,,,,,,,,,人工,偵測性 (Detective),,,,,,,就公司現行電腦化資訊系統循環作業，為因應「資訊設備維護」風險——公司電腦硬體因欠缺維護而提早毀損（風險三大屬性—財務報導：（未填）；營運：[營運] 公司電腦硬體因欠缺維護而提早毀損；法令遵循：（未填）；RoMM：（RoMM 分類未填）；重大科目／聲明：（重大科目未填）／（聲明未填）），設計控制目標為「公司電腦硬體皆維持於最佳運行狀態」。由（負責單位未填）以人工方式、採偵測性控制取向、屬（類型未填）類型，依每年執行下列控制活動：資訊單位應依資產清冊及設備狀況訂定維護計畫，執行定期檢查、維護及保養，留存維護結果與異常處理紀錄。。控制執行時使用之 IUC／制度為「（未指定 IUC／制度）」。投入（Inputs）：（請補充投入資訊）。覆核／執行步驟（Specific activities）：資訊單位應依資產清冊及設備狀況訂定維護計畫，執行定期檢查、維護及保養，留存維護結果與異常處理紀錄。。產出（Outputs）：（請補充控制產出／留存軌跡）。,[電腦化資訊系統循環｜資訊設備維護] 公司電腦硬體皆維持於最佳運行狀態：資訊單位應依資產清冊及設備狀況訂定維護計畫，執行定期檢查、維護及保養，留存維護結果與異常處理紀錄。（頻率：每年；負責：—；IUC：—）,EC-108-07,RCM;資訊循環;首批;電腦化資訊系統循環;累積範本;去識別範本,2026-08-26 16:28:09
JL-EC-108-08,公司電腦軟硬體之更新或修繕皆符合工作業務所需且有其必要性,電腦化資訊系統循環,EC-108,硬體及系統軟體之購置、使用及維護控制作業,資訊設備維護,資訊設備維護,電腦軟硬體以不合理對價或項目執行維修保養,營運面,,[營運] 電腦軟硬體以不合理對價或項目執行維修保養,,,,,公司電腦軟硬體之更新或修繕皆符合工作業務所需且有其必要性,使用部門電腦軟硬體申請報修，應提交報修物品並留存申請紀錄，由資訊部門記錄故障原因並評估維修可能性。,不定期,,,,,,,,,,,,,人工,預防性 (Preventive),,,,,,,就公司現行電腦化資訊系統循環作業，為因應「資訊設備維護」風險——電腦軟硬體以不合理對價或項目執行維修保養（風險三大屬性—財務報導：（未填）；營運：[營運] 電腦軟硬體以不合理對價或項目執行維修保養；法令遵循：（未填）；RoMM：（RoMM 分類未填）；重大科目／聲明：（重大科目未填）／（聲明未填）），設計控制目標為「公司電腦軟硬體之更新或修繕皆符合工作業務所需且有其必要性」。由（負責單位未填）以人工方式、採預防性控制取向、屬（類型未填）類型，依不定期執行下列控制活動：使用部門電腦軟硬體申請報修，應提交報修物品並留存申請紀錄，由資訊部門記錄故障原因並評估維修可能性。。控制執行時使用之 IUC／制度為「（未指定 IUC／制度）」。投入（Inputs）：（請補充投入資訊）。覆核／執行步驟（Specific activities）：使用部門電腦軟硬體申請報修，應提交報修物品並留存申請紀錄，由資訊部門記錄故障原因並評估維修可能性。。產出（Outputs）：（請補充控制產出／留存軌跡）。,[電腦化資訊系統循環｜資訊設備維護] 公司電腦軟硬體之更新或修繕皆符合工作業務所需且有其必要性：使用部門電腦軟硬體申請報修，應提交報修物品並留存申請紀錄，由資訊部門記錄故障原因並評估維修可能性。（頻率：不定期；負責：—；IUC：—）,EC-108-08,RCM;資訊循環;首批;電腦化資訊系統循環;累積範本;去識別範本,2026-08-26 16:28:09
JL-EC-109-01,系統復原作業具備明確且可執行之制度依據,電腦化資訊系統循環,EC-109,系統復原計畫制度及測試程序之控制作業,制度與程序,制度與程序,發生事故時因欠缺處理程序而耽誤或發生重工問題,營運面,,[營運] 發生事故時因欠缺處理程序而耽誤或發生重工問題,,,,,系統復原作業具備明確且可執行之制度依據,公司應制定系統復原管理辦法，明訂系統復原之組織權責、啟動條件、復原程序、資源需求、通報機制及測試要求，並經權責主管核准後發布施行；當人員、系統、設備或其他復原資源發生重大變動時，應檢討並修訂辦法內容。,,,,,,,,,,,,,,人工,預防性 (Preventive),,,,,,,就公司現行電腦化資訊系統循環作業，為因應「制度與程序」風險——發生事故時因欠缺處理程序而耽誤或發生重工問題（風險三大屬性—財務報導：（未填）；營運：[營運] 發生事故時因欠缺處理程序而耽誤或發生重工問題；法令遵循：（未填）；RoMM：（RoMM 分類未填）；重大科目／聲明：（重大科目未填）／（聲明未填）），設計控制目標為「系統復原作業具備明確且可執行之制度依據」。由（負責單位未填）以人工方式、採預防性控制取向、屬（類型未填）類型，依（頻率未填）執行下列控制活動：公司應制定系統復原管理辦法，明訂系統復原之組織權責、啟動條件、復原程序、資源需求、通報機制及測試要求，並經權責主管核准後發布施行；當人員、系統、設備或其他復原資源發生重大變動時，應檢討並修訂辦法內容。。控制執行時使用之 IUC／制度為「（未指定 IUC／制度）」。投入（Inputs）：（請補充投入資訊）。覆核／執行步驟（Specific activities）：公司應制定系統復原管理辦法，明訂系統復原之組織權責、啟動條件、復原程序、資源需求、通報機制及測試要求，並經權責主管核准後發布施行；當人員、系統、設備或其他復原資源發生重大變動時，應檢討並修訂辦法內容。。產出（Outputs）：（請補充控制產出／留存軌跡）。,[電腦化資訊系統循環｜制度與程序] 系統復原作業具備明確且可執行之制度依據：公司應制定系統復原管理辦法，明訂系統復原之組織權責、啟動條件、復原程序、資源需求、通報機制及測試要求，並經權責主管核准後發布施行；當人員、系統、設備或其他復原資源發生重大變動時，應檢討並修訂辦法內容。（頻率：—；負責：—；IUC：—）,EC-109-01,RCM;資訊循環;首批;電腦化資訊系統循環;累積範本;去識別範本,2026-08-26 16:28:09
JL-EC-109-02,緊急修護之原因、處理內容及結果具可追溯性,電腦化資訊系統循環,EC-109,系統復原計畫制度及測試程序之控制作業,系統復原,系統復原,執行程式因異常中斷未能及時恢復，而使資料處理發生延遲、遺漏或不完整,營運面,,[營運] 執行程式因異常中斷未能及時恢復，而使資料處理發生延遲、遺漏或不完整,,,,,緊急修護之原因、處理內容及結果具可追溯性,執行程式因故中斷時，資訊單位應查明原因並完成必要處理後始得恢復執行；處理過程應留存相關紀錄，並提交資訊單位主管覆核。,,,,,,,,,,,,,,人工,預防性 (Preventive),,,,,,,就公司現行電腦化資訊系統循環作業，為因應「系統復原」風險——執行程式因異常中斷未能及時恢復，而使資料處理發生延遲、遺漏或不完整（風險三大屬性—財務報導：（未填）；營運：[營運] 執行程式因異常中斷未能及時恢復，而使資料處理發生延遲、遺漏或不完整；法令遵循：（未填）；RoMM：（RoMM 分類未填）；重大科目／聲明：（重大科目未填）／（聲明未填）），設計控制目標為「緊急修護之原因、處理內容及結果具可追溯性」。由（負責單位未填）以人工方式、採預防性控制取向、屬（類型未填）類型，依（頻率未填）執行下列控制活動：執行程式因故中斷時，資訊單位應查明原因並完成必要處理後始得恢復執行；處理過程應留存相關紀錄，並提交資訊單位主管覆核。。控制執行時使用之 IUC／制度為「（未指定 IUC／制度）」。投入（Inputs）：（請補充投入資訊）。覆核／執行步驟（Specific activities）：執行程式因故中斷時，資訊單位應查明原因並完成必要處理後始得恢復執行；處理過程應留存相關紀錄，並提交資訊單位主管覆核。。產出（Outputs）：（請補充控制產出／留存軌跡）。,[電腦化資訊系統循環｜系統復原] 緊急修護之原因、處理內容及結果具可追溯性：執行程式因故中斷時，資訊單位應查明原因並完成必要處理後始得恢復執行；處理過程應留存相關紀錄，並提交資訊單位主管覆核。（頻率：—；負責：—；IUC：—）,EC-109-02,RCM;資訊循環;首批;電腦化資訊系統循環;累積範本;去識別範本,2026-08-26 16:28:09
JL-EC-109-03,公司備援資料檔（庫）完整且即時,電腦化資訊系統循環,EC-109,系統復原計畫制度及測試程序之控制作業,備份,備份,公司發生災害因重要資料文件無備份而永遠遺失,營運面,,[營運] 公司發生災害因重要資料文件無備份而永遠遺失,,,,,公司備援資料檔（庫）完整且即時,資訊單位應依公司備份規範，定期執行資料檔（庫）備份作業，並留存備份執行紀錄及備份結果。,TBC,,,,,,,,,,,,,人工,預防性 (Preventive),,,,,,,就公司現行電腦化資訊系統循環作業，為因應「備份」風險——公司發生災害因重要資料文件無備份而永遠遺失（風險三大屬性—財務報導：（未填）；營運：[營運] 公司發生災害因重要資料文件無備份而永遠遺失；法令遵循：（未填）；RoMM：（RoMM 分類未填）；重大科目／聲明：（重大科目未填）／（聲明未填）），設計控制目標為「公司備援資料檔（庫）完整且即時」。由（負責單位未填）以人工方式、採預防性控制取向、屬（類型未填）類型，依TBC執行下列控制活動：資訊單位應依公司備份規範，定期執行資料檔（庫）備份作業，並留存備份執行紀錄及備份結果。。控制執行時使用之 IUC／制度為「（未指定 IUC／制度）」。投入（Inputs）：（請補充投入資訊）。覆核／執行步驟（Specific activities）：資訊單位應依公司備份規範，定期執行資料檔（庫）備份作業，並留存備份執行紀錄及備份結果。。產出（Outputs）：（請補充控制產出／留存軌跡）。,[電腦化資訊系統循環｜備份] 公司備援資料檔（庫）完整且即時：資訊單位應依公司備份規範，定期執行資料檔（庫）備份作業，並留存備份執行紀錄及備份結果。（頻率：TBC；負責：—；IUC：—）,EC-109-03,RCM;資訊循環;首批;電腦化資訊系統循環;累積範本;去識別範本,2026-08-26 16:28:09
JL-EC-109-04,公司備援資料檔（庫）隨時可用,電腦化資訊系統循環,EC-109,系統復原計畫制度及測試程序之控制作業,備份回復 / 制度與程序,備份回復 / 制度與程序,備援資料檔（庫）因存放位置、版本或取用責任不明，而無法於系統復原或資料調復需求發生時及時取得,營運面,,[營運] 備援資料檔（庫）因存放位置、版本或取用責任不明，而無法於系統復原或資料調復需求發生時及時取得,,,,,公司備援資料檔（庫）隨時可用,資訊單位應建立備援資料檔（庫）之取用程序，當發生系統復原或資料調復需求時，應依既定程序取得所需備援資料檔（庫）並留存取用紀錄。,TBC,,,,,,,,,,,,,人工,預防性 (Preventive),,,,,,,就公司現行電腦化資訊系統循環作業，為因應「備份回復 / 制度與程序」風險——備援資料檔（庫）因存放位置、版本或取用責任不明，而無法於系統復原或資料調復需求發生時及時取得（風險三大屬性—財務報導：（未填）；營運：[營運] 備援資料檔（庫）因存放位置、版本或取用責任不明，而無法於系統復原或資料調復需求發生時及時取得；法令遵循：（未填）；RoMM：（RoMM 分類未填）；重大科目／聲明：（重大科目未填）／（聲明未填）），設計控制目標為「公司備援資料檔（庫）隨時可用」。由（負責單位未填）以人工方式、採預防性控制取向、屬（類型未填）類型，依TBC執行下列控制活動：資訊單位應建立備援資料檔（庫）之取用程序，當發生系統復原或資料調復需求時，應依既定程序取得所需備援資料檔（庫）並留存取用紀錄。。控制執行時使用之 IUC／制度為「（未指定 IUC／制度）」。投入（Inputs）：（請補充投入資訊）。覆核／執行步驟（Specific activities）：資訊單位應建立備援資料檔（庫）之取用程序，當發生系統復原或資料調復需求時，應依既定程序取得所需備援資料檔（庫）並留存取用紀錄。。產出（Outputs）：（請補充控制產出／留存軌跡）。,[電腦化資訊系統循環｜備份回復 / 制度與程序] 公司備援資料檔（庫）隨時可用：資訊單位應建立備援資料檔（庫）之取用程序，當發生系統復原或資料調復需求時，應依既定程序取得所需備援資料檔（庫）並留存取用紀錄。（頻率：TBC；負責：—；IUC：—）,EC-109-04,RCM;資訊循環;首批;電腦化資訊系統循環;累積範本;去識別範本,2026-08-26 16:28:09
JL-EC-109-05,系統復原所需資源完整且隨時可用,電腦化資訊系統循環,EC-109,系統復原計畫制度及測試程序之控制作業,備份回復測試,備份回復測試,系統復原因所需資源不完整或無法使用，而無法依預定方式及時完成,營運面,,[營運] 系統復原因所需資源不完整或無法使用，而無法依預定方式及時完成,,,,,系統復原所需資源完整且隨時可用,資訊單位應定期檢核系統復原所需資源之完整性與可用性，包含備援協定之約期、備份資料及系統軟體之回復性、備援設備及地點之可用性等。,,,,,,,,,,,,,,人工,偵測性 (Detective),,,,,,,就公司現行電腦化資訊系統循環作業，為因應「備份回復測試」風險——系統復原因所需資源不完整或無法使用，而無法依預定方式及時完成（風險三大屬性—財務報導：（未填）；營運：[營運] 系統復原因所需資源不完整或無法使用，而無法依預定方式及時完成；法令遵循：（未填）；RoMM：（RoMM 分類未填）；重大科目／聲明：（重大科目未填）／（聲明未填）），設計控制目標為「系統復原所需資源完整且隨時可用」。由（負責單位未填）以人工方式、採偵測性控制取向、屬（類型未填）類型，依（頻率未填）執行下列控制活動：資訊單位應定期檢核系統復原所需資源之完整性與可用性，包含備援協定之約期、備份資料及系統軟體之回復性、備援設備及地點之可用性等。。控制執行時使用之 IUC／制度為「（未指定 IUC／制度）」。投入（Inputs）：（請補充投入資訊）。覆核／執行步驟（Specific activities）：資訊單位應定期檢核系統復原所需資源之完整性與可用性，包含備援協定之約期、備份資料及系統軟體之回復性、備援設備及地點之可用性等。。產出（Outputs）：（請補充控制產出／留存軌跡）。,[電腦化資訊系統循環｜備份回復測試] 系統復原所需資源完整且隨時可用：資訊單位應定期檢核系統復原所需資源之完整性與可用性，包含備援協定之約期、備份資料及系統軟體之回復性、備援設備及地點之可用性等。（頻率：—；負責：—；IUC：—）,EC-109-05,RCM;資訊循環;首批;電腦化資訊系統循環;累積範本;去識別範本,2026-08-26 16:28:09
JL-EC-109-06,降低重要系統資源遭受損失或發生重大事故對公司營運與財務狀況之影響,電腦化資訊系統循環,EC-109,系統復原計畫制度及測試程序之控制作業,資訊設備保險,資訊設備保險,重要系統資源毀損致公司蒙受重大財務損失,營運面,,[營運] 重要系統資源毀損致公司蒙受重大財務損失,,,,,降低重要系統資源遭受損失或發生重大事故對公司營運與財務狀況之影響,重要系統資源應設定足額保險，並定期編列預算維護；若發生保險事件，公司應積極主張保險權益。,TBC,,,,,,,,,,,,,人工,預防性 (Preventive),,,,,,,就公司現行電腦化資訊系統循環作業，為因應「資訊設備保險」風險——重要系統資源毀損致公司蒙受重大財務損失（風險三大屬性—財務報導：（未填）；營運：[營運] 重要系統資源毀損致公司蒙受重大財務損失；法令遵循：（未填）；RoMM：（RoMM 分類未填）；重大科目／聲明：（重大科目未填）／（聲明未填）），設計控制目標為「降低重要系統資源遭受損失或發生重大事故對公司營運與財務狀況之影響」。由（負責單位未填）以人工方式、採預防性控制取向、屬（類型未填）類型，依TBC執行下列控制活動：重要系統資源應設定足額保險，並定期編列預算維護；若發生保險事件，公司應積極主張保險權益。。控制執行時使用之 IUC／制度為「（未指定 IUC／制度）」。投入（Inputs）：（請補充投入資訊）。覆核／執行步驟（Specific activities）：重要系統資源應設定足額保險，並定期編列預算維護；若發生保險事件，公司應積極主張保險權益。。產出（Outputs）：（請補充控制產出／留存軌跡）。,[電腦化資訊系統循環｜資訊設備保險] 降低重要系統資源遭受損失或發生重大事故對公司營運與財務狀況之影響：重要系統資源應設定足額保險，並定期編列預算維護；若發生保險事件，公司應積極主張保險權益。（頻率：TBC；負責：—；IUC：—）,EC-109-06,RCM;資訊循環;首批;電腦化資訊系統循環;累積範本;去識別範本,2026-08-26 16:28:09
JL-EC-110-01,訂定資訊安全政策作為公司資訊安全相關活動之指引,電腦化資訊系統循環,EC-110,資通安全檢查之控制作業,資安政策,資安政策,資訊安全作業因缺乏一致之規範及指引，而發生不符合公司安全要求之作業行為,營運面,,[營運] 資訊安全作業因缺乏一致之規範及指引，而發生不符合公司安全要求之作業行為,,,,,訂定資訊安全政策作為公司資訊安全相關活動之指引,公司應制定資訊安全相關政策作為資訊安全作業之指引（如作業程序、資訊安全控管文件及使用者應遵守的安全規則等）。,持續,,,,,,,,,,,,,人工,預防性 (Preventive),,,,,,,就公司現行電腦化資訊系統循環作業，為因應「資安政策」風險——資訊安全作業因缺乏一致之規範及指引，而發生不符合公司安全要求之作業行為（風險三大屬性—財務報導：（未填）；營運：[營運] 資訊安全作業因缺乏一致之規範及指引，而發生不符合公司安全要求之作業行為；法令遵循：（未填）；RoMM：（RoMM 分類未填）；重大科目／聲明：（重大科目未填）／（聲明未填）），設計控制目標為「訂定資訊安全政策作為公司資訊安全相關活動之指引」。由（負責單位未填）以人工方式、採預防性控制取向、屬（類型未填）類型，依持續執行下列控制活動：公司應制定資訊安全相關政策作為資訊安全作業之指引（如作業程序、資訊安全控管文件及使用者應遵守的安全規則等）。。控制執行時使用之 IUC／制度為「（未指定 IUC／制度）」。投入（Inputs）：（請補充投入資訊）。覆核／執行步驟（Specific activities）：公司應制定資訊安全相關政策作為資訊安全作業之指引（如作業程序、資訊安全控管文件及使用者應遵守的安全規則等）。。產出（Outputs）：（請補充控制產出／留存軌跡）。,[電腦化資訊系統循環｜資安政策] 訂定資訊安全政策作為公司資訊安全相關活動之指引：公司應制定資訊安全相關政策作為資訊安全作業之指引（如作業程序、資訊安全控管文件及使用者應遵守的安全規則等）。（頻率：持續；負責：—；IUC：—）,EC-110-01,RCM;資訊循環;首批;電腦化資訊系統循環;累積範本;去識別範本,2026-08-26 16:28:09
JL-EC-110-02,公司設有資訊安全專責組織與人員,電腦化資訊系統循環,EC-110,資通安全檢查之控制作業,資訊安全組織,資訊安全組織,資訊安全業務因權責歸屬不明或職能分散，而無法有效協調、執行及追蹤,營運面,,[營運] 資訊安全業務因權責歸屬不明或職能分散，而無法有效協調、執行及追蹤,,,,,公司設有資訊安全專責組織與人員,公司應指派相關人員或成立資訊安全管理組織負責資訊安全業務。,持續,,,,,,,,,,,,,人工,預防性 (Preventive),,,,,,,就公司現行電腦化資訊系統循環作業，為因應「資訊安全組織」風險——資訊安全業務因權責歸屬不明或職能分散，而無法有效協調、執行及追蹤（風險三大屬性—財務報導：（未填）；營運：[營運] 資訊安全業務因權責歸屬不明或職能分散，而無法有效協調、執行及追蹤；法令遵循：（未填）；RoMM：（RoMM 分類未填）；重大科目／聲明：（重大科目未填）／（聲明未填）），設計控制目標為「公司設有資訊安全專責組織與人員」。由（負責單位未填）以人工方式、採預防性控制取向、屬（類型未填）類型，依持續執行下列控制活動：公司應指派相關人員或成立資訊安全管理組織負責資訊安全業務。。控制執行時使用之 IUC／制度為「（未指定 IUC／制度）」。投入（Inputs）：（請補充投入資訊）。覆核／執行步驟（Specific activities）：公司應指派相關人員或成立資訊安全管理組織負責資訊安全業務。。產出（Outputs）：（請補充控制產出／留存軌跡）。,[電腦化資訊系統循環｜資訊安全組織] 公司設有資訊安全專責組織與人員：公司應指派相關人員或成立資訊安全管理組織負責資訊安全業務。（頻率：持續；負責：—；IUC：—）,EC-110-02,RCM;資訊循環;首批;電腦化資訊系統循環;累積範本;去識別範本,2026-08-26 16:28:09
JL-EC-110-03,公司員工皆有充足資安意識,電腦化資訊系統循環,EC-110,資通安全檢查之控制作業,教育宣導與訓練,教育宣導與訓練,員工因資安意識及法規認知不足，而發生不符合公司資訊安全要求之行為,營運面,,[營運] 員工因資安意識及法規認知不足，而發生不符合公司資訊安全要求之行為,,,,,公司員工皆有充足資安意識,公司應持續向全體員工宣導公司資安規定與相關法規。,TBC,,,,,,,,,,,,,,,,,,,,,就公司現行電腦化資訊系統循環作業，為因應「教育宣導與訓練」風險——員工因資安意識及法規認知不足，而發生不符合公司資訊安全要求之行為（風險三大屬性—財務報導：（未填）；營運：[營運] 員工因資安意識及法規認知不足，而發生不符合公司資訊安全要求之行為；法令遵循：（未填）；RoMM：（RoMM 分類未填）；重大科目／聲明：（重大科目未填）／（聲明未填）），設計控制目標為「公司員工皆有充足資安意識」。由（負責單位未填）以（性質未填）方式、採（取向未填）取向、屬（類型未填）類型，依TBC執行下列控制活動：公司應持續向全體員工宣導公司資安規定與相關法規。。控制執行時使用之 IUC／制度為「（未指定 IUC／制度）」。投入（Inputs）：（請補充投入資訊）。覆核／執行步驟（Specific activities）：公司應持續向全體員工宣導公司資安規定與相關法規。。產出（Outputs）：（請補充控制產出／留存軌跡）。,[電腦化資訊系統循環｜教育宣導與訓練] 公司員工皆有充足資安意識：公司應持續向全體員工宣導公司資安規定與相關法規。（頻率：TBC；負責：—；IUC：—）,EC-110-03,RCM;資訊循環;首批;電腦化資訊系統循環;累積範本;去識別範本,2026-08-26 16:28:09
JL-EC-110-04,公司所有伺服器及電腦均免受中毒影響,電腦化資訊系統循環,EC-110,資通安全檢查之控制作業,防毒掃描,防毒掃描,公司伺服器及電腦因感染病毒或惡意程式，而發生系統異常、資料毀損或機密資料外洩,營運面,,[營運] 公司伺服器及電腦因感染病毒或惡意程式，而發生系統異常、資料毀損或機密資料外洩,,,,,公司所有伺服器及電腦均免受中毒影響,公司所有伺服器及電腦均應安裝防毒軟體，並針對伺服器及電腦之防毒系統執行病毒碼之更新及定期掃描。,TBC,,,,,,,,,,,,,人工,預防性 (Preventive),,,,,,,就公司現行電腦化資訊系統循環作業，為因應「防毒掃描」風險——公司伺服器及電腦因感染病毒或惡意程式，而發生系統異常、資料毀損或機密資料外洩（風險三大屬性—財務報導：（未填）；營運：[營運] 公司伺服器及電腦因感染病毒或惡意程式，而發生系統異常、資料毀損或機密資料外洩；法令遵循：（未填）；RoMM：（RoMM 分類未填）；重大科目／聲明：（重大科目未填）／（聲明未填）），設計控制目標為「公司所有伺服器及電腦均免受中毒影響」。由（負責單位未填）以人工方式、採預防性控制取向、屬（類型未填）類型，依TBC執行下列控制活動：公司所有伺服器及電腦均應安裝防毒軟體，並針對伺服器及電腦之防毒系統執行病毒碼之更新及定期掃描。。控制執行時使用之 IUC／制度為「（未指定 IUC／制度）」。投入（Inputs）：（請補充投入資訊）。覆核／執行步驟（Specific activities）：公司所有伺服器及電腦均應安裝防毒軟體，並針對伺服器及電腦之防毒系統執行病毒碼之更新及定期掃描。。產出（Outputs）：（請補充控制產出／留存軌跡）。,[電腦化資訊系統循環｜防毒掃描] 公司所有伺服器及電腦均免受中毒影響：公司所有伺服器及電腦均應安裝防毒軟體，並針對伺服器及電腦之防毒系統執行病毒碼之更新及定期掃描。（頻率：TBC；負責：—；IUC：—）,EC-110-04,RCM;資訊循環;首批;電腦化資訊系統循環;累積範本;去識別範本,2026-08-26 16:28:09
JL-EC-110-05,連接公司資訊系統之外部資訊工具皆安全無毒,電腦化資訊系統循環,EC-110,資通安全檢查之控制作業,防毒掃描 / 教育宣導與訓練,防毒掃描 / 教育宣導與訓練,員工誤植惡意軟體程式引發公司重大資安事件,營運面,,[營運] 員工誤植惡意軟體程式引發公司重大資安事件,,,,,連接公司資訊系統之外部資訊工具皆安全無毒,資安單位應要求所有員工安裝與使用防毒軟體偵測外來磁片潛藏之惡意軟體程式。,TBC,,,,,,,,,,,,,人工,預防性 (Preventive),,,,,,,就公司現行電腦化資訊系統循環作業，為因應「防毒掃描 / 教育宣導與訓練」風險——員工誤植惡意軟體程式引發公司重大資安事件（風險三大屬性—財務報導：（未填）；營運：[營運] 員工誤植惡意軟體程式引發公司重大資安事件；法令遵循：（未填）；RoMM：（RoMM 分類未填）；重大科目／聲明：（重大科目未填）／（聲明未填）），設計控制目標為「連接公司資訊系統之外部資訊工具皆安全無毒」。由（負責單位未填）以人工方式、採預防性控制取向、屬（類型未填）類型，依TBC執行下列控制活動：資安單位應要求所有員工安裝與使用防毒軟體偵測外來磁片潛藏之惡意軟體程式。。控制執行時使用之 IUC／制度為「（未指定 IUC／制度）」。投入（Inputs）：（請補充投入資訊）。覆核／執行步驟（Specific activities）：資安單位應要求所有員工安裝與使用防毒軟體偵測外來磁片潛藏之惡意軟體程式。。產出（Outputs）：（請補充控制產出／留存軌跡）。,[電腦化資訊系統循環｜防毒掃描 / 教育宣導與訓練] 連接公司資訊系統之外部資訊工具皆安全無毒：資安單位應要求所有員工安裝與使用防毒軟體偵測外來磁片潛藏之惡意軟體程式。（頻率：TBC；負責：—；IUC：—）,EC-110-05,RCM;資訊循環;首批;電腦化資訊系統循環;累積範本;去識別範本,2026-08-26 16:28:09
JL-EC-110-06,電腦或伺服器系統中毒事件皆被即時排除並回報,電腦化資訊系統循環,EC-110,資通安全檢查之控制作業,制度與程序 / 資安事件處理,制度與程序 / 資安事件處理,資安事件無法被即時排除與通報演變成公司重大資安事故,營運面,,[營運] 資安事件無法被即時排除與通報演變成公司重大資安事故,,,,,電腦或伺服器系統中毒事件皆被即時排除並回報,發生電腦或伺服器系統中毒事件時，系統管理員應依公司資安規定即時診斷、通報與排除，並回報處理結果予權責主管覆核；若達到主管機關之通報門檻，則應即時取得權責主管授權並通報。,TBC,,,,,,,,,,,,,人工,偵測性 (Detective),,,,,,,就公司現行電腦化資訊系統循環作業，為因應「制度與程序 / 資安事件處理」風險——資安事件無法被即時排除與通報演變成公司重大資安事故（風險三大屬性—財務報導：（未填）；營運：[營運] 資安事件無法被即時排除與通報演變成公司重大資安事故；法令遵循：（未填）；RoMM：（RoMM 分類未填）；重大科目／聲明：（重大科目未填）／（聲明未填）），設計控制目標為「電腦或伺服器系統中毒事件皆被即時排除並回報」。由（負責單位未填）以人工方式、採偵測性控制取向、屬（類型未填）類型，依TBC執行下列控制活動：發生電腦或伺服器系統中毒事件時，系統管理員應依公司資安規定即時診斷、通報與排除，並回報處理結果予權責主管覆核；若達到主管機關之通報門檻，則應即時取得權責主管授權並通報。。控制執行時使用之 IUC／制度為「（未指定 IUC／制度）」。投入（Inputs）：（請補充投入資訊）。覆核／執行步驟（Specific activities）：發生電腦或伺服器系統中毒事件時，系統管理員應依公司資安規定即時診斷、通報與排除，並回報處理結果予權責主管覆核；若達到主管機關之通報門檻，則應即時取得權責主管授權並通報。。產出（Outputs）：（請補充控制產出／留存軌跡）。,[電腦化資訊系統循環｜制度與程序 / 資安事件處理] 電腦或伺服器系統中毒事件皆被即時排除並回報：發生電腦或伺服器系統中毒事件時，系統管理員應依公司資安規定即時診斷、通報與排除，並回報處理結果予權責主管覆核；若達到主管機關之通報門檻，則應即時取得權責主管授權並通報。（頻率：TBC；負責：—；IUC：—）,EC-110-06,RCM;資訊循環;首批;電腦化資訊系統循環;累積範本;去識別範本,2026-08-26 16:28:09
JL-EC-110-07,公司網路安全受到持續有效地防護與威脅偵測,電腦化資訊系統循環,EC-110,資通安全檢查之控制作業,防火牆管理,防火牆管理,公司網路因保護措施不足而遭入侵滲透，造成機密與敏感資料洩漏,營運面,,[營運] 公司網路因保護措施不足而遭入侵滲透，造成機密與敏感資料洩漏,,,,,公司網路安全受到持續有效地防護與威脅偵測,公司應架設網路防護系統（包含防火牆及入侵偵測或保護系統）；任何設定或參數變更應取得資訓單位主管授權後，始得辦理。,TBC,,,,,,,,,,,,,人工,預防性 (Preventive),,,,,,,就公司現行電腦化資訊系統循環作業，為因應「防火牆管理」風險——公司網路因保護措施不足而遭入侵滲透，造成機密與敏感資料洩漏（風險三大屬性—財務報導：（未填）；營運：[營運] 公司網路因保護措施不足而遭入侵滲透，造成機密與敏感資料洩漏；法令遵循：（未填）；RoMM：（RoMM 分類未填）；重大科目／聲明：（重大科目未填）／（聲明未填）），設計控制目標為「公司網路安全受到持續有效地防護與威脅偵測」。由（負責單位未填）以人工方式、採預防性控制取向、屬（類型未填）類型，依TBC執行下列控制活動：公司應架設網路防護系統（包含防火牆及入侵偵測或保護系統）；任何設定或參數變更應取得資訓單位主管授權後，始得辦理。。控制執行時使用之 IUC／制度為「（未指定 IUC／制度）」。投入（Inputs）：（請補充投入資訊）。覆核／執行步驟（Specific activities）：公司應架設網路防護系統（包含防火牆及入侵偵測或保護系統）；任何設定或參數變更應取得資訓單位主管授權後，始得辦理。。產出（Outputs）：（請補充控制產出／留存軌跡）。,[電腦化資訊系統循環｜防火牆管理] 公司網路安全受到持續有效地防護與威脅偵測：公司應架設網路防護系統（包含防火牆及入侵偵測或保護系統）；任何設定或參數變更應取得資訓單位主管授權後，始得辦理。（頻率：TBC；負責：—；IUC：—）,EC-110-07,RCM;資訊循環;首批;電腦化資訊系統循環;累積範本;去識別範本,2026-08-26 16:28:09
JL-EC-110-08,公司內部網路存取皆符合其業務用途、存取範圍及使用期限,電腦化資訊系統循環,EC-110,資通安全檢查之控制作業,遠端存取控制,遠端存取控制,公司內部網路遭未經授權之遠端連線存取，而發生系統入侵或機密資料外洩,營運面,,[營運] 公司內部網路遭未經授權之遠端連線存取，而發生系統入侵或機密資料外洩,,,,,公司內部網路存取皆符合其業務用途、存取範圍及使用期限,任何經由網際網路遠端連線存取公司內部網路，應經資訊單位主管核准。,TBC,,,,,,,,,,,,,人工,預防性 (Preventive),,,,,,,就公司現行電腦化資訊系統循環作業，為因應「遠端存取控制」風險——公司內部網路遭未經授權之遠端連線存取，而發生系統入侵或機密資料外洩（風險三大屬性—財務報導：（未填）；營運：[營運] 公司內部網路遭未經授權之遠端連線存取，而發生系統入侵或機密資料外洩；法令遵循：（未填）；RoMM：（RoMM 分類未填）；重大科目／聲明：（重大科目未填）／（聲明未填）），設計控制目標為「公司內部網路存取皆符合其業務用途、存取範圍及使用期限」。由（負責單位未填）以人工方式、採預防性控制取向、屬（類型未填）類型，依TBC執行下列控制活動：任何經由網際網路遠端連線存取公司內部網路，應經資訊單位主管核准。。控制執行時使用之 IUC／制度為「（未指定 IUC／制度）」。投入（Inputs）：（請補充投入資訊）。覆核／執行步驟（Specific activities）：任何經由網際網路遠端連線存取公司內部網路，應經資訊單位主管核准。。產出（Outputs）：（請補充控制產出／留存軌跡）。,[電腦化資訊系統循環｜遠端存取控制] 公司內部網路存取皆符合其業務用途、存取範圍及使用期限：任何經由網際網路遠端連線存取公司內部網路，應經資訊單位主管核准。（頻率：TBC；負責：—；IUC：—）,EC-110-08,RCM;資訊循環;首批;電腦化資訊系統循環;累積範本;去識別範本,2026-08-26 16:28:09
JL-EC-110-09,公司網路內外部連線皆屬正常，且異常連線皆被妥善阻擋,電腦化資訊系統循環,EC-110,資通安全檢查之控制作業,防火牆管理,防火牆管理,未辨識或排除網路異常連線致網路防火牆被攻破失效,營運面,,[營運] 未辨識或排除網路異常連線致網路防火牆被攻破失效,,,,,公司網路內外部連線皆屬正常，且異常連線皆被妥善阻擋,公司應定期檢視網路防火牆連線紀錄；如有異常連線，管理人員應採取必要處置，並留存處理情形提交資訊單位主管覆核。,TBC,,,,,,,,,,,,,人工,偵測性 (Detective),,,,,,,就公司現行電腦化資訊系統循環作業，為因應「防火牆管理」風險——未辨識或排除網路異常連線致網路防火牆被攻破失效（風險三大屬性—財務報導：（未填）；營運：[營運] 未辨識或排除網路異常連線致網路防火牆被攻破失效；法令遵循：（未填）；RoMM：（RoMM 分類未填）；重大科目／聲明：（重大科目未填）／（聲明未填）），設計控制目標為「公司網路內外部連線皆屬正常，且異常連線皆被妥善阻擋」。由（負責單位未填）以人工方式、採偵測性控制取向、屬（類型未填）類型，依TBC執行下列控制活動：公司應定期檢視網路防火牆連線紀錄；如有異常連線，管理人員應採取必要處置，並留存處理情形提交資訊單位主管覆核。。控制執行時使用之 IUC／制度為「（未指定 IUC／制度）」。投入（Inputs）：（請補充投入資訊）。覆核／執行步驟（Specific activities）：公司應定期檢視網路防火牆連線紀錄；如有異常連線，管理人員應採取必要處置，並留存處理情形提交資訊單位主管覆核。。產出（Outputs）：（請補充控制產出／留存軌跡）。,[電腦化資訊系統循環｜防火牆管理] 公司網路內外部連線皆屬正常，且異常連線皆被妥善阻擋：公司應定期檢視網路防火牆連線紀錄；如有異常連線，管理人員應採取必要處置，並留存處理情形提交資訊單位主管覆核。（頻率：TBC；負責：—；IUC：—）,EC-110-09,RCM;資訊循環;首批;電腦化資訊系統循環;累積範本;去識別範本,2026-08-26 16:28:09
JL-EC-111-01,委外服務機構之評選結果符合公司業務、技術及資訊安全需求,電腦化資訊系統循環,EC-111,委外服務之控制作業,資訊委外服務 / 供應商管理,資訊委外服務 / 供應商管理,委外服務機構因資格或服務能力不符公司需求，而影響委外服務品質及資訊資產安全,營運面,,[營運] 委外服務機構因資格或服務能力不符公司需求，而影響委外服務品質及資訊資產安全,,,,,委外服務機構之評選結果符合公司業務、技術及資訊安全需求,委外服務機構（廠商）之評核標準及評選結果，應取得資訊單位主管及使用單位主管核准。,不定期,,,,,,,,,,,,,人工,預防性 (Preventive),,,,,,,就公司現行電腦化資訊系統循環作業，為因應「資訊委外服務 / 供應商管理」風險——委外服務機構因資格或服務能力不符公司需求，而影響委外服務品質及資訊資產安全（風險三大屬性—財務報導：（未填）；營運：[營運] 委外服務機構因資格或服務能力不符公司需求，而影響委外服務品質及資訊資產安全；法令遵循：（未填）；RoMM：（RoMM 分類未填）；重大科目／聲明：（重大科目未填）／（聲明未填）），設計控制目標為「委外服務機構之評選結果符合公司業務、技術及資訊安全需求」。由（負責單位未填）以人工方式、採預防性控制取向、屬（類型未填）類型，依不定期執行下列控制活動：委外服務機構（廠商）之評核標準及評選結果，應取得資訊單位主管及使用單位主管核准。。控制執行時使用之 IUC／制度為「（未指定 IUC／制度）」。投入（Inputs）：（請補充投入資訊）。覆核／執行步驟（Specific activities）：委外服務機構（廠商）之評核標準及評選結果，應取得資訊單位主管及使用單位主管核准。。產出（Outputs）：（請補充控制產出／留存軌跡）。,[電腦化資訊系統循環｜資訊委外服務 / 供應商管理] 委外服務機構之評選結果符合公司業務、技術及資訊安全需求：委外服務機構（廠商）之評核標準及評選結果，應取得資訊單位主管及使用單位主管核准。（頻率：不定期；負責：—；IUC：—）,EC-111-01,RCM;資訊循環;首批;電腦化資訊系統循環;累積範本;去識別範本,2026-08-26 16:28:09
JL-EC-111-02,委外服務符合公司資訊安全要求及相關法令規範,電腦化資訊系統循環,EC-111,委外服務之控制作業,資訊委外服務 / 合約與外包,資訊委外服務 / 合約與外包,委外廠商因服務權責及存取範圍不明，而逾越授權範圍存取公司資訊設備或洩漏機密資料,營運面,,[營運] 委外廠商因服務權責及存取範圍不明，而逾越授權範圍存取公司資訊設備或洩漏機密資料,,,,,委外服務符合公司資訊安全要求及相關法令規範,公司委託廠商提供遠端資訊設備之維護或管理服務時，應與廠商簽訂書面合約，明訂雙方權利義務、服務範圍、存取權限及保密責任。,不定期,,,,,,,,,,,,,人工,預防性 (Preventive),,,,,,,就公司現行電腦化資訊系統循環作業，為因應「資訊委外服務 / 合約與外包」風險——委外廠商因服務權責及存取範圍不明，而逾越授權範圍存取公司資訊設備或洩漏機密資料（風險三大屬性—財務報導：（未填）；營運：[營運] 委外廠商因服務權責及存取範圍不明，而逾越授權範圍存取公司資訊設備或洩漏機密資料；法令遵循：（未填）；RoMM：（RoMM 分類未填）；重大科目／聲明：（重大科目未填）／（聲明未填）），設計控制目標為「委外服務符合公司資訊安全要求及相關法令規範」。由（負責單位未填）以人工方式、採預防性控制取向、屬（類型未填）類型，依不定期執行下列控制活動：公司委託廠商提供遠端資訊設備之維護或管理服務時，應與廠商簽訂書面合約，明訂雙方權利義務、服務範圍、存取權限及保密責任。。控制執行時使用之 IUC／制度為「（未指定 IUC／制度）」。投入（Inputs）：（請補充投入資訊）。覆核／執行步驟（Specific activities）：公司委託廠商提供遠端資訊設備之維護或管理服務時，應與廠商簽訂書面合約，明訂雙方權利義務、服務範圍、存取權限及保密責任。。產出（Outputs）：（請補充控制產出／留存軌跡）。,[電腦化資訊系統循環｜資訊委外服務 / 合約與外包] 委外服務符合公司資訊安全要求及相關法令規範：公司委託廠商提供遠端資訊設備之維護或管理服務時，應與廠商簽訂書面合約，明訂雙方權利義務、服務範圍、存取權限及保密責任。（頻率：不定期；負責：—；IUC：—）,EC-111-02,RCM;資訊循環;首批;電腦化資訊系統循環;累積範本;去識別範本,2026-08-26 16:28:09
JL-EC-111-03,委外廠商之資訊安全及隱私保護措施受公司查核與監督,電腦化資訊系統循環,EC-111,委外服務之控制作業,資訊委外服務 / 合約與外包,資訊委外服務 / 合約與外包,公司機密資訊遭委外廠商外洩,營運面,,[營運] 公司機密資訊遭委外廠商外洩,,,,,委外廠商之資訊安全及隱私保護措施受公司查核與監督,公司應於合約中列入允許公司對委外廠商進行檢查、許可及稽核所有安全性及隱私資料保密控制之條款。,,,,,,,,,,,,,,人工,偵測性 (Detective),,,,,,,就公司現行電腦化資訊系統循環作業，為因應「資訊委外服務 / 合約與外包」風險——公司機密資訊遭委外廠商外洩（風險三大屬性—財務報導：（未填）；營運：[營運] 公司機密資訊遭委外廠商外洩；法令遵循：（未填）；RoMM：（RoMM 分類未填）；重大科目／聲明：（重大科目未填）／（聲明未填）），設計控制目標為「委外廠商之資訊安全及隱私保護措施受公司查核與監督」。由（負責單位未填）以人工方式、採偵測性控制取向、屬（類型未填）類型，依（頻率未填）執行下列控制活動：公司應於合約中列入允許公司對委外廠商進行檢查、許可及稽核所有安全性及隱私資料保密控制之條款。。控制執行時使用之 IUC／制度為「（未指定 IUC／制度）」。投入（Inputs）：（請補充投入資訊）。覆核／執行步驟（Specific activities）：公司應於合約中列入允許公司對委外廠商進行檢查、許可及稽核所有安全性及隱私資料保密控制之條款。。產出（Outputs）：（請補充控制產出／留存軌跡）。,[電腦化資訊系統循環｜資訊委外服務 / 合約與外包] 委外廠商之資訊安全及隱私保護措施受公司查核與監督：公司應於合約中列入允許公司對委外廠商進行檢查、許可及稽核所有安全性及隱私資料保密控制之條款。（頻率：—；負責：—；IUC：—）,EC-111-03,RCM;資訊循環;首批;電腦化資訊系統循環;累積範本;去識別範本,2026-08-26 16:28:09
JL-EC-112-01,公司資料申報作業經適當分工與授權,電腦化資訊系統循環,EC-112,公開資訊申報控制作業,職能分工,職能分工,錯誤或未經核准之資料被上傳申報,營運面,,[營運] 錯誤或未經核准之資料被上傳申報,,,,,公司資料申報作業經適當分工與授權,資料申報或上傳作業執行時，資料編製人員負責編製申報資料，另由不同之上傳人員取得經覆核或核准之申報資料，對待上傳資料執行版本及內容一致性確認後，再辦理系統上傳。,,,,,,,,,,,,,,人工,預防性 (Preventive),,,,,,,就公司現行電腦化資訊系統循環作業，為因應「職能分工」風險——錯誤或未經核准之資料被上傳申報（風險三大屬性—財務報導：（未填）；營運：[營運] 錯誤或未經核准之資料被上傳申報；法令遵循：（未填）；RoMM：（RoMM 分類未填）；重大科目／聲明：（重大科目未填）／（聲明未填）），設計控制目標為「公司資料申報作業經適當分工與授權」。由（負責單位未填）以人工方式、採預防性控制取向、屬（類型未填）類型，依（頻率未填）執行下列控制活動：資料申報或上傳作業執行時，資料編製人員負責編製申報資料，另由不同之上傳人員取得經覆核或核准之申報資料，對待上傳資料執行版本及內容一致性確認後，再辦理系統上傳。。控制執行時使用之 IUC／制度為「（未指定 IUC／制度）」。投入（Inputs）：（請補充投入資訊）。覆核／執行步驟（Specific activities）：資料申報或上傳作業執行時，資料編製人員負責編製申報資料，另由不同之上傳人員取得經覆核或核准之申報資料，對待上傳資料執行版本及內容一致性確認後，再辦理系統上傳。。產出（Outputs）：（請補充控制產出／留存軌跡）。,[電腦化資訊系統循環｜職能分工] 公司資料申報作業經適當分工與授權：資料申報或上傳作業執行時，資料編製人員負責編製申報資料，另由不同之上傳人員取得經覆核或核准之申報資料，對待上傳資料執行版本及內容一致性確認後，再辦理系統上傳。（頻率：—；負責：—；IUC：—）,EC-112-01,RCM;資訊循環;首批;電腦化資訊系統循環;累積範本;去識別範本,2026-08-26 16:28:09
JL-EC-112-02,公司所申報之公開資料皆具備完整性與正確性,電腦化資訊系統循環,EC-112,公開資訊申報控制作業,公開資訊申報,公開資訊申報,上傳錯誤或漏失申報資訊，導致公司蒙受主管機關裁罰,遵循面,,,[法令遵循] 上傳錯誤或漏失申報資訊，導致公司蒙受主管機關裁罰,,,,公司所申報之公開資料皆具備完整性與正確性,公司欲申報資料上傳至外部平台前，應由權責人員確認其完整性與正確性。,,,,,,,,,,,,,,人工,預防性 (Preventive),,,,,,,就公司現行電腦化資訊系統循環作業，為因應「公開資訊申報」風險——上傳錯誤或漏失申報資訊，導致公司蒙受主管機關裁罰（風險三大屬性—財務報導：（未填）；營運：（未填）；法令遵循：[法令遵循] 上傳錯誤或漏失申報資訊，導致公司蒙受主管機關裁罰；RoMM：（RoMM 分類未填）；重大科目／聲明：（重大科目未填）／（聲明未填）），設計控制目標為「公司所申報之公開資料皆具備完整性與正確性」。由（負責單位未填）以人工方式、採預防性控制取向、屬（類型未填）類型，依（頻率未填）執行下列控制活動：公司欲申報資料上傳至外部平台前，應由權責人員確認其完整性與正確性。。控制執行時使用之 IUC／制度為「（未指定 IUC／制度）」。投入（Inputs）：（請補充投入資訊）。覆核／執行步驟（Specific activities）：公司欲申報資料上傳至外部平台前，應由權責人員確認其完整性與正確性。。產出（Outputs）：（請補充控制產出／留存軌跡）。,[電腦化資訊系統循環｜公開資訊申報] 公司所申報之公開資料皆具備完整性與正確性：公司欲申報資料上傳至外部平台前，應由權責人員確認其完整性與正確性。（頻率：—；負責：—；IUC：—）,EC-112-02,RCM;資訊循環;首批;電腦化資訊系統循環;累積範本;去識別範本,2026-08-26 16:28:09
PL-CF101-1,建廠作業之地點及相關設施選擇之評估，應經適當核准。,固定資產循環,CF-101,工程設計作業,企業責任與永續發展,企業責任與永續發展,對企業責任與永續發展相關活動的監督不足,營運面,,[營運] 對企業責任與永續發展相關活動的監督不足,,,,,建廠作業之地點及相關設施選擇之評估，應經適當核准。,經管單位應依據建廠作業等相關辬法進行建廠地點及相關設施選擇之評估，並呈權責主管檢視，以確認評估結果之可行性。,不定期,"1. 運營規劃單位
2. 廠務單位
3. 經營管理單位","1. 年度Forecast表
2. 簽呈–建廠需求
3. 簽呈–選址",,,,"1. 年度Forecast表
2. 簽呈–建廠需求
3. 簽呈–選址",,,,,,,人工,預防性 (Preventive),,,,"1. 年度Forecast表
2. 簽呈–建廠需求
3. 簽呈–選址",,,"就公司現行固定資產循環作業，為因應「企業責任與永續發展」風險——對企業責任與永續發展相關活動的監督不足（風險三大屬性—財務報導：（未填）；營運：[營運] 對企業責任與永續發展相關活動的監督不足；法令遵循：（未填）；RoMM：（RoMM 分類未填）；重大科目／聲明：（重大科目未填）／（聲明未填）），設計控制目標為「建廠作業之地點及相關設施選擇之評估，應經適當核准。」。由1. 運營規劃單位
2. 廠務單位
3. 經營管理單位以人工方式、採預防性控制取向、屬（類型未填）類型，依不定期執行下列控制活動：經管單位應依據建廠作業等相關辬法進行建廠地點及相關設施選擇之評估，並呈權責主管檢視，以確認評估結果之可行性。。控制執行時使用之 IUC／制度為「1. 年度Forecast表
2. 簽呈–建廠需求
3. 簽呈–選址」。投入（Inputs）：1. 年度Forecast表
2. 簽呈–建廠需求
3. 簽呈–選址。覆核／執行步驟（Specific activities）：經管單位應依據建廠作業等相關辬法進行建廠地點及相關設施選擇之評估，並呈權責主管檢視，以確認評估結果之可行性。。產出（Outputs）：1. 年度Forecast表
2. 簽呈–建廠需求
3. 簽呈–選址。","[固定資產循環｜企業責任與永續發展] 建廠作業之地點及相關設施選擇之評估，應經適當核准。：經管單位應依據建廠作業等相關辬法進行建廠地點及相關設施選擇之評估，並呈權責主管檢視，以確認評估結果之可行性。（頻率：不定期；負責：1. 運營規劃單位
2. 廠務單位
3. 經營管理單位；IUC：1. 年度Forecast表
2. 簽呈–建廠需求
3. 簽呈–選址）",CF101-1,RCM;固定資產循環;累積範本;去識別範本,2026-08-26 16:28:11
PL-CF101-2,新建廠房應依法令進行評估，以避免違反法令規範而遭致主管機關裁罰。,固定資產循環,CF-101,工程設計作業,企業責任與永續發展,企業責任與永續發展,對企業責任與永續發展相關活動的監督不足,營運面,,[營運] 對企業責任與永續發展相關活動的監督不足,,,,,新建廠房應依法令進行評估，以避免違反法令規範而遭致主管機關裁罰。,公司設立之新工廠面積達「環境影響評估法」規範標準以上時，應擬定環境影響說明書或環境影響評估報告書等相關應對程序等文件，並經權責主管核准後送主管機關取得核可。,不定期,"1. 廠務單位
2. 職安單位",環安衛相關評估文件,,,"1. 環境影響評估法
2. 環境影響評估法施行細則",環安衛相關評估文件,,,,,,,人工,預防性 (Preventive),,,,環安衛相關評估文件,,,"就公司現行固定資產循環作業，為因應「企業責任與永續發展」風險——對企業責任與永續發展相關活動的監督不足（風險三大屬性—財務報導：（未填）；營運：[營運] 對企業責任與永續發展相關活動的監督不足；法令遵循：（未填）；RoMM：（RoMM 分類未填）；重大科目／聲明：（重大科目未填）／（聲明未填）），設計控制目標為「新建廠房應依法令進行評估，以避免違反法令規範而遭致主管機關裁罰。」。由1. 廠務單位
2. 職安單位以人工方式、採預防性控制取向、屬（類型未填）類型，依不定期執行下列控制活動：公司設立之新工廠面積達「環境影響評估法」規範標準以上時，應擬定環境影響說明書或環境影響評估報告書等相關應對程序等文件，並經權責主管核准後送主管機關取得核可。。控制執行時使用之 IUC／制度為「環安衛相關評估文件」。投入（Inputs）：環安衛相關評估文件。覆核／執行步驟（Specific activities）：公司設立之新工廠面積達「環境影響評估法」規範標準以上時，應擬定環境影響說明書或環境影響評估報告書等相關應對程序等文件，並經權責主管核准後送主管機關取得核可。。產出（Outputs）：環安衛相關評估文件。","[固定資產循環｜企業責任與永續發展] 新建廠房應依法令進行評估，以避免違反法令規範而遭致主管機關裁罰。：公司設立之新工廠面積達「環境影響評估法」規範標準以上時，應擬定環境影響說明書或環境影響評估報告書等相關應對程序等文件，並經權責主管核准後送主管機關取得核可。（頻率：不定期；負責：1. 廠務單位
2. 職安單位；IUC：環安衛相關評估文件）",CF101-2,RCM;固定資產循環;累積範本;去識別範本,2026-08-26 16:28:11
PL-CF101-3,工程設計應符合單位需求及經濟效益，並經適當核准。,固定資產循環,CF-101,工程設計作業,供應鏈,供應鏈,不正確的成本考量因素,報導面,[財務報導] 不正確的成本考量因素,,,,,,工程設計應符合單位需求及經濟效益，並經適當核准。,概估之預算、佈置圖進度及工程設計文件應經權責主管核准，其工程規劃文件之決議應製成紀錄。,不定期,廠務單位,"1. 會議記錄
2. 簽呈",,,,"1. 會議記錄
2. 簽呈",,,,,,,人工,預防性 (Preventive),,,,"1. 會議記錄
2. 簽呈",,,"就公司現行固定資產循環作業，為因應「供應鏈」風險——不正確的成本考量因素（風險三大屬性—財務報導：[財務報導] 不正確的成本考量因素；營運：（未填）；法令遵循：（未填）；RoMM：（RoMM 分類未填）；重大科目／聲明：（重大科目未填）／（聲明未填）），設計控制目標為「工程設計應符合單位需求及經濟效益，並經適當核准。」。由廠務單位以人工方式、採預防性控制取向、屬（類型未填）類型，依不定期執行下列控制活動：概估之預算、佈置圖進度及工程設計文件應經權責主管核准，其工程規劃文件之決議應製成紀錄。。控制執行時使用之 IUC／制度為「1. 會議記錄
2. 簽呈」。投入（Inputs）：1. 會議記錄
2. 簽呈。覆核／執行步驟（Specific activities）：概估之預算、佈置圖進度及工程設計文件應經權責主管核准，其工程規劃文件之決議應製成紀錄。。產出（Outputs）：1. 會議記錄
2. 簽呈。","[固定資產循環｜供應鏈] 工程設計應符合單位需求及經濟效益，並經適當核准。：概估之預算、佈置圖進度及工程設計文件應經權責主管核准，其工程規劃文件之決議應製成紀錄。（頻率：不定期；負責：廠務單位；IUC：1. 會議記錄
2. 簽呈）",CF101-3,RCM;固定資產循環;累積範本;去識別範本,2026-08-26 16:28:11
PL-CF101-4,採購作業應制度化，以提升採購效率並確保採購品質。,固定資產循環,CF-101,工程設計作業,道德文化／管理階層基調,道德文化／管理階層基調,未能監督及控管未經授權之活動,營運面,,[營運] 未能監督及控管未經授權之活動,,,,,採購作業應制度化，以提升採購效率並確保採購品質。,購置不動產、廠房及設備及增添改良時，應依據採購及付款循環請購、採購、驗收及付款作業執行。,不定期,"1. 請採購流程Refer o CP-101-2,CP-102-1, CP-103-2, CP-103-9, CP-103-10
2. 驗收付款流程Refer o CP105-1, CP105-3, CP105-4, CP106-2","1. 請採購流程Refer o CP-101-2,CP-102-1, CP-103-2, CP-103-9, CP-103-10
2. 驗收付款流程Refer o CP105-1, CP105-3, CP105-4, CP106-2","1. 請採購流程Refer o CP-101-2,CP-102-1, CP-103-2, CP-103-9, CP-103-10
2. 驗收付款流程Refer o CP105-1, CP105-3, CP105-4, CP106-2","1. 請採購流程Refer o CP101-2、CP102-1、CP103-2、CP103-9、CP103-10
2. 驗收付款流程Refer o CP105-1、CP105-3、CP105-4、CP106-2","1. 請採購流程Refer o CP-101-2,CP-102-1, CP-103-2, CP-103-9, CP-103-10
2. 驗收付款流程Refer o CP105-1, CP105-3, CP105-4, CP106-2","1. 請採購流程Refer o CP101-2、CP102-1、CP103-2、CP103-9、CP103-10
2. 驗收付款流程Refer o CP105-1、CP105-3、CP105-4、CP106-2",,,,,,,人工,預防性 (Preventive),,,,"1. 請採購流程Refer o CP101-2、CP102-1、CP103-2、CP103-9、CP103-10
2. 驗收付款流程Refer o CP105-1、CP105-3、CP105-4、CP106-2",,,"就公司現行固定資產循環作業，為因應「道德文化／管理階層基調」風險——未能監督及控管未經授權之活動（風險三大屬性—財務報導：（未填）；營運：[營運] 未能監督及控管未經授權之活動；法令遵循：（未填）；RoMM：（RoMM 分類未填）；重大科目／聲明：（重大科目未填）／（聲明未填）），設計控制目標為「採購作業應制度化，以提升採購效率並確保採購品質。」。由1. 請採購流程Refer o CP-101-2,CP-102-1, CP-103-2, CP-103-9, CP-103-10
2. 驗收付款流程Refer o CP105-1, CP105-3, CP105-4, CP106-2以人工方式、採預防性控制取向、屬（類型未填）類型，依不定期執行下列控制活動：購置不動產、廠房及設備及增添改良時，應依據採購及付款循環請購、採購、驗收及付款作業執行。。控制執行時使用之 IUC／制度為「1. 請採購流程Refer o CP-101-2,CP-102-1, CP-103-2, CP-103-9, CP-103-10
2. 驗收付款流程Refer o CP105-1, CP105-3, CP105-4, CP106-2」。投入（Inputs）：1. 請採購流程Refer o CP-101-2,CP-102-1, CP-103-2, CP-103-9, CP-103-10
2. 驗收付款流程Refer o CP105-1, CP105-3, CP105-4, CP106-2。覆核／執行步驟（Specific activities）：購置不動產、廠房及設備及增添改良時，應依據採購及付款循環請購、採購、驗收及付款作業執行。。產出（Outputs）：1. 請採購流程Refer o CP101-2、CP102-1、CP103-2、CP103-9、CP103-10
2. 驗收付款流程Refer o CP105-1、CP105-3、CP105-4、CP106-2。","[固定資產循環｜道德文化／管理階層基調] 採購作業應制度化，以提升採購效率並確保採購品質。：購置不動產、廠房及設備及增添改良時，應依據採購及付款循環請購、採購、驗收及付款作業執行。（頻率：不定期；負責：1. 請採購流程Refer o CP-101-2,CP-102-1, CP-103-2, CP-103-9, CP-103-10
2. 驗收付款流程Refer o CP105-1, CP105-3, CP105-4, CP106-2；IUC：1. 請採購流程Refer o CP-101-2,CP-102-1, CP-103-2, CP-103-9, CP-103-10
2. 驗收付款流程Refer o CP105-1, CP105-3, CP105-4, CP106-2）",CF101-4,RCM;固定資產循環;累積範本;去識別範本,2026-08-26 16:28:11
PL-CF101-5,供應商應認符合公司規範之資格,固定資產循環,CF-101,工程設計作業,環保、健康與安全,環保、健康與安全,未依法令規定設計工作環境保護安全程序,遵循面,,,[法令遵循] 未依法令規定設計工作環境保護安全程序,,,,供應商應認符合公司規範之資格,應擬定承攬商安全衛生管理相關辦法，要求承攬商符合公司環安衛規範，並依辦法擬訂施工及驗收規範。,不定期,廠務單位,"1. 發包說明書
2. 簽呈",,承攬商管理辦法,"1. 職業安全衛生法
2. 職業安全衛生法施行細則
3. 空氣污染防制法
4. 噪音管制法
5. 噪音管制法施行細則
6. 水污染防治法
7. 水污染防治法施行細則
8. 海洋汙染防治法
9. 海洋污染防治法施行細則
10. 土壤及地下水污染整治法
11. 土壤及地下水污染整治法施行細則","1. 發包說明書
2. 簽呈",,,,,,,人工,預防性 (Preventive),,,,"1. 發包說明書
2. 簽呈",,,"就公司現行固定資產循環作業，為因應「環保、健康與安全」風險——未依法令規定設計工作環境保護安全程序（風險三大屬性—財務報導：（未填）；營運：（未填）；法令遵循：[法令遵循] 未依法令規定設計工作環境保護安全程序；RoMM：（RoMM 分類未填）；重大科目／聲明：（重大科目未填）／（聲明未填）），設計控制目標為「供應商應認符合公司規範之資格」。由廠務單位以人工方式、採預防性控制取向、屬（類型未填）類型，依不定期執行下列控制活動：應擬定承攬商安全衛生管理相關辦法，要求承攬商符合公司環安衛規範，並依辦法擬訂施工及驗收規範。。控制執行時使用之 IUC／制度為「1. 發包說明書
2. 簽呈」。投入（Inputs）：1. 發包說明書
2. 簽呈。覆核／執行步驟（Specific activities）：應擬定承攬商安全衛生管理相關辦法，要求承攬商符合公司環安衛規範，並依辦法擬訂施工及驗收規範。。產出（Outputs）：1. 發包說明書
2. 簽呈。","[固定資產循環｜環保、健康與安全] 供應商應認符合公司規範之資格：應擬定承攬商安全衛生管理相關辦法，要求承攬商符合公司環安衛規範，並依辦法擬訂施工及驗收規範。（頻率：不定期；負責：廠務單位；IUC：1. 發包說明書
2. 簽呈）",CF101-5,RCM;固定資產循環;累積範本;去識別範本,2026-08-26 16:28:11
PL-CF102-1,發包工程作業應按規定處理並經適當核准。,固定資產循環,CF-102,工程訂約作業,道德文化／管理階層基調,道德文化／管理階層基調,未能監督及控管未經授權之活動,營運面,,[營運] 未能監督及控管未經授權之活動,,,,,發包工程作業應按規定處理並經適當核准。,工程決包應經權責主管核准。,不定期,採購單位,"1. 請購規範書
2. 標單
3. 工程採購合約",,,,"1. 請購規範書
2. 標單
3. 工程採購合約",,,,,,,人工,預防性 (Preventive),,,,"1. 請購規範書
2. 標單
3. 工程採購合約",,,"就公司現行固定資產循環作業，為因應「道德文化／管理階層基調」風險——未能監督及控管未經授權之活動（風險三大屬性—財務報導：（未填）；營運：[營運] 未能監督及控管未經授權之活動；法令遵循：（未填）；RoMM：（RoMM 分類未填）；重大科目／聲明：（重大科目未填）／（聲明未填）），設計控制目標為「發包工程作業應按規定處理並經適當核准。」。由採購單位以人工方式、採預防性控制取向、屬（類型未填）類型，依不定期執行下列控制活動：工程決包應經權責主管核准。。控制執行時使用之 IUC／制度為「1. 請購規範書
2. 標單
3. 工程採購合約」。投入（Inputs）：1. 請購規範書
2. 標單
3. 工程採購合約。覆核／執行步驟（Specific activities）：工程決包應經權責主管核准。。產出（Outputs）：1. 請購規範書
2. 標單
3. 工程採購合約。","[固定資產循環｜道德文化／管理階層基調] 發包工程作業應按規定處理並經適當核准。：工程決包應經權責主管核准。（頻率：不定期；負責：採購單位；IUC：1. 請購規範書
2. 標單
3. 工程採購合約）",CF102-1,RCM;固定資產循環;累積範本;去識別範本,2026-08-26 16:28:11
PL-CF102-2,發包工程作業應按規定處理。,固定資產循環,CF-102,工程訂約作業,外包,外包,供應商未能達到外包服務要求,營運面,,[營運] 供應商未能達到外包服務要求,,,,,發包工程作業應按規定處理。,發包單位應取得廠商依照工程承攬範圍及議定之預定施工進度擬定之施工計劃書、品質計畫書、施工製造圖及工作圖等相關文件，以作為後續施工進度監督依據。,不定期,廠務單位,施工計劃書,,,,施工計劃書,,,,,,,人工,預防性 (Preventive),,,,施工計劃書,,,就公司現行固定資產循環作業，為因應「外包」風險——供應商未能達到外包服務要求（風險三大屬性—財務報導：（未填）；營運：[營運] 供應商未能達到外包服務要求；法令遵循：（未填）；RoMM：（RoMM 分類未填）；重大科目／聲明：（重大科目未填）／（聲明未填）），設計控制目標為「發包工程作業應按規定處理。」。由廠務單位以人工方式、採預防性控制取向、屬（類型未填）類型，依不定期執行下列控制活動：發包單位應取得廠商依照工程承攬範圍及議定之預定施工進度擬定之施工計劃書、品質計畫書、施工製造圖及工作圖等相關文件，以作為後續施工進度監督依據。。控制執行時使用之 IUC／制度為「施工計劃書」。投入（Inputs）：施工計劃書。覆核／執行步驟（Specific activities）：發包單位應取得廠商依照工程承攬範圍及議定之預定施工進度擬定之施工計劃書、品質計畫書、施工製造圖及工作圖等相關文件，以作為後續施工進度監督依據。。產出（Outputs）：施工計劃書。,[固定資產循環｜外包] 發包工程作業應按規定處理。：發包單位應取得廠商依照工程承攬範圍及議定之預定施工進度擬定之施工計劃書、品質計畫書、施工製造圖及工作圖等相關文件，以作為後續施工進度監督依據。（頻率：不定期；負責：廠務單位；IUC：施工計劃書）,CF102-2,RCM;固定資產循環;累積範本;去識別範本,2026-08-26 16:28:11
PL-CF102-3,合約內容應考量公司情況訂定最適交易條件，以維護公司權益,固定資產循環,CF-102,工程訂約作業,外包,外包,未能執行外包廠商合約之審核,營運面,,[營運] 未能執行外包廠商合約之審核,,,,,合約內容應考量公司情況訂定最適交易條件，以維護公司權益,採購單位制訂之工程合約經權責主管核准後，應由法務單位確認合約條款之合法性。工程合約應由法務單位之專人保管。,不定期,"1. 採購單位
2. 法務單位",流程管理系統系統,流程管理系統系統,採購管理程序,,工程採購合約,,,,,,,人工,預防性 (Preventive),,,,工程採購合約,,,"就公司現行固定資產循環作業，為因應「外包」風險——未能執行外包廠商合約之審核（風險三大屬性—財務報導：（未填）；營運：[營運] 未能執行外包廠商合約之審核；法令遵循：（未填）；RoMM：（RoMM 分類未填）；重大科目／聲明：（重大科目未填）／（聲明未填）），設計控制目標為「合約內容應考量公司情況訂定最適交易條件，以維護公司權益」。由1. 採購單位
2. 法務單位以人工方式、採預防性控制取向、屬（類型未填）類型，依不定期執行下列控制活動：採購單位制訂之工程合約經權責主管核准後，應由法務單位確認合約條款之合法性。工程合約應由法務單位之專人保管。。控制執行時使用之 IUC／制度為「流程管理系統系統」。投入（Inputs）：流程管理系統系統。覆核／執行步驟（Specific activities）：採購單位制訂之工程合約經權責主管核准後，應由法務單位確認合約條款之合法性。工程合約應由法務單位之專人保管。。產出（Outputs）：工程採購合約。","[固定資產循環｜外包] 合約內容應考量公司情況訂定最適交易條件，以維護公司權益：採購單位制訂之工程合約經權責主管核准後，應由法務單位確認合約條款之合法性。工程合約應由法務單位之專人保管。（頻率：不定期；負責：1. 採購單位
2. 法務單位；IUC：流程管理系統系統）",CF102-3,RCM;固定資產循環;累積範本;去識別範本,2026-08-26 16:28:11
PL-CF102-4,合約內容應考量公司情況訂定最適交易條件，以維護公司權益,固定資產循環,CF-102,工程訂約作業,合約管理,合約管理,合約協議內容未能與企業目標一致,營運面,,[營運] 合約協議內容未能與企業目標一致,,,,,合約內容應考量公司情況訂定最適交易條件，以維護公司權益,工程合約書之內容應詳列工程名稱、工程內容、施工日期、承攬總價、付款辦法、驗收規定、逾期責任等必要資訊。,不定期,採購單位,工程採購合約,,,,工程採購合約,,,,,,,人工,預防性 (Preventive),,,,工程採購合約,,,就公司現行固定資產循環作業，為因應「合約管理」風險——合約協議內容未能與企業目標一致（風險三大屬性—財務報導：（未填）；營運：[營運] 合約協議內容未能與企業目標一致；法令遵循：（未填）；RoMM：（RoMM 分類未填）；重大科目／聲明：（重大科目未填）／（聲明未填）），設計控制目標為「合約內容應考量公司情況訂定最適交易條件，以維護公司權益」。由採購單位以人工方式、採預防性控制取向、屬（類型未填）類型，依不定期執行下列控制活動：工程合約書之內容應詳列工程名稱、工程內容、施工日期、承攬總價、付款辦法、驗收規定、逾期責任等必要資訊。。控制執行時使用之 IUC／制度為「工程採購合約」。投入（Inputs）：工程採購合約。覆核／執行步驟（Specific activities）：工程合約書之內容應詳列工程名稱、工程內容、施工日期、承攬總價、付款辦法、驗收規定、逾期責任等必要資訊。。產出（Outputs）：工程採購合約。,[固定資產循環｜合約管理] 合約內容應考量公司情況訂定最適交易條件，以維護公司權益：工程合約書之內容應詳列工程名稱、工程內容、施工日期、承攬總價、付款辦法、驗收規定、逾期責任等必要資訊。（頻率：不定期；負責：採購單位；IUC：工程採購合約）,CF102-4,RCM;固定資產循環;累積範本;去識別範本,2026-08-26 16:28:11
PL-CF102-5,合約內容應考量公司情況訂定最適交易條件，以維護公司權益,固定資產循環,CF-102,工程訂約作業,合約管理,合約管理,簽訂合約的授權管理不當,營運面,,[營運] 簽訂合約的授權管理不當,,,,,合約內容應考量公司情況訂定最適交易條件，以維護公司權益,合約更改應填寫合約項目修訂協議表單，並經權責主管核准。,不定期,Refer o CF102-3,Refer o CF102-3,Refer o CF102-3,Refer o CF102-3,Refer o CF102-3,Refer o CF102-3,,,,,,,人工,預防性 (Preventive),,,,Refer o CF102-3,,,就公司現行固定資產循環作業，為因應「合約管理」風險——簽訂合約的授權管理不當（風險三大屬性—財務報導：（未填）；營運：[營運] 簽訂合約的授權管理不當；法令遵循：（未填）；RoMM：（RoMM 分類未填）；重大科目／聲明：（重大科目未填）／（聲明未填）），設計控制目標為「合約內容應考量公司情況訂定最適交易條件，以維護公司權益」。由Refer o CF102-3以人工方式、採預防性控制取向、屬（類型未填）類型，依不定期執行下列控制活動：合約更改應填寫合約項目修訂協議表單，並經權責主管核准。。控制執行時使用之 IUC／制度為「Refer o CF102-3」。投入（Inputs）：Refer o CF102-3。覆核／執行步驟（Specific activities）：合約更改應填寫合約項目修訂協議表單，並經權責主管核准。。產出（Outputs）：Refer o CF102-3。,[固定資產循環｜合約管理] 合約內容應考量公司情況訂定最適交易條件，以維護公司權益：合約更改應填寫合約項目修訂協議表單，並經權責主管核准。（頻率：不定期；負責：Refer o CF102-3；IUC：Refer o CF102-3）,CF102-5,RCM;固定資產循環;累積範本;去識別範本,2026-08-26 16:28:11
PL-CF103-1,工程施工作業應依法令進行，以避免違反法令規範而遭致主管機關裁罰。,固定資產循環,CF-103,工程進度管制及監工作業,環保、健康與安全,環保、健康與安全,未依法令規定設計工作環境保護安全程序,遵循面,,,[法令遵循] 未依法令規定設計工作環境保護安全程序,,,,工程施工作業應依法令進行，以避免違反法令規範而遭致主管機關裁罰。,現場工程負責人員應定期巡視，確保施工現場之用電安全、人員防護、環境衛生等安全衛生措施及設備，遵循「職業安全衛生法」等相關法令所制定之規範。工安人員定期監控工安事項後，應向權責主管回報監督狀況。,每日／每週,"1. 廠務單位
2. 職安單位","1. 工地會議紀錄
2. 施工日誌
3. 缺失紀錄表",,,"1. 職業安全衛生法
2. 職業安全衛生法施行細則
3. 空氣污染防制法
4. 噪音管制法
5. 噪音管制法施行細則
6. 水污染防治法
7. 水污染防治法施行細則
8. 海洋汙染防治法
9. 海洋污染防治法施行細則
10. 土壤及地下水污染整治法
11. 土壤及地下水污染整治法施行細則","1. 工地會議紀錄
2. 施工日誌
3. 缺失紀錄表",,,,,,,人工,預防性 (Preventive),,,,"1. 工地會議紀錄
2. 施工日誌
3. 缺失紀錄表",,,"就公司現行固定資產循環作業，為因應「環保、健康與安全」風險——未依法令規定設計工作環境保護安全程序（風險三大屬性—財務報導：（未填）；營運：（未填）；法令遵循：[法令遵循] 未依法令規定設計工作環境保護安全程序；RoMM：（RoMM 分類未填）；重大科目／聲明：（重大科目未填）／（聲明未填）），設計控制目標為「工程施工作業應依法令進行，以避免違反法令規範而遭致主管機關裁罰。」。由1. 廠務單位
2. 職安單位以人工方式、採預防性控制取向、屬（類型未填）類型，依每日／每週執行下列控制活動：現場工程負責人員應定期巡視，確保施工現場之用電安全、人員防護、環境衛生等安全衛生措施及設備，遵循「職業安全衛生法」等相關法令所制定之規範。工安人員定期監控工安事項後，應向權責主管回報監督狀況。。控制執行時使用之 IUC／制度為「1. 工地會議紀錄
2. 施工日誌
3. 缺失紀錄表」。投入（Inputs）：1. 工地會議紀錄
2. 施工日誌
3. 缺失紀錄表。覆核／執行步驟（Specific activities）：現場工程負責人員應定期巡視，確保施工現場之用電安全、人員防護、環境衛生等安全衛生措施及設備，遵循「職業安全衛生法」等相關法令所制定之規範。工安人員定期監控工安事項後，應向權責主管回報監督狀況。。產出（Outputs）：1. 工地會議紀錄
2. 施工日誌
3. 缺失紀錄表。","[固定資產循環｜環保、健康與安全] 工程施工作業應依法令進行，以避免違反法令規範而遭致主管機關裁罰。：現場工程負責人員應定期巡視，確保施工現場之用電安全、人員防護、環境衛生等安全衛生措施及設備，遵循「職業安全衛生法」等相關法令所制定之規範。工安人員定期監控工安事項後，應向權責主管回報監督狀況。（頻率：每日／每週；負責：1. 廠務單位
2. 職安單位；IUC：1. 工地會議紀錄
2. 施工日誌
3. 缺失紀錄表）",CF103-1,RCM;固定資產循環;累積範本;去識別範本,2026-08-26 16:28:11
PL-CF103-2,工程施工應由適當人員執行監管，確保工程進度依照合約進行。,固定資產循環,CF-103,工程進度管制及監工作業,外包,外包,供應商未能達到外包服務要求,營運面,,[營運] 供應商未能達到外包服務要求,,,,,工程施工應由適當人員執行監管，確保工程進度依照合約進行。,廠務單位派任之現場工程負責人員，應依據施工計畫書、品質計劃書、施工製造圖、工作圖等相關表單，進行工程施工進度管理、用料控制、施工品質查核、工程異常協調處理及工地管理。現場工程負責人員定期監控施工進度、品質等事項後，應向權責主管回報監督狀況。,每日／每週,"1. 廠務單位
2. 職安單位","1. 施工計劃書
2. 監工日報
3. 缺失紀錄表
4. 每週工地會議記錄",,,,"1. 施工計劃書
2. 監工日報
3. 缺失紀錄表
4. 每週工地會議記錄",,,,,,,人工,預防性 (Preventive),,,,"1. 施工計劃書
2. 監工日報
3. 缺失紀錄表
4. 每週工地會議記錄",,,"就公司現行固定資產循環作業，為因應「外包」風險——供應商未能達到外包服務要求（風險三大屬性—財務報導：（未填）；營運：[營運] 供應商未能達到外包服務要求；法令遵循：（未填）；RoMM：（RoMM 分類未填）；重大科目／聲明：（重大科目未填）／（聲明未填）），設計控制目標為「工程施工應由適當人員執行監管，確保工程進度依照合約進行。」。由1. 廠務單位
2. 職安單位以人工方式、採預防性控制取向、屬（類型未填）類型，依每日／每週執行下列控制活動：廠務單位派任之現場工程負責人員，應依據施工計畫書、品質計劃書、施工製造圖、工作圖等相關表單，進行工程施工進度管理、用料控制、施工品質查核、工程異常協調處理及工地管理。現場工程負責人員定期監控施工進度、品質等事項後，應向權責主管回報監督狀況。。控制執行時使用之 IUC／制度為「1. 施工計劃書
2. 監工日報
3. 缺失紀錄表
4. 每週工地會議記錄」。投入（Inputs）：1. 施工計劃書
2. 監工日報
3. 缺失紀錄表
4. 每週工地會議記錄。覆核／執行步驟（Specific activities）：廠務單位派任之現場工程負責人員，應依據施工計畫書、品質計劃書、施工製造圖、工作圖等相關表單，進行工程施工進度管理、用料控制、施工品質查核、工程異常協調處理及工地管理。現場工程負責人員定期監控施工進度、品質等事項後，應向權責主管回報監督狀況。。產出（Outputs）：1. 施工計劃書
2. 監工日報
3. 缺失紀錄表
4. 每週工地會議記錄。","[固定資產循環｜外包] 工程施工應由適當人員執行監管，確保工程進度依照合約進行。：廠務單位派任之現場工程負責人員，應依據施工計畫書、品質計劃書、施工製造圖、工作圖等相關表單，進行工程施工進度管理、用料控制、施工品質查核、工程異常協調處理及工地管理。現場工程負責人員定期監控施工進度、品質等事項後，應向權責主管回報監督狀況。（頻率：每日／每週；負責：1. 廠務單位
2. 職安單位；IUC：1. 施工計劃書
2. 監工日報
3. 缺失紀錄表
4. 每週工地會議記錄）",CF103-2,RCM;固定資產循環;累積範本;去識別範本,2026-08-26 16:28:11
PL-CF103-3,工程施工進度應執行適當之監管，確保工程進度依照合約進行。,固定資產循環,CF-103,工程進度管制及監工作業,外包,外包,供應商未能達到外包服務要求,營運面,,[營運] 供應商未能達到外包服務要求,,,,,工程施工進度應執行適當之監管，確保工程進度依照合約進行。,施工進度延誤時，現場工程負責人員應要求廠商加班趕工，並將廠商提供加班及趕工等相關文件呈報權責主管核准。,每日／每週,"1. 廠務單位
2. 職安單位","1. 施工日誌
2. 監工日報",,,,"1. 施工日誌
2. 監工日報",,,,,,,人工,預防性 (Preventive),,,,"1. 施工日誌
2. 監工日報",,,"就公司現行固定資產循環作業，為因應「外包」風險——供應商未能達到外包服務要求（風險三大屬性—財務報導：（未填）；營運：[營運] 供應商未能達到外包服務要求；法令遵循：（未填）；RoMM：（RoMM 分類未填）；重大科目／聲明：（重大科目未填）／（聲明未填）），設計控制目標為「工程施工進度應執行適當之監管，確保工程進度依照合約進行。」。由1. 廠務單位
2. 職安單位以人工方式、採預防性控制取向、屬（類型未填）類型，依每日／每週執行下列控制活動：施工進度延誤時，現場工程負責人員應要求廠商加班趕工，並將廠商提供加班及趕工等相關文件呈報權責主管核准。。控制執行時使用之 IUC／制度為「1. 施工日誌
2. 監工日報」。投入（Inputs）：1. 施工日誌
2. 監工日報。覆核／執行步驟（Specific activities）：施工進度延誤時，現場工程負責人員應要求廠商加班趕工，並將廠商提供加班及趕工等相關文件呈報權責主管核准。。產出（Outputs）：1. 施工日誌
2. 監工日報。","[固定資產循環｜外包] 工程施工進度應執行適當之監管，確保工程進度依照合約進行。：施工進度延誤時，現場工程負責人員應要求廠商加班趕工，並將廠商提供加班及趕工等相關文件呈報權責主管核准。（頻率：每日／每週；負責：1. 廠務單位
2. 職安單位；IUC：1. 施工日誌
2. 監工日報）",CF103-3,RCM;固定資產循環;累積範本;去識別範本,2026-08-26 16:28:11
PL-CF103-4,工程進度應依合約正確執行。,固定資產循環,CF-103,工程進度管制及監工作業,運用,運用,生產規劃不當,營運面,,[營運] 生產規劃不當,,,,,工程進度應依合約正確執行。,權責單位對於廠商未對不符事項進行改善或發生其他重大異常事故，應填寫工程變更通知單，並經權責主管核准及相關單位會簽後由採購單位專人保管。,不定期,廠務單位,廠務需求申請單,,廠務設施系統管理程序,,廠務需求申請單,,,,,,,人工,預防性 (Preventive),,,,廠務需求申請單,,,就公司現行固定資產循環作業，為因應「運用」風險——生產規劃不當（風險三大屬性—財務報導：（未填）；營運：[營運] 生產規劃不當；法令遵循：（未填）；RoMM：（RoMM 分類未填）；重大科目／聲明：（重大科目未填）／（聲明未填）），設計控制目標為「工程進度應依合約正確執行。」。由廠務單位以人工方式、採預防性控制取向、屬（類型未填）類型，依不定期執行下列控制活動：權責單位對於廠商未對不符事項進行改善或發生其他重大異常事故，應填寫工程變更通知單，並經權責主管核准及相關單位會簽後由採購單位專人保管。。控制執行時使用之 IUC／制度為「廠務需求申請單」。投入（Inputs）：廠務需求申請單。覆核／執行步驟（Specific activities）：權責單位對於廠商未對不符事項進行改善或發生其他重大異常事故，應填寫工程變更通知單，並經權責主管核准及相關單位會簽後由採購單位專人保管。。產出（Outputs）：廠務需求申請單。,[固定資產循環｜運用] 工程進度應依合約正確執行。：權責單位對於廠商未對不符事項進行改善或發生其他重大異常事故，應填寫工程變更通知單，並經權責主管核准及相關單位會簽後由採購單位專人保管。（頻率：不定期；負責：廠務單位；IUC：廠務需求申請單）,CF103-4,RCM;固定資產循環;累積範本;去識別範本,2026-08-26 16:28:11
PL-CF103-5,工程變動應按規定處理並經適當核准。,固定資產循環,CF-103,工程進度管制及監工作業,道德文化／管理階層基調,道德文化／管理階層基調,未能監督及控管未經授權之活動,營運面,,[營運] 未能監督及控管未經授權之活動,,,,,工程變動應按規定處理並經適當核准。,權責單位對於施工中需增減工程項目應填寫請購單，並依核決權限表呈權責主管核准。,不定期,Refer o CP102-1,Refer o CP102-1,Refer o CP102-1,Refer o CP102-1,Refer o CP102-1,Refer o CP102-1,,,,,,,人工,預防性 (Preventive),,,,Refer o CP102-1,,,就公司現行固定資產循環作業，為因應「道德文化／管理階層基調」風險——未能監督及控管未經授權之活動（風險三大屬性—財務報導：（未填）；營運：[營運] 未能監督及控管未經授權之活動；法令遵循：（未填）；RoMM：（RoMM 分類未填）；重大科目／聲明：（重大科目未填）／（聲明未填）），設計控制目標為「工程變動應按規定處理並經適當核准。」。由Refer o CP102-1以人工方式、採預防性控制取向、屬（類型未填）類型，依不定期執行下列控制活動：權責單位對於施工中需增減工程項目應填寫請購單，並依核決權限表呈權責主管核准。。控制執行時使用之 IUC／制度為「Refer o CP102-1」。投入（Inputs）：Refer o CP102-1。覆核／執行步驟（Specific activities）：權責單位對於施工中需增減工程項目應填寫請購單，並依核決權限表呈權責主管核准。。產出（Outputs）：Refer o CP102-1。,[固定資產循環｜道德文化／管理階層基調] 工程變動應按規定處理並經適當核准。：權責單位對於施工中需增減工程項目應填寫請購單，並依核決權限表呈權責主管核准。（頻率：不定期；負責：Refer o CP102-1；IUC：Refer o CP102-1）,CF103-5,RCM;固定資產循環;累積範本;去識別範本,2026-08-26 16:28:11
PL-CF104-1,有效之採購工程才可辦理驗收。,固定資產循環,CF-104,工程驗收作業,製造／生產,製造／生產,不適當的品質控制方式,營運面,,[營運] 不適當的品質控制方式,,,,,有效之採購工程才可辦理驗收。,現場工程負責人員進行工程驗收時，應依據工程承攬書或工程合約書約定事項及品質管制相關辦法檢驗。工程驗收需作試車或專業檢驗者，則應另附試車報告或檢驗報告。驗收核可後，工程驗收單或驗收報告等相關表單應經權責單位簽章及權責主管核准。,不定期,廠務單位,"1. 工程合約
2. 工程驗收規範
3. 驗收單
4. 缺失紀錄表
5. 驗收會議記錄",,,,"1. 工程合約
2. 工程驗收規範
3. 驗收單
4. 缺失紀錄表
5. 驗收會議記錄",,,,,,,人工,預防性 (Preventive),,,,"1. 工程合約
2. 工程驗收規範
3. 驗收單
4. 缺失紀錄表
5. 驗收會議記錄",,,"就公司現行固定資產循環作業，為因應「製造／生產」風險——不適當的品質控制方式（風險三大屬性—財務報導：（未填）；營運：[營運] 不適當的品質控制方式；法令遵循：（未填）；RoMM：（RoMM 分類未填）；重大科目／聲明：（重大科目未填）／（聲明未填）），設計控制目標為「有效之採購工程才可辦理驗收。」。由廠務單位以人工方式、採預防性控制取向、屬（類型未填）類型，依不定期執行下列控制活動：現場工程負責人員進行工程驗收時，應依據工程承攬書或工程合約書約定事項及品質管制相關辦法檢驗。工程驗收需作試車或專業檢驗者，則應另附試車報告或檢驗報告。驗收核可後，工程驗收單或驗收報告等相關表單應經權責單位簽章及權責主管核准。。控制執行時使用之 IUC／制度為「1. 工程合約
2. 工程驗收規範
3. 驗收單
4. 缺失紀錄表
5. 驗收會議記錄」。投入（Inputs）：1. 工程合約
2. 工程驗收規範
3. 驗收單
4. 缺失紀錄表
5. 驗收會議記錄。覆核／執行步驟（Specific activities）：現場工程負責人員進行工程驗收時，應依據工程承攬書或工程合約書約定事項及品質管制相關辦法檢驗。工程驗收需作試車或專業檢驗者，則應另附試車報告或檢驗報告。驗收核可後，工程驗收單或驗收報告等相關表單應經權責單位簽章及權責主管核准。。產出（Outputs）：1. 工程合約
2. 工程驗收規範
3. 驗收單
4. 缺失紀錄表
5. 驗收會議記錄。","[固定資產循環｜製造／生產] 有效之採購工程才可辦理驗收。：現場工程負責人員進行工程驗收時，應依據工程承攬書或工程合約書約定事項及品質管制相關辦法檢驗。工程驗收需作試車或專業檢驗者，則應另附試車報告或檢驗報告。驗收核可後，工程驗收單或驗收報告等相關表單應經權責單位簽章及權責主管核准。（頻率：不定期；負責：廠務單位；IUC：1. 工程合約
2. 工程驗收規範
3. 驗收單
4. 缺失紀錄表
5. 驗收會議記錄）",CF104-1,RCM;固定資產循環;累積範本;去識別範本,2026-08-26 16:28:11
PL-CF104-2,應付帳款應經正確且適當之記錄。,固定資產循環,CF-104,工程驗收作業,會計,會計,不實的財務資訊,報導面,[財務報導] 不實的財務資訊,,,,"資產 , 負債",,應付帳款應經正確且適當之記錄。,階段性及完工驗收文件之正本，應由權責單位進行保管。,不定期,"1. 廠務單位
2. 權責單位","1. 驗收單
2. 其他驗收相關文件",,文件與記錄管理作業程序,,"1. 驗收單
2. 其他驗收相關文件",,,,,,,人工,預防性 (Preventive),,,,"1. 驗收單
2. 其他驗收相關文件",,,"就公司現行固定資產循環作業，為因應「會計」風險——不實的財務資訊（風險三大屬性—財務報導：[財務報導] 不實的財務資訊；營運：（未填）；法令遵循：（未填）；RoMM：（RoMM 分類未填）；重大科目／聲明：資產 , 負債／（聲明未填）），設計控制目標為「應付帳款應經正確且適當之記錄。」。由1. 廠務單位
2. 權責單位以人工方式、採預防性控制取向、屬（類型未填）類型，依不定期執行下列控制活動：階段性及完工驗收文件之正本，應由權責單位進行保管。。控制執行時使用之 IUC／制度為「1. 驗收單
2. 其他驗收相關文件」。投入（Inputs）：1. 驗收單
2. 其他驗收相關文件。覆核／執行步驟（Specific activities）：階段性及完工驗收文件之正本，應由權責單位進行保管。。產出（Outputs）：1. 驗收單
2. 其他驗收相關文件。","[固定資產循環｜會計] 應付帳款應經正確且適當之記錄。：階段性及完工驗收文件之正本，應由權責單位進行保管。（頻率：不定期；負責：1. 廠務單位
2. 權責單位；IUC：1. 驗收單
2. 其他驗收相關文件）",CF104-2,RCM;固定資產循環;累積範本;去識別範本,2026-08-26 16:28:11
PL-CF104-3,公司應依規定進行驗收，且驗收不合格應有適當處理程序。,固定資產循環,CF-104,工程驗收作業,製造／生產,製造／生產,不適當的品質控制方式,營運面,,[營運] 不適當的品質控制方式,,,,,公司應依規定進行驗收，且驗收不合格應有適當處理程序。,工程完工驗收後應將未使用之材料或廢料依規定處理。,不定期,Refer o CO108-4,Refer o CO108-4,Refer o CO108-4,Refer o 生產循環 CO108-4,Refer o CO108-4,Refer o 生產循環 CO108-4,,,,,,,人工,預防性 (Preventive),,,,Refer o 生產循環 CO108-4,,,就公司現行固定資產循環作業，為因應「製造／生產」風險——不適當的品質控制方式（風險三大屬性—財務報導：（未填）；營運：[營運] 不適當的品質控制方式；法令遵循：（未填）；RoMM：（RoMM 分類未填）；重大科目／聲明：（重大科目未填）／（聲明未填）），設計控制目標為「公司應依規定進行驗收，且驗收不合格應有適當處理程序。」。由Refer o CO108-4以人工方式、採預防性控制取向、屬（類型未填）類型，依不定期執行下列控制活動：工程完工驗收後應將未使用之材料或廢料依規定處理。。控制執行時使用之 IUC／制度為「Refer o CO108-4」。投入（Inputs）：Refer o CO108-4。覆核／執行步驟（Specific activities）：工程完工驗收後應將未使用之材料或廢料依規定處理。。產出（Outputs）：Refer o 生產循環 CO108-4。,[固定資產循環｜製造／生產] 公司應依規定進行驗收，且驗收不合格應有適當處理程序。：工程完工驗收後應將未使用之材料或廢料依規定處理。（頻率：不定期；負責：Refer o CO108-4；IUC：Refer o CO108-4）,CF104-3,RCM;固定資產循環;累積範本;去識別範本,2026-08-26 16:28:11
PL-CF105-1,公司資產應經權責主管適當核准，並正確記錄。,固定資產循環,CF-105,不動產、廠房及設備取得作業,會計,會計,不實的財務資訊,報導面,[財務報導] 不實的財務資訊,,,,資產,,公司資產應經權責主管適當核准，並正確記錄。,固定資產目錄及固定資產主檔之新增、修改及刪除應依據權責主管核准之表單進行，以確保資料輸入之正確性。,不定期,"1. 行政單位
2. 會計單位",ERP系統,ERP系統,固定資產管理辦法,,"1. 進貨單
2. 採購單
3. 驗收單
4. 傳票",,,,,,,人工,預防性 (Preventive),,,,"1. 進貨單
2. 採購單
3. 驗收單
4. 傳票",,,"就公司現行固定資產循環作業，為因應「會計」風險——不實的財務資訊（風險三大屬性—財務報導：[財務報導] 不實的財務資訊；營運：（未填）；法令遵循：（未填）；RoMM：（RoMM 分類未填）；重大科目／聲明：資產／（聲明未填）），設計控制目標為「公司資產應經權責主管適當核准，並正確記錄。」。由1. 行政單位
2. 會計單位以人工方式、採預防性控制取向、屬（類型未填）類型，依不定期執行下列控制活動：固定資產目錄及固定資產主檔之新增、修改及刪除應依據權責主管核准之表單進行，以確保資料輸入之正確性。。控制執行時使用之 IUC／制度為「ERP系統」。投入（Inputs）：ERP系統。覆核／執行步驟（Specific activities）：固定資產目錄及固定資產主檔之新增、修改及刪除應依據權責主管核准之表單進行，以確保資料輸入之正確性。。產出（Outputs）：1. 進貨單
2. 採購單
3. 驗收單
4. 傳票。","[固定資產循環｜會計] 公司資產應經權責主管適當核准，並正確記錄。：固定資產目錄及固定資產主檔之新增、修改及刪除應依據權責主管核准之表單進行，以確保資料輸入之正確性。（頻率：不定期；負責：1. 行政單位
2. 會計單位；IUC：ERP系統）",CF105-1,RCM;固定資產循環;累積範本;去識別範本,2026-08-26 16:28:11
PL-CF105-2,固定資產主檔之異動應經適當授權並驗證其正確性。,固定資產循環,CF-105,不動產、廠房及設備取得作業,資訊安全,資訊安全,無效果／無效率的存取控制,營運面,,[營運] 無效果／無效率的存取控制,,,資產,,固定資產主檔之異動應經適當授權並驗證其正確性。,負責維護固定資產主檔之人員應經權責主管之適當授權，並將其權限設定於應用系統中。,持續,"1. 行政單位
2. 會計單位
3. 資訊單位",ERP系統,ERP系統,固定資產管理辦法,,1. 具備維護ERP固定資產主檔及固定資產目錄之人員權限清單,,,,,,,自動,預防性 (Preventive),,,,1. 具備維護ERP固定資產主檔及固定資產目錄之人員權限清單,,,"就公司現行固定資產循環作業，為因應「資訊安全」風險——無效果／無效率的存取控制（風險三大屬性—財務報導：（未填）；營運：[營運] 無效果／無效率的存取控制；法令遵循：（未填）；RoMM：（RoMM 分類未填）；重大科目／聲明：資產／（聲明未填）），設計控制目標為「固定資產主檔之異動應經適當授權並驗證其正確性。」。由1. 行政單位
2. 會計單位
3. 資訊單位以自動方式、採預防性控制取向、屬（類型未填）類型，依持續執行下列控制活動：負責維護固定資產主檔之人員應經權責主管之適當授權，並將其權限設定於應用系統中。。控制執行時使用之 IUC／制度為「ERP系統」。投入（Inputs）：ERP系統。覆核／執行步驟（Specific activities）：負責維護固定資產主檔之人員應經權責主管之適當授權，並將其權限設定於應用系統中。。產出（Outputs）：1. 具備維護ERP固定資產主檔及固定資產目錄之人員權限清單。","[固定資產循環｜資訊安全] 固定資產主檔之異動應經適當授權並驗證其正確性。：負責維護固定資產主檔之人員應經權責主管之適當授權，並將其權限設定於應用系統中。（頻率：持續；負責：1. 行政單位
2. 會計單位
3. 資訊單位；IUC：ERP系統）",CF105-2,RCM;固定資產循環;累積範本;去識別範本,2026-08-26 16:28:11
PL-CF105-3,固定資產交易及折舊應正確記錄於適當之會計期間。,固定資產循環,CF-105,不動產、廠房及設備取得作業,會計,會計,不實的財務資訊,報導面,[財務報導] 不實的財務資訊,,,,資產,,固定資產交易及折舊應正確記錄於適當之會計期間。,固定資產折舊攤提標準運算程式應依據權責主管核定後選用之折舊提列方式及折舊率設定。,持續,會計單位,ERP系統,ERP系統,會計制度,,固定資產殘值、耐用年限及折舊方法年度Review報告,,,,,,,人工,預防性 (Preventive),,,,固定資產殘值、耐用年限及折舊方法年度Review報告,,,就公司現行固定資產循環作業，為因應「會計」風險——不實的財務資訊（風險三大屬性—財務報導：[財務報導] 不實的財務資訊；營運：（未填）；法令遵循：（未填）；RoMM：（RoMM 分類未填）；重大科目／聲明：資產／（聲明未填）），設計控制目標為「固定資產交易及折舊應正確記錄於適當之會計期間。」。由會計單位以人工方式、採預防性控制取向、屬（類型未填）類型，依持續執行下列控制活動：固定資產折舊攤提標準運算程式應依據權責主管核定後選用之折舊提列方式及折舊率設定。。控制執行時使用之 IUC／制度為「ERP系統」。投入（Inputs）：ERP系統。覆核／執行步驟（Specific activities）：固定資產折舊攤提標準運算程式應依據權責主管核定後選用之折舊提列方式及折舊率設定。。產出（Outputs）：固定資產殘值、耐用年限及折舊方法年度Review報告。,[固定資產循環｜會計] 固定資產交易及折舊應正確記錄於適當之會計期間。：固定資產折舊攤提標準運算程式應依據權責主管核定後選用之折舊提列方式及折舊率設定。（頻率：持續；負責：會計單位；IUC：ERP系統）,CF105-3,RCM;固定資產循環;累積範本;去識別範本,2026-08-26 16:28:11
PL-CF105-4,公司資產應經權責主管適當核准，並正確記錄。,固定資產循環,CF-105,不動產、廠房及設備取得作業,會計,會計,不實的財務資訊,報導面,[財務報導] 不實的財務資訊,,,,資產,,公司資產應經權責主管適當核准，並正確記錄。,權責主管應定期抽核比對原始核准表單與系統固定資產目錄及固定資產主檔資料一致，以確認其正確性與入帳期間之適當性。,每月,會計單位,ERP系統,ERP系統,固定資產管理辦法,,"1. 固定資產異動明細
2. 進貨單",,,,,,,人工,偵測性 (Detective),,,,"1. 固定資產異動明細
2. 進貨單",,,"就公司現行固定資產循環作業，為因應「會計」風險——不實的財務資訊（風險三大屬性—財務報導：[財務報導] 不實的財務資訊；營運：（未填）；法令遵循：（未填）；RoMM：（RoMM 分類未填）；重大科目／聲明：資產／（聲明未填）），設計控制目標為「公司資產應經權責主管適當核准，並正確記錄。」。由會計單位以人工方式、採偵測性控制取向、屬（類型未填）類型，依每月執行下列控制活動：權責主管應定期抽核比對原始核准表單與系統固定資產目錄及固定資產主檔資料一致，以確認其正確性與入帳期間之適當性。。控制執行時使用之 IUC／制度為「ERP系統」。投入（Inputs）：ERP系統。覆核／執行步驟（Specific activities）：權責主管應定期抽核比對原始核准表單與系統固定資產目錄及固定資產主檔資料一致，以確認其正確性與入帳期間之適當性。。產出（Outputs）：1. 固定資產異動明細
2. 進貨單。",[固定資產循環｜會計] 公司資產應經權責主管適當核准，並正確記錄。：權責主管應定期抽核比對原始核准表單與系統固定資產目錄及固定資產主檔資料一致，以確認其正確性與入帳期間之適當性。（頻率：每月；負責：會計單位；IUC：ERP系統）,CF105-4,RCM;固定資產循環;累積範本;去識別範本,2026-08-26 16:28:11
PL-CF105-5,固定資產應有適當之安全控管,固定資產循環,CF-105,不動產、廠房及設備取得作業,實體安全,實體安全,資產遭盜取,營運面,,[營運] 資產遭盜取,,,資產,,固定資產應有適當之安全控管,固定資產應黏貼行政單位列印及發放之資產標籤，該標籤應包含經順序編號之固定資產編號及相關之資產內容。,不定期,"1. 行政單位
2. 保管單位",ERP系統,ERP系統,固定資產管理辦法,,資產標籤,,,,,,,人工,預防性 (Preventive),,,,資產標籤,,,"就公司現行固定資產循環作業，為因應「實體安全」風險——資產遭盜取（風險三大屬性—財務報導：（未填）；營運：[營運] 資產遭盜取；法令遵循：（未填）；RoMM：（RoMM 分類未填）；重大科目／聲明：資產／（聲明未填）），設計控制目標為「固定資產應有適當之安全控管」。由1. 行政單位
2. 保管單位以人工方式、採預防性控制取向、屬（類型未填）類型，依不定期執行下列控制活動：固定資產應黏貼行政單位列印及發放之資產標籤，該標籤應包含經順序編號之固定資產編號及相關之資產內容。。控制執行時使用之 IUC／制度為「ERP系統」。投入（Inputs）：ERP系統。覆核／執行步驟（Specific activities）：固定資產應黏貼行政單位列印及發放之資產標籤，該標籤應包含經順序編號之固定資產編號及相關之資產內容。。產出（Outputs）：資產標籤。","[固定資產循環｜實體安全] 固定資產應有適當之安全控管：固定資產應黏貼行政單位列印及發放之資產標籤，該標籤應包含經順序編號之固定資產編號及相關之資產內容。（頻率：不定期；負責：1. 行政單位
2. 保管單位；IUC：ERP系統）",CF105-5,RCM;固定資產循環;累積範本;去識別範本,2026-08-26 16:28:11
PL-CF105-6,固定資產交易及折舊應正確記錄於適當之會計期間。,固定資產循環,CF-105,不動產、廠房及設備取得作業,會計,會計,對會計分錄的控制不足,報導面,[財務報導] 對會計分錄的控制不足,,,,資產,,固定資產交易及折舊應正確記錄於適當之會計期間。,權責主管應複核固定資產折舊計算，並確認係記錄於適當之會計期間。,每月,會計單位,ERP系統,ERP系統,固定資產管理辦法,,"1. 財產目錄
2. 固定資產變動表",,,,,,,人工,偵測性 (Detective),,,,"1. 財產目錄
2. 固定資產變動表",,,"就公司現行固定資產循環作業，為因應「會計」風險——對會計分錄的控制不足（風險三大屬性—財務報導：[財務報導] 對會計分錄的控制不足；營運：（未填）；法令遵循：（未填）；RoMM：（RoMM 分類未填）；重大科目／聲明：資產／（聲明未填）），設計控制目標為「固定資產交易及折舊應正確記錄於適當之會計期間。」。由會計單位以人工方式、採偵測性控制取向、屬（類型未填）類型，依每月執行下列控制活動：權責主管應複核固定資產折舊計算，並確認係記錄於適當之會計期間。。控制執行時使用之 IUC／制度為「ERP系統」。投入（Inputs）：ERP系統。覆核／執行步驟（Specific activities）：權責主管應複核固定資產折舊計算，並確認係記錄於適當之會計期間。。產出（Outputs）：1. 財產目錄
2. 固定資產變動表。",[固定資產循環｜會計] 固定資產交易及折舊應正確記錄於適當之會計期間。：權責主管應複核固定資產折舊計算，並確認係記錄於適當之會計期間。（頻率：每月；負責：會計單位；IUC：ERP系統）,CF105-6,RCM;固定資產循環;累積範本;去識別範本,2026-08-26 16:28:11
PL-CF105-7,固定資產交易及折舊應正確記錄於適當之會計期間。,固定資產循環,CF-105,不動產、廠房及設備取得作業,會計,會計,資產實體資訊與財務資訊的不一致,報導面,[財務報導] 資產實體資訊與財務資訊的不一致,,,,資產,,固定資產交易及折舊應正確記錄於適當之會計期間。,由系統控制之固定資產累計折舊帳列金額應能自動結轉至下期，以確保累計折舊帳列金額正確性及有效性。,每年,會計單位,ERP系統,ERP系統,固定資產管理辦法,,,,,,,,,自動,預防性 (Preventive),,,,,,,就公司現行固定資產循環作業，為因應「會計」風險——資產實體資訊與財務資訊的不一致（風險三大屬性—財務報導：[財務報導] 資產實體資訊與財務資訊的不一致；營運：（未填）；法令遵循：（未填）；RoMM：（RoMM 分類未填）；重大科目／聲明：資產／（聲明未填）），設計控制目標為「固定資產交易及折舊應正確記錄於適當之會計期間。」。由會計單位以自動方式、採預防性控制取向、屬（類型未填）類型，依每年執行下列控制活動：由系統控制之固定資產累計折舊帳列金額應能自動結轉至下期，以確保累計折舊帳列金額正確性及有效性。。控制執行時使用之 IUC／制度為「ERP系統」。投入（Inputs）：ERP系統。覆核／執行步驟（Specific activities）：由系統控制之固定資產累計折舊帳列金額應能自動結轉至下期，以確保累計折舊帳列金額正確性及有效性。。產出（Outputs）：（請補充控制產出／留存軌跡）。,[固定資產循環｜會計] 固定資產交易及折舊應正確記錄於適當之會計期間。：由系統控制之固定資產累計折舊帳列金額應能自動結轉至下期，以確保累計折舊帳列金額正確性及有效性。（頻率：每年；負責：會計單位；IUC：ERP系統）,CF105-7,RCM;固定資產循環;累積範本;去識別範本,2026-08-26 16:28:11
PL-CF105-8,固定資產交易及折舊應正確記錄於適當之會計期間。,固定資產循環,CF-105,不動產、廠房及設備取得作業,會計準則及政策遵循,會計準則及政策遵循,不適當的會計制度,報導面,[財務報導] 不適當的會計制度,,,,資產,,固定資產交易及折舊應正確記錄於適當之會計期間。,折舊提列方式之選用及折舊率應定期評估，以確認公司所選用之折舊提列方式及折舊率係屬合理並符合一般公認會計原則。,每年,會計單位,固定資產殘值、耐用年限及折舊方法年度Review報告,,固定資產管理辦法,,固定資產殘值、耐用年限及折舊方法年度Review報告,,,,,,,人工,偵測性 (Detective),,,,固定資產殘值、耐用年限及折舊方法年度Review報告,,,就公司現行固定資產循環作業，為因應「會計準則及政策遵循」風險——不適當的會計制度（風險三大屬性—財務報導：[財務報導] 不適當的會計制度；營運：（未填）；法令遵循：（未填）；RoMM：（RoMM 分類未填）；重大科目／聲明：資產／（聲明未填）），設計控制目標為「固定資產交易及折舊應正確記錄於適當之會計期間。」。由會計單位以人工方式、採偵測性控制取向、屬（類型未填）類型，依每年執行下列控制活動：折舊提列方式之選用及折舊率應定期評估，以確認公司所選用之折舊提列方式及折舊率係屬合理並符合一般公認會計原則。。控制執行時使用之 IUC／制度為「固定資產殘值、耐用年限及折舊方法年度Review報告」。投入（Inputs）：固定資產殘值、耐用年限及折舊方法年度Review報告。覆核／執行步驟（Specific activities）：折舊提列方式之選用及折舊率應定期評估，以確認公司所選用之折舊提列方式及折舊率係屬合理並符合一般公認會計原則。。產出（Outputs）：固定資產殘值、耐用年限及折舊方法年度Review報告。,[固定資產循環｜會計準則及政策遵循] 固定資產交易及折舊應正確記錄於適當之會計期間。：折舊提列方式之選用及折舊率應定期評估，以確認公司所選用之折舊提列方式及折舊率係屬合理並符合一般公認會計原則。（頻率：每年；負責：會計單位；IUC：固定資產殘值、耐用年限及折舊方法年度Review報告）,CF105-8,RCM;固定資產循環;累積範本;去識別範本,2026-08-26 16:28:11
PL-CF105-9,公司資產應經權責主管適當核准，並正確記錄。,固定資產循環,CF-105,不動產、廠房及設備取得作業,會計,會計,不實的財務資訊,報導面,[財務報導] 不實的財務資訊,,,,資產,,公司資產應經權責主管適當核准，並正確記錄。,權責主管應定期覆核固定資產目錄及固定資產主檔是否可與總帳相互調節。若有任何需調節之項目應分析追查原因並即時調整。,每月,會計單位,ERP系統,ERP系統,固定資產管理辦法,,"1. 財產目錄
2. 使用權資產明細",,,,,,,人工,偵測性 (Detective),,,,"1. 財產目錄
2. 使用權資產明細",,,"就公司現行固定資產循環作業，為因應「會計」風險——不實的財務資訊（風險三大屬性—財務報導：[財務報導] 不實的財務資訊；營運：（未填）；法令遵循：（未填）；RoMM：（RoMM 分類未填）；重大科目／聲明：資產／（聲明未填）），設計控制目標為「公司資產應經權責主管適當核准，並正確記錄。」。由會計單位以人工方式、採偵測性控制取向、屬（類型未填）類型，依每月執行下列控制活動：權責主管應定期覆核固定資產目錄及固定資產主檔是否可與總帳相互調節。若有任何需調節之項目應分析追查原因並即時調整。。控制執行時使用之 IUC／制度為「ERP系統」。投入（Inputs）：ERP系統。覆核／執行步驟（Specific activities）：權責主管應定期覆核固定資產目錄及固定資產主檔是否可與總帳相互調節。若有任何需調節之項目應分析追查原因並即時調整。。產出（Outputs）：1. 財產目錄
2. 使用權資產明細。",[固定資產循環｜會計] 公司資產應經權責主管適當核准，並正確記錄。：權責主管應定期覆核固定資產目錄及固定資產主檔是否可與總帳相互調節。若有任何需調節之項目應分析追查原因並即時調整。（頻率：每月；負責：會計單位；IUC：ERP系統）,CF105-9,RCM;固定資產循環;累積範本;去識別範本,2026-08-26 16:28:11
PL-CF105-10,預算應有效且正確地被執行。,固定資產循環,CF-105,不動產、廠房及設備取得作業,財務計畫／預算／預測,財務計畫／預算／預測,缺乏監督計劃及預算之能力,營運面,,[營運] 缺乏監督計劃及預算之能力,,,資產,,預算應有效且正確地被執行。,權責主管應覆核固定資產實際資本支出與預算之比較。,每月,Refer o 採購循環 CP101-4,Refer o 採購循環 CP101-4,Refer o 採購循環 CP101-4,Refer o 採購循環 CP101-4,Refer o 採購循環 CP101-4,Refer o 採購循環 CP101-4,,,,,,,人工,偵測性 (Detective),,,,Refer o 採購循環 CP101-4,,,就公司現行固定資產循環作業，為因應「財務計畫／預算／預測」風險——缺乏監督計劃及預算之能力（風險三大屬性—財務報導：（未填）；營運：[營運] 缺乏監督計劃及預算之能力；法令遵循：（未填）；RoMM：（RoMM 分類未填）；重大科目／聲明：資產／（聲明未填）），設計控制目標為「預算應有效且正確地被執行。」。由Refer o 採購循環 CP101-4以人工方式、採偵測性控制取向、屬（類型未填）類型，依每月執行下列控制活動：權責主管應覆核固定資產實際資本支出與預算之比較。。控制執行時使用之 IUC／制度為「Refer o 採購循環 CP101-4」。投入（Inputs）：Refer o 採購循環 CP101-4。覆核／執行步驟（Specific activities）：權責主管應覆核固定資產實際資本支出與預算之比較。。產出（Outputs）：Refer o 採購循環 CP101-4。,[固定資產循環｜財務計畫／預算／預測] 預算應有效且正確地被執行。：權責主管應覆核固定資產實際資本支出與預算之比較。（頻率：每月；負責：Refer o 採購循環 CP101-4；IUC：Refer o 採購循環 CP101-4）,CF105-10,RCM;固定資產循環;累積範本;去識別範本,2026-08-26 16:28:11
PL-CF105-11,公司資產應經權責主管適當核准，並正確記錄。,固定資產循環,CF-105,不動產、廠房及設備取得作業,流程管理,流程管理,無法追踪資產及相關資訊,營運面,,[營運] 無法追踪資產及相關資訊,,,資產,,公司資產應經權責主管適當核准，並正確記錄。,資產為展示機（Demo）或客戶寄放之資產（Consign）應編製資產控管表管理。,不定期,Refer o CF105-1、CF105-5,Refer o CF105-1、CF105-5,Refer o CF105-1、CF105-5,Refer o CF105-1、CF105-5,Refer o CF105-1、CF105-5,Refer o CF105-1、CF105-5,,,,,,,人工,預防性 (Preventive),,,,Refer o CF105-1、CF105-5,,,就公司現行固定資產循環作業，為因應「流程管理」風險——無法追踪資產及相關資訊（風險三大屬性—財務報導：（未填）；營運：[營運] 無法追踪資產及相關資訊；法令遵循：（未填）；RoMM：（RoMM 分類未填）；重大科目／聲明：資產／（聲明未填）），設計控制目標為「公司資產應經權責主管適當核准，並正確記錄。」。由Refer o CF105-1、CF105-5以人工方式、採預防性控制取向、屬（類型未填）類型，依不定期執行下列控制活動：資產為展示機（Demo）或客戶寄放之資產（Consign）應編製資產控管表管理。。控制執行時使用之 IUC／制度為「Refer o CF105-1、CF105-5」。投入（Inputs）：Refer o CF105-1、CF105-5。覆核／執行步驟（Specific activities）：資產為展示機（Demo）或客戶寄放之資產（Consign）應編製資產控管表管理。。產出（Outputs）：Refer o CF105-1、CF105-5。,[固定資產循環｜流程管理] 公司資產應經權責主管適當核准，並正確記錄。：資產為展示機（Demo）或客戶寄放之資產（Consign）應編製資產控管表管理。（頻率：不定期；負責：Refer o CF105-1、CF105-5；IUC：Refer o CF105-1、CF105-5）,CF105-11,RCM;固定資產循環;累積範本;去識別範本,2026-08-26 16:28:11
PL-CF106-1,固定資產應有適當之安全控管,固定資產循環,CF-106,不動產、廠房及設備保管及維護作業,運用,運用,資產挪用／侵吞,營運面,,[營運] 資產挪用／侵吞,,,,,固定資產應有適當之安全控管,固定資產之存放區域應有適當安全管控機制，避免非經授權人員之接近。,持續,保管單位,"1. 各單位門禁權限確認表
2. 人員出入登記簿
3. 監視器畫面",,門禁管制管理辦法,,"1. 各單位門禁權限確認表
2. 人員出入登記簿
3. 監視器畫面",,,,,,,人工,預防性 (Preventive),,,,"1. 各單位門禁權限確認表
2. 人員出入登記簿
3. 監視器畫面",,,"就公司現行固定資產循環作業，為因應「運用」風險——資產挪用／侵吞（風險三大屬性—財務報導：（未填）；營運：[營運] 資產挪用／侵吞；法令遵循：（未填）；RoMM：（RoMM 分類未填）；重大科目／聲明：（重大科目未填）／（聲明未填）），設計控制目標為「固定資產應有適當之安全控管」。由保管單位以人工方式、採預防性控制取向、屬（類型未填）類型，依持續執行下列控制活動：固定資產之存放區域應有適當安全管控機制，避免非經授權人員之接近。。控制執行時使用之 IUC／制度為「1. 各單位門禁權限確認表
2. 人員出入登記簿
3. 監視器畫面」。投入（Inputs）：1. 各單位門禁權限確認表
2. 人員出入登記簿
3. 監視器畫面。覆核／執行步驟（Specific activities）：固定資產之存放區域應有適當安全管控機制，避免非經授權人員之接近。。產出（Outputs）：1. 各單位門禁權限確認表
2. 人員出入登記簿
3. 監視器畫面。","[固定資產循環｜運用] 固定資產應有適當之安全控管：固定資產之存放區域應有適當安全管控機制，避免非經授權人員之接近。（頻率：持續；負責：保管單位；IUC：1. 各單位門禁權限確認表
2. 人員出入登記簿
3. 監視器畫面）",CF106-1,RCM;固定資產循環;累積範本;去識別範本,2026-08-26 16:28:11
PL-CF106-2,公司資產應經權責主管適當核准，並正確記錄。,固定資產循環,CF-106,不動產、廠房及設備保管及維護作業,法定報告,法定報告,未完整辨識所有法定要求申報事項,遵循面,,,[法令遵循] 未完整辨識所有法定要求申報事項,,,,公司資產應經權責主管適當核准，並正確記錄。,固定資產移轉相關表單應經相關單位會簽。,不定期,"1. 保管單位
2. 職安單位","移轉資產（一般）:
1. 固定資產異動單
移轉資產（放射性設備／環保管制資產）:
1. 固定資產異動單
2. 於行政院輻射防護管制系統登記紀錄
3. 行政院核可證明",,固定資產管理辦法,游離輻射法,"移轉資產（一般）:
1. 固定資產異動單
移轉資產（放射性設備／環保管制資產）:
1. 固定資產異動單
2. 於行政院輻射防護管制系統登記紀錄
3. 行政院核可證明",,,,,,,人工,預防性 (Preventive),,,,"移轉資產（一般）:
1. 固定資產異動單
移轉資產（放射性設備／環保管制資產）:
1. 固定資產異動單
2. 於行政院輻射防護管制系統登記紀錄
3. 行政院核可證明",,,"就公司現行固定資產循環作業，為因應「法定報告」風險——未完整辨識所有法定要求申報事項（風險三大屬性—財務報導：（未填）；營運：（未填）；法令遵循：[法令遵循] 未完整辨識所有法定要求申報事項；RoMM：（RoMM 分類未填）；重大科目／聲明：（重大科目未填）／（聲明未填）），設計控制目標為「公司資產應經權責主管適當核准，並正確記錄。」。由1. 保管單位
2. 職安單位以人工方式、採預防性控制取向、屬（類型未填）類型，依不定期執行下列控制活動：固定資產移轉相關表單應經相關單位會簽。。控制執行時使用之 IUC／制度為「移轉資產（一般）:
1. 固定資產異動單
移轉資產（放射性設備／環保管制資產）:
1. 固定資產異動單
2. 於行政院輻射防護管制系統登記紀錄
3. 行政院核可證明」。投入（Inputs）：移轉資產（一般）:
1. 固定資產異動單
移轉資產（放射性設備／環保管制資產）:
1. 固定資產異動單
2. 於行政院輻射防護管制系統登記紀錄
3. 行政院核可證明。覆核／執行步驟（Specific activities）：固定資產移轉相關表單應經相關單位會簽。。產出（Outputs）：移轉資產（一般）:
1. 固定資產異動單
移轉資產（放射性設備／環保管制資產）:
1. 固定資產異動單
2. 於行政院輻射防護管制系統登記紀錄
3. 行政院核可證明。","[固定資產循環｜法定報告] 公司資產應經權責主管適當核准，並正確記錄。：固定資產移轉相關表單應經相關單位會簽。（頻率：不定期；負責：1. 保管單位
2. 職安單位；IUC：移轉資產（一般）:
1. 固定資產異動單
移轉資產（放射性設備／環保管制資產）:
1. 固定資產異動單
2. 於行政院輻射防護管制系統登記紀錄
3. 行政院核可證明）",CF106-2,RCM;固定資產循環;累積範本;去識別範本,2026-08-26 16:28:11
PL-CF106-3,公司資產應經權責主管適當核准，並正確記錄。,固定資產循環,CF-106,不動產、廠房及設備保管及維護作業,道德文化／管理階層基調,道德文化／管理階層基調,未能監督及控管未經授權之活動,營運面,,[營運] 未能監督及控管未經授權之活動,,,,,公司資產應經權責主管適當核准，並正確記錄。,固定資產目錄及固定資產主檔之新增、修改及刪除應依據權責主管核准之表單進行，以確保資料輸入之正確性。,不定期,"1. 行政單位
2. 會計單位",ERP 系統,ERP 系統,固定資產管理辦法,,固定資產異動單,,,,,,,人工,預防性 (Preventive),,,,固定資產異動單,,,"就公司現行固定資產循環作業，為因應「道德文化／管理階層基調」風險——未能監督及控管未經授權之活動（風險三大屬性—財務報導：（未填）；營運：[營運] 未能監督及控管未經授權之活動；法令遵循：（未填）；RoMM：（RoMM 分類未填）；重大科目／聲明：（重大科目未填）／（聲明未填）），設計控制目標為「公司資產應經權責主管適當核准，並正確記錄。」。由1. 行政單位
2. 會計單位以人工方式、採預防性控制取向、屬（類型未填）類型，依不定期執行下列控制活動：固定資產目錄及固定資產主檔之新增、修改及刪除應依據權責主管核准之表單進行，以確保資料輸入之正確性。。控制執行時使用之 IUC／制度為「ERP 系統」。投入（Inputs）：ERP 系統。覆核／執行步驟（Specific activities）：固定資產目錄及固定資產主檔之新增、修改及刪除應依據權責主管核准之表單進行，以確保資料輸入之正確性。。產出（Outputs）：固定資產異動單。","[固定資產循環｜道德文化／管理階層基調] 公司資產應經權責主管適當核准，並正確記錄。：固定資產目錄及固定資產主檔之新增、修改及刪除應依據權責主管核准之表單進行，以確保資料輸入之正確性。（頻率：不定期；負責：1. 行政單位
2. 會計單位；IUC：ERP 系統）",CF106-3,RCM;固定資產循環;累積範本;去識別範本,2026-08-26 16:28:11
PL-CF106-4,固定資產主檔之異動應經適當授權並驗證其正確性。,固定資產循環,CF-106,不動產、廠房及設備保管及維護作業,資訊安全,資訊安全,無效果／無效率的存取控制,營運面,,[營運] 無效果／無效率的存取控制,,,資產,,固定資產主檔之異動應經適當授權並驗證其正確性。,負責維護固定資產主檔之人員應經權責主管之適當授權，並將其權限設定於應用系統中。,持續,"1. 行政單位
2. 會計單位
3. 資訊單位",ERP 系統,ERP 系統,固定資產管理辦法,,具備維護ERP固定資產主檔及固定資產目錄之人員權限清單,,,,,,,自動,預防性 (Preventive),,,,具備維護ERP固定資產主檔及固定資產目錄之人員權限清單,,,"就公司現行固定資產循環作業，為因應「資訊安全」風險——無效果／無效率的存取控制（風險三大屬性—財務報導：（未填）；營運：[營運] 無效果／無效率的存取控制；法令遵循：（未填）；RoMM：（RoMM 分類未填）；重大科目／聲明：資產／（聲明未填）），設計控制目標為「固定資產主檔之異動應經適當授權並驗證其正確性。」。由1. 行政單位
2. 會計單位
3. 資訊單位以自動方式、採預防性控制取向、屬（類型未填）類型，依持續執行下列控制活動：負責維護固定資產主檔之人員應經權責主管之適當授權，並將其權限設定於應用系統中。。控制執行時使用之 IUC／制度為「ERP 系統」。投入（Inputs）：ERP 系統。覆核／執行步驟（Specific activities）：負責維護固定資產主檔之人員應經權責主管之適當授權，並將其權限設定於應用系統中。。產出（Outputs）：具備維護ERP固定資產主檔及固定資產目錄之人員權限清單。","[固定資產循環｜資訊安全] 固定資產主檔之異動應經適當授權並驗證其正確性。：負責維護固定資產主檔之人員應經權責主管之適當授權，並將其權限設定於應用系統中。（頻率：持續；負責：1. 行政單位
2. 會計單位
3. 資訊單位；IUC：ERP 系統）",CF106-4,RCM;固定資產循環;累積範本;去識別範本,2026-08-26 16:28:11
PL-CF106-5,資產異動應按規定處理並經適當核准。,固定資產循環,CF-106,不動產、廠房及設備保管及維護作業,會計,會計,不實的財務資訊,報導面,[財務報導] 不實的財務資訊,,,,資產,,資產異動應按規定處理並經適當核准。,出租資產應經權責主管核准並訂定契約或相關文件規範。,,,,,,,,,,,,,,人工,預防性 (Preventive),,,,,,,就公司現行固定資產循環作業，為因應「會計」風險——不實的財務資訊（風險三大屬性—財務報導：[財務報導] 不實的財務資訊；營運：（未填）；法令遵循：（未填）；RoMM：（RoMM 分類未填）；重大科目／聲明：資產／（聲明未填）），設計控制目標為「資產異動應按規定處理並經適當核准。」。由（負責單位未填）以人工方式、採預防性控制取向、屬（類型未填）類型，依（頻率未填）執行下列控制活動：出租資產應經權責主管核准並訂定契約或相關文件規範。。控制執行時使用之 IUC／制度為「（未指定 IUC／制度）」。投入（Inputs）：（請補充投入資訊）。覆核／執行步驟（Specific activities）：出租資產應經權責主管核准並訂定契約或相關文件規範。。產出（Outputs）：（請補充控制產出／留存軌跡）。,[固定資產循環｜會計] 資產異動應按規定處理並經適當核准。：出租資產應經權責主管核准並訂定契約或相關文件規範。（頻率：—；負責：—；IUC：—）,CF106-5,RCM;固定資產循環;累積範本;去識別範本,2026-08-26 16:28:11
PL-CF106-6,固定資產應有適當之安全控管,固定資產循環,CF-106,不動產、廠房及設備保管及維護作業,實體安全,實體安全,未實施安全控制,營運面,,[營運] 未實施安全控制,,,,,固定資產應有適當之安全控管,警衛/倉管應監督所有進出廠區之人員及車輛以確保載運出廠區之物品皆經適當之核准並備有相關核准文件（如出貨單）。,不定期,行政單位,物品出入廠放行單,,門禁管制管理辦法,,物品出入廠放行單,,,,,,,人工,偵測性 (Detective),,,,物品出入廠放行單,,,就公司現行固定資產循環作業，為因應「實體安全」風險——未實施安全控制（風險三大屬性—財務報導：（未填）；營運：[營運] 未實施安全控制；法令遵循：（未填）；RoMM：（RoMM 分類未填）；重大科目／聲明：（重大科目未填）／（聲明未填）），設計控制目標為「固定資產應有適當之安全控管」。由行政單位以人工方式、採偵測性控制取向、屬（類型未填）類型，依不定期執行下列控制活動：警衛/倉管應監督所有進出廠區之人員及車輛以確保載運出廠區之物品皆經適當之核准並備有相關核准文件（如出貨單）。。控制執行時使用之 IUC／制度為「物品出入廠放行單」。投入（Inputs）：物品出入廠放行單。覆核／執行步驟（Specific activities）：警衛/倉管應監督所有進出廠區之人員及車輛以確保載運出廠區之物品皆經適當之核准並備有相關核准文件（如出貨單）。。產出（Outputs）：物品出入廠放行單。,[固定資產循環｜實體安全] 固定資產應有適當之安全控管：警衛/倉管應監督所有進出廠區之人員及車輛以確保載運出廠區之物品皆經適當之核准並備有相關核准文件（如出貨單）。（頻率：不定期；負責：行政單位；IUC：物品出入廠放行單）,CF106-6,RCM;固定資產循環;累積範本;去識別範本,2026-08-26 16:28:11
PL-CF106-7,固定資產可有效運行。,固定資產循環,CF-106,不動產、廠房及設備保管及維護作業,外包,外包,供應商未能達到外包服務要求,營運面,,[營運] 供應商未能達到外包服務要求,,,,,固定資產可有效運行。,屬外部廠商保養之設備維護，應有權責人員定期檢視，確認外部廠商，依契約規範執行。,每月,保管單位,設備定期保養紀錄表,,設備與治工具管理作業程序,,設備定期保養紀錄表,,,,,,,人工,偵測性 (Detective),,,,設備定期保養紀錄表,,,就公司現行固定資產循環作業，為因應「外包」風險——供應商未能達到外包服務要求（風險三大屬性—財務報導：（未填）；營運：[營運] 供應商未能達到外包服務要求；法令遵循：（未填）；RoMM：（RoMM 分類未填）；重大科目／聲明：（重大科目未填）／（聲明未填）），設計控制目標為「固定資產可有效運行。」。由保管單位以人工方式、採偵測性控制取向、屬（類型未填）類型，依每月執行下列控制活動：屬外部廠商保養之設備維護，應有權責人員定期檢視，確認外部廠商，依契約規範執行。。控制執行時使用之 IUC／制度為「設備定期保養紀錄表」。投入（Inputs）：設備定期保養紀錄表。覆核／執行步驟（Specific activities）：屬外部廠商保養之設備維護，應有權責人員定期檢視，確認外部廠商，依契約規範執行。。產出（Outputs）：設備定期保養紀錄表。,[固定資產循環｜外包] 固定資產可有效運行。：屬外部廠商保養之設備維護，應有權責人員定期檢視，確認外部廠商，依契約規範執行。（頻率：每月；負責：保管單位；IUC：設備定期保養紀錄表）,CF106-7,RCM;固定資產循環;累積範本;去識別範本,2026-08-26 16:28:11
PL-CF106-8,公司資產應經權責主管適當核准，並正確記錄。,固定資產循環,CF-106,不動產、廠房及設備保管及維護作業,設施與設備,設施與設備,資產實體資訊與財務資訊的不一致,報導面,[財務報導] 資產實體資訊與財務資訊的不一致,,,,資產,,公司資產應經權責主管適當核准，並正確記錄。,不動產、廠房及設備應定期執行盤點。盤點結果應予以記錄，並呈報權責主管核備。,每年,"1. 保管單位
2. 會計單位",ERP 系統,ERP 系統,"1. 固定資產管理辦法
2. 固定資產報廢管理辦法
3. 盤點管理辦法",,"1. 盤點計劃書
2. 資產盤點清冊
3. 固定資產盤點盈虧明細表
4. 固定資產盤點差異說明表",,,,,,,人工,預防性 (Preventive),,,,"1. 盤點計劃書
2. 資產盤點清冊
3. 固定資產盤點盈虧明細表
4. 固定資產盤點差異說明表",,,"就公司現行固定資產循環作業，為因應「設施與設備」風險——資產實體資訊與財務資訊的不一致（風險三大屬性—財務報導：[財務報導] 資產實體資訊與財務資訊的不一致；營運：（未填）；法令遵循：（未填）；RoMM：（RoMM 分類未填）；重大科目／聲明：資產／（聲明未填）），設計控制目標為「公司資產應經權責主管適當核准，並正確記錄。」。由1. 保管單位
2. 會計單位以人工方式、採預防性控制取向、屬（類型未填）類型，依每年執行下列控制活動：不動產、廠房及設備應定期執行盤點。盤點結果應予以記錄，並呈報權責主管核備。。控制執行時使用之 IUC／制度為「ERP 系統」。投入（Inputs）：ERP 系統。覆核／執行步驟（Specific activities）：不動產、廠房及設備應定期執行盤點。盤點結果應予以記錄，並呈報權責主管核備。。產出（Outputs）：1. 盤點計劃書
2. 資產盤點清冊
3. 固定資產盤點盈虧明細表
4. 固定資產盤點差異說明表。","[固定資產循環｜設施與設備] 公司資產應經權責主管適當核准，並正確記錄。：不動產、廠房及設備應定期執行盤點。盤點結果應予以記錄，並呈報權責主管核備。（頻率：每年；負責：1. 保管單位
2. 會計單位；IUC：ERP 系統）",CF106-8,RCM;固定資產循環;累積範本;去識別範本,2026-08-26 16:28:11
PL-CF106-9,固定資產主檔之異動應經適當授權並驗證其正確性。,固定資產循環,CF-106,不動產、廠房及設備保管及維護作業,資訊安全,資訊安全,無效果／無效率的存取控制,營運面,,[營運] 無效果／無效率的存取控制,,,資產,,固定資產主檔之異動應經適當授權並驗證其正確性。,依照固定資產盤點結果，進行固定資產資訊變動申請之人員應經權責主管適當授權，並將其權限設定於應用系統中。,持續,"1. 行政單位
2. 會計單位
3. 資訊單位",ERP 系統,ERP 系統,"1. 固定資產管理辦法
2. 盤點管理辦法",,具備申請ERP固定資產變動申請之人員權限清單,,,,,,,自動,預防性 (Preventive),,,,具備申請ERP固定資產變動申請之人員權限清單,,,"就公司現行固定資產循環作業，為因應「資訊安全」風險——無效果／無效率的存取控制（風險三大屬性—財務報導：（未填）；營運：[營運] 無效果／無效率的存取控制；法令遵循：（未填）；RoMM：（RoMM 分類未填）；重大科目／聲明：資產／（聲明未填）），設計控制目標為「固定資產主檔之異動應經適當授權並驗證其正確性。」。由1. 行政單位
2. 會計單位
3. 資訊單位以自動方式、採預防性控制取向、屬（類型未填）類型，依持續執行下列控制活動：依照固定資產盤點結果，進行固定資產資訊變動申請之人員應經權責主管適當授權，並將其權限設定於應用系統中。。控制執行時使用之 IUC／制度為「ERP 系統」。投入（Inputs）：ERP 系統。覆核／執行步驟（Specific activities）：依照固定資產盤點結果，進行固定資產資訊變動申請之人員應經權責主管適當授權，並將其權限設定於應用系統中。。產出（Outputs）：具備申請ERP固定資產變動申請之人員權限清單。","[固定資產循環｜資訊安全] 固定資產主檔之異動應經適當授權並驗證其正確性。：依照固定資產盤點結果，進行固定資產資訊變動申請之人員應經權責主管適當授權，並將其權限設定於應用系統中。（頻率：持續；負責：1. 行政單位
2. 會計單位
3. 資訊單位；IUC：ERP 系統）",CF106-9,RCM;固定資產循環;累積範本;去識別範本,2026-08-26 16:28:11
PL-CF106-10,公司資產應經權責主管適當核准，並正確記錄。,固定資產循環,CF-106,不動產、廠房及設備保管及維護作業,設施與設備,設施與設備,資產實體資訊與財務資訊的不一致,報導面,[財務報導] 資產實體資訊與財務資訊的不一致,,,,資產,,公司資產應經權責主管適當核准，並正確記錄。,盤點結果與帳載紀錄不符，應填寫固定資產移轉等相關表單，並經權責主管核准後，始予調整財產目錄。,每年,會計單位,ERP 系統,ERP 系統,"1. 固定資產管理辦法
2. 固定資產報廢管理辦法",,"1. 固定資產異動單
2. 財產目錄",,,,,,,人工,預防性 (Preventive),,,,"1. 固定資產異動單
2. 財產目錄",,,"就公司現行固定資產循環作業，為因應「設施與設備」風險——資產實體資訊與財務資訊的不一致（風險三大屬性—財務報導：[財務報導] 資產實體資訊與財務資訊的不一致；營運：（未填）；法令遵循：（未填）；RoMM：（RoMM 分類未填）；重大科目／聲明：資產／（聲明未填）），設計控制目標為「公司資產應經權責主管適當核准，並正確記錄。」。由會計單位以人工方式、採預防性控制取向、屬（類型未填）類型，依每年執行下列控制活動：盤點結果與帳載紀錄不符，應填寫固定資產移轉等相關表單，並經權責主管核准後，始予調整財產目錄。。控制執行時使用之 IUC／制度為「ERP 系統」。投入（Inputs）：ERP 系統。覆核／執行步驟（Specific activities）：盤點結果與帳載紀錄不符，應填寫固定資產移轉等相關表單，並經權責主管核准後，始予調整財產目錄。。產出（Outputs）：1. 固定資產異動單
2. 財產目錄。",[固定資產循環｜設施與設備] 公司資產應經權責主管適當核准，並正確記錄。：盤點結果與帳載紀錄不符，應填寫固定資產移轉等相關表單，並經權責主管核准後，始予調整財產目錄。（頻率：每年；負責：會計單位；IUC：ERP 系統）,CF106-10,RCM;固定資產循環;累積範本;去識別範本,2026-08-26 16:28:11
PL-CF107-1,經記錄之固定資產處分應實際辦理處分，並經正確計算及記錄。,固定資產循環,CF-107,不動產、廠房及設備處分作業,會計,會計,不實的財務資訊,報導面,[財務報導] 不實的財務資訊,,,,資產,,經記錄之固定資產處分應實際辦理處分，並經正確計算及記錄。,固定資產異動單或相關表單應經權責主管核准。,不定期,保管單位,固定資產異動單,,"1. 固定資產管理辦法
2. 固定資產報廢管理辦法",,固定資產異動單,,,,,,,人工,預防性 (Preventive),,,,固定資產異動單,,,就公司現行固定資產循環作業，為因應「會計」風險——不實的財務資訊（風險三大屬性—財務報導：[財務報導] 不實的財務資訊；營運：（未填）；法令遵循：（未填）；RoMM：（RoMM 分類未填）；重大科目／聲明：資產／（聲明未填）），設計控制目標為「經記錄之固定資產處分應實際辦理處分，並經正確計算及記錄。」。由保管單位以人工方式、採預防性控制取向、屬（類型未填）類型，依不定期執行下列控制活動：固定資產異動單或相關表單應經權責主管核准。。控制執行時使用之 IUC／制度為「固定資產異動單」。投入（Inputs）：固定資產異動單。覆核／執行步驟（Specific activities）：固定資產異動單或相關表單應經權責主管核准。。產出（Outputs）：固定資產異動單。,[固定資產循環｜會計] 經記錄之固定資產處分應實際辦理處分，並經正確計算及記錄。：固定資產異動單或相關表單應經權責主管核准。（頻率：不定期；負責：保管單位；IUC：固定資產異動單）,CF107-1,RCM;固定資產循環;累積範本;去識別範本,2026-08-26 16:28:11
PL-CF107-2,經記錄之固定資產處分應實際辦理處分，並經正確計算及記錄。,固定資產循環,CF-107,不動產、廠房及設備處分作業,法定報告,法定報告,未完整辨識所有法定要求申報事項,遵循面,,,[法令遵循] 未完整辨識所有法定要求申報事項,,,,經記錄之固定資產處分應實際辦理處分，並經正確計算及記錄。,廠房及設備報廢，需核備主管機關者，應呈報主管機關核備。,不定期,"1. 會計單位
2. 行政單位","1. 固定資產異動單
2. 報廢明細
3. 核可證明",,"1. 固定資產管理辦法
2. 固定資產報廢管理辦法","1. 營利事業所得稅查核準則
2. 游離輻射法","1. 固定資產異動單
2. 報廢明細
3. 核可證明",,,,,,,人工,預防性 (Preventive),,,,"1. 固定資產異動單
2. 報廢明細
3. 核可證明",,,"就公司現行固定資產循環作業，為因應「法定報告」風險——未完整辨識所有法定要求申報事項（風險三大屬性—財務報導：（未填）；營運：（未填）；法令遵循：[法令遵循] 未完整辨識所有法定要求申報事項；RoMM：（RoMM 分類未填）；重大科目／聲明：（重大科目未填）／（聲明未填）），設計控制目標為「經記錄之固定資產處分應實際辦理處分，並經正確計算及記錄。」。由1. 會計單位
2. 行政單位以人工方式、採預防性控制取向、屬（類型未填）類型，依不定期執行下列控制活動：廠房及設備報廢，需核備主管機關者，應呈報主管機關核備。。控制執行時使用之 IUC／制度為「1. 固定資產異動單
2. 報廢明細
3. 核可證明」。投入（Inputs）：1. 固定資產異動單
2. 報廢明細
3. 核可證明。覆核／執行步驟（Specific activities）：廠房及設備報廢，需核備主管機關者，應呈報主管機關核備。。產出（Outputs）：1. 固定資產異動單
2. 報廢明細
3. 核可證明。","[固定資產循環｜法定報告] 經記錄之固定資產處分應實際辦理處分，並經正確計算及記錄。：廠房及設備報廢，需核備主管機關者，應呈報主管機關核備。（頻率：不定期；負責：1. 會計單位
2. 行政單位；IUC：1. 固定資產異動單
2. 報廢明細
3. 核可證明）",CF107-2,RCM;固定資產循環;累積範本;去識別範本,2026-08-26 16:28:11
PL-CF107-3,經記錄之固定資產處分應實際辦理處分，並經正確計算及記錄。,固定資產循環,CF-107,不動產、廠房及設備處分作業,會計,會計,不實的財務資訊,報導面,[財務報導] 不實的財務資訊,,,,資產,,經記錄之固定資產處分應實際辦理處分，並經正確計算及記錄。,廠房及設備報廢，不需核備主管機關者，應依據權責主管核准後之報廢申請清單或相關表單進行銷毀。,不定期,"1. 會計單位
2. 行政單位","1. 固定資產異動單
2. 簽呈",,"1. 固定資產管理辦法
2. 固定資產報廢管理辦法",,"1. 固定資產異動單
2. 簽呈",,,,,,,人工,預防性 (Preventive),,,,"1. 固定資產異動單
2. 簽呈",,,"就公司現行固定資產循環作業，為因應「會計」風險——不實的財務資訊（風險三大屬性—財務報導：[財務報導] 不實的財務資訊；營運：（未填）；法令遵循：（未填）；RoMM：（RoMM 分類未填）；重大科目／聲明：資產／（聲明未填）），設計控制目標為「經記錄之固定資產處分應實際辦理處分，並經正確計算及記錄。」。由1. 會計單位
2. 行政單位以人工方式、採預防性控制取向、屬（類型未填）類型，依不定期執行下列控制活動：廠房及設備報廢，不需核備主管機關者，應依據權責主管核准後之報廢申請清單或相關表單進行銷毀。。控制執行時使用之 IUC／制度為「1. 固定資產異動單
2. 簽呈」。投入（Inputs）：1. 固定資產異動單
2. 簽呈。覆核／執行步驟（Specific activities）：廠房及設備報廢，不需核備主管機關者，應依據權責主管核准後之報廢申請清單或相關表單進行銷毀。。產出（Outputs）：1. 固定資產異動單
2. 簽呈。","[固定資產循環｜會計] 經記錄之固定資產處分應實際辦理處分，並經正確計算及記錄。：廠房及設備報廢，不需核備主管機關者，應依據權責主管核准後之報廢申請清單或相關表單進行銷毀。（頻率：不定期；負責：1. 會計單位
2. 行政單位；IUC：1. 固定資產異動單
2. 簽呈）",CF107-3,RCM;固定資產循環;累積範本;去識別範本,2026-08-26 16:28:11
PL-CF107-4,經記錄之固定資產處分應實際辦理處分，並經正確計算及記錄。,固定資產循環,CF-107,不動產、廠房及設備處分作業,道德文化／管理階層基調,道德文化／管理階層基調,未能監督及控管未經授權之活動,營運面,,[營運] 未能監督及控管未經授權之活動,,,,,經記錄之固定資產處分應實際辦理處分，並經正確計算及記錄。,出售不動產、廠房及設備之議價結果及相關文件應經權責主管核准。,不定期,"1.採購單位
2.行政單位",簽呈,,"1. 固定資產管理辦法
2. 固定資產報廢管理辦法",,簽呈,,,,,,,人工,預防性 (Preventive),,,,簽呈,,,"就公司現行固定資產循環作業，為因應「道德文化／管理階層基調」風險——未能監督及控管未經授權之活動（風險三大屬性—財務報導：（未填）；營運：[營運] 未能監督及控管未經授權之活動；法令遵循：（未填）；RoMM：（RoMM 分類未填）；重大科目／聲明：（重大科目未填）／（聲明未填）），設計控制目標為「經記錄之固定資產處分應實際辦理處分，並經正確計算及記錄。」。由1.採購單位
2.行政單位以人工方式、採預防性控制取向、屬（類型未填）類型，依不定期執行下列控制活動：出售不動產、廠房及設備之議價結果及相關文件應經權責主管核准。。控制執行時使用之 IUC／制度為「簽呈」。投入（Inputs）：簽呈。覆核／執行步驟（Specific activities）：出售不動產、廠房及設備之議價結果及相關文件應經權責主管核准。。產出（Outputs）：簽呈。","[固定資產循環｜道德文化／管理階層基調] 經記錄之固定資產處分應實際辦理處分，並經正確計算及記錄。：出售不動產、廠房及設備之議價結果及相關文件應經權責主管核准。（頻率：不定期；負責：1.採購單位
2.行政單位；IUC：簽呈）",CF107-4,RCM;固定資產循環;累積範本;去識別範本,2026-08-26 16:28:11
PL-CF107-5,經記錄之固定資產處分應實際辦理處分，並經正確計算及記錄。,固定資產循環,CF-107,不動產、廠房及設備處分作業,設施與設備,設施與設備,資產實體資訊與財務資訊的不一致,報導面,[財務報導] 資產實體資訊與財務資訊的不一致,,,,資產,,經記錄之固定資產處分應實際辦理處分，並經正確計算及記錄。,資產出售確認申請單或相關表單應經權責主管核准。,不定期,Refer o CF107-4,Refer o CF107-4,Refer o CF107-4,Refer o CF107-4,Refer o CF107-4,Refer o CF107-4,,,,,,,人工,預防性 (Preventive),,,,Refer o CF107-4,,,就公司現行固定資產循環作業，為因應「設施與設備」風險——資產實體資訊與財務資訊的不一致（風險三大屬性—財務報導：[財務報導] 資產實體資訊與財務資訊的不一致；營運：（未填）；法令遵循：（未填）；RoMM：（RoMM 分類未填）；重大科目／聲明：資產／（聲明未填）），設計控制目標為「經記錄之固定資產處分應實際辦理處分，並經正確計算及記錄。」。由Refer o CF107-4以人工方式、採預防性控制取向、屬（類型未填）類型，依不定期執行下列控制活動：資產出售確認申請單或相關表單應經權責主管核准。。控制執行時使用之 IUC／制度為「Refer o CF107-4」。投入（Inputs）：Refer o CF107-4。覆核／執行步驟（Specific activities）：資產出售確認申請單或相關表單應經權責主管核准。。產出（Outputs）：Refer o CF107-4。,[固定資產循環｜設施與設備] 經記錄之固定資產處分應實際辦理處分，並經正確計算及記錄。：資產出售確認申請單或相關表單應經權責主管核准。（頻率：不定期；負責：Refer o CF107-4；IUC：Refer o CF107-4）,CF107-5,RCM;固定資產循環;累積範本;去識別範本,2026-08-26 16:28:11
PL-CF107-6,經記錄之固定資產處分應實際辦理處分，並經正確計算及記錄。,固定資產循環,CF-107,不動產、廠房及設備處分作業,設施與設備,設施與設備,資產實體資訊與財務資訊的不一致,報導面,[財務報導] 資產實體資訊與財務資訊的不一致,,,,資產,,經記錄之固定資產處分應實際辦理處分，並經正確計算及記錄。,警衛應監督所有進出廠區之人員及車輛以確保載運出廠區之物品皆經適當之核准並備有相關核准文件（如：出貨單及放行單）。,不定期,Refer o CF106-6,Refer o CF106-6,Refer o CF106-6,Refer o CF106-6,Refer o CF106-6,Refer o CF106-6,,,,,,,人工,預防性 (Preventive),,,,Refer o CF106-6,,,就公司現行固定資產循環作業，為因應「設施與設備」風險——資產實體資訊與財務資訊的不一致（風險三大屬性—財務報導：[財務報導] 資產實體資訊與財務資訊的不一致；營運：（未填）；法令遵循：（未填）；RoMM：（RoMM 分類未填）；重大科目／聲明：資產／（聲明未填）），設計控制目標為「經記錄之固定資產處分應實際辦理處分，並經正確計算及記錄。」。由Refer o CF106-6以人工方式、採預防性控制取向、屬（類型未填）類型，依不定期執行下列控制活動：警衛應監督所有進出廠區之人員及車輛以確保載運出廠區之物品皆經適當之核准並備有相關核准文件（如：出貨單及放行單）。。控制執行時使用之 IUC／制度為「Refer o CF106-6」。投入（Inputs）：Refer o CF106-6。覆核／執行步驟（Specific activities）：警衛應監督所有進出廠區之人員及車輛以確保載運出廠區之物品皆經適當之核准並備有相關核准文件（如：出貨單及放行單）。。產出（Outputs）：Refer o CF106-6。,[固定資產循環｜設施與設備] 經記錄之固定資產處分應實際辦理處分，並經正確計算及記錄。：警衛應監督所有進出廠區之人員及車輛以確保載運出廠區之物品皆經適當之核准並備有相關核准文件（如：出貨單及放行單）。（頻率：不定期；負責：Refer o CF106-6；IUC：Refer o CF106-6）,CF107-6,RCM;固定資產循環;累積範本;去識別範本,2026-08-26 16:28:11
PL-CF107-7,經記錄之固定資產處分應實際辦理處分，並經正確計算及記錄。,固定資產循環,CF-107,不動產、廠房及設備處分作業,會計,會計,不實的財務資訊,報導面,[財務報導] 不實的財務資訊,,,,資產,,經記錄之固定資產處分應實際辦理處分，並經正確計算及記錄。,不動產、廠房及設備災害損失應依規定向警察單位報案或向稽徵機關審核及勘查並保留相關證明文件。,不定期,保管單位,"1. 固定資產異動單
2. 財產目錄",,"1. 固定資產管理辦法
2. 固定資產報廢管理辦法",,"1. 固定資產異動單
2. 財產目錄",,,,,,,人工,預防性 (Preventive),,,,"1. 固定資產異動單
2. 財產目錄",,,"就公司現行固定資產循環作業，為因應「會計」風險——不實的財務資訊（風險三大屬性—財務報導：[財務報導] 不實的財務資訊；營運：（未填）；法令遵循：（未填）；RoMM：（RoMM 分類未填）；重大科目／聲明：資產／（聲明未填）），設計控制目標為「經記錄之固定資產處分應實際辦理處分，並經正確計算及記錄。」。由保管單位以人工方式、採預防性控制取向、屬（類型未填）類型，依不定期執行下列控制活動：不動產、廠房及設備災害損失應依規定向警察單位報案或向稽徵機關審核及勘查並保留相關證明文件。。控制執行時使用之 IUC／制度為「1. 固定資產異動單
2. 財產目錄」。投入（Inputs）：1. 固定資產異動單
2. 財產目錄。覆核／執行步驟（Specific activities）：不動產、廠房及設備災害損失應依規定向警察單位報案或向稽徵機關審核及勘查並保留相關證明文件。。產出（Outputs）：1. 固定資產異動單
2. 財產目錄。","[固定資產循環｜會計] 經記錄之固定資產處分應實際辦理處分，並經正確計算及記錄。：不動產、廠房及設備災害損失應依規定向警察單位報案或向稽徵機關審核及勘查並保留相關證明文件。（頻率：不定期；負責：保管單位；IUC：1. 固定資產異動單
2. 財產目錄）",CF107-7,RCM;固定資產循環;累積範本;去識別範本,2026-08-26 16:28:11
PL-CF107-8,經記錄之固定資產處分應實際辦理處分，並經正確計算及記錄。,固定資產循環,CF-107,不動產、廠房及設備處分作業,道德文化／管理階層基調,道德文化／管理階層基調,未能監督及控管未經授權之活動,營運面,,[營運] 未能監督及控管未經授權之活動,,,,,經記錄之固定資產處分應實際辦理處分，並經正確計算及記錄。,固定資產目錄及固定資產主檔之新增、修改及刪除應依據權責主管核准之表單進行，以確保資料輸入之正確性。,不定期,"1. 行政單位
2. 會計單位",ERP系統,ERP系統,"1. 固定資產管理辦法
2. 固定資產報廢管理辦法",,"1. 固定資產異動單
2. 發票
3. 簽呈
4. 財產目錄",,,,,,,人工,預防性 (Preventive),,,,"1. 固定資產異動單
2. 發票
3. 簽呈
4. 財產目錄",,,"就公司現行固定資產循環作業，為因應「道德文化／管理階層基調」風險——未能監督及控管未經授權之活動（風險三大屬性—財務報導：（未填）；營運：[營運] 未能監督及控管未經授權之活動；法令遵循：（未填）；RoMM：（RoMM 分類未填）；重大科目／聲明：（重大科目未填）／（聲明未填）），設計控制目標為「經記錄之固定資產處分應實際辦理處分，並經正確計算及記錄。」。由1. 行政單位
2. 會計單位以人工方式、採預防性控制取向、屬（類型未填）類型，依不定期執行下列控制活動：固定資產目錄及固定資產主檔之新增、修改及刪除應依據權責主管核准之表單進行，以確保資料輸入之正確性。。控制執行時使用之 IUC／制度為「ERP系統」。投入（Inputs）：ERP系統。覆核／執行步驟（Specific activities）：固定資產目錄及固定資產主檔之新增、修改及刪除應依據權責主管核准之表單進行，以確保資料輸入之正確性。。產出（Outputs）：1. 固定資產異動單
2. 發票
3. 簽呈
4. 財產目錄。","[固定資產循環｜道德文化／管理階層基調] 經記錄之固定資產處分應實際辦理處分，並經正確計算及記錄。：固定資產目錄及固定資產主檔之新增、修改及刪除應依據權責主管核准之表單進行，以確保資料輸入之正確性。（頻率：不定期；負責：1. 行政單位
2. 會計單位；IUC：ERP系統）",CF107-8,RCM;固定資產循環;累積範本;去識別範本,2026-08-26 16:28:11
PL-CF107-9,固定資產主檔之異動應經適當授權並驗證其正確性。,固定資產循環,CF-107,不動產、廠房及設備處分作業,資訊安全,資訊安全,無效果／無效率的存取控制,營運面,,[營運] 無效果／無效率的存取控制,,,資產,,固定資產主檔之異動應經適當授權並驗證其正確性。,負責維護固定資產主檔之人員應經權責主管之適當授權，並將其權限設定於應用系統中。,持續,"1. 行政單位
2. 會計單位
3. 資訊單位",ERP系統,ERP系統,"1. 固定資產管理辦法
2. 固定資產報廢管理辦法",,具維護ERP固定資產主檔及固定資產目錄之人員權限清單,,,,,,,自動,預防性 (Preventive),,,,具維護ERP固定資產主檔及固定資產目錄之人員權限清單,,,"就公司現行固定資產循環作業，為因應「資訊安全」風險——無效果／無效率的存取控制（風險三大屬性—財務報導：（未填）；營運：[營運] 無效果／無效率的存取控制；法令遵循：（未填）；RoMM：（RoMM 分類未填）；重大科目／聲明：資產／（聲明未填）），設計控制目標為「固定資產主檔之異動應經適當授權並驗證其正確性。」。由1. 行政單位
2. 會計單位
3. 資訊單位以自動方式、採預防性控制取向、屬（類型未填）類型，依持續執行下列控制活動：負責維護固定資產主檔之人員應經權責主管之適當授權，並將其權限設定於應用系統中。。控制執行時使用之 IUC／制度為「ERP系統」。投入（Inputs）：ERP系統。覆核／執行步驟（Specific activities）：負責維護固定資產主檔之人員應經權責主管之適當授權，並將其權限設定於應用系統中。。產出（Outputs）：具維護ERP固定資產主檔及固定資產目錄之人員權限清單。","[固定資產循環｜資訊安全] 固定資產主檔之異動應經適當授權並驗證其正確性。：負責維護固定資產主檔之人員應經權責主管之適當授權，並將其權限設定於應用系統中。（頻率：持續；負責：1. 行政單位
2. 會計單位
3. 資訊單位；IUC：ERP系統）",CF107-9,RCM;固定資產循環;累積範本;去識別範本,2026-08-26 16:28:11
PL-CF107-10,所有處分固定資產皆應記錄，且其歸屬之會計期間應適當。,固定資產循環,CF-107,不動產、廠房及設備處分作業,會計,會計,不實的財務資訊,報導面,[財務報導] 不實的財務資訊,,,,資產,,所有處分固定資產皆應記錄，且其歸屬之會計期間應適當。,權責主管應定期抽核比對原始核准表單與系統固定資產目錄及固定資產主檔資料一致，以確認其正確性與入帳期間之適當性。,每月,Refer o CF107-8、CF105-4,Refer o CF107-8、CF105-4,Refer o CF107-8、CF105-4,Refer o CF107-8、CF105-4,Refer o CF107-8、CF105-4,Refer o CF107-8、CF105-4,,,,,,,人工,偵測性 (Detective),,,,Refer o CF107-8、CF105-4,,,就公司現行固定資產循環作業，為因應「會計」風險——不實的財務資訊（風險三大屬性—財務報導：[財務報導] 不實的財務資訊；營運：（未填）；法令遵循：（未填）；RoMM：（RoMM 分類未填）；重大科目／聲明：資產／（聲明未填）），設計控制目標為「所有處分固定資產皆應記錄，且其歸屬之會計期間應適當。」。由Refer o CF107-8、CF105-4以人工方式、採偵測性控制取向、屬（類型未填）類型，依每月執行下列控制活動：權責主管應定期抽核比對原始核准表單與系統固定資產目錄及固定資產主檔資料一致，以確認其正確性與入帳期間之適當性。。控制執行時使用之 IUC／制度為「Refer o CF107-8、CF105-4」。投入（Inputs）：Refer o CF107-8、CF105-4。覆核／執行步驟（Specific activities）：權責主管應定期抽核比對原始核准表單與系統固定資產目錄及固定資產主檔資料一致，以確認其正確性與入帳期間之適當性。。產出（Outputs）：Refer o CF107-8、CF105-4。,[固定資產循環｜會計] 所有處分固定資產皆應記錄，且其歸屬之會計期間應適當。：權責主管應定期抽核比對原始核准表單與系統固定資產目錄及固定資產主檔資料一致，以確認其正確性與入帳期間之適當性。（頻率：每月；負責：Refer o CF107-8、CF105-4；IUC：Refer o CF107-8、CF105-4）,CF107-10,RCM;固定資產循環;累積範本;去識別範本,2026-08-26 16:28:11
PL-CF108-1,固定資產之帳面價值應能反映當前之商業及整體經濟環境，並符合一般公認會計原則。,固定資產循環,CF-108,閒置資產作業,法令遵循報導,法令遵循報導,不適當的評價,報導面,[財務報導] 不適當的評價,,,,資產,,固定資產之帳面價值應能反映當前之商業及整體經濟環境，並符合一般公認會計原則。,各資產保管單位之管理階層應定期針對會計單位提供之帳列固定資產進行評價，評估該固定資產價值及可用性，並由會計單位依據各保管單位提供之資產評價結果，執行資產減損測試，並於減損發生時，應經管理階層覆核後送財務主管裁示。,每年,會計單位,ERP系統,ERP系統,,,"1. 財產目錄
2. 鑑價報告
3. 資產減損傳票",,,,,,,人工,預防性 (Preventive),,,,"1. 財產目錄
2. 鑑價報告
3. 資產減損傳票",,,"就公司現行固定資產循環作業，為因應「法令遵循報導」風險——不適當的評價（風險三大屬性—財務報導：[財務報導] 不適當的評價；營運：（未填）；法令遵循：（未填）；RoMM：（RoMM 分類未填）；重大科目／聲明：資產／（聲明未填）），設計控制目標為「固定資產之帳面價值應能反映當前之商業及整體經濟環境，並符合一般公認會計原則。」。由會計單位以人工方式、採預防性控制取向、屬（類型未填）類型，依每年執行下列控制活動：各資產保管單位之管理階層應定期針對會計單位提供之帳列固定資產進行評價，評估該固定資產價值及可用性，並由會計單位依據各保管單位提供之資產評價結果，執行資產減損測試，並於減損發生時，應經管理階層覆核後送財務主管裁示。。控制執行時使用之 IUC／制度為「ERP系統」。投入（Inputs）：ERP系統。覆核／執行步驟（Specific activities）：各資產保管單位之管理階層應定期針對會計單位提供之帳列固定資產進行評價，評估該固定資產價值及可用性，並由會計單位依據各保管單位提供之資產評價結果，執行資產減損測試，並於減損發生時，應經管理階層覆核後送財務主管裁示。。產出（Outputs）：1. 財產目錄
2. 鑑價報告
3. 資產減損傳票。",[固定資產循環｜法令遵循報導] 固定資產之帳面價值應能反映當前之商業及整體經濟環境，並符合一般公認會計原則。：各資產保管單位之管理階層應定期針對會計單位提供之帳列固定資產進行評價，評估該固定資產價值及可用性，並由會計單位依據各保管單位提供之資產評價結果，執行資產減損測試，並於減損發生時，應經管理階層覆核後送財務主管裁示。（頻率：每年；負責：會計單位；IUC：ERP系統）,CF108-1,RCM;固定資產循環;累積範本;去識別範本,2026-08-26 16:28:11
PL-CF108-2,固定資產應有適當之安全控管,固定資產循環,CF-108,閒置資產作業,實體安全,實體安全,未實施安全控制,營運面,,[營運] 未實施安全控制,,,,,固定資產應有適當之安全控管,閒置資產應經妥善保管。,持續,保管單位,"1. 各單位門禁權限確認表
2. 人員出入登記簿
3. 監視器畫面",,門禁管制管理辦法,,"1. 各單位門禁權限確認表
2. 人員出入登記簿
3. 監視器畫面",,,,,,,人工,預防性 (Preventive),,,,"1. 各單位門禁權限確認表
2. 人員出入登記簿
3. 監視器畫面",,,"就公司現行固定資產循環作業，為因應「實體安全」風險——未實施安全控制（風險三大屬性—財務報導：（未填）；營運：[營運] 未實施安全控制；法令遵循：（未填）；RoMM：（RoMM 分類未填）；重大科目／聲明：（重大科目未填）／（聲明未填）），設計控制目標為「固定資產應有適當之安全控管」。由保管單位以人工方式、採預防性控制取向、屬（類型未填）類型，依持續執行下列控制活動：閒置資產應經妥善保管。。控制執行時使用之 IUC／制度為「1. 各單位門禁權限確認表
2. 人員出入登記簿
3. 監視器畫面」。投入（Inputs）：1. 各單位門禁權限確認表
2. 人員出入登記簿
3. 監視器畫面。覆核／執行步驟（Specific activities）：閒置資產應經妥善保管。。產出（Outputs）：1. 各單位門禁權限確認表
2. 人員出入登記簿
3. 監視器畫面。","[固定資產循環｜實體安全] 固定資產應有適當之安全控管：閒置資產應經妥善保管。（頻率：持續；負責：保管單位；IUC：1. 各單位門禁權限確認表
2. 人員出入登記簿
3. 監視器畫面）",CF108-2,RCM;固定資產循環;累積範本;去識別範本,2026-08-26 16:28:11
PL-CF109-1,凡經核准之保險費用均經正確記錄。,固定資產循環,CF-109,投保作業,會計,會計,不實的財務資訊,報導面,[財務報導] 不實的財務資訊,,,,"資產, 負債 , 營業費用, 營業成本",,凡經核准之保險費用均經正確記錄。,預付保險費或保險費定期給付應核對保險單、保費收據及其他原始憑證。,每月,會計單位,ERP 系統,ERP 系統,請款及付款管理程序,,"1. 請款單
2. 保險合約
3. 保險費收據
4. 保險續約簽呈
5. 傳票",,,,,,,人工,預防性 (Preventive),,,,"1. 請款單
2. 保險合約
3. 保險費收據
4. 保險續約簽呈
5. 傳票",,,"就公司現行固定資產循環作業，為因應「會計」風險——不實的財務資訊（風險三大屬性—財務報導：[財務報導] 不實的財務資訊；營運：（未填）；法令遵循：（未填）；RoMM：（RoMM 分類未填）；重大科目／聲明：資產, 負債 , 營業費用, 營業成本／（聲明未填）），設計控制目標為「凡經核准之保險費用均經正確記錄。」。由會計單位以人工方式、採預防性控制取向、屬（類型未填）類型，依每月執行下列控制活動：預付保險費或保險費定期給付應核對保險單、保費收據及其他原始憑證。。控制執行時使用之 IUC／制度為「ERP 系統」。投入（Inputs）：ERP 系統。覆核／執行步驟（Specific activities）：預付保險費或保險費定期給付應核對保險單、保費收據及其他原始憑證。。產出（Outputs）：1. 請款單
2. 保險合約
3. 保險費收據
4. 保險續約簽呈
5. 傳票。",[固定資產循環｜會計] 凡經核准之保險費用均經正確記錄。：預付保險費或保險費定期給付應核對保險單、保費收據及其他原始憑證。（頻率：每月；負責：會計單位；IUC：ERP 系統）,CF109-1,RCM;固定資產循環;累積範本;去識別範本,2026-08-26 16:28:11
PL-CF109-2,凡經核准之保險費用均經正確記錄。,固定資產循環,CF-109,投保作業,會計,會計,不實的財務資訊,報導面,[財務報導] 不實的財務資訊,,,,"資產, 負債 , 營業費用, 營業成本",,凡經核准之保險費用均經正確記錄。,權責主管應定期覆核預付保險逐月攤提是否與保單所列之保險期間相符。,每月,會計單位,ERP 系統,ERP 系統,,,"1. 預付保險費總表
2. 保險費分攤傳票
3. 保險費攤提明細表",,,,,,,人工,偵測性 (Detective),,,,"1. 預付保險費總表
2. 保險費分攤傳票
3. 保險費攤提明細表",,,"就公司現行固定資產循環作業，為因應「會計」風險——不實的財務資訊（風險三大屬性—財務報導：[財務報導] 不實的財務資訊；營運：（未填）；法令遵循：（未填）；RoMM：（RoMM 分類未填）；重大科目／聲明：資產, 負債 , 營業費用, 營業成本／（聲明未填）），設計控制目標為「凡經核准之保險費用均經正確記錄。」。由會計單位以人工方式、採偵測性控制取向、屬（類型未填）類型，依每月執行下列控制活動：權責主管應定期覆核預付保險逐月攤提是否與保單所列之保險期間相符。。控制執行時使用之 IUC／制度為「ERP 系統」。投入（Inputs）：ERP 系統。覆核／執行步驟（Specific activities）：權責主管應定期覆核預付保險逐月攤提是否與保單所列之保險期間相符。。產出（Outputs）：1. 預付保險費總表
2. 保險費分攤傳票
3. 保險費攤提明細表。",[固定資產循環｜會計] 凡經核准之保險費用均經正確記錄。：權責主管應定期覆核預付保險逐月攤提是否與保單所列之保險期間相符。（頻率：每月；負責：會計單位；IUC：ERP 系統）,CF109-2,RCM;固定資產循環;累積範本;去識別範本,2026-08-26 16:28:11
PL-CF109-3,經核准之保險費才予以入帳。,固定資產循環,CF-109,投保作業,保險與避險,保險與避險,缺乏對投保及避險涵蓋率之評估,報導面,[財務報導] 缺乏對投保及避險涵蓋率之評估,,,,"資產, 負債 , 營業費用, 營業成本",,經核准之保險費才予以入帳。,應定期評估保險金額是否適當。,每季,"1. 會計單位
2. 行政單位",固資投保產險設算表,,,,固資投保產險設算表,,,,,,,人工,偵測性 (Detective),,,,固資投保產險設算表,,,"就公司現行固定資產循環作業，為因應「保險與避險」風險——缺乏對投保及避險涵蓋率之評估（風險三大屬性—財務報導：[財務報導] 缺乏對投保及避險涵蓋率之評估；營運：（未填）；法令遵循：（未填）；RoMM：（RoMM 分類未填）；重大科目／聲明：資產, 負債 , 營業費用, 營業成本／（聲明未填）），設計控制目標為「經核准之保險費才予以入帳。」。由1. 會計單位
2. 行政單位以人工方式、採偵測性控制取向、屬（類型未填）類型，依每季執行下列控制活動：應定期評估保險金額是否適當。。控制執行時使用之 IUC／制度為「固資投保產險設算表」。投入（Inputs）：固資投保產險設算表。覆核／執行步驟（Specific activities）：應定期評估保險金額是否適當。。產出（Outputs）：固資投保產險設算表。","[固定資產循環｜保險與避險] 經核准之保險費才予以入帳。：應定期評估保險金額是否適當。（頻率：每季；負責：1. 會計單位
2. 行政單位；IUC：固資投保產險設算表）",CF109-3,RCM;固定資產循環;累積範本;去識別範本,2026-08-26 16:28:11
PL-CF109-4,經核准之保險費才予以入帳。,固定資產循環,CF-109,投保作業,設施與設備,設施與設備,資產之保險覆蓋率不足,報導面,[財務報導] 資產之保險覆蓋率不足,,,,"資產, 負債 , 營業費用, 營業成本",,經核准之保險費才予以入帳。,向保險公司要保前，應確認投保金額及投保項目合理且適當。,每年,會計單位,"1. 投保條件資訊
2. 詢比議相關資料",,,,"1. 投保條件資訊
2. 詢比議相關資料",,,,,,,人工,預防性 (Preventive),,,,"1. 投保條件資訊
2. 詢比議相關資料",,,"就公司現行固定資產循環作業，為因應「設施與設備」風險——資產之保險覆蓋率不足（風險三大屬性—財務報導：[財務報導] 資產之保險覆蓋率不足；營運：（未填）；法令遵循：（未填）；RoMM：（RoMM 分類未填）；重大科目／聲明：資產, 負債 , 營業費用, 營業成本／（聲明未填）），設計控制目標為「經核准之保險費才予以入帳。」。由會計單位以人工方式、採預防性控制取向、屬（類型未填）類型，依每年執行下列控制活動：向保險公司要保前，應確認投保金額及投保項目合理且適當。。控制執行時使用之 IUC／制度為「1. 投保條件資訊
2. 詢比議相關資料」。投入（Inputs）：1. 投保條件資訊
2. 詢比議相關資料。覆核／執行步驟（Specific activities）：向保險公司要保前，應確認投保金額及投保項目合理且適當。。產出（Outputs）：1. 投保條件資訊
2. 詢比議相關資料。","[固定資產循環｜設施與設備] 經核准之保險費才予以入帳。：向保險公司要保前，應確認投保金額及投保項目合理且適當。（頻率：每年；負責：會計單位；IUC：1. 投保條件資訊
2. 詢比議相關資料）",CF109-4,RCM;固定資產循環;累積範本;去識別範本,2026-08-26 16:28:11
PL-EL10-1,管理哲學和經營風格－一般而言，管理階層之經營風格及管理哲學對企業之影響甚鉅。雖然它並無形體，但評估者可尋找正面或負面之徵兆。,企業層級,EL10,控制環境,矯正措施與懲戒,矯正措施與懲戒,"未能溝通不道德及違法行為的後果／機構展現對於誠信與道德價值之承諾。
關注點：設定高層基調

建立行為準則

評估行為準則的遵循情形",營運面,,"[營運] 未能溝通不道德及違法行為的後果／機構展現對於誠信與道德價值之承諾。
關注點：設定高層基調

建立行為準則

評估行為準則的遵循情形",,,,,管理哲學和經營風格－一般而言，管理階層之經營風格及管理哲學對企業之影響甚鉅。雖然它並無形體，但評估者可尋找正面或負面之徵兆。,"管理階層應以身作則，表達其願意建立良好控制環境及堅持於道德標準的信念，包含行為準則或類似規範之訂定，以強化員工（包含各單位、分公司或子公司）之操守及價值觀，並告知員工道德規範之重要性，以確保員工充分瞭解公司行為規範及一旦違反時所將受之處置。
管理階層與員工、供應商、投資人、債權人、競爭對手及會計師等交往時，應遵行道德規範。",持續,人資單位,"1. 企業社會責任行為準則手冊
2. 誠信經營作業辦法及行為準則
3. 人事管理制度
4. 新進人員簽署之「員工聘僱合約書」
5. 新進員工訓練課程之紀錄文件",,"1. 企業社會責任行為準則手冊
2. 誠信經營作業辦法及行為準則
3. 人事管理制度
4. 人員任用管理辦法",,"1. 企業社會責任行為準則手冊
2. 誠信經營作業辦法及行為準則
3. 人事管理制度
4. 新進人員簽署之「員工聘僱合約書」
5. 新進員工訓練課程之紀錄文件",,,,,,,人工,預防性 (Preventive),,,,"1. 企業社會責任行為準則手冊
2. 誠信經營作業辦法及行為準則
3. 人事管理制度
4. 新進人員簽署之「員工聘僱合約書」
5. 新進員工訓練課程之紀錄文件",,,"就公司現行企業層級作業，為因應「矯正措施與懲戒」風險——未能溝通不道德及違法行為的後果／機構展現對於誠信與道德價值之承諾。
關注點：設定高層基調

建立行為準則

評估行為準則的遵循情形（風險三大屬性—財務報導：（未填）；營運：[營運] 未能溝通不道德及違法行為的後果／機構展現對於誠信與道德價值之承諾。
關注點：設定高層基調

建立行為準則

評估行為準則的遵循情形；法令遵循：（未填）；RoMM：（RoMM 分類未填）；重大科目／聲明：（重大科目未填）／（聲明未填）），設計控制目標為「管理哲學和經營風格－一般而言，管理階層之經營風格及管理哲學對企業之影響甚鉅。雖然它並無形體，但評估者可尋找正面或負面之徵兆。」。由人資單位以人工方式、採預防性控制取向、屬（類型未填）類型，依持續執行下列控制活動：管理階層應以身作則，表達其願意建立良好控制環境及堅持於道德標準的信念，包含行為準則或類似規範之訂定，以強化員工（包含各單位、分公司或子公司）之操守及價值觀，並告知員工道德規範之重要性，以確保員工充分瞭解公司行為規範及一旦違反時所將受之處置。
管理階層與員工、供應商、投資人、債權人、競爭對手及會計師等交往時，應遵行道德規範。。控制執行時使用之 IUC／制度為「1. 企業社會責任行為準則手冊
2. 誠信經營作業辦法及行為準則
3. 人事管理制度
4. 新進人員簽署之「員工聘僱合約書」
5. 新進員工訓練課程之紀錄文件」。投入（Inputs）：1. 企業社會責任行為準則手冊
2. 誠信經營作業辦法及行為準則
3. 人事管理制度
4. 新進人員簽署之「員工聘僱合約書」
5. 新進員工訓練課程之紀錄文件。覆核／執行步驟（Specific activities）：管理階層應以身作則，表達其願意建立良好控制環境及堅持於道德標準的信念，包含行為準則或類似規範之訂定，以強化員工（包含各單位、分公司或子公司）之操守及價值觀，並告知員工道德規範之重要性，以確保員工充分瞭解公司行為規範及一旦違反時所將受之處置。
管理階層與員工、供應商、投資人、債權人、競爭對手及會計師等交往時，應遵行道德規範。。產出（Outputs）：1. 企業社會責任行為準則手冊
2. 誠信經營作業辦法及行為準則
3. 人事管理制度
4. 新進人員簽署之「員工聘僱合約書」
5. 新進員工訓練課程之紀錄文件。","[企業層級｜矯正措施與懲戒] 管理哲學和經營風格－一般而言，管理階層之經營風格及管理哲學對企業之影響甚鉅。雖然它並無形體，但評估者可尋找正面或負面之徵兆。：管理階層應以身作則，表達其願意建立良好控制環境及堅持於道德標準的信念，包含行為準則或類似規範之訂定，以強化員工（包含各單位、分公司或子公司）之操守及價值觀，並告知員工道德規範之重要性，以確保員工充分瞭解公司行為規範及一旦違反時所將受之處置。
管理階層與員工、供應商、投資人、債權人、競爭對手及會計師等交往時，應遵行道德規範。（頻率：持續；負責：人資單位；IUC：1. 企業社會責任行為準則手冊
2. 誠信經營作業辦法及行為準則
3. 人事管理制度
4. 新進人員簽署之「員工聘僱合約書」
5. 新進員工訓練課程之紀錄文件）",EL10-1,RCM;企業層級;累積範本;去識別範本,2026-08-26 16:28:11
PL-EL10-2,"操守及價值觀-
管理階層須將操守及價值觀不得妥協的訊息傳達給員工，而員工須能收到此訊息，並瞭解該項訊息。管理階層應透過文字及行動持續顯示其做到高道德標準之決心。",企業層級,EL10,控制環境,道德報告,道德報告,"彙報道德違反行為之資源不適當／機構展現對於誠信與道德價值之承諾。
關注點：設定高層基調

建立行為準則

及時處理偏差行為",營運面,,"[營運] 彙報道德違反行為之資源不適當／機構展現對於誠信與道德價值之承諾。
關注點：設定高層基調

建立行為準則

及時處理偏差行為",,,,,"操守及價值觀-
管理階層須將操守及價值觀不得妥協的訊息傳達給員工，而員工須能收到此訊息，並瞭解該項訊息。管理階層應透過文字及行動持續顯示其做到高道德標準之決心。","管理階層應設有避免員工從事不誠實或不道德之控制措施。

公司應建立及時且匿名通知審計委員會重要發現事項的機制，當管理階層瞭解到公司有違背既定政策或程式之情形或不當之情事（如舞弊或違法情形等）發生時，應及時回應及處理，並及時將有關資訊報告予相關部門。",持續,人資單位,"1. 檢舉與申訴管理辦法
2. 內部檢舉信箱之案件資料與後續處理作業之佐證",,檢舉與申訴管理辦法,,"1. 檢舉與申訴管理辦法
2. 內部檢舉信箱之案件資料與後續處理作業之佐證",,,,,,,人工,預防性 (Preventive),,,,"1. 檢舉與申訴管理辦法
2. 內部檢舉信箱之案件資料與後續處理作業之佐證",,,"就公司現行企業層級作業，為因應「道德報告」風險——彙報道德違反行為之資源不適當／機構展現對於誠信與道德價值之承諾。
關注點：設定高層基調

建立行為準則

及時處理偏差行為（風險三大屬性—財務報導：（未填）；營運：[營運] 彙報道德違反行為之資源不適當／機構展現對於誠信與道德價值之承諾。
關注點：設定高層基調

建立行為準則

及時處理偏差行為；法令遵循：（未填）；RoMM：（RoMM 分類未填）；重大科目／聲明：（重大科目未填）／（聲明未填）），設計控制目標為「操守及價值觀-
管理階層須將操守及價值觀不得妥協的訊息傳達給員工，而員工須能收到此訊息，並瞭解該項訊息。管理階層應透過文字及行動持續顯示其做到高道德標準之決心。」。由人資單位以人工方式、採預防性控制取向、屬（類型未填）類型，依持續執行下列控制活動：管理階層應設有避免員工從事不誠實或不道德之控制措施。

公司應建立及時且匿名通知審計委員會重要發現事項的機制，當管理階層瞭解到公司有違背既定政策或程式之情形或不當之情事（如舞弊或違法情形等）發生時，應及時回應及處理，並及時將有關資訊報告予相關部門。。控制執行時使用之 IUC／制度為「1. 檢舉與申訴管理辦法
2. 內部檢舉信箱之案件資料與後續處理作業之佐證」。投入（Inputs）：1. 檢舉與申訴管理辦法
2. 內部檢舉信箱之案件資料與後續處理作業之佐證。覆核／執行步驟（Specific activities）：管理階層應設有避免員工從事不誠實或不道德之控制措施。

公司應建立及時且匿名通知審計委員會重要發現事項的機制，當管理階層瞭解到公司有違背既定政策或程式之情形或不當之情事（如舞弊或違法情形等）發生時，應及時回應及處理，並及時將有關資訊報告予相關部門。。產出（Outputs）：1. 檢舉與申訴管理辦法
2. 內部檢舉信箱之案件資料與後續處理作業之佐證。","[企業層級｜道德報告] 操守及價值觀-
管理階層須將操守及價值觀不得妥協的訊息傳達給員工，而員工須能收到此訊息，並瞭解該項訊息。管理階層應透過文字及行動持續顯示其做到高道德標準之決心。：管理階層應設有避免員工從事不誠實或不道德之控制措施。

公司應建立及時且匿名通知審計委員會重要發現事項的機制，當管理階層瞭解到公司有違背既定政策或程式之情形或不當之情事（如舞弊或違法情形等）發生時，應及時回應及處理，並及時將有關資訊報告予相關部門。（頻率：持續；負責：人資單位；IUC：1. 檢舉與申訴管理辦法
2. 內部檢舉信箱之案件資料與後續處理作業之佐證）",EL10-2,RCM;企業層級;累積範本;去識別範本,2026-08-26 16:28:11
PL-EL10-3,管理哲學和經營風格－一般而言，管理階層之經營風格及管理哲學對企業之影響甚鉅。雖然它並無形體，但評估者可尋找正面或負面之徵兆。,企業層級,EL10,控制環境,道德文化／管理階層基調,道德文化／管理階層基調,"未能鼓勵道德文化／機構展現對於誠信與道德價值之承諾。
關注點：設定高層基調",營運面,,"[營運] 未能鼓勵道德文化／機構展現對於誠信與道德價值之承諾。
關注點：設定高層基調",,,,,管理哲學和經營風格－一般而言，管理階層之經營風格及管理哲學對企業之影響甚鉅。雖然它並無形體，但評估者可尋找正面或負面之徵兆。,管理階層應公開的鼓勵及肯定致力於建立一個良好的控制環境及行為準則的員工或是部門，即便所採取的行動是有一些爭議的，同時應允許員工適當地去改正問題或是導入改善計畫。,持續,人資單位,"1. 企業社會責任行為準則手冊
2. 誠信經營作業辦法及行為準則
3. 人事管理制度
4. 人員任用管理辦法
5. 專利獎金辦法
6. 員工獎懲管理辦法",,"1. 企業社會責任行為準則手冊
2. 誠信經營作業辦法及行為準則
3. 人事管理制度
4. 人員任用管理辦法
5. 專利獎金辦法
6. 員工獎懲管理辦法",,"1. 企業社會責任行為準則手冊
2. 誠信經營作業辦法及行為準則
3. 人事管理制度
4. 人員任用管理辦法
5. 專利獎金辦法
6. 員工獎懲管理辦法",,,,,,,人工,預防性 (Preventive),,,,"1. 企業社會責任行為準則手冊
2. 誠信經營作業辦法及行為準則
3. 人事管理制度
4. 人員任用管理辦法
5. 專利獎金辦法
6. 員工獎懲管理辦法",,,"就公司現行企業層級作業，為因應「道德文化／管理階層基調」風險——未能鼓勵道德文化／機構展現對於誠信與道德價值之承諾。
關注點：設定高層基調（風險三大屬性—財務報導：（未填）；營運：[營運] 未能鼓勵道德文化／機構展現對於誠信與道德價值之承諾。
關注點：設定高層基調；法令遵循：（未填）；RoMM：（RoMM 分類未填）；重大科目／聲明：（重大科目未填）／（聲明未填）），設計控制目標為「管理哲學和經營風格－一般而言，管理階層之經營風格及管理哲學對企業之影響甚鉅。雖然它並無形體，但評估者可尋找正面或負面之徵兆。」。由人資單位以人工方式、採預防性控制取向、屬（類型未填）類型，依持續執行下列控制活動：管理階層應公開的鼓勵及肯定致力於建立一個良好的控制環境及行為準則的員工或是部門，即便所採取的行動是有一些爭議的，同時應允許員工適當地去改正問題或是導入改善計畫。。控制執行時使用之 IUC／制度為「1. 企業社會責任行為準則手冊
2. 誠信經營作業辦法及行為準則
3. 人事管理制度
4. 人員任用管理辦法
5. 專利獎金辦法
6. 員工獎懲管理辦法」。投入（Inputs）：1. 企業社會責任行為準則手冊
2. 誠信經營作業辦法及行為準則
3. 人事管理制度
4. 人員任用管理辦法
5. 專利獎金辦法
6. 員工獎懲管理辦法。覆核／執行步驟（Specific activities）：管理階層應公開的鼓勵及肯定致力於建立一個良好的控制環境及行為準則的員工或是部門，即便所採取的行動是有一些爭議的，同時應允許員工適當地去改正問題或是導入改善計畫。。產出（Outputs）：1. 企業社會責任行為準則手冊
2. 誠信經營作業辦法及行為準則
3. 人事管理制度
4. 人員任用管理辦法
5. 專利獎金辦法
6. 員工獎懲管理辦法。","[企業層級｜道德文化／管理階層基調] 管理哲學和經營風格－一般而言，管理階層之經營風格及管理哲學對企業之影響甚鉅。雖然它並無形體，但評估者可尋找正面或負面之徵兆。：管理階層應公開的鼓勵及肯定致力於建立一個良好的控制環境及行為準則的員工或是部門，即便所採取的行動是有一些爭議的，同時應允許員工適當地去改正問題或是導入改善計畫。（頻率：持續；負責：人資單位；IUC：1. 企業社會責任行為準則手冊
2. 誠信經營作業辦法及行為準則
3. 人事管理制度
4. 人員任用管理辦法
5. 專利獎金辦法
6. 員工獎懲管理辦法）",EL10-3,RCM;企業層級;累積範本;去識別範本,2026-08-26 16:28:11
PL-EL10-4,管理哲學和經營風格－一般而言，管理階層之經營風格及管理哲學對企業之影響甚鉅。雖然它並無形體，但評估者可尋找正面或負面之徵兆。,企業層級,EL10,控制環境,人才管理／招聘,人才管理／招聘,"未能吸引及留住員工／機構展現對於誠信與道德價值之承諾。
關注點：評估行為準則的遵循情形

及時處理偏差行為",營運面,,"[營運] 未能吸引及留住員工／機構展現對於誠信與道德價值之承諾。
關注點：評估行為準則的遵循情形

及時處理偏差行為",,,,,管理哲學和經營風格－一般而言，管理階層之經營風格及管理哲學對企業之影響甚鉅。雖然它並無形體，但評估者可尋找正面或負面之徵兆。,應監督及評估管理階層或負責監督責任人員的流動率及原因。,每月,人資單位,員工離職率之統計分析資料,,,,員工離職率之統計分析資料,,,,,,,人工,偵測性 (Detective),,,,員工離職率之統計分析資料,,,"就公司現行企業層級作業，為因應「人才管理／招聘」風險——未能吸引及留住員工／機構展現對於誠信與道德價值之承諾。
關注點：評估行為準則的遵循情形

及時處理偏差行為（風險三大屬性—財務報導：（未填）；營運：[營運] 未能吸引及留住員工／機構展現對於誠信與道德價值之承諾。
關注點：評估行為準則的遵循情形

及時處理偏差行為；法令遵循：（未填）；RoMM：（RoMM 分類未填）；重大科目／聲明：（重大科目未填）／（聲明未填）），設計控制目標為「管理哲學和經營風格－一般而言，管理階層之經營風格及管理哲學對企業之影響甚鉅。雖然它並無形體，但評估者可尋找正面或負面之徵兆。」。由人資單位以人工方式、採偵測性控制取向、屬（類型未填）類型，依每月執行下列控制活動：應監督及評估管理階層或負責監督責任人員的流動率及原因。。控制執行時使用之 IUC／制度為「員工離職率之統計分析資料」。投入（Inputs）：員工離職率之統計分析資料。覆核／執行步驟（Specific activities）：應監督及評估管理階層或負責監督責任人員的流動率及原因。。產出（Outputs）：員工離職率之統計分析資料。",[企業層級｜人才管理／招聘] 管理哲學和經營風格－一般而言，管理階層之經營風格及管理哲學對企業之影響甚鉅。雖然它並無形體，但評估者可尋找正面或負面之徵兆。：應監督及評估管理階層或負責監督責任人員的流動率及原因。（頻率：每月；負責：人資單位；IUC：員工離職率之統計分析資料）,EL10-4,RCM;企業層級;累積範本;去識別範本,2026-08-26 16:28:11
PL-EL10-5,"操守及價值觀-
管理階層須將操守及價值觀不得妥協的訊息傳達給員工，而員工須能收到此訊息，並瞭解該項訊息。管理階層應透過文字及行動持續顯示其做到高道德標準之決心。",企業層級,EL10,控制環境,道德文化／管理階層基調,道德文化／管理階層基調,"未能監督及控管未經授權之活動／機構展現對於誠信與道德價值之承諾。
關注點：評估行為準則的遵循情形",營運面,,"[營運] 未能監督及控管未經授權之活動／機構展現對於誠信與道德價值之承諾。
關注點：評估行為準則的遵循情形",,,,,"操守及價值觀-
管理階層須將操守及價值觀不得妥協的訊息傳達給員工，而員工須能收到此訊息，並瞭解該項訊息。管理階層應透過文字及行動持續顯示其做到高道德標準之決心。",對於與外部第三者（律師、會計師、往來銀行）關係有重大變動時，應經適當權責主管核准。,不定期,"財務單位
法務單位",與會計師／律師／銀行等外部專業團體間關係異動之評估或申請文件與核准紀錄,,各作業相關之核決權限管理規範,,與會計師／律師／銀行等外部專業團體間關係異動之評估或申請文件與核准紀錄,,,,,,,人工,預防性 (Preventive),,,,與會計師／律師／銀行等外部專業團體間關係異動之評估或申請文件與核准紀錄,,,"就公司現行企業層級作業，為因應「道德文化／管理階層基調」風險——未能監督及控管未經授權之活動／機構展現對於誠信與道德價值之承諾。
關注點：評估行為準則的遵循情形（風險三大屬性—財務報導：（未填）；營運：[營運] 未能監督及控管未經授權之活動／機構展現對於誠信與道德價值之承諾。
關注點：評估行為準則的遵循情形；法令遵循：（未填）；RoMM：（RoMM 分類未填）；重大科目／聲明：（重大科目未填）／（聲明未填）），設計控制目標為「操守及價值觀-
管理階層須將操守及價值觀不得妥協的訊息傳達給員工，而員工須能收到此訊息，並瞭解該項訊息。管理階層應透過文字及行動持續顯示其做到高道德標準之決心。」。由財務單位
法務單位以人工方式、採預防性控制取向、屬（類型未填）類型，依不定期執行下列控制活動：對於與外部第三者（律師、會計師、往來銀行）關係有重大變動時，應經適當權責主管核准。。控制執行時使用之 IUC／制度為「與會計師／律師／銀行等外部專業團體間關係異動之評估或申請文件與核准紀錄」。投入（Inputs）：與會計師／律師／銀行等外部專業團體間關係異動之評估或申請文件與核准紀錄。覆核／執行步驟（Specific activities）：對於與外部第三者（律師、會計師、往來銀行）關係有重大變動時，應經適當權責主管核准。。產出（Outputs）：與會計師／律師／銀行等外部專業團體間關係異動之評估或申請文件與核准紀錄。","[企業層級｜道德文化／管理階層基調] 操守及價值觀-
管理階層須將操守及價值觀不得妥協的訊息傳達給員工，而員工須能收到此訊息，並瞭解該項訊息。管理階層應透過文字及行動持續顯示其做到高道德標準之決心。：對於與外部第三者（律師、會計師、往來銀行）關係有重大變動時，應經適當權責主管核准。（頻率：不定期；負責：財務單位
法務單位；IUC：與會計師／律師／銀行等外部專業團體間關係異動之評估或申請文件與核准紀錄）",EL10-5,RCM;企業層級;累積範本;去識別範本,2026-08-26 16:28:11
PL-EL10-6,"操守及價值觀-
管理階層須將操守及價值觀不得妥協的訊息傳達給員工，而員工須能收到此訊息，並瞭解該項訊息。管理階層應透過文字及行動持續顯示其做到高道德標準之決心。",企業層級,EL10,控制環境,採購,採購,"不適當的供應商遴選過程／機構展現對於誠信與道德價值之承諾。
關注點：評估行為準則的遵循情形",營運面,,"[營運] 不適當的供應商遴選過程／機構展現對於誠信與道德價值之承諾。
關注點：評估行為準則的遵循情形",,,,,"操守及價值觀-
管理階層須將操守及價值觀不得妥協的訊息傳達給員工，而員工須能收到此訊息，並瞭解該項訊息。管理階層應透過文字及行動持續顯示其做到高道德標準之決心。","管理階層應評估公司所往來之專業團體（如律師,會計師,往來銀行等）是否皆為聲譽良好之專業團體。",持續,"財務單位
法務單位","1. 財務單位與會計師間之專業問題討論或互動作業之佐證資料
2. 財務單位與銀行等金融機構之往來互動作業之佐證資料
3. 法務單位與法律顧問間之專業問題討論或互動作業佐證資料
4. 更換專業團體之評估說明資料（如有發生）",,,,"1. 財務單位與會計師間之專業問題討論或互動作業之佐證資料
2. 財務單位與銀行等金融機構之往來互動作業之佐證資料
3. 法務單位與法律顧問間之專業問題討論或互動作業佐證資料
4. 更換專業團體之評估說明資料（如有發生）",,,,,,,人工,偵測性 (Detective),,,,"1. 財務單位與會計師間之專業問題討論或互動作業之佐證資料
2. 財務單位與銀行等金融機構之往來互動作業之佐證資料
3. 法務單位與法律顧問間之專業問題討論或互動作業佐證資料
4. 更換專業團體之評估說明資料（如有發生）",,,"就公司現行企業層級作業，為因應「採購」風險——不適當的供應商遴選過程／機構展現對於誠信與道德價值之承諾。
關注點：評估行為準則的遵循情形（風險三大屬性—財務報導：（未填）；營運：[營運] 不適當的供應商遴選過程／機構展現對於誠信與道德價值之承諾。
關注點：評估行為準則的遵循情形；法令遵循：（未填）；RoMM：（RoMM 分類未填）；重大科目／聲明：（重大科目未填）／（聲明未填）），設計控制目標為「操守及價值觀-
管理階層須將操守及價值觀不得妥協的訊息傳達給員工，而員工須能收到此訊息，並瞭解該項訊息。管理階層應透過文字及行動持續顯示其做到高道德標準之決心。」。由財務單位
法務單位以人工方式、採偵測性控制取向、屬（類型未填）類型，依持續執行下列控制活動：管理階層應評估公司所往來之專業團體（如律師,會計師,往來銀行等）是否皆為聲譽良好之專業團體。。控制執行時使用之 IUC／制度為「1. 財務單位與會計師間之專業問題討論或互動作業之佐證資料
2. 財務單位與銀行等金融機構之往來互動作業之佐證資料
3. 法務單位與法律顧問間之專業問題討論或互動作業佐證資料
4. 更換專業團體之評估說明資料（如有發生）」。投入（Inputs）：1. 財務單位與會計師間之專業問題討論或互動作業之佐證資料
2. 財務單位與銀行等金融機構之往來互動作業之佐證資料
3. 法務單位與法律顧問間之專業問題討論或互動作業佐證資料
4. 更換專業團體之評估說明資料（如有發生）。覆核／執行步驟（Specific activities）：管理階層應評估公司所往來之專業團體（如律師,會計師,往來銀行等）是否皆為聲譽良好之專業團體。。產出（Outputs）：1. 財務單位與會計師間之專業問題討論或互動作業之佐證資料
2. 財務單位與銀行等金融機構之往來互動作業之佐證資料
3. 法務單位與法律顧問間之專業問題討論或互動作業佐證資料
4. 更換專業團體之評估說明資料（如有發生）。","[企業層級｜採購] 操守及價值觀-
管理階層須將操守及價值觀不得妥協的訊息傳達給員工，而員工須能收到此訊息，並瞭解該項訊息。管理階層應透過文字及行動持續顯示其做到高道德標準之決心。：管理階層應評估公司所往來之專業團體（如律師,會計師,往來銀行等）是否皆為聲譽良好之專業團體。（頻率：持續；負責：財務單位
法務單位；IUC：1. 財務單位與會計師間之專業問題討論或互動作業之佐證資料
2. 財務單位與銀行等金融機構之往來互動作業之佐證資料
3. 法務單位與法律顧問間之專業問題討論或互動作業佐證資料
4. 更換專業團體之評估說明資料（如有發生））",EL10-6,RCM;企業層級;累積範本;去識別範本,2026-08-26 16:28:11
PL-EL10-7,"審計委員會－
一個主動且有效的審計委員會可提供重要的監督功能，對內部控制有效性扮演重要角色。",企業層級,EL10,控制環境,董事會結構與管理階層,董事會結構與管理階層,"對策略與執行的關注不足／董事會展現其獨立於管理階層，並對內部控制之建立與成效行使監督。
關注點：運用攸關的專長

對內部控制制度進行監督",營運面,,"[營運] 對策略與執行的關注不足／董事會展現其獨立於管理階層，並對內部控制之建立與成效行使監督。
關注點：運用攸關的專長

對內部控制制度進行監督",,,,,"審計委員會－
一個主動且有效的審計委員會可提供重要的監督功能，對內部控制有效性扮演重要角色。","董事會與審計委員會成員對於法令要求、產業環境和公司營運應具有充分之認識及經驗。
董事會與審計委員會成員應深知公司之企業運作、策略提出／決策過程及主要交易方式等，必要時，對於管理者的決策，重大交易事項，營運結果等提出不同觀點建議，進行建設性的質疑及挑戰，並願意為公司重大事項召開臨時會。",持續,法務單位（財會單位為輔）,"1. 審計委員會成員簡歷
2. 「審計委員會組織章程」（尚未擬定）
3. 審計委員會會議紀錄",,「審計委員會組織章程」（尚未擬定）,,"1. 審計委員會成員簡歷
2. 「審計委員會組織章程」（尚未擬定）
3. 審計委員會會議紀錄",,,,,,,人工,預防性 (Preventive),,,,"1. 審計委員會成員簡歷
2. 「審計委員會組織章程」（尚未擬定）
3. 審計委員會會議紀錄",,,"就公司現行企業層級作業，為因應「董事會結構與管理階層」風險——對策略與執行的關注不足／董事會展現其獨立於管理階層，並對內部控制之建立與成效行使監督。
關注點：運用攸關的專長

對內部控制制度進行監督（風險三大屬性—財務報導：（未填）；營運：[營運] 對策略與執行的關注不足／董事會展現其獨立於管理階層，並對內部控制之建立與成效行使監督。
關注點：運用攸關的專長

對內部控制制度進行監督；法令遵循：（未填）；RoMM：（RoMM 分類未填）；重大科目／聲明：（重大科目未填）／（聲明未填）），設計控制目標為「審計委員會－
一個主動且有效的審計委員會可提供重要的監督功能，對內部控制有效性扮演重要角色。」。由法務單位（財會單位為輔）以人工方式、採預防性控制取向、屬（類型未填）類型，依持續執行下列控制活動：董事會與審計委員會成員對於法令要求、產業環境和公司營運應具有充分之認識及經驗。
董事會與審計委員會成員應深知公司之企業運作、策略提出／決策過程及主要交易方式等，必要時，對於管理者的決策，重大交易事項，營運結果等提出不同觀點建議，進行建設性的質疑及挑戰，並願意為公司重大事項召開臨時會。。控制執行時使用之 IUC／制度為「1. 審計委員會成員簡歷
2. 「審計委員會組織章程」（尚未擬定）
3. 審計委員會會議紀錄」。投入（Inputs）：1. 審計委員會成員簡歷
2. 「審計委員會組織章程」（尚未擬定）
3. 審計委員會會議紀錄。覆核／執行步驟（Specific activities）：董事會與審計委員會成員對於法令要求、產業環境和公司營運應具有充分之認識及經驗。
董事會與審計委員會成員應深知公司之企業運作、策略提出／決策過程及主要交易方式等，必要時，對於管理者的決策，重大交易事項，營運結果等提出不同觀點建議，進行建設性的質疑及挑戰，並願意為公司重大事項召開臨時會。。產出（Outputs）：1. 審計委員會成員簡歷
2. 「審計委員會組織章程」（尚未擬定）
3. 審計委員會會議紀錄。","[企業層級｜董事會結構與管理階層] 審計委員會－
一個主動且有效的審計委員會可提供重要的監督功能，對內部控制有效性扮演重要角色。：董事會與審計委員會成員對於法令要求、產業環境和公司營運應具有充分之認識及經驗。
董事會與審計委員會成員應深知公司之企業運作、策略提出／決策過程及主要交易方式等，必要時，對於管理者的決策，重大交易事項，營運結果等提出不同觀點建議，進行建設性的質疑及挑戰，並願意為公司重大事項召開臨時會。（頻率：持續；負責：法務單位（財會單位為輔）；IUC：1. 審計委員會成員簡歷
2. 「審計委員會組織章程」（尚未擬定）
3. 審計委員會會議紀錄）",EL10-7,RCM;企業層級;累積範本;去識別範本,2026-08-26 16:28:11
PL-EL10-8,"審計委員會－
一個主動且有效的審計委員會可提供重要的監督功能，對內部控制有效性扮演重要角色。",企業層級,EL10,控制環境,董事會結構與管理階層,董事會結構與管理階層,"對策略與執行的關注不足／董事會展現其獨立於管理階層，並對內部控制之建立與成效行使監督。
關注點：建立監督責任

獨立運作

對內部控制制度進行監督",營運面,,"[營運] 對策略與執行的關注不足／董事會展現其獨立於管理階層，並對內部控制之建立與成效行使監督。
關注點：建立監督責任

獨立運作

對內部控制制度進行監督",,,,,"審計委員會－
一個主動且有效的審計委員會可提供重要的監督功能，對內部控制有效性扮演重要角色。","審計委員會應獨立於管理階層，並定期收到管理階層關於公司重要事項的通知，同時應與公司內部稽核人員和外部會計師私下會晤以討論和挑戰內部控制及財務報導的合理性。
審計委員會應指示管理階層對於發現的事項所應採取的行動，並且追蹤執行情形，確定這些建議已被採納。",持續,"內部稽核單位
財務單位","1. 內部稽核報告呈送審計委員會覆核之相關作業資料
2. 財務報告與會計師查核結果呈送審計委員會之相關資料",,,,"1. 內部稽核報告呈送審計委員會覆核之相關作業資料
2. 財務報告與會計師查核結果呈送審計委員會之相關資料",,,,,,,人工,預防性 (Preventive),,,,"1. 內部稽核報告呈送審計委員會覆核之相關作業資料
2. 財務報告與會計師查核結果呈送審計委員會之相關資料",,,"就公司現行企業層級作業，為因應「董事會結構與管理階層」風險——對策略與執行的關注不足／董事會展現其獨立於管理階層，並對內部控制之建立與成效行使監督。
關注點：建立監督責任

獨立運作

對內部控制制度進行監督（風險三大屬性—財務報導：（未填）；營運：[營運] 對策略與執行的關注不足／董事會展現其獨立於管理階層，並對內部控制之建立與成效行使監督。
關注點：建立監督責任

獨立運作

對內部控制制度進行監督；法令遵循：（未填）；RoMM：（RoMM 分類未填）；重大科目／聲明：（重大科目未填）／（聲明未填）），設計控制目標為「審計委員會－
一個主動且有效的審計委員會可提供重要的監督功能，對內部控制有效性扮演重要角色。」。由內部稽核單位
財務單位以人工方式、採預防性控制取向、屬（類型未填）類型，依持續執行下列控制活動：審計委員會應獨立於管理階層，並定期收到管理階層關於公司重要事項的通知，同時應與公司內部稽核人員和外部會計師私下會晤以討論和挑戰內部控制及財務報導的合理性。
審計委員會應指示管理階層對於發現的事項所應採取的行動，並且追蹤執行情形，確定這些建議已被採納。。控制執行時使用之 IUC／制度為「1. 內部稽核報告呈送審計委員會覆核之相關作業資料
2. 財務報告與會計師查核結果呈送審計委員會之相關資料」。投入（Inputs）：1. 內部稽核報告呈送審計委員會覆核之相關作業資料
2. 財務報告與會計師查核結果呈送審計委員會之相關資料。覆核／執行步驟（Specific activities）：審計委員會應獨立於管理階層，並定期收到管理階層關於公司重要事項的通知，同時應與公司內部稽核人員和外部會計師私下會晤以討論和挑戰內部控制及財務報導的合理性。
審計委員會應指示管理階層對於發現的事項所應採取的行動，並且追蹤執行情形，確定這些建議已被採納。。產出（Outputs）：1. 內部稽核報告呈送審計委員會覆核之相關作業資料
2. 財務報告與會計師查核結果呈送審計委員會之相關資料。","[企業層級｜董事會結構與管理階層] 審計委員會－
一個主動且有效的審計委員會可提供重要的監督功能，對內部控制有效性扮演重要角色。：審計委員會應獨立於管理階層，並定期收到管理階層關於公司重要事項的通知，同時應與公司內部稽核人員和外部會計師私下會晤以討論和挑戰內部控制及財務報導的合理性。
審計委員會應指示管理階層對於發現的事項所應採取的行動，並且追蹤執行情形，確定這些建議已被採納。（頻率：持續；負責：內部稽核單位
財務單位；IUC：1. 內部稽核報告呈送審計委員會覆核之相關作業資料
2. 財務報告與會計師查核結果呈送審計委員會之相關資料）",EL10-8,RCM;企業層級;累積範本;去識別範本,2026-08-26 16:28:11
PL-EL10-9,"審計委員會－
一個主動且有效的審計委員會可提供重要的監督功能，對內部控制有效性扮演重要角色。",企業層級,EL10,控制環境,績效／人才管理和薪酬,績效／人才管理和薪酬,"未針對管理階層薪酬程序進行有效的監督／治理／董事會展現其獨立於管理階層，並對內部控制之建立與成效行使監督。
關注點：對內部控制制度進行監督",營運面,,"[營運] 未針對管理階層薪酬程序進行有效的監督／治理／董事會展現其獨立於管理階層，並對內部控制之建立與成效行使監督。
關注點：對內部控制制度進行監督",,,,,"審計委員會－
一個主動且有效的審計委員會可提供重要的監督功能，對內部控制有效性扮演重要角色。",薪酬委員會應核准所有薪酬制度，並考量這些制度可能造成的風險。,持續,法務單位,薪酬相關委員會之討論會議紀錄,,"1. TERMS OF REFERENCE OF THE NOMINATION COMMITTEE
2. TERMS OF REFERENCE OF THE REMUNERATION COMMITTEE",,薪酬相關委員會之討論會議紀錄,,,,,,,人工,預防性 (Preventive),,,,薪酬相關委員會之討論會議紀錄,,,"就公司現行企業層級作業，為因應「績效／人才管理和薪酬」風險——未針對管理階層薪酬程序進行有效的監督／治理／董事會展現其獨立於管理階層，並對內部控制之建立與成效行使監督。
關注點：對內部控制制度進行監督（風險三大屬性—財務報導：（未填）；營運：[營運] 未針對管理階層薪酬程序進行有效的監督／治理／董事會展現其獨立於管理階層，並對內部控制之建立與成效行使監督。
關注點：對內部控制制度進行監督；法令遵循：（未填）；RoMM：（RoMM 分類未填）；重大科目／聲明：（重大科目未填）／（聲明未填）），設計控制目標為「審計委員會－
一個主動且有效的審計委員會可提供重要的監督功能，對內部控制有效性扮演重要角色。」。由法務單位以人工方式、採預防性控制取向、屬（類型未填）類型，依持續執行下列控制活動：薪酬委員會應核准所有薪酬制度，並考量這些制度可能造成的風險。。控制執行時使用之 IUC／制度為「薪酬相關委員會之討論會議紀錄」。投入（Inputs）：薪酬相關委員會之討論會議紀錄。覆核／執行步驟（Specific activities）：薪酬委員會應核准所有薪酬制度，並考量這些制度可能造成的風險。。產出（Outputs）：薪酬相關委員會之討論會議紀錄。","[企業層級｜績效／人才管理和薪酬] 審計委員會－
一個主動且有效的審計委員會可提供重要的監督功能，對內部控制有效性扮演重要角色。：薪酬委員會應核准所有薪酬制度，並考量這些制度可能造成的風險。（頻率：持續；負責：法務單位；IUC：薪酬相關委員會之討論會議紀錄）",EL10-9,RCM;企業層級;累積範本;去識別範本,2026-08-26 16:28:11
PL-EL10-10,"審計委員會－
一個主動且有效的審計委員會可提供重要的監督功能，對內部控制有效性扮演重要角色。",企業層級,EL10,控制環境,監督與稽核,監督與稽核,"未持續監督道德與遵循事項／董事會展現其獨立於管理階層，並對內部控制之建立與成效行使監督。
關注點：對內部控制制度進行監督",營運面,,"[營運] 未持續監督道德與遵循事項／董事會展現其獨立於管理階層，並對內部控制之建立與成效行使監督。
關注點：對內部控制制度進行監督",,,,,"審計委員會－
一個主動且有效的審計委員會可提供重要的監督功能，對內部控制有效性扮演重要角色。",審計委員會或公司其他委員應要求管理階層嚴守行為準則之規定。,持續,"人資單位
法務單位（財會單位為輔）","1. 企業社會責任行為準則手冊
2. 誠信經營作業辦法及行為準則
3. 人事管理制度
4. 「審計委員會組織章程」（尚未擬定）",,"1. 企業社會責任行為準則手冊
2. 誠信經營作業辦法及行為準則
3. 人事管理制度
4. 「審計委員會組織章程」（尚未擬定）",,"1. 企業社會責任行為準則手冊
2. 誠信經營作業辦法及行為準則
3. 人事管理制度
4. 「審計委員會組織章程」（尚未擬定）",,,,,,,人工,預防性 (Preventive),,,,"1. 企業社會責任行為準則手冊
2. 誠信經營作業辦法及行為準則
3. 人事管理制度
4. 「審計委員會組織章程」（尚未擬定）",,,"就公司現行企業層級作業，為因應「監督與稽核」風險——未持續監督道德與遵循事項／董事會展現其獨立於管理階層，並對內部控制之建立與成效行使監督。
關注點：對內部控制制度進行監督（風險三大屬性—財務報導：（未填）；營運：[營運] 未持續監督道德與遵循事項／董事會展現其獨立於管理階層，並對內部控制之建立與成效行使監督。
關注點：對內部控制制度進行監督；法令遵循：（未填）；RoMM：（RoMM 分類未填）；重大科目／聲明：（重大科目未填）／（聲明未填）），設計控制目標為「審計委員會－
一個主動且有效的審計委員會可提供重要的監督功能，對內部控制有效性扮演重要角色。」。由人資單位
法務單位（財會單位為輔）以人工方式、採預防性控制取向、屬（類型未填）類型，依持續執行下列控制活動：審計委員會或公司其他委員應要求管理階層嚴守行為準則之規定。。控制執行時使用之 IUC／制度為「1. 企業社會責任行為準則手冊
2. 誠信經營作業辦法及行為準則
3. 人事管理制度
4. 「審計委員會組織章程」（尚未擬定）」。投入（Inputs）：1. 企業社會責任行為準則手冊
2. 誠信經營作業辦法及行為準則
3. 人事管理制度
4. 「審計委員會組織章程」（尚未擬定）。覆核／執行步驟（Specific activities）：審計委員會或公司其他委員應要求管理階層嚴守行為準則之規定。。產出（Outputs）：1. 企業社會責任行為準則手冊
2. 誠信經營作業辦法及行為準則
3. 人事管理制度
4. 「審計委員會組織章程」（尚未擬定）。","[企業層級｜監督與稽核] 審計委員會－
一個主動且有效的審計委員會可提供重要的監督功能，對內部控制有效性扮演重要角色。：審計委員會或公司其他委員應要求管理階層嚴守行為準則之規定。（頻率：持續；負責：人資單位
法務單位（財會單位為輔）；IUC：1. 企業社會責任行為準則手冊
2. 誠信經營作業辦法及行為準則
3. 人事管理制度
4. 「審計委員會組織章程」（尚未擬定））",EL10-10,RCM;企業層級;累積範本;去識別範本,2026-08-26 16:28:11
PL-EL10-11,"勝任之承諾－
管理階層須為每一項特定的工作，分別訂明其所須之能力水準，並把這個能力水準轉換為員工所須之知識及技能",企業層級,EL10,控制環境,董事會結構與管理階層,董事會結構與管理階層,"對策略與執行的關注不足／董事會展現其獨立於管理階層，並對內部控制之建立與成效行使監督。
關注點：對內部控制制度進行監督",營運面,,"[營運] 對策略與執行的關注不足／董事會展現其獨立於管理階層，並對內部控制之建立與成效行使監督。
關注點：對內部控制制度進行監督",,,,,"勝任之承諾－
管理階層須為每一項特定的工作，分別訂明其所須之能力水準，並把這個能力水準轉換為員工所須之知識及技能",管理階層應確保當營運活動中發現錯誤或缺失時，已對其發生原因進行評估，並及時進行有關之改善活動，如進行教育訓練、重新分配工作、分派額外資源，或是向專家諮詢等。,不定期,"1. ISO稽核項目之對應權責單位
2. 客戶稽核之對應權責單位
3. 內部稽核單位","1. 客戶稽核／ISO稽核缺失及改善計畫追蹤等作業資料
2. 會計師查核缺失及改善計畫追蹤等作業資料",,,,"1. 客戶稽核／ISO稽核缺失及改善計畫追蹤等作業資料
2. 會計師查核缺失及改善計畫追蹤等作業資料",,,,,,,人工,偵測性 (Detective),,,,"1. 客戶稽核／ISO稽核缺失及改善計畫追蹤等作業資料
2. 會計師查核缺失及改善計畫追蹤等作業資料",,,"就公司現行企業層級作業，為因應「董事會結構與管理階層」風險——對策略與執行的關注不足／董事會展現其獨立於管理階層，並對內部控制之建立與成效行使監督。
關注點：對內部控制制度進行監督（風險三大屬性—財務報導：（未填）；營運：[營運] 對策略與執行的關注不足／董事會展現其獨立於管理階層，並對內部控制之建立與成效行使監督。
關注點：對內部控制制度進行監督；法令遵循：（未填）；RoMM：（RoMM 分類未填）；重大科目／聲明：（重大科目未填）／（聲明未填）），設計控制目標為「勝任之承諾－
管理階層須為每一項特定的工作，分別訂明其所須之能力水準，並把這個能力水準轉換為員工所須之知識及技能」。由1. ISO稽核項目之對應權責單位
2. 客戶稽核之對應權責單位
3. 內部稽核單位以人工方式、採偵測性控制取向、屬（類型未填）類型，依不定期執行下列控制活動：管理階層應確保當營運活動中發現錯誤或缺失時，已對其發生原因進行評估，並及時進行有關之改善活動，如進行教育訓練、重新分配工作、分派額外資源，或是向專家諮詢等。。控制執行時使用之 IUC／制度為「1. 客戶稽核／ISO稽核缺失及改善計畫追蹤等作業資料
2. 會計師查核缺失及改善計畫追蹤等作業資料」。投入（Inputs）：1. 客戶稽核／ISO稽核缺失及改善計畫追蹤等作業資料
2. 會計師查核缺失及改善計畫追蹤等作業資料。覆核／執行步驟（Specific activities）：管理階層應確保當營運活動中發現錯誤或缺失時，已對其發生原因進行評估，並及時進行有關之改善活動，如進行教育訓練、重新分配工作、分派額外資源，或是向專家諮詢等。。產出（Outputs）：1. 客戶稽核／ISO稽核缺失及改善計畫追蹤等作業資料
2. 會計師查核缺失及改善計畫追蹤等作業資料。","[企業層級｜董事會結構與管理階層] 勝任之承諾－
管理階層須為每一項特定的工作，分別訂明其所須之能力水準，並把這個能力水準轉換為員工所須之知識及技能：管理階層應確保當營運活動中發現錯誤或缺失時，已對其發生原因進行評估，並及時進行有關之改善活動，如進行教育訓練、重新分配工作、分派額外資源，或是向專家諮詢等。（頻率：不定期；負責：1. ISO稽核項目之對應權責單位
2. 客戶稽核之對應權責單位
3. 內部稽核單位；IUC：1. 客戶稽核／ISO稽核缺失及改善計畫追蹤等作業資料
2. 會計師查核缺失及改善計畫追蹤等作業資料）",EL10-11,RCM;企業層級;累積範本;去識別範本,2026-08-26 16:28:11
PL-EL10-12,"勝任之承諾－
管理階層須為每一項特定的工作，分別訂明其所須之能力水準，並把這個能力水準轉換為員工所須之知識及技能",企業層級,EL10,控制環境,組織架構,組織架構,"人員濫用職權／管理階層在董事會監督之下，建立達成各項目標之結構、報導體系、以及適當權限與責任。
關注點：定義、分派及限制權限與責任",營運面,,"[營運] 人員濫用職權／管理階層在董事會監督之下，建立達成各項目標之結構、報導體系、以及適當權限與責任。
關注點：定義、分派及限制權限與責任",,,,,"勝任之承諾－
管理階層須為每一項特定的工作，分別訂明其所須之能力水準，並把這個能力水準轉換為員工所須之知識及技能",管理階層應設置正式之工作或職務說明書，工作或職務說明書內容應足以讓員工瞭解其職責所在及其所受之監督並且包含與控制相關的職責，管理階層應使員工瞭解其職務與其他部門或其他人員職務之關連性及影響。,持續,請參照薪工循環之招募與聘用管理作業。,請參照薪工循環之招募與聘用管理作業。,,請參照薪工循環之招募與聘用管理作業。,,請參照薪工循環之招募與聘用管理作業。,,,,,,,人工,預防性 (Preventive),,,,請參照薪工循環之招募與聘用管理作業。,,,"就公司現行企業層級作業，為因應「組織架構」風險——人員濫用職權／管理階層在董事會監督之下，建立達成各項目標之結構、報導體系、以及適當權限與責任。
關注點：定義、分派及限制權限與責任（風險三大屬性—財務報導：（未填）；營運：[營運] 人員濫用職權／管理階層在董事會監督之下，建立達成各項目標之結構、報導體系、以及適當權限與責任。
關注點：定義、分派及限制權限與責任；法令遵循：（未填）；RoMM：（RoMM 分類未填）；重大科目／聲明：（重大科目未填）／（聲明未填）），設計控制目標為「勝任之承諾－
管理階層須為每一項特定的工作，分別訂明其所須之能力水準，並把這個能力水準轉換為員工所須之知識及技能」。由請參照薪工循環之招募與聘用管理作業。以人工方式、採預防性控制取向、屬（類型未填）類型，依持續執行下列控制活動：管理階層應設置正式之工作或職務說明書，工作或職務說明書內容應足以讓員工瞭解其職責所在及其所受之監督並且包含與控制相關的職責，管理階層應使員工瞭解其職務與其他部門或其他人員職務之關連性及影響。。控制執行時使用之 IUC／制度為「請參照薪工循環之招募與聘用管理作業。」。投入（Inputs）：請參照薪工循環之招募與聘用管理作業。。覆核／執行步驟（Specific activities）：管理階層應設置正式之工作或職務說明書，工作或職務說明書內容應足以讓員工瞭解其職責所在及其所受之監督並且包含與控制相關的職責，管理階層應使員工瞭解其職務與其他部門或其他人員職務之關連性及影響。。產出（Outputs）：請參照薪工循環之招募與聘用管理作業。。","[企業層級｜組織架構] 勝任之承諾－
管理階層須為每一項特定的工作，分別訂明其所須之能力水準，並把這個能力水準轉換為員工所須之知識及技能：管理階層應設置正式之工作或職務說明書，工作或職務說明書內容應足以讓員工瞭解其職責所在及其所受之監督並且包含與控制相關的職責，管理階層應使員工瞭解其職務與其他部門或其他人員職務之關連性及影響。（頻率：持續；負責：請參照薪工循環之招募與聘用管理作業。；IUC：請參照薪工循環之招募與聘用管理作業。）",EL10-12,RCM;企業層級;累積範本;去識別範本,2026-08-26 16:28:11
PL-EL10-13,管理哲學和經營風格－一般而言，管理階層之經營風格及管理哲學對企業之影響甚鉅。雖然它並無形體，但評估者可尋找正面或負面之徵兆。,企業層級,EL10,控制環境,組織架構,組織架構,"權責劃分不清楚／管理階層在董事會監督之下，建立達成各項目標之結構、報導體系、以及適當權限與責任。
關注點：定義、分派及限制權限與責任",營運面,,"[營運] 權責劃分不清楚／管理階層在董事會監督之下，建立達成各項目標之結構、報導體系、以及適當權限與責任。
關注點：定義、分派及限制權限與責任",,,,,管理哲學和經營風格－一般而言，管理階層之經營風格及管理哲學對企業之影響甚鉅。雖然它並無形體，但評估者可尋找正面或負面之徵兆。,總公司會計或財務部門對於分公司或子公司的會計人員應具有相當的影響力。,持續,財務單位,總分公司財務會計單位之定期／不定期管理會議紀錄,,,,總分公司財務會計單位之定期／不定期管理會議紀錄,,,,,,,人工,預防性 (Preventive),,,,總分公司財務會計單位之定期／不定期管理會議紀錄,,,"就公司現行企業層級作業，為因應「組織架構」風險——權責劃分不清楚／管理階層在董事會監督之下，建立達成各項目標之結構、報導體系、以及適當權限與責任。
關注點：定義、分派及限制權限與責任（風險三大屬性—財務報導：（未填）；營運：[營運] 權責劃分不清楚／管理階層在董事會監督之下，建立達成各項目標之結構、報導體系、以及適當權限與責任。
關注點：定義、分派及限制權限與責任；法令遵循：（未填）；RoMM：（RoMM 分類未填）；重大科目／聲明：（重大科目未填）／（聲明未填）），設計控制目標為「管理哲學和經營風格－一般而言，管理階層之經營風格及管理哲學對企業之影響甚鉅。雖然它並無形體，但評估者可尋找正面或負面之徵兆。」。由財務單位以人工方式、採預防性控制取向、屬（類型未填）類型，依持續執行下列控制活動：總公司會計或財務部門對於分公司或子公司的會計人員應具有相當的影響力。。控制執行時使用之 IUC／制度為「總分公司財務會計單位之定期／不定期管理會議紀錄」。投入（Inputs）：總分公司財務會計單位之定期／不定期管理會議紀錄。覆核／執行步驟（Specific activities）：總公司會計或財務部門對於分公司或子公司的會計人員應具有相當的影響力。。產出（Outputs）：總分公司財務會計單位之定期／不定期管理會議紀錄。",[企業層級｜組織架構] 管理哲學和經營風格－一般而言，管理階層之經營風格及管理哲學對企業之影響甚鉅。雖然它並無形體，但評估者可尋找正面或負面之徵兆。：總公司會計或財務部門對於分公司或子公司的會計人員應具有相當的影響力。（頻率：持續；負責：財務單位；IUC：總分公司財務會計單位之定期／不定期管理會議紀錄）,EL10-13,RCM;企業層級;累積範本;去識別範本,2026-08-26 16:28:11
PL-EL10-14,組織結構－組織結構不應太過簡單，亦不應太過複雜。太過簡單可能使監督企業的活動無法進行；太過複雜則可能使必要資訊的流通受限制。高階管理階層應充分瞭解其控制責任，並應擁有與其職位相當的知識及經驗。,企業層級,EL10,控制環境,溝通,溝通,"未能使員工重視道德及遵循／管理階層在董事會監督之下，建立達成各項目標之結構、報導體系、以及適當權限與責任。
關注點：考量組織的所有結構

建立報導體系

定義、分派及限制權限與責任",營運面,,"[營運] 未能使員工重視道德及遵循／管理階層在董事會監督之下，建立達成各項目標之結構、報導體系、以及適當權限與責任。
關注點：考量組織的所有結構

建立報導體系

定義、分派及限制權限與責任",,,,,組織結構－組織結構不應太過簡單，亦不應太過複雜。太過簡單可能使監督企業的活動無法進行；太過複雜則可能使必要資訊的流通受限制。高階管理階層應充分瞭解其控制責任，並應擁有與其職位相當的知識及經驗。,"公司應考量公司的規模大小及作業活動性質後，建立適當的報告體系，企業的結構應使營運活動中的資訊進行適當流通，報告關係應及時將資訊進行傳遞給應該知道的人。
公司應定義主要營運活動之授權及權責，管理階層應清楚的瞭解其所負所有之職責與對企業整體活動之影響，並對全公司的員工授與其工作項目之職權及責任，同時應制定授權及核准交易之政策及程式以分配各項資訊之擁有者（如誰有權執行或改變交易）。",持續,各單位,"1. 經營管理規章類（包括部門執掌規範與核決權限管理規範於其中）
2. 內部管理系統類
3. ISO等認證系統類
4. 四階表單（含上述第2及第4點之作業使用表單）
5. 組織圖
6. 工作說明書（擬訂中）",,"1. 經營管理規章類（包括部門執掌規範與核決權限管理規範於其中）
2. 內部管理系統類
3. ISO等認證系統類
4. 四階表單（含上述第2及第3點之作業使用表單）",,"1. 經營管理規章類（包括部門執掌規範與核決權限管理規範於其中）
2. 內部管理系統類
3. ISO等認證系統類
4. 四階表單（含上述第2及第4點之作業使用表單）
5. 組織圖
6. 工作說明書（擬訂中）",,,,,,,人工,預防性 (Preventive),,,,"1. 經營管理規章類（包括部門執掌規範與核決權限管理規範於其中）
2. 內部管理系統類
3. ISO等認證系統類
4. 四階表單（含上述第2及第4點之作業使用表單）
5. 組織圖
6. 工作說明書（擬訂中）",,,"就公司現行企業層級作業，為因應「溝通」風險——未能使員工重視道德及遵循／管理階層在董事會監督之下，建立達成各項目標之結構、報導體系、以及適當權限與責任。
關注點：考量組織的所有結構

建立報導體系

定義、分派及限制權限與責任（風險三大屬性—財務報導：（未填）；營運：[營運] 未能使員工重視道德及遵循／管理階層在董事會監督之下，建立達成各項目標之結構、報導體系、以及適當權限與責任。
關注點：考量組織的所有結構

建立報導體系

定義、分派及限制權限與責任；法令遵循：（未填）；RoMM：（RoMM 分類未填）；重大科目／聲明：（重大科目未填）／（聲明未填）），設計控制目標為「組織結構－組織結構不應太過簡單，亦不應太過複雜。太過簡單可能使監督企業的活動無法進行；太過複雜則可能使必要資訊的流通受限制。高階管理階層應充分瞭解其控制責任，並應擁有與其職位相當的知識及經驗。」。由各單位以人工方式、採預防性控制取向、屬（類型未填）類型，依持續執行下列控制活動：公司應考量公司的規模大小及作業活動性質後，建立適當的報告體系，企業的結構應使營運活動中的資訊進行適當流通，報告關係應及時將資訊進行傳遞給應該知道的人。
公司應定義主要營運活動之授權及權責，管理階層應清楚的瞭解其所負所有之職責與對企業整體活動之影響，並對全公司的員工授與其工作項目之職權及責任，同時應制定授權及核准交易之政策及程式以分配各項資訊之擁有者（如誰有權執行或改變交易）。。控制執行時使用之 IUC／制度為「1. 經營管理規章類（包括部門執掌規範與核決權限管理規範於其中）
2. 內部管理系統類
3. ISO等認證系統類
4. 四階表單（含上述第2及第4點之作業使用表單）
5. 組織圖
6. 工作說明書（擬訂中）」。投入（Inputs）：1. 經營管理規章類（包括部門執掌規範與核決權限管理規範於其中）
2. 內部管理系統類
3. ISO等認證系統類
4. 四階表單（含上述第2及第4點之作業使用表單）
5. 組織圖
6. 工作說明書（擬訂中）。覆核／執行步驟（Specific activities）：公司應考量公司的規模大小及作業活動性質後，建立適當的報告體系，企業的結構應使營運活動中的資訊進行適當流通，報告關係應及時將資訊進行傳遞給應該知道的人。
公司應定義主要營運活動之授權及權責，管理階層應清楚的瞭解其所負所有之職責與對企業整體活動之影響，並對全公司的員工授與其工作項目之職權及責任，同時應制定授權及核准交易之政策及程式以分配各項資訊之擁有者（如誰有權執行或改變交易）。。產出（Outputs）：1. 經營管理規章類（包括部門執掌規範與核決權限管理規範於其中）
2. 內部管理系統類
3. ISO等認證系統類
4. 四階表單（含上述第2及第4點之作業使用表單）
5. 組織圖
6. 工作說明書（擬訂中）。","[企業層級｜溝通] 組織結構－組織結構不應太過簡單，亦不應太過複雜。太過簡單可能使監督企業的活動無法進行；太過複雜則可能使必要資訊的流通受限制。高階管理階層應充分瞭解其控制責任，並應擁有與其職位相當的知識及經驗。：公司應考量公司的規模大小及作業活動性質後，建立適當的報告體系，企業的結構應使營運活動中的資訊進行適當流通，報告關係應及時將資訊進行傳遞給應該知道的人。
公司應定義主要營運活動之授權及權責，管理階層應清楚的瞭解其所負所有之職責與對企業整體活動之影響，並對全公司的員工授與其工作項目之職權及責任，同時應制定授權及核准交易之政策及程式以分配各項資訊之擁有者（如誰有權執行或改變交易）。（頻率：持續；負責：各單位；IUC：1. 經營管理規章類（包括部門執掌規範與核決權限管理規範於其中）
2. 內部管理系統類
3. ISO等認證系統類
4. 四階表單（含上述第2及第4點之作業使用表單）
5. 組織圖
6. 工作說明書（擬訂中））",EL10-14,RCM;企業層級;累積範本;去識別範本,2026-08-26 16:28:11
PL-EL10-15,組織結構－組織結構不應太過簡單，亦不應太過複雜。太過簡單可能使監督企業的活動無法進行；太過複雜則可能使必要資訊的流通受限制。高階管理階層應充分瞭解其控制責任，並應擁有與其職位相當的知識及經驗。,企業層級,EL10,控制環境,組織架構,組織架構,"組織架構設計複雜／管理階層在董事會監督之下，建立達成各項目標之結構、報導體系、以及適當權限與責任。
關注點：考量組織的所有結構",營運面,,"[營運] 組織架構設計複雜／管理階層在董事會監督之下，建立達成各項目標之結構、報導體系、以及適當權限與責任。
關注點：考量組織的所有結構",,,,,組織結構－組織結構不應太過簡單，亦不應太過複雜。太過簡單可能使監督企業的活動無法進行；太過複雜則可能使必要資訊的流通受限制。高階管理階層應充分瞭解其控制責任，並應擁有與其職位相當的知識及經驗。,管理階層應定期依據企業營運或產業之改變而評估其企業的組織結構，並進行調整，企業劃分為不同法律個體，其背後的原因應明顯且合理。,不定期,人資單位,"1. 組織異動管理辦法
2. 組織異動之評估資料
3. 組織異動之核准與公告紀錄",,組織異動管理辦法（目前為草稿）,,"1. 組織異動管理辦法
2. 組織異動之評估資料
3. 組織異動之核准與公告紀錄",,,,,,,人工,預防性 (Preventive),,,,"1. 組織異動管理辦法
2. 組織異動之評估資料
3. 組織異動之核准與公告紀錄",,,"就公司現行企業層級作業，為因應「組織架構」風險——組織架構設計複雜／管理階層在董事會監督之下，建立達成各項目標之結構、報導體系、以及適當權限與責任。
關注點：考量組織的所有結構（風險三大屬性—財務報導：（未填）；營運：[營運] 組織架構設計複雜／管理階層在董事會監督之下，建立達成各項目標之結構、報導體系、以及適當權限與責任。
關注點：考量組織的所有結構；法令遵循：（未填）；RoMM：（RoMM 分類未填）；重大科目／聲明：（重大科目未填）／（聲明未填）），設計控制目標為「組織結構－組織結構不應太過簡單，亦不應太過複雜。太過簡單可能使監督企業的活動無法進行；太過複雜則可能使必要資訊的流通受限制。高階管理階層應充分瞭解其控制責任，並應擁有與其職位相當的知識及經驗。」。由人資單位以人工方式、採預防性控制取向、屬（類型未填）類型，依不定期執行下列控制活動：管理階層應定期依據企業營運或產業之改變而評估其企業的組織結構，並進行調整，企業劃分為不同法律個體，其背後的原因應明顯且合理。。控制執行時使用之 IUC／制度為「1. 組織異動管理辦法
2. 組織異動之評估資料
3. 組織異動之核准與公告紀錄」。投入（Inputs）：1. 組織異動管理辦法
2. 組織異動之評估資料
3. 組織異動之核准與公告紀錄。覆核／執行步驟（Specific activities）：管理階層應定期依據企業營運或產業之改變而評估其企業的組織結構，並進行調整，企業劃分為不同法律個體，其背後的原因應明顯且合理。。產出（Outputs）：1. 組織異動管理辦法
2. 組織異動之評估資料
3. 組織異動之核准與公告紀錄。","[企業層級｜組織架構] 組織結構－組織結構不應太過簡單，亦不應太過複雜。太過簡單可能使監督企業的活動無法進行；太過複雜則可能使必要資訊的流通受限制。高階管理階層應充分瞭解其控制責任，並應擁有與其職位相當的知識及經驗。：管理階層應定期依據企業營運或產業之改變而評估其企業的組織結構，並進行調整，企業劃分為不同法律個體，其背後的原因應明顯且合理。（頻率：不定期；負責：人資單位；IUC：1. 組織異動管理辦法
2. 組織異動之評估資料
3. 組織異動之核准與公告紀錄）",EL10-15,RCM;企業層級;累積範本;去識別範本,2026-08-26 16:28:11
PL-EL10-16,組織結構－組織結構不應太過簡單，亦不應太過複雜。太過簡單可能使監督企業的活動無法進行；太過複雜則可能使必要資訊的流通受限制。高階管理階層應充分瞭解其控制責任，並應擁有與其職位相當的知識及經驗。,企業層級,EL10,控制環境,財務報告舞弊,財務報告舞弊,"無法落實適當之職能分工／管理階層在董事會監督之下，建立達成各項目標之結構、報導體系、以及適當權限與責任。
關注點：定義、分派及限制權限與責任",報導面,"[財務報導] 無法落實適當之職能分工／管理階層在董事會監督之下，建立達成各項目標之結構、報導體系、以及適當權限與責任。
關注點：定義、分派及限制權限與責任",,,,,,組織結構－組織結構不應太過簡單，亦不應太過複雜。太過簡單可能使監督企業的活動無法進行；太過複雜則可能使必要資訊的流通受限制。高階管理階層應充分瞭解其控制責任，並應擁有與其職位相當的知識及經驗。,不相容的活動應有適當的職務分工。,持續,各單位,"1. 各循環及跨循環之職務／工作衝突分析資料
2. 各循環之風險控制矩陣",,,,"1. 各循環及跨循環之職務／工作衝突分析資料
2. 各循環之風險控制矩陣",,,,,,,人工,預防性 (Preventive),,,,"1. 各循環及跨循環之職務／工作衝突分析資料
2. 各循環之風險控制矩陣",,,"就公司現行企業層級作業，為因應「財務報告舞弊」風險——無法落實適當之職能分工／管理階層在董事會監督之下，建立達成各項目標之結構、報導體系、以及適當權限與責任。
關注點：定義、分派及限制權限與責任（風險三大屬性—財務報導：[財務報導] 無法落實適當之職能分工／管理階層在董事會監督之下，建立達成各項目標之結構、報導體系、以及適當權限與責任。
關注點：定義、分派及限制權限與責任；營運：（未填）；法令遵循：（未填）；RoMM：（RoMM 分類未填）；重大科目／聲明：（重大科目未填）／（聲明未填）），設計控制目標為「組織結構－組織結構不應太過簡單，亦不應太過複雜。太過簡單可能使監督企業的活動無法進行；太過複雜則可能使必要資訊的流通受限制。高階管理階層應充分瞭解其控制責任，並應擁有與其職位相當的知識及經驗。」。由各單位以人工方式、採預防性控制取向、屬（類型未填）類型，依持續執行下列控制活動：不相容的活動應有適當的職務分工。。控制執行時使用之 IUC／制度為「1. 各循環及跨循環之職務／工作衝突分析資料
2. 各循環之風險控制矩陣」。投入（Inputs）：1. 各循環及跨循環之職務／工作衝突分析資料
2. 各循環之風險控制矩陣。覆核／執行步驟（Specific activities）：不相容的活動應有適當的職務分工。。產出（Outputs）：1. 各循環及跨循環之職務／工作衝突分析資料
2. 各循環之風險控制矩陣。","[企業層級｜財務報告舞弊] 組織結構－組織結構不應太過簡單，亦不應太過複雜。太過簡單可能使監督企業的活動無法進行；太過複雜則可能使必要資訊的流通受限制。高階管理階層應充分瞭解其控制責任，並應擁有與其職位相當的知識及經驗。：不相容的活動應有適當的職務分工。（頻率：持續；負責：各單位；IUC：1. 各循環及跨循環之職務／工作衝突分析資料
2. 各循環之風險控制矩陣）",EL10-16,RCM;企業層級;累積範本;去識別範本,2026-08-26 16:28:11
PL-EL10-17,"勝任之承諾－
管理階層須為每一項特定的工作，分別訂明其所須之能力水準，並把這個能力水準轉換為員工所須之知識及技能",企業層級,EL10,控制環境,訓練與發展,訓練與發展,"無效／不適當的訓練與發展計畫／機構為配合目標而展現延攬、培育及留用適任人才之承諾。
關注點：延攬、培育及留用人才",營運面,,"[營運] 無效／不適當的訓練與發展計畫／機構為配合目標而展現延攬、培育及留用適任人才之承諾。
關注點：延攬、培育及留用人才",,,,,"勝任之承諾－
管理階層須為每一項特定的工作，分別訂明其所須之能力水準，並把這個能力水準轉換為員工所須之知識及技能",教育訓練政策應溝通員工所被要求的角色和職責並展現要求之表現和行為。管理階層應確認公司員工對於其所分派的工作有足夠的能力並接受適當的訓練，並持續對員工進行教育訓練，以使他們能有效的面對所處之企業環境。,持續,請參照薪工循環之招募與聘用管理作業及教育訓練作業,請參照薪工循環之招募與聘用管理作業及教育訓練作業,,請參照薪工循環之招募與聘用管理作業及教育訓練作業,,請參照薪工循環之招募與聘用管理作業及教育訓練作業,,,,,,,人工,預防性 (Preventive),,,,請參照薪工循環之招募與聘用管理作業及教育訓練作業,,,"就公司現行企業層級作業，為因應「訓練與發展」風險——無效／不適當的訓練與發展計畫／機構為配合目標而展現延攬、培育及留用適任人才之承諾。
關注點：延攬、培育及留用人才（風險三大屬性—財務報導：（未填）；營運：[營運] 無效／不適當的訓練與發展計畫／機構為配合目標而展現延攬、培育及留用適任人才之承諾。
關注點：延攬、培育及留用人才；法令遵循：（未填）；RoMM：（RoMM 分類未填）；重大科目／聲明：（重大科目未填）／（聲明未填）），設計控制目標為「勝任之承諾－
管理階層須為每一項特定的工作，分別訂明其所須之能力水準，並把這個能力水準轉換為員工所須之知識及技能」。由請參照薪工循環之招募與聘用管理作業及教育訓練作業以人工方式、採預防性控制取向、屬（類型未填）類型，依持續執行下列控制活動：教育訓練政策應溝通員工所被要求的角色和職責並展現要求之表現和行為。管理階層應確認公司員工對於其所分派的工作有足夠的能力並接受適當的訓練，並持續對員工進行教育訓練，以使他們能有效的面對所處之企業環境。。控制執行時使用之 IUC／制度為「請參照薪工循環之招募與聘用管理作業及教育訓練作業」。投入（Inputs）：請參照薪工循環之招募與聘用管理作業及教育訓練作業。覆核／執行步驟（Specific activities）：教育訓練政策應溝通員工所被要求的角色和職責並展現要求之表現和行為。管理階層應確認公司員工對於其所分派的工作有足夠的能力並接受適當的訓練，並持續對員工進行教育訓練，以使他們能有效的面對所處之企業環境。。產出（Outputs）：請參照薪工循環之招募與聘用管理作業及教育訓練作業。","[企業層級｜訓練與發展] 勝任之承諾－
管理階層須為每一項特定的工作，分別訂明其所須之能力水準，並把這個能力水準轉換為員工所須之知識及技能：教育訓練政策應溝通員工所被要求的角色和職責並展現要求之表現和行為。管理階層應確認公司員工對於其所分派的工作有足夠的能力並接受適當的訓練，並持續對員工進行教育訓練，以使他們能有效的面對所處之企業環境。（頻率：持續；負責：請參照薪工循環之招募與聘用管理作業及教育訓練作業；IUC：請參照薪工循環之招募與聘用管理作業及教育訓練作業）",EL10-17,RCM;企業層級;累積範本;去識別範本,2026-08-26 16:28:11
PL-EL10-18,"勝任之承諾－
管理階層須為每一項特定的工作，分別訂明其所須之能力水準，並把這個能力水準轉換為員工所須之知識及技能",企業層級,EL10,控制環境,董事會有效性／知識管理,董事會有效性／知識管理,"未能充分理解公司之營運／機構為配合目標而展現延攬、培育及留用適任人才之承諾。
關注點：評估適任性及處理不足的部分",營運面,,"[營運] 未能充分理解公司之營運／機構為配合目標而展現延攬、培育及留用適任人才之承諾。
關注點：評估適任性及處理不足的部分",,,,,"勝任之承諾－
管理階層須為每一項特定的工作，分別訂明其所須之能力水準，並把這個能力水準轉換為員工所須之知識及技能",管理階層之專業應擁有廣泛之經驗並來自於各種不同的專業領域，而不只是侷限於少數的專業領域（如製造及行銷）。,持續,參照薪工循環之招募與聘用管理作業及教育訓練作業,參照薪工循環之招募與聘用管理作業及教育訓練作業,,參照薪工循環之招募與聘用管理作業及教育訓練作業,,參照薪工循環之招募與聘用管理作業及教育訓練作業,,,,,,,人工,預防性 (Preventive),,,,參照薪工循環之招募與聘用管理作業及教育訓練作業,,,"就公司現行企業層級作業，為因應「董事會有效性／知識管理」風險——未能充分理解公司之營運／機構為配合目標而展現延攬、培育及留用適任人才之承諾。
關注點：評估適任性及處理不足的部分（風險三大屬性—財務報導：（未填）；營運：[營運] 未能充分理解公司之營運／機構為配合目標而展現延攬、培育及留用適任人才之承諾。
關注點：評估適任性及處理不足的部分；法令遵循：（未填）；RoMM：（RoMM 分類未填）；重大科目／聲明：（重大科目未填）／（聲明未填）），設計控制目標為「勝任之承諾－
管理階層須為每一項特定的工作，分別訂明其所須之能力水準，並把這個能力水準轉換為員工所須之知識及技能」。由參照薪工循環之招募與聘用管理作業及教育訓練作業以人工方式、採預防性控制取向、屬（類型未填）類型，依持續執行下列控制活動：管理階層之專業應擁有廣泛之經驗並來自於各種不同的專業領域，而不只是侷限於少數的專業領域（如製造及行銷）。。控制執行時使用之 IUC／制度為「參照薪工循環之招募與聘用管理作業及教育訓練作業」。投入（Inputs）：參照薪工循環之招募與聘用管理作業及教育訓練作業。覆核／執行步驟（Specific activities）：管理階層之專業應擁有廣泛之經驗並來自於各種不同的專業領域，而不只是侷限於少數的專業領域（如製造及行銷）。。產出（Outputs）：參照薪工循環之招募與聘用管理作業及教育訓練作業。","[企業層級｜董事會有效性／知識管理] 勝任之承諾－
管理階層須為每一項特定的工作，分別訂明其所須之能力水準，並把這個能力水準轉換為員工所須之知識及技能：管理階層之專業應擁有廣泛之經驗並來自於各種不同的專業領域，而不只是侷限於少數的專業領域（如製造及行銷）。（頻率：持續；負責：參照薪工循環之招募與聘用管理作業及教育訓練作業；IUC：參照薪工循環之招募與聘用管理作業及教育訓練作業）",EL10-18,RCM;企業層級;累積範本;去識別範本,2026-08-26 16:28:11
PL-EL10-19,"勝任之承諾－
管理階層須為每一項特定的工作，分別訂明其所須之能力水準，並把這個能力水準轉換為員工所須之知識及技能",企業層級,EL10,控制環境,董事會有效性／知識管理,董事會有效性／知識管理,"未能充分理解公司之營運／機構為配合目標而展現延攬、培育及留用適任人才之承諾。
關注點：評估適任性及處理不足的部分",營運面,,"[營運] 未能充分理解公司之營運／機構為配合目標而展現延攬、培育及留用適任人才之承諾。
關注點：評估適任性及處理不足的部分",,,,,"勝任之承諾－
管理階層須為每一項特定的工作，分別訂明其所須之能力水準，並把這個能力水準轉換為員工所須之知識及技能",管理階層在處理有關於內控、會計及財務報導的重要事項時，應視需要諮詢公司內外部之專業人員。,不定期,"財務單位
內部稽核單位
法務單位","1. 財務單位與會計師間之專業問題討論或互動作業之佐證資料
2. 財務單位與銀行等金融機構之往來互動作業之佐證資料
3. 法務單位與法律顧問間之專業問題討論或互動作業佐證資料",,,,"1. 財務單位與會計師間之專業問題討論或互動作業之佐證資料
2. 財務單位與銀行等金融機構之往來互動作業之佐證資料
3. 法務單位與法律顧問間之專業問題討論或互動作業佐證資料",,,,,,,人工,預防性 (Preventive),,,,"1. 財務單位與會計師間之專業問題討論或互動作業之佐證資料
2. 財務單位與銀行等金融機構之往來互動作業之佐證資料
3. 法務單位與法律顧問間之專業問題討論或互動作業佐證資料",,,"就公司現行企業層級作業，為因應「董事會有效性／知識管理」風險——未能充分理解公司之營運／機構為配合目標而展現延攬、培育及留用適任人才之承諾。
關注點：評估適任性及處理不足的部分（風險三大屬性—財務報導：（未填）；營運：[營運] 未能充分理解公司之營運／機構為配合目標而展現延攬、培育及留用適任人才之承諾。
關注點：評估適任性及處理不足的部分；法令遵循：（未填）；RoMM：（RoMM 分類未填）；重大科目／聲明：（重大科目未填）／（聲明未填）），設計控制目標為「勝任之承諾－
管理階層須為每一項特定的工作，分別訂明其所須之能力水準，並把這個能力水準轉換為員工所須之知識及技能」。由財務單位
內部稽核單位
法務單位以人工方式、採預防性控制取向、屬（類型未填）類型，依不定期執行下列控制活動：管理階層在處理有關於內控、會計及財務報導的重要事項時，應視需要諮詢公司內外部之專業人員。。控制執行時使用之 IUC／制度為「1. 財務單位與會計師間之專業問題討論或互動作業之佐證資料
2. 財務單位與銀行等金融機構之往來互動作業之佐證資料
3. 法務單位與法律顧問間之專業問題討論或互動作業佐證資料」。投入（Inputs）：1. 財務單位與會計師間之專業問題討論或互動作業之佐證資料
2. 財務單位與銀行等金融機構之往來互動作業之佐證資料
3. 法務單位與法律顧問間之專業問題討論或互動作業佐證資料。覆核／執行步驟（Specific activities）：管理階層在處理有關於內控、會計及財務報導的重要事項時，應視需要諮詢公司內外部之專業人員。。產出（Outputs）：1. 財務單位與會計師間之專業問題討論或互動作業之佐證資料
2. 財務單位與銀行等金融機構之往來互動作業之佐證資料
3. 法務單位與法律顧問間之專業問題討論或互動作業佐證資料。","[企業層級｜董事會有效性／知識管理] 勝任之承諾－
管理階層須為每一項特定的工作，分別訂明其所須之能力水準，並把這個能力水準轉換為員工所須之知識及技能：管理階層在處理有關於內控、會計及財務報導的重要事項時，應視需要諮詢公司內外部之專業人員。（頻率：不定期；負責：財務單位
內部稽核單位
法務單位；IUC：1. 財務單位與會計師間之專業問題討論或互動作業之佐證資料
2. 財務單位與銀行等金融機構之往來互動作業之佐證資料
3. 法務單位與法律顧問間之專業問題討論或互動作業佐證資料）",EL10-19,RCM;企業層級;累積範本;去識別範本,2026-08-26 16:28:11
PL-EL10-20,"勝任之承諾－
管理階層須為每一項特定的工作，分別訂明其所須之能力水準，並把這個能力水準轉換為員工所須之知識及技能",企業層級,EL10,控制環境,會計,會計,"會計人員對會計原則或實務的專業知識與能力不足／機構為配合目標而展現延攬、培育及留用適任人才之承諾。
關注點：評估適任性及處理不足的部分",報導面,"[財務報導] 會計人員對會計原則或實務的專業知識與能力不足／機構為配合目標而展現延攬、培育及留用適任人才之承諾。
關注點：評估適任性及處理不足的部分",,,,,,"勝任之承諾－
管理階層須為每一項特定的工作，分別訂明其所須之能力水準，並把這個能力水準轉換為員工所須之知識及技能",管理階層應對公司員工進行有關一般公認會計原則及財務報導準則（包含新適用部分）之教育訓練，以確保相關人員獲得相關知識。,不定期,Refer o 財務報導循環 CA101-5,Refer o 財務報導循環 CA101-5,,Refer o 財務報導循環 CA101-5,,Refer o 財務報導循環 CA101-5,,,,,,,人工,預防性 (Preventive),,,,Refer o 財務報導循環 CA101-5,,,"就公司現行企業層級作業，為因應「會計」風險——會計人員對會計原則或實務的專業知識與能力不足／機構為配合目標而展現延攬、培育及留用適任人才之承諾。
關注點：評估適任性及處理不足的部分（風險三大屬性—財務報導：[財務報導] 會計人員對會計原則或實務的專業知識與能力不足／機構為配合目標而展現延攬、培育及留用適任人才之承諾。
關注點：評估適任性及處理不足的部分；營運：（未填）；法令遵循：（未填）；RoMM：（RoMM 分類未填）；重大科目／聲明：（重大科目未填）／（聲明未填）），設計控制目標為「勝任之承諾－
管理階層須為每一項特定的工作，分別訂明其所須之能力水準，並把這個能力水準轉換為員工所須之知識及技能」。由Refer o 財務報導循環 CA101-5以人工方式、採預防性控制取向、屬（類型未填）類型，依不定期執行下列控制活動：管理階層應對公司員工進行有關一般公認會計原則及財務報導準則（包含新適用部分）之教育訓練，以確保相關人員獲得相關知識。。控制執行時使用之 IUC／制度為「Refer o 財務報導循環 CA101-5」。投入（Inputs）：Refer o 財務報導循環 CA101-5。覆核／執行步驟（Specific activities）：管理階層應對公司員工進行有關一般公認會計原則及財務報導準則（包含新適用部分）之教育訓練，以確保相關人員獲得相關知識。。產出（Outputs）：Refer o 財務報導循環 CA101-5。","[企業層級｜會計] 勝任之承諾－
管理階層須為每一項特定的工作，分別訂明其所須之能力水準，並把這個能力水準轉換為員工所須之知識及技能：管理階層應對公司員工進行有關一般公認會計原則及財務報導準則（包含新適用部分）之教育訓練，以確保相關人員獲得相關知識。（頻率：不定期；負責：Refer o 財務報導循環 CA101-5；IUC：Refer o 財務報導循環 CA101-5）",EL10-20,RCM;企業層級;累積範本;去識別範本,2026-08-26 16:28:11
PL-EL10-21,"勝任之承諾－
管理階層須為每一項特定的工作，分別訂明其所須之能力水準，並把這個能力水準轉換為員工所須之知識及技能",企業層級,EL10,控制環境,企業文化,企業文化,"變革管理未能有效執行／機構為配合目標而展現延攬、培育及留用適任人才之承諾。
關注點：評估適任性及處理不足的部分",營運面,,"[營運] 變革管理未能有效執行／機構為配合目標而展現延攬、培育及留用適任人才之承諾。
關注點：評估適任性及處理不足的部分",,,,,"勝任之承諾－
管理階層須為每一項特定的工作，分別訂明其所須之能力水準，並把這個能力水準轉換為員工所須之知識及技能",管理階層應將會計部門視為控制組織眾多活動樞紐，並定義及溝通對財務及會計部門的權責及期望，當公司發生重大改變時，應考量會計及財務報導人員之能力，並採取適當之應變措施。,持續,財務單位,與公司財務及會計相關之重大議題／計畫／改變之經營管理會議之會議資料（會議紀錄或議題簡報等）,,,,與公司財務及會計相關之重大議題／計畫／改變之經營管理會議之會議資料（會議紀錄或議題簡報等）,,,,,,,人工,預防性 (Preventive),,,,與公司財務及會計相關之重大議題／計畫／改變之經營管理會議之會議資料（會議紀錄或議題簡報等）,,,"就公司現行企業層級作業，為因應「企業文化」風險——變革管理未能有效執行／機構為配合目標而展現延攬、培育及留用適任人才之承諾。
關注點：評估適任性及處理不足的部分（風險三大屬性—財務報導：（未填）；營運：[營運] 變革管理未能有效執行／機構為配合目標而展現延攬、培育及留用適任人才之承諾。
關注點：評估適任性及處理不足的部分；法令遵循：（未填）；RoMM：（RoMM 分類未填）；重大科目／聲明：（重大科目未填）／（聲明未填）），設計控制目標為「勝任之承諾－
管理階層須為每一項特定的工作，分別訂明其所須之能力水準，並把這個能力水準轉換為員工所須之知識及技能」。由財務單位以人工方式、採預防性控制取向、屬（類型未填）類型，依持續執行下列控制活動：管理階層應將會計部門視為控制組織眾多活動樞紐，並定義及溝通對財務及會計部門的權責及期望，當公司發生重大改變時，應考量會計及財務報導人員之能力，並採取適當之應變措施。。控制執行時使用之 IUC／制度為「與公司財務及會計相關之重大議題／計畫／改變之經營管理會議之會議資料（會議紀錄或議題簡報等）」。投入（Inputs）：與公司財務及會計相關之重大議題／計畫／改變之經營管理會議之會議資料（會議紀錄或議題簡報等）。覆核／執行步驟（Specific activities）：管理階層應將會計部門視為控制組織眾多活動樞紐，並定義及溝通對財務及會計部門的權責及期望，當公司發生重大改變時，應考量會計及財務報導人員之能力，並採取適當之應變措施。。產出（Outputs）：與公司財務及會計相關之重大議題／計畫／改變之經營管理會議之會議資料（會議紀錄或議題簡報等）。","[企業層級｜企業文化] 勝任之承諾－
管理階層須為每一項特定的工作，分別訂明其所須之能力水準，並把這個能力水準轉換為員工所須之知識及技能：管理階層應將會計部門視為控制組織眾多活動樞紐，並定義及溝通對財務及會計部門的權責及期望，當公司發生重大改變時，應考量會計及財務報導人員之能力，並採取適當之應變措施。（頻率：持續；負責：財務單位；IUC：與公司財務及會計相關之重大議題／計畫／改變之經營管理會議之會議資料（會議紀錄或議題簡報等））",EL10-21,RCM;企業層級;累積範本;去識別範本,2026-08-26 16:28:11
PL-EL10-22,人力資源政策及實務－對招募並留住能幹的員工而言，企業的人力資源政策扮演重要的角色。這些員工讓企業的計畫能夠通行，並達成企業的目標。,企業層級,EL10,控制環境,人才管理／招聘,人才管理／招聘,"未能吸引及留住員工／機構為配合目標而展現延攬、培育及留用適任人才之承諾。
關注點：建立各項政策與實務",營運面,,"[營運] 未能吸引及留住員工／機構為配合目標而展現延攬、培育及留用適任人才之承諾。
關注點：建立各項政策與實務",,,,,人力資源政策及實務－對招募並留住能幹的員工而言，企業的人力資源政策扮演重要的角色。這些員工讓企業的計畫能夠通行，並達成企業的目標。,管理階層應建立員工雇用標準，包括教育背景、工作經驗以及個人正直及道德的良善等，並予以確實執行，以雇用適任之人員。,持續,請參照薪工循環之招募與聘用管理作業。,請參照薪工循環之招募與聘用管理作業。,,請參照薪工循環之招募與聘用管理作業。,,請參照薪工循環之招募與聘用管理作業。,,,,,,,人工,預防性 (Preventive),,,,請參照薪工循環之招募與聘用管理作業。,,,"就公司現行企業層級作業，為因應「人才管理／招聘」風險——未能吸引及留住員工／機構為配合目標而展現延攬、培育及留用適任人才之承諾。
關注點：建立各項政策與實務（風險三大屬性—財務報導：（未填）；營運：[營運] 未能吸引及留住員工／機構為配合目標而展現延攬、培育及留用適任人才之承諾。
關注點：建立各項政策與實務；法令遵循：（未填）；RoMM：（RoMM 分類未填）；重大科目／聲明：（重大科目未填）／（聲明未填）），設計控制目標為「人力資源政策及實務－對招募並留住能幹的員工而言，企業的人力資源政策扮演重要的角色。這些員工讓企業的計畫能夠通行，並達成企業的目標。」。由請參照薪工循環之招募與聘用管理作業。以人工方式、採預防性控制取向、屬（類型未填）類型，依持續執行下列控制活動：管理階層應建立員工雇用標準，包括教育背景、工作經驗以及個人正直及道德的良善等，並予以確實執行，以雇用適任之人員。。控制執行時使用之 IUC／制度為「請參照薪工循環之招募與聘用管理作業。」。投入（Inputs）：請參照薪工循環之招募與聘用管理作業。。覆核／執行步驟（Specific activities）：管理階層應建立員工雇用標準，包括教育背景、工作經驗以及個人正直及道德的良善等，並予以確實執行，以雇用適任之人員。。產出（Outputs）：請參照薪工循環之招募與聘用管理作業。。",[企業層級｜人才管理／招聘] 人力資源政策及實務－對招募並留住能幹的員工而言，企業的人力資源政策扮演重要的角色。這些員工讓企業的計畫能夠通行，並達成企業的目標。：管理階層應建立員工雇用標準，包括教育背景、工作經驗以及個人正直及道德的良善等，並予以確實執行，以雇用適任之人員。（頻率：持續；負責：請參照薪工循環之招募與聘用管理作業。；IUC：請參照薪工循環之招募與聘用管理作業。）,EL10-22,RCM;企業層級;累積範本;去識別範本,2026-08-26 16:28:11
PL-EL10-23,人力資源政策及實務－對招募並留住能幹的員工而言，企業的人力資源政策扮演重要的角色。這些員工讓企業的計畫能夠通行，並達成企業的目標。,企業層級,EL10,控制環境,人才管理／招聘,人才管理／招聘,"未能吸引及留住員工／機構為配合目標而展現延攬、培育及留用適任人才之承諾。
關注點：延攬、培育及留用人才",營運面,,"[營運] 未能吸引及留住員工／機構為配合目標而展現延攬、培育及留用適任人才之承諾。
關注點：延攬、培育及留用人才",,,,,人力資源政策及實務－對招募並留住能幹的員工而言，企業的人力資源政策扮演重要的角色。這些員工讓企業的計畫能夠通行，並達成企業的目標。,在招募新員工時，應施行正式以及有深度的面談，並對於公司的歷史文化及營運型態有清楚的介紹；這些都表現出公司對於員工的誠意及對於建立良好控制環境的意願。,持續,請參照薪工循環之招募與聘用管理作業。,請參照薪工循環之招募與聘用管理作業。,,請參照薪工循環之招募與聘用管理作業。,,請參照薪工循環之招募與聘用管理作業。,,,,,,,人工,預防性 (Preventive),,,,請參照薪工循環之招募與聘用管理作業。,,,"就公司現行企業層級作業，為因應「人才管理／招聘」風險——未能吸引及留住員工／機構為配合目標而展現延攬、培育及留用適任人才之承諾。
關注點：延攬、培育及留用人才（風險三大屬性—財務報導：（未填）；營運：[營運] 未能吸引及留住員工／機構為配合目標而展現延攬、培育及留用適任人才之承諾。
關注點：延攬、培育及留用人才；法令遵循：（未填）；RoMM：（RoMM 分類未填）；重大科目／聲明：（重大科目未填）／（聲明未填）），設計控制目標為「人力資源政策及實務－對招募並留住能幹的員工而言，企業的人力資源政策扮演重要的角色。這些員工讓企業的計畫能夠通行，並達成企業的目標。」。由請參照薪工循環之招募與聘用管理作業。以人工方式、採預防性控制取向、屬（類型未填）類型，依持續執行下列控制活動：在招募新員工時，應施行正式以及有深度的面談，並對於公司的歷史文化及營運型態有清楚的介紹；這些都表現出公司對於員工的誠意及對於建立良好控制環境的意願。。控制執行時使用之 IUC／制度為「請參照薪工循環之招募與聘用管理作業。」。投入（Inputs）：請參照薪工循環之招募與聘用管理作業。。覆核／執行步驟（Specific activities）：在招募新員工時，應施行正式以及有深度的面談，並對於公司的歷史文化及營運型態有清楚的介紹；這些都表現出公司對於員工的誠意及對於建立良好控制環境的意願。。產出（Outputs）：請參照薪工循環之招募與聘用管理作業。。",[企業層級｜人才管理／招聘] 人力資源政策及實務－對招募並留住能幹的員工而言，企業的人力資源政策扮演重要的角色。這些員工讓企業的計畫能夠通行，並達成企業的目標。：在招募新員工時，應施行正式以及有深度的面談，並對於公司的歷史文化及營運型態有清楚的介紹；這些都表現出公司對於員工的誠意及對於建立良好控制環境的意願。（頻率：持續；負責：請參照薪工循環之招募與聘用管理作業。；IUC：請參照薪工循環之招募與聘用管理作業。）,EL10-23,RCM;企業層級;累積範本;去識別範本,2026-08-26 16:28:11
PL-EL10-24,人力資源政策及實務－對招募並留住能幹的員工而言，企業的人力資源政策扮演重要的角色。這些員工讓企業的計畫能夠通行，並達成企業的目標。,企業層級,EL10,控制環境,人才管理／招聘,人才管理／招聘,"缺乏接班人計畫或流失核心人員／機構為配合目標而展現延攬、培育及留用適任人才之承諾。
關注點：規劃及準備接替人選",營運面,,"[營運] 缺乏接班人計畫或流失核心人員／機構為配合目標而展現延攬、培育及留用適任人才之承諾。
關注點：規劃及準備接替人選",,,,,人力資源政策及實務－對招募並留住能幹的員工而言，企業的人力資源政策扮演重要的角色。這些員工讓企業的計畫能夠通行，並達成企業的目標。,應訂定接班人計畫，以展現延攬、培育及留用適任人才之承諾，確保公司之永續經營。,持續,人資單位,接班人計劃相關作業之佐證資料（包括管理能力評鑑資料、後續培訓計畫及定期成效評估資料）,,,,接班人計劃相關作業之佐證資料（包括管理能力評鑑資料、後續培訓計畫及定期成效評估資料）,,,,,,,人工,預防性 (Preventive),,,,接班人計劃相關作業之佐證資料（包括管理能力評鑑資料、後續培訓計畫及定期成效評估資料）,,,"就公司現行企業層級作業，為因應「人才管理／招聘」風險——缺乏接班人計畫或流失核心人員／機構為配合目標而展現延攬、培育及留用適任人才之承諾。
關注點：規劃及準備接替人選（風險三大屬性—財務報導：（未填）；營運：[營運] 缺乏接班人計畫或流失核心人員／機構為配合目標而展現延攬、培育及留用適任人才之承諾。
關注點：規劃及準備接替人選；法令遵循：（未填）；RoMM：（RoMM 分類未填）；重大科目／聲明：（重大科目未填）／（聲明未填）），設計控制目標為「人力資源政策及實務－對招募並留住能幹的員工而言，企業的人力資源政策扮演重要的角色。這些員工讓企業的計畫能夠通行，並達成企業的目標。」。由人資單位以人工方式、採預防性控制取向、屬（類型未填）類型，依持續執行下列控制活動：應訂定接班人計畫，以展現延攬、培育及留用適任人才之承諾，確保公司之永續經營。。控制執行時使用之 IUC／制度為「接班人計劃相關作業之佐證資料（包括管理能力評鑑資料、後續培訓計畫及定期成效評估資料）」。投入（Inputs）：接班人計劃相關作業之佐證資料（包括管理能力評鑑資料、後續培訓計畫及定期成效評估資料）。覆核／執行步驟（Specific activities）：應訂定接班人計畫，以展現延攬、培育及留用適任人才之承諾，確保公司之永續經營。。產出（Outputs）：接班人計劃相關作業之佐證資料（包括管理能力評鑑資料、後續培訓計畫及定期成效評估資料）。",[企業層級｜人才管理／招聘] 人力資源政策及實務－對招募並留住能幹的員工而言，企業的人力資源政策扮演重要的角色。這些員工讓企業的計畫能夠通行，並達成企業的目標。：應訂定接班人計畫，以展現延攬、培育及留用適任人才之承諾，確保公司之永續經營。（頻率：持續；負責：人資單位；IUC：接班人計劃相關作業之佐證資料（包括管理能力評鑑資料、後續培訓計畫及定期成效評估資料））,EL10-24,RCM;企業層級;累積範本;去識別範本,2026-08-26 16:28:11
PL-EL10-25,人力資源政策及實務－對招募並留住能幹的員工而言，企業的人力資源政策扮演重要的角色。這些員工讓企業的計畫能夠通行，並達成企業的目標。,企業層級,EL10,控制環境,績效／人才管理和薪酬,績效／人才管理和薪酬,"績效考核制度與薪酬獎金制度未連結／機構要求各級人員在達成各項目標的過程中，應擔負其內部控制責任。
關注點：評估各種績效衡量指標、誘因及獎勵措施與達成目標的持續攸關性",營運面,,"[營運] 績效考核制度與薪酬獎金制度未連結／機構要求各級人員在達成各項目標的過程中，應擔負其內部控制責任。
關注點：評估各種績效衡量指標、誘因及獎勵措施與達成目標的持續攸關性",,,,,人力資源政策及實務－對招募並留住能幹的員工而言，企業的人力資源政策扮演重要的角色。這些員工讓企業的計畫能夠通行，並達成企業的目標。,應定期的考核員工之表現，據以進行工作之輪調及晉昇，以展現公司對拔擢優秀員工之承諾。,持續,請參照薪工循環招募與聘用管理作業及考核與獎懲作業。,請參照薪工循環招募與聘用管理作業及考核與獎懲作業。,,請參照薪工循環招募與聘用管理作業及考核與獎懲作業。,,請參照薪工循環招募與聘用管理作業及考核與獎懲作業。,,,,,,,人工,偵測性 (Detective),,,,請參照薪工循環招募與聘用管理作業及考核與獎懲作業。,,,"就公司現行企業層級作業，為因應「績效／人才管理和薪酬」風險——績效考核制度與薪酬獎金制度未連結／機構要求各級人員在達成各項目標的過程中，應擔負其內部控制責任。
關注點：評估各種績效衡量指標、誘因及獎勵措施與達成目標的持續攸關性（風險三大屬性—財務報導：（未填）；營運：[營運] 績效考核制度與薪酬獎金制度未連結／機構要求各級人員在達成各項目標的過程中，應擔負其內部控制責任。
關注點：評估各種績效衡量指標、誘因及獎勵措施與達成目標的持續攸關性；法令遵循：（未填）；RoMM：（RoMM 分類未填）；重大科目／聲明：（重大科目未填）／（聲明未填）），設計控制目標為「人力資源政策及實務－對招募並留住能幹的員工而言，企業的人力資源政策扮演重要的角色。這些員工讓企業的計畫能夠通行，並達成企業的目標。」。由請參照薪工循環招募與聘用管理作業及考核與獎懲作業。以人工方式、採偵測性控制取向、屬（類型未填）類型，依持續執行下列控制活動：應定期的考核員工之表現，據以進行工作之輪調及晉昇，以展現公司對拔擢優秀員工之承諾。。控制執行時使用之 IUC／制度為「請參照薪工循環招募與聘用管理作業及考核與獎懲作業。」。投入（Inputs）：請參照薪工循環招募與聘用管理作業及考核與獎懲作業。。覆核／執行步驟（Specific activities）：應定期的考核員工之表現，據以進行工作之輪調及晉昇，以展現公司對拔擢優秀員工之承諾。。產出（Outputs）：請參照薪工循環招募與聘用管理作業及考核與獎懲作業。。",[企業層級｜績效／人才管理和薪酬] 人力資源政策及實務－對招募並留住能幹的員工而言，企業的人力資源政策扮演重要的角色。這些員工讓企業的計畫能夠通行，並達成企業的目標。：應定期的考核員工之表現，據以進行工作之輪調及晉昇，以展現公司對拔擢優秀員工之承諾。（頻率：持續；負責：請參照薪工循環招募與聘用管理作業及考核與獎懲作業。；IUC：請參照薪工循環招募與聘用管理作業及考核與獎懲作業。）,EL10-25,RCM;企業層級;累積範本;去識別範本,2026-08-26 16:28:11
PL-EL10-26,人力資源政策及實務－對招募並留住能幹的員工而言，企業的人力資源政策扮演重要的角色。這些員工讓企業的計畫能夠通行，並達成企業的目標。,企業層級,EL10,控制環境,矯正措施與懲戒,矯正措施與懲戒,"未懲戒員工的違法行為／機構要求各級人員在達成各項目標的過程中，應擔負其內部控制責任。
關注點：評估績效及獎懲個別人員",營運面,,"[營運] 未懲戒員工的違法行為／機構要求各級人員在達成各項目標的過程中，應擔負其內部控制責任。
關注點：評估績效及獎懲個別人員",,,,,人力資源政策及實務－對招募並留住能幹的員工而言，企業的人力資源政策扮演重要的角色。這些員工讓企業的計畫能夠通行，並達成企業的目標。,應藉由懲戒讓員工得知任何破壞規則的行為不會被容忍。,持續,請參照薪工循環考核與獎懲作業。,請參照薪工循環考核與獎懲作業。,,請參照薪工循環考核與獎懲作業。,,請參照薪工循環考核與獎懲作業。,,,,,,,人工,預防性 (Preventive),,,,請參照薪工循環考核與獎懲作業。,,,"就公司現行企業層級作業，為因應「矯正措施與懲戒」風險——未懲戒員工的違法行為／機構要求各級人員在達成各項目標的過程中，應擔負其內部控制責任。
關注點：評估績效及獎懲個別人員（風險三大屬性—財務報導：（未填）；營運：[營運] 未懲戒員工的違法行為／機構要求各級人員在達成各項目標的過程中，應擔負其內部控制責任。
關注點：評估績效及獎懲個別人員；法令遵循：（未填）；RoMM：（RoMM 分類未填）；重大科目／聲明：（重大科目未填）／（聲明未填）），設計控制目標為「人力資源政策及實務－對招募並留住能幹的員工而言，企業的人力資源政策扮演重要的角色。這些員工讓企業的計畫能夠通行，並達成企業的目標。」。由請參照薪工循環考核與獎懲作業。以人工方式、採預防性控制取向、屬（類型未填）類型，依持續執行下列控制活動：應藉由懲戒讓員工得知任何破壞規則的行為不會被容忍。。控制執行時使用之 IUC／制度為「請參照薪工循環考核與獎懲作業。」。投入（Inputs）：請參照薪工循環考核與獎懲作業。。覆核／執行步驟（Specific activities）：應藉由懲戒讓員工得知任何破壞規則的行為不會被容忍。。產出（Outputs）：請參照薪工循環考核與獎懲作業。。",[企業層級｜矯正措施與懲戒] 人力資源政策及實務－對招募並留住能幹的員工而言，企業的人力資源政策扮演重要的角色。這些員工讓企業的計畫能夠通行，並達成企業的目標。：應藉由懲戒讓員工得知任何破壞規則的行為不會被容忍。（頻率：持續；負責：請參照薪工循環考核與獎懲作業。；IUC：請參照薪工循環考核與獎懲作業。）,EL10-26,RCM;企業層級;累積範本;去識別範本,2026-08-26 16:28:11
PL-EL10-27,"操守及價值觀-
管理階層須將操守及價值觀不得妥協的訊息傳達給員工，而員工須能收到此訊息，並瞭解該項訊息。管理階層應透過文字及行動持續顯示其做到高道德標準之決心。",企業層級,EL10,控制環境,績效／人才管理和薪酬,績效／人才管理和薪酬,"不合理的績效目標／機構要求各級人員在達成各項目標的過程中，應擔負其內部控制責任。
關注點：建立各種績效衡量指標、誘因與獎勵措施

考量壓力是否過大",營運面,,"[營運] 不合理的績效目標／機構要求各級人員在達成各項目標的過程中，應擔負其內部控制責任。
關注點：建立各種績效衡量指標、誘因與獎勵措施

考量壓力是否過大",,,,,"操守及價值觀-
管理階層須將操守及價值觀不得妥協的訊息傳達給員工，而員工須能收到此訊息，並瞭解該項訊息。管理階層應透過文字及行動持續顯示其做到高道德標準之決心。",應確保員工未受到達成某些不切實際短期目標的壓力，員工的報酬繫於這些目標達成之程度不應過高。,持續,請參照薪工循環之考核與獎懲作業,請參照薪工循環之考核與獎懲作業,,請參照薪工循環之考核與獎懲作業,,請參照薪工循環之考核與獎懲作業,,,,,,,人工,預防性 (Preventive),,,,請參照薪工循環之考核與獎懲作業,,,"就公司現行企業層級作業，為因應「績效／人才管理和薪酬」風險——不合理的績效目標／機構要求各級人員在達成各項目標的過程中，應擔負其內部控制責任。
關注點：建立各種績效衡量指標、誘因與獎勵措施

考量壓力是否過大（風險三大屬性—財務報導：（未填）；營運：[營運] 不合理的績效目標／機構要求各級人員在達成各項目標的過程中，應擔負其內部控制責任。
關注點：建立各種績效衡量指標、誘因與獎勵措施

考量壓力是否過大；法令遵循：（未填）；RoMM：（RoMM 分類未填）；重大科目／聲明：（重大科目未填）／（聲明未填）），設計控制目標為「操守及價值觀-
管理階層須將操守及價值觀不得妥協的訊息傳達給員工，而員工須能收到此訊息，並瞭解該項訊息。管理階層應透過文字及行動持續顯示其做到高道德標準之決心。」。由請參照薪工循環之考核與獎懲作業以人工方式、採預防性控制取向、屬（類型未填）類型，依持續執行下列控制活動：應確保員工未受到達成某些不切實際短期目標的壓力，員工的報酬繫於這些目標達成之程度不應過高。。控制執行時使用之 IUC／制度為「請參照薪工循環之考核與獎懲作業」。投入（Inputs）：請參照薪工循環之考核與獎懲作業。覆核／執行步驟（Specific activities）：應確保員工未受到達成某些不切實際短期目標的壓力，員工的報酬繫於這些目標達成之程度不應過高。。產出（Outputs）：請參照薪工循環之考核與獎懲作業。","[企業層級｜績效／人才管理和薪酬] 操守及價值觀-
管理階層須將操守及價值觀不得妥協的訊息傳達給員工，而員工須能收到此訊息，並瞭解該項訊息。管理階層應透過文字及行動持續顯示其做到高道德標準之決心。：應確保員工未受到達成某些不切實際短期目標的壓力，員工的報酬繫於這些目標達成之程度不應過高。（頻率：持續；負責：請參照薪工循環之考核與獎懲作業；IUC：請參照薪工循環之考核與獎懲作業）",EL10-27,RCM;企業層級;累積範本;去識別範本,2026-08-26 16:28:11
PL-EL20-1,管理者建立一套機制用來預期、辨識改變，並對它做出適當回應,企業層級,EL20,風險評估,營運計畫,營運計畫,"不適當的資源配置／機構具體指明適合指標，以辨識及評估與目標相關的風險。
關注點：反映管理階層的選擇

考量風險容忍
納入營運和財務績效指標

作為資源承諾的基礎

遵循適用的會計原則

考慮重大性

反映個體活動

遵循外部業已建立的準則和架構

考量被規範的精確水準

反映個體活動
反映管理階層的選擇

考量被規範的精確水準

反映個體活動

反映外部法律和條例

考量風險容忍",營運面,,"[營運] 不適當的資源配置／機構具體指明適合指標，以辨識及評估與目標相關的風險。
關注點：反映管理階層的選擇

考量風險容忍
納入營運和財務績效指標

作為資源承諾的基礎

遵循適用的會計原則

考慮重大性

反映個體活動

遵循外部業已建立的準則和架構

考量被規範的精確水準

反映個體活動
反映管理階層的選擇

考量被規範的精確水準

反映個體活動

反映外部法律和條例

考量風險容忍",,,,,管理者建立一套機制用來預期、辨識改變，並對它做出適當回應,"管理階層應有系統地檢視已存在的目標之適合性和辨認是否應建立新目標。
營運計畫應考量企業內部相關因素，涵蓋公司規模及業務複雜度、企業環境、產業、競爭者及顧客的改變，管理階層應同時考量目標與資源配置之連結，並清楚達成目標所需的資源，以訂定取得所需資源之計畫。
營運計畫編制之參與人員應包含對企業有全盤性了解的人才。營運計畫與目標應清楚傳達給適當的人員，並確保目標是可接受的。",每年,"執行長室
運營規劃單位
業務單位
產品技術單位","1. 年度策略／目標討論會議相關資料
2. 各單位白皮書
3. 專案列管表
4. 前述列管專案之定期檢討紀錄文件",,,,"1. 年度策略／目標討論會議相關資料
2. 各單位白皮書
3. 專案列管表
4. 前述列管專案之定期檢討紀錄文件",,,,,,,人工,預防性 (Preventive),,,,"1. 年度策略／目標討論會議相關資料
2. 各單位白皮書
3. 專案列管表
4. 前述列管專案之定期檢討紀錄文件",,,"就公司現行企業層級作業，為因應「營運計畫」風險——不適當的資源配置／機構具體指明適合指標，以辨識及評估與目標相關的風險。
關注點：反映管理階層的選擇

考量風險容忍
納入營運和財務績效指標

作為資源承諾的基礎

遵循適用的會計原則

考慮重大性

反映個體活動

遵循外部業已建立的準則和架構

考量被規範的精確水準

反映個體活動
反映管理階層的選擇

考量被規範的精確水準

反映個體活動

反映外部法律和條例

考量風險容忍（風險三大屬性—財務報導：（未填）；營運：[營運] 不適當的資源配置／機構具體指明適合指標，以辨識及評估與目標相關的風險。
關注點：反映管理階層的選擇

考量風險容忍
納入營運和財務績效指標

作為資源承諾的基礎

遵循適用的會計原則

考慮重大性

反映個體活動

遵循外部業已建立的準則和架構

考量被規範的精確水準

反映個體活動
反映管理階層的選擇

考量被規範的精確水準

反映個體活動

反映外部法律和條例

考量風險容忍；法令遵循：（未填）；RoMM：（RoMM 分類未填）；重大科目／聲明：（重大科目未填）／（聲明未填）），設計控制目標為「管理者建立一套機制用來預期、辨識改變，並對它做出適當回應」。由執行長室
運營規劃單位
業務單位
產品技術單位以人工方式、採預防性控制取向、屬（類型未填）類型，依每年執行下列控制活動：管理階層應有系統地檢視已存在的目標之適合性和辨認是否應建立新目標。
營運計畫應考量企業內部相關因素，涵蓋公司規模及業務複雜度、企業環境、產業、競爭者及顧客的改變，管理階層應同時考量目標與資源配置之連結，並清楚達成目標所需的資源，以訂定取得所需資源之計畫。
營運計畫編制之參與人員應包含對企業有全盤性了解的人才。營運計畫與目標應清楚傳達給適當的人員，並確保目標是可接受的。。控制執行時使用之 IUC／制度為「1. 年度策略／目標討論會議相關資料
2. 各單位白皮書
3. 專案列管表
4. 前述列管專案之定期檢討紀錄文件」。投入（Inputs）：1. 年度策略／目標討論會議相關資料
2. 各單位白皮書
3. 專案列管表
4. 前述列管專案之定期檢討紀錄文件。覆核／執行步驟（Specific activities）：管理階層應有系統地檢視已存在的目標之適合性和辨認是否應建立新目標。
營運計畫應考量企業內部相關因素，涵蓋公司規模及業務複雜度、企業環境、產業、競爭者及顧客的改變，管理階層應同時考量目標與資源配置之連結，並清楚達成目標所需的資源，以訂定取得所需資源之計畫。
營運計畫編制之參與人員應包含對企業有全盤性了解的人才。營運計畫與目標應清楚傳達給適當的人員，並確保目標是可接受的。。產出（Outputs）：1. 年度策略／目標討論會議相關資料
2. 各單位白皮書
3. 專案列管表
4. 前述列管專案之定期檢討紀錄文件。","[企業層級｜營運計畫] 管理者建立一套機制用來預期、辨識改變，並對它做出適當回應：管理階層應有系統地檢視已存在的目標之適合性和辨認是否應建立新目標。
營運計畫應考量企業內部相關因素，涵蓋公司規模及業務複雜度、企業環境、產業、競爭者及顧客的改變，管理階層應同時考量目標與資源配置之連結，並清楚達成目標所需的資源，以訂定取得所需資源之計畫。
營運計畫編制之參與人員應包含對企業有全盤性了解的人才。營運計畫與目標應清楚傳達給適當的人員，並確保目標是可接受的。（頻率：每年；負責：執行長室
運營規劃單位
業務單位
產品技術單位；IUC：1. 年度策略／目標討論會議相關資料
2. 各單位白皮書
3. 專案列管表
4. 前述列管專案之定期檢討紀錄文件）",EL20-1,RCM;企業層級;累積範本;去識別範本,2026-08-26 16:28:11
PL-EL20-2,"管理階層針對風險的認定建立一套準則


管理者能適當地評估及降低風險",企業層級,EL20,風險評估,風險監控,風險監控,"缺乏風險智能決策／機構評估達成目標之風險時，考量可能發生的舞弊。
關注點：考量各種舞弊類型

評估誘因和各種壓力

評估機會

評估態度和合理化",營運面,,"[營運] 缺乏風險智能決策／機構評估達成目標之風險時，考量可能發生的舞弊。
關注點：考量各種舞弊類型

評估誘因和各種壓力

評估機會

評估態度和合理化",,,,,"管理階層針對風險的認定建立一套準則


管理者能適當地評估及降低風險","企業應讓各單位主管清楚知悉企業活動之責任、期待，以及風險如何認定之哲學與標準。

管理階層應辨認風險，評估其重要性、可能性，及決定應該採取的行動：
1. 應考量每個目標之風險，風險分析時應考量來自公司內部及外部的因素引發之風險及舞弊風險及管理者逾越控制的因素。
2.企業風險評估應由各單位定期進行且適當記錄，並經高階主管覆核。
3.管理階層、董事會及審計委員應得知企業面臨之重大風險與預計採取行動，並定期收到關於重大風險評估與預計採取行動之風險報告。
4.企業在辨認出風險後，在作業層級應採取相關措施，並檢視本來已存在的控制方法之有效性，若已無效，應找出造成控制無效之原因。
5. 管理階層應定期檢視和修正企業整體層級之策略計畫與目標，預算與財務預測應與現況相連結，並可反應出狀況之改變。",每年,各單位,"1. 企業層級及各循環之風險控制矩陣
2. 內部控制之自評作業資料
3. 自評結果之彙整報告（呈報董事會／審計委員會用）
4. 自評缺失改善計畫及追蹤作業紀錄資料",,,,"1. 企業層級及各循環之風險控制矩陣
2. 內部控制之自評作業資料
3. 自評結果之彙整報告（呈報董事會／審計委員會用）
4. 自評缺失改善計畫及追蹤作業紀錄資料",,,,,,,人工,預防性 (Preventive),,,,"1. 企業層級及各循環之風險控制矩陣
2. 內部控制之自評作業資料
3. 自評結果之彙整報告（呈報董事會／審計委員會用）
4. 自評缺失改善計畫及追蹤作業紀錄資料",,,"就公司現行企業層級作業，為因應「風險監控」風險——缺乏風險智能決策／機構評估達成目標之風險時，考量可能發生的舞弊。
關注點：考量各種舞弊類型

評估誘因和各種壓力

評估機會

評估態度和合理化（風險三大屬性—財務報導：（未填）；營運：[營運] 缺乏風險智能決策／機構評估達成目標之風險時，考量可能發生的舞弊。
關注點：考量各種舞弊類型

評估誘因和各種壓力

評估機會

評估態度和合理化；法令遵循：（未填）；RoMM：（RoMM 分類未填）；重大科目／聲明：（重大科目未填）／（聲明未填）），設計控制目標為「管理階層針對風險的認定建立一套準則


管理者能適當地評估及降低風險」。由各單位以人工方式、採預防性控制取向、屬（類型未填）類型，依每年執行下列控制活動：企業應讓各單位主管清楚知悉企業活動之責任、期待，以及風險如何認定之哲學與標準。

管理階層應辨認風險，評估其重要性、可能性，及決定應該採取的行動：
1. 應考量每個目標之風險，風險分析時應考量來自公司內部及外部的因素引發之風險及舞弊風險及管理者逾越控制的因素。
2.企業風險評估應由各單位定期進行且適當記錄，並經高階主管覆核。
3.管理階層、董事會及審計委員應得知企業面臨之重大風險與預計採取行動，並定期收到關於重大風險評估與預計採取行動之風險報告。
4.企業在辨認出風險後，在作業層級應採取相關措施，並檢視本來已存在的控制方法之有效性，若已無效，應找出造成控制無效之原因。
5. 管理階層應定期檢視和修正企業整體層級之策略計畫與目標，預算與財務預測應與現況相連結，並可反應出狀況之改變。。控制執行時使用之 IUC／制度為「1. 企業層級及各循環之風險控制矩陣
2. 內部控制之自評作業資料
3. 自評結果之彙整報告（呈報董事會／審計委員會用）
4. 自評缺失改善計畫及追蹤作業紀錄資料」。投入（Inputs）：1. 企業層級及各循環之風險控制矩陣
2. 內部控制之自評作業資料
3. 自評結果之彙整報告（呈報董事會／審計委員會用）
4. 自評缺失改善計畫及追蹤作業紀錄資料。覆核／執行步驟（Specific activities）：企業應讓各單位主管清楚知悉企業活動之責任、期待，以及風險如何認定之哲學與標準。

管理階層應辨認風險，評估其重要性、可能性，及決定應該採取的行動：
1. 應考量每個目標之風險，風險分析時應考量來自公司內部及外部的因素引發之風險及舞弊風險及管理者逾越控制的因素。
2.企業風險評估應由各單位定期進行且適當記錄，並經高階主管覆核。
3.管理階層、董事會及審計委員應得知企業面臨之重大風險與預計採取行動，並定期收到關於重大風險評估與預計採取行動之風險報告。
4.企業在辨認出風險後，在作業層級應採取相關措施，並檢視本來已存在的控制方法之有效性，若已無效，應找出造成控制無效之原因。
5. 管理階層應定期檢視和修正企業整體層級之策略計畫與目標，預算與財務預測應與現況相連結，並可反應出狀況之改變。。產出（Outputs）：1. 企業層級及各循環之風險控制矩陣
2. 內部控制之自評作業資料
3. 自評結果之彙整報告（呈報董事會／審計委員會用）
4. 自評缺失改善計畫及追蹤作業紀錄資料。","[企業層級｜風險監控] 管理階層針對風險的認定建立一套準則


管理者能適當地評估及降低風險：企業應讓各單位主管清楚知悉企業活動之責任、期待，以及風險如何認定之哲學與標準。

管理階層應辨認風險，評估其重要性、可能性，及決定應該採取的行動：
1. 應考量每個目標之風險，風險分析時應考量來自公司內部及外部的因素引發之風險及舞弊風險及管理者逾越控制的因素。
2.企業風險評估應由各單位定期進行且適當記錄，並經高階主管覆核。
3.管理階層、董事會及審計委員應得知企業面臨之重大風險與預計採取行動，並定期收到關於重大風險評估與預計採取行動之風險報告。
4.企業在辨認出風險後，在作業層級應採取相關措施，並檢視本來已存在的控制方法之有效性，若已無效，應找出造成控制無效之原因。
5. 管理階層應定期檢視和修正企業整體層級之策略計畫與目標，預算與財務預測應與現況相連結，並可反應出狀況之改變。（頻率：每年；負責：各單位；IUC：1. 企業層級及各循環之風險控制矩陣
2. 內部控制之自評作業資料
3. 自評結果之彙整報告（呈報董事會／審計委員會用）
4. 自評缺失改善計畫及追蹤作業紀錄資料）",EL20-2,RCM;企業層級;累積範本;去識別範本,2026-08-26 16:28:11
PL-EL20-3,管理者能適當地評估及降低風險,企業層級,EL20,風險評估,財務報告舞弊,財務報告舞弊,"無效的反舞弊機制／機構評估達成目標之風險時，考量可能發生的舞弊。
關注點：考量各種舞弊類型

評估誘因和各種壓力

評估機會

評估態度和合理化",報導面,"[財務報導] 無效的反舞弊機制／機構評估達成目標之風險時，考量可能發生的舞弊。
關注點：考量各種舞弊類型

評估誘因和各種壓力

評估機會

評估態度和合理化",,,,,,管理者能適當地評估及降低風險,管理階層應建立追蹤造成舞弊之風險因素和辨認舞弊風險之程序。,持續,各單位,"1. 各作業相關之核決權限規範
2. 各循環及跨循環之職務／工作衝突分析資料",,各作業相關之核決權限管理規範,,"1. 各作業相關之核決權限規範
2. 各循環及跨循環之職務／工作衝突分析資料",,,,,,,人工,預防性 (Preventive),,,,"1. 各作業相關之核決權限規範
2. 各循環及跨循環之職務／工作衝突分析資料",,,"就公司現行企業層級作業，為因應「財務報告舞弊」風險——無效的反舞弊機制／機構評估達成目標之風險時，考量可能發生的舞弊。
關注點：考量各種舞弊類型

評估誘因和各種壓力

評估機會

評估態度和合理化（風險三大屬性—財務報導：[財務報導] 無效的反舞弊機制／機構評估達成目標之風險時，考量可能發生的舞弊。
關注點：考量各種舞弊類型

評估誘因和各種壓力

評估機會

評估態度和合理化；營運：（未填）；法令遵循：（未填）；RoMM：（RoMM 分類未填）；重大科目／聲明：（重大科目未填）／（聲明未填）），設計控制目標為「管理者能適當地評估及降低風險」。由各單位以人工方式、採預防性控制取向、屬（類型未填）類型，依持續執行下列控制活動：管理階層應建立追蹤造成舞弊之風險因素和辨認舞弊風險之程序。。控制執行時使用之 IUC／制度為「1. 各作業相關之核決權限規範
2. 各循環及跨循環之職務／工作衝突分析資料」。投入（Inputs）：1. 各作業相關之核決權限規範
2. 各循環及跨循環之職務／工作衝突分析資料。覆核／執行步驟（Specific activities）：管理階層應建立追蹤造成舞弊之風險因素和辨認舞弊風險之程序。。產出（Outputs）：1. 各作業相關之核決權限規範
2. 各循環及跨循環之職務／工作衝突分析資料。","[企業層級｜財務報告舞弊] 管理者能適當地評估及降低風險：管理階層應建立追蹤造成舞弊之風險因素和辨認舞弊風險之程序。（頻率：持續；負責：各單位；IUC：1. 各作業相關之核決權限規範
2. 各循環及跨循環之職務／工作衝突分析資料）",EL20-3,RCM;企業層級;累積範本;去識別範本,2026-08-26 16:28:11
PL-EL20-4,管理者建立一套機制用來預期、辨識改變，並對它做出適當回應,企業層級,EL20,風險評估,重要事件之影響,重要事件之影響,"不清楚之溝通與變更管理策略／機構辨識及評估可能對內部控制制度產生重大影響之各項改變。
關注點：評估外部環境的改變

評估商業模式的改變

評估領導風格的改變",營運面,,"[營運] 不清楚之溝通與變更管理策略／機構辨識及評估可能對內部控制制度產生重大影響之各項改變。
關注點：評估外部環境的改變

評估商業模式的改變

評估領導風格的改變",,,,,管理者建立一套機制用來預期、辨識改變，並對它做出適當回應,企業應及時地察覺那些改變對企業產生重大影響，並能辨認重大改變。（例如新發佈一般公認會計原則、非例行性交易、新資訊系統，或是導因於企業快速發展、新產品，新供應商、新競爭者、新海外營運或是公司組織重整所造成的直接衝擊）對於各項改變之信息，應傳遞給適當的管理階層，高階主管應清楚地掌握改變可能會產生那些風險及機會。,不定期,各單位,各單位／跨單位針對公司重大議題之討論會議相關資料（會議紀錄或會議用材料）,,,,各單位／跨單位針對公司重大議題之討論會議相關資料（會議紀錄或會議用材料）,,,,,,,人工,預防性 (Preventive),,,,各單位／跨單位針對公司重大議題之討論會議相關資料（會議紀錄或會議用材料）,,,"就公司現行企業層級作業，為因應「重要事件之影響」風險——不清楚之溝通與變更管理策略／機構辨識及評估可能對內部控制制度產生重大影響之各項改變。
關注點：評估外部環境的改變

評估商業模式的改變

評估領導風格的改變（風險三大屬性—財務報導：（未填）；營運：[營運] 不清楚之溝通與變更管理策略／機構辨識及評估可能對內部控制制度產生重大影響之各項改變。
關注點：評估外部環境的改變

評估商業模式的改變

評估領導風格的改變；法令遵循：（未填）；RoMM：（RoMM 分類未填）；重大科目／聲明：（重大科目未填）／（聲明未填）），設計控制目標為「管理者建立一套機制用來預期、辨識改變，並對它做出適當回應」。由各單位以人工方式、採預防性控制取向、屬（類型未填）類型，依不定期執行下列控制活動：企業應及時地察覺那些改變對企業產生重大影響，並能辨認重大改變。（例如新發佈一般公認會計原則、非例行性交易、新資訊系統，或是導因於企業快速發展、新產品，新供應商、新競爭者、新海外營運或是公司組織重整所造成的直接衝擊）對於各項改變之信息，應傳遞給適當的管理階層，高階主管應清楚地掌握改變可能會產生那些風險及機會。。控制執行時使用之 IUC／制度為「各單位／跨單位針對公司重大議題之討論會議相關資料（會議紀錄或會議用材料）」。投入（Inputs）：各單位／跨單位針對公司重大議題之討論會議相關資料（會議紀錄或會議用材料）。覆核／執行步驟（Specific activities）：企業應及時地察覺那些改變對企業產生重大影響，並能辨認重大改變。（例如新發佈一般公認會計原則、非例行性交易、新資訊系統，或是導因於企業快速發展、新產品，新供應商、新競爭者、新海外營運或是公司組織重整所造成的直接衝擊）對於各項改變之信息，應傳遞給適當的管理階層，高階主管應清楚地掌握改變可能會產生那些風險及機會。。產出（Outputs）：各單位／跨單位針對公司重大議題之討論會議相關資料（會議紀錄或會議用材料）。",[企業層級｜重要事件之影響] 管理者建立一套機制用來預期、辨識改變，並對它做出適當回應：企業應及時地察覺那些改變對企業產生重大影響，並能辨認重大改變。（例如新發佈一般公認會計原則、非例行性交易、新資訊系統，或是導因於企業快速發展、新產品，新供應商、新競爭者、新海外營運或是公司組織重整所造成的直接衝擊）對於各項改變之信息，應傳遞給適當的管理階層，高階主管應清楚地掌握改變可能會產生那些風險及機會。（頻率：不定期；負責：各單位；IUC：各單位／跨單位針對公司重大議題之討論會議相關資料（會議紀錄或會議用材料））,EL20-4,RCM;企業層級;累積範本;去識別範本,2026-08-26 16:28:11
PL-EL20-5,管理者建立一套機制用來預期、辨識改變，並對它做出適當回應,企業層級,EL20,風險評估,重要事件之影響,重要事件之影響,"不清楚之溝通與變更管理策略／機構辨識及評估可能對內部控制制度產生重大影響之各項改變。
關注點：評估外部環境的改變

評估商業模式的改變

評估領導風格的改變",營運面,,"[營運] 不清楚之溝通與變更管理策略／機構辨識及評估可能對內部控制制度產生重大影響之各項改變。
關注點：評估外部環境的改變

評估商業模式的改變

評估領導風格的改變",,,,,管理者建立一套機制用來預期、辨識改變，並對它做出適當回應,管理階層應為了提昇對公司及其環境的全盤了解，願意變更自己固有之想法。,持續,Refer o EL10-2,Refer o EL10-2,,Refer o EL10-2,,Refer o EL10-2,,,,,,,人工,預防性 (Preventive),,,,Refer o EL10-2,,,"就公司現行企業層級作業，為因應「重要事件之影響」風險——不清楚之溝通與變更管理策略／機構辨識及評估可能對內部控制制度產生重大影響之各項改變。
關注點：評估外部環境的改變

評估商業模式的改變

評估領導風格的改變（風險三大屬性—財務報導：（未填）；營運：[營運] 不清楚之溝通與變更管理策略／機構辨識及評估可能對內部控制制度產生重大影響之各項改變。
關注點：評估外部環境的改變

評估商業模式的改變

評估領導風格的改變；法令遵循：（未填）；RoMM：（RoMM 分類未填）；重大科目／聲明：（重大科目未填）／（聲明未填）），設計控制目標為「管理者建立一套機制用來預期、辨識改變，並對它做出適當回應」。由Refer o EL10-2以人工方式、採預防性控制取向、屬（類型未填）類型，依持續執行下列控制活動：管理階層應為了提昇對公司及其環境的全盤了解，願意變更自己固有之想法。。控制執行時使用之 IUC／制度為「Refer o EL10-2」。投入（Inputs）：Refer o EL10-2。覆核／執行步驟（Specific activities）：管理階層應為了提昇對公司及其環境的全盤了解，願意變更自己固有之想法。。產出（Outputs）：Refer o EL10-2。",[企業層級｜重要事件之影響] 管理者建立一套機制用來預期、辨識改變，並對它做出適當回應：管理階層應為了提昇對公司及其環境的全盤了解，願意變更自己固有之想法。（頻率：持續；負責：Refer o EL10-2；IUC：Refer o EL10-2）,EL20-5,RCM;企業層級;累積範本;去識別範本,2026-08-26 16:28:11
PL-EL20-6,管理者建立一套機制用來預期、辨識改變，並對它做出適當回應,企業層級,EL20,風險評估,財務計畫／預算／預測,財務計畫／預算／預測,"缺乏監督計劃及預算之能力／機構辨識及評估可能對內部控制制度產生重大影響之各項改變。
關注點：評估商業模式的改變",營運面,,"[營運] 缺乏監督計劃及預算之能力／機構辨識及評估可能對內部控制制度產生重大影響之各項改變。
關注點：評估商業模式的改變",,,,,管理者建立一套機制用來預期、辨識改變，並對它做出適當回應,管理階層應評估取得和出售重要資產或事業可能產生的後續影響。,不定期,財務單位,取得和出售重要資產或事業之評估資料與核准紀錄,,,,取得和出售重要資產或事業之評估資料與核准紀錄,,,,,,,人工,預防性 (Preventive),,,,取得和出售重要資產或事業之評估資料與核准紀錄,,,"就公司現行企業層級作業，為因應「財務計畫／預算／預測」風險——缺乏監督計劃及預算之能力／機構辨識及評估可能對內部控制制度產生重大影響之各項改變。
關注點：評估商業模式的改變（風險三大屬性—財務報導：（未填）；營運：[營運] 缺乏監督計劃及預算之能力／機構辨識及評估可能對內部控制制度產生重大影響之各項改變。
關注點：評估商業模式的改變；法令遵循：（未填）；RoMM：（RoMM 分類未填）；重大科目／聲明：（重大科目未填）／（聲明未填）），設計控制目標為「管理者建立一套機制用來預期、辨識改變，並對它做出適當回應」。由財務單位以人工方式、採預防性控制取向、屬（類型未填）類型，依不定期執行下列控制活動：管理階層應評估取得和出售重要資產或事業可能產生的後續影響。。控制執行時使用之 IUC／制度為「取得和出售重要資產或事業之評估資料與核准紀錄」。投入（Inputs）：取得和出售重要資產或事業之評估資料與核准紀錄。覆核／執行步驟（Specific activities）：管理階層應評估取得和出售重要資產或事業可能產生的後續影響。。產出（Outputs）：取得和出售重要資產或事業之評估資料與核准紀錄。",[企業層級｜財務計畫／預算／預測] 管理者建立一套機制用來預期、辨識改變，並對它做出適當回應：管理階層應評估取得和出售重要資產或事業可能產生的後續影響。（頻率：不定期；負責：財務單位；IUC：取得和出售重要資產或事業之評估資料與核准紀錄）,EL20-6,RCM;企業層級;累積範本;去識別範本,2026-08-26 16:28:11
PL-EL30-1,建立降低風險之相關控制作業，以降低達成目標之相關風險至可接受水準,企業層級,EL30,控制活動,財務報告舞弊,財務報告舞弊,"無法落實適當之職能分工／機構選擇及建立控制作業，用以降低達成目標之相關風險至可接受水準
關注點：整合風險評估

考量個體的特定因素

決定攸關的業務流程

評估組合的控制作業類型

考量各作業適用於何種階層

強調職能分工",報導面,"[財務報導] 無法落實適當之職能分工／機構選擇及建立控制作業，用以降低達成目標之相關風險至可接受水準
關注點：整合風險評估

考量個體的特定因素

決定攸關的業務流程

評估組合的控制作業類型

考量各作業適用於何種階層

強調職能分工",,,,,,建立降低風險之相關控制作業，以降低達成目標之相關風險至可接受水準,應依據風險評估結果，辨識攸關營運流程並建置相關控制作業，控制類型應包含人工及自動控制、預防性及偵測性控制，同時應考量營運流程與控制方式及職能分工之適當性，指派適當之人員執行。,持續,各單位,"1. 各循環之流程圖、流程說明及風險控制矩陣
2. 各循環及跨循環之職務／工作衝突分析資料",,,,"1. 各循環之流程圖、流程說明及風險控制矩陣
2. 各循環及跨循環之職務／工作衝突分析資料",,,,,,,人工,預防性 (Preventive),,,,"1. 各循環之流程圖、流程說明及風險控制矩陣
2. 各循環及跨循環之職務／工作衝突分析資料",,,"就公司現行企業層級作業，為因應「財務報告舞弊」風險——無法落實適當之職能分工／機構選擇及建立控制作業，用以降低達成目標之相關風險至可接受水準
關注點：整合風險評估

考量個體的特定因素

決定攸關的業務流程

評估組合的控制作業類型

考量各作業適用於何種階層

強調職能分工（風險三大屬性—財務報導：[財務報導] 無法落實適當之職能分工／機構選擇及建立控制作業，用以降低達成目標之相關風險至可接受水準
關注點：整合風險評估

考量個體的特定因素

決定攸關的業務流程

評估組合的控制作業類型

考量各作業適用於何種階層

強調職能分工；營運：（未填）；法令遵循：（未填）；RoMM：（RoMM 分類未填）；重大科目／聲明：（重大科目未填）／（聲明未填）），設計控制目標為「建立降低風險之相關控制作業，以降低達成目標之相關風險至可接受水準」。由各單位以人工方式、採預防性控制取向、屬（類型未填）類型，依持續執行下列控制活動：應依據風險評估結果，辨識攸關營運流程並建置相關控制作業，控制類型應包含人工及自動控制、預防性及偵測性控制，同時應考量營運流程與控制方式及職能分工之適當性，指派適當之人員執行。。控制執行時使用之 IUC／制度為「1. 各循環之流程圖、流程說明及風險控制矩陣
2. 各循環及跨循環之職務／工作衝突分析資料」。投入（Inputs）：1. 各循環之流程圖、流程說明及風險控制矩陣
2. 各循環及跨循環之職務／工作衝突分析資料。覆核／執行步驟（Specific activities）：應依據風險評估結果，辨識攸關營運流程並建置相關控制作業，控制類型應包含人工及自動控制、預防性及偵測性控制，同時應考量營運流程與控制方式及職能分工之適當性，指派適當之人員執行。。產出（Outputs）：1. 各循環之流程圖、流程說明及風險控制矩陣
2. 各循環及跨循環之職務／工作衝突分析資料。","[企業層級｜財務報告舞弊] 建立降低風險之相關控制作業，以降低達成目標之相關風險至可接受水準：應依據風險評估結果，辨識攸關營運流程並建置相關控制作業，控制類型應包含人工及自動控制、預防性及偵測性控制，同時應考量營運流程與控制方式及職能分工之適當性，指派適當之人員執行。（頻率：持續；負責：各單位；IUC：1. 各循環之流程圖、流程說明及風險控制矩陣
2. 各循環及跨循環之職務／工作衝突分析資料）",EL30-1,RCM;企業層級;累積範本;去識別範本,2026-08-26 16:28:11
PL-EL30-2,建立降低風險之資訊相關控制作業，以支持目標之達成。,企業層級,EL30,控制活動,財務報告舞弊,財務報告舞弊,"無法落實適當之職能分工／機構選擇及建立科技之一般控制作業，以支持目標之達成。
關注點：決定在業務流程使用科技和科技一般控制間的依賴性

建立攸關科技基礎架構的控制作業

建立攸關安全管理過程的控制作業

建立攸關科技購置、發展、及維護過程的控制作業",報導面,"[財務報導] 無法落實適當之職能分工／機構選擇及建立科技之一般控制作業，以支持目標之達成。
關注點：決定在業務流程使用科技和科技一般控制間的依賴性

建立攸關科技基礎架構的控制作業

建立攸關安全管理過程的控制作業

建立攸關科技購置、發展、及維護過程的控制作業",,,,,,建立降低風險之資訊相關控制作業，以支持目標之達成。,建置控制作業時，應考量營運流程之性質與依賴科技之程度，建置攸關之一般電腦控制 (General Computer Controls) 及應用控制 (Application Controls)。,持續,各單位,各循環之流程圖、流程說明及風險控制矩陣,,,,各循環之流程圖、流程說明及風險控制矩陣,,,,,,,人工,預防性 (Preventive),,,,各循環之流程圖、流程說明及風險控制矩陣,,,"就公司現行企業層級作業，為因應「財務報告舞弊」風險——無法落實適當之職能分工／機構選擇及建立科技之一般控制作業，以支持目標之達成。
關注點：決定在業務流程使用科技和科技一般控制間的依賴性

建立攸關科技基礎架構的控制作業

建立攸關安全管理過程的控制作業

建立攸關科技購置、發展、及維護過程的控制作業（風險三大屬性—財務報導：[財務報導] 無法落實適當之職能分工／機構選擇及建立科技之一般控制作業，以支持目標之達成。
關注點：決定在業務流程使用科技和科技一般控制間的依賴性

建立攸關科技基礎架構的控制作業

建立攸關安全管理過程的控制作業

建立攸關科技購置、發展、及維護過程的控制作業；營運：（未填）；法令遵循：（未填）；RoMM：（RoMM 分類未填）；重大科目／聲明：（重大科目未填）／（聲明未填）），設計控制目標為「建立降低風險之資訊相關控制作業，以支持目標之達成。」。由各單位以人工方式、採預防性控制取向、屬（類型未填）類型，依持續執行下列控制活動：建置控制作業時，應考量營運流程之性質與依賴科技之程度，建置攸關之一般電腦控制 (General Computer Controls) 及應用控制 (Application Controls)。。控制執行時使用之 IUC／制度為「各循環之流程圖、流程說明及風險控制矩陣」。投入（Inputs）：各循環之流程圖、流程說明及風險控制矩陣。覆核／執行步驟（Specific activities）：建置控制作業時，應考量營運流程之性質與依賴科技之程度，建置攸關之一般電腦控制 (General Computer Controls) 及應用控制 (Application Controls)。。產出（Outputs）：各循環之流程圖、流程說明及風險控制矩陣。",[企業層級｜財務報告舞弊] 建立降低風險之資訊相關控制作業，以支持目標之達成。：建置控制作業時，應考量營運流程之性質與依賴科技之程度，建置攸關之一般電腦控制 (General Computer Controls) 及應用控制 (Application Controls)。（頻率：持續；負責：各單位；IUC：各循環之流程圖、流程說明及風險控制矩陣）,EL30-2,RCM;企業層級;累積範本;去識別範本,2026-08-26 16:28:11
PL-EL30-3,透過制定各項政策與程序，以建置其控制作業。政策係指建立欲達成之項目，程序則係將政策付諸行動。,企業層級,EL30,控制活動,組織架構,組織架構,"權責劃分不清楚／機構透過制定各項政策與程序，以建置其控制作業。政策係指建立欲達成之項目，程序則係將政策付諸行動。
關注點：建立政策與程序，以支持管理階層指令之建置

為執行政策與程序建立責任和課責制

及時執行

採取改正行動

使用適任人員執行

重新評估政策與程序",營運面,,"[營運] 權責劃分不清楚／機構透過制定各項政策與程序，以建置其控制作業。政策係指建立欲達成之項目，程序則係將政策付諸行動。
關注點：建立政策與程序，以支持管理階層指令之建置

為執行政策與程序建立責任和課責制

及時執行

採取改正行動

使用適任人員執行

重新評估政策與程序",,,,,透過制定各項政策與程序，以建置其控制作業。政策係指建立欲達成之項目，程序則係將政策付諸行動。,應針對各攸關之營運流程，建置對應之政策與程序，該政策與程序應與公司之目標相符，並清楚定義權責，由適當之人員及時執行，當有相關營運改變時，應重新評估並及時更新相關政策與程序，並傳達予相關人員落實執行。,持續,各單位,"1. 經營管理規章類
2. 內部管理系統類
3. ISO等認證系統類
4. 四階表單（含上述第2及第3點之作業使用表單）",,"1. 經營管理規章類
2. 內部管理系統類
3. ISO等認證系統類
4. 四階表單（含上述第2及第3點之作業使用表單）",,"1. 經營管理規章類
2. 內部管理系統類
3. ISO等認證系統類
4. 四階表單（含上述第2及第3點之作業使用表單）",,,,,,,人工,預防性 (Preventive),,,,"1. 經營管理規章類
2. 內部管理系統類
3. ISO等認證系統類
4. 四階表單（含上述第2及第3點之作業使用表單）",,,"就公司現行企業層級作業，為因應「組織架構」風險——權責劃分不清楚／機構透過制定各項政策與程序，以建置其控制作業。政策係指建立欲達成之項目，程序則係將政策付諸行動。
關注點：建立政策與程序，以支持管理階層指令之建置

為執行政策與程序建立責任和課責制

及時執行

採取改正行動

使用適任人員執行

重新評估政策與程序（風險三大屬性—財務報導：（未填）；營運：[營運] 權責劃分不清楚／機構透過制定各項政策與程序，以建置其控制作業。政策係指建立欲達成之項目，程序則係將政策付諸行動。
關注點：建立政策與程序，以支持管理階層指令之建置

為執行政策與程序建立責任和課責制

及時執行

採取改正行動

使用適任人員執行

重新評估政策與程序；法令遵循：（未填）；RoMM：（RoMM 分類未填）；重大科目／聲明：（重大科目未填）／（聲明未填）），設計控制目標為「透過制定各項政策與程序，以建置其控制作業。政策係指建立欲達成之項目，程序則係將政策付諸行動。」。由各單位以人工方式、採預防性控制取向、屬（類型未填）類型，依持續執行下列控制活動：應針對各攸關之營運流程，建置對應之政策與程序，該政策與程序應與公司之目標相符，並清楚定義權責，由適當之人員及時執行，當有相關營運改變時，應重新評估並及時更新相關政策與程序，並傳達予相關人員落實執行。。控制執行時使用之 IUC／制度為「1. 經營管理規章類
2. 內部管理系統類
3. ISO等認證系統類
4. 四階表單（含上述第2及第3點之作業使用表單）」。投入（Inputs）：1. 經營管理規章類
2. 內部管理系統類
3. ISO等認證系統類
4. 四階表單（含上述第2及第3點之作業使用表單）。覆核／執行步驟（Specific activities）：應針對各攸關之營運流程，建置對應之政策與程序，該政策與程序應與公司之目標相符，並清楚定義權責，由適當之人員及時執行，當有相關營運改變時，應重新評估並及時更新相關政策與程序，並傳達予相關人員落實執行。。產出（Outputs）：1. 經營管理規章類
2. 內部管理系統類
3. ISO等認證系統類
4. 四階表單（含上述第2及第3點之作業使用表單）。","[企業層級｜組織架構] 透過制定各項政策與程序，以建置其控制作業。政策係指建立欲達成之項目，程序則係將政策付諸行動。：應針對各攸關之營運流程，建置對應之政策與程序，該政策與程序應與公司之目標相符，並清楚定義權責，由適當之人員及時執行，當有相關營運改變時，應重新評估並及時更新相關政策與程序，並傳達予相關人員落實執行。（頻率：持續；負責：各單位；IUC：1. 經營管理規章類
2. 內部管理系統類
3. ISO等認證系統類
4. 四階表單（含上述第2及第3點之作業使用表單））",EL30-3,RCM;企業層級;累積範本;去識別範本,2026-08-26 16:28:11
PL-EL40-1,財務報導及資訊系統是可靠的。,企業層級,EL40,資訊與溝通,系統架構,系統架構,"未採用／導入與企業策略相符的系統架構／機構蒐集或產生及使用攸關、具品質資訊，以支持內部控制之持續運作。
關注點：辨識資訊要求",營運面,,"[營運] 未採用／導入與企業策略相符的系統架構／機構蒐集或產生及使用攸關、具品質資訊，以支持內部控制之持續運作。
關注點：辨識資訊要求",,,,,財務報導及資訊系統是可靠的。,公司應有長期資訊科技計畫並使其與公司策略相連結,每年,資訊單位,"短、中、長期資訊計畫相關資料
（如：導入SAP／MES系統等評估與整體規劃資料等）",,,,"短、中、長期資訊計畫相關資料
（如：導入SAP／MES系統等評估與整體規劃資料等）",,,,,,,人工,預防性 (Preventive),,,,"短、中、長期資訊計畫相關資料
（如：導入SAP／MES系統等評估與整體規劃資料等）",,,"就公司現行企業層級作業，為因應「系統架構」風險——未採用／導入與企業策略相符的系統架構／機構蒐集或產生及使用攸關、具品質資訊，以支持內部控制之持續運作。
關注點：辨識資訊要求（風險三大屬性—財務報導：（未填）；營運：[營運] 未採用／導入與企業策略相符的系統架構／機構蒐集或產生及使用攸關、具品質資訊，以支持內部控制之持續運作。
關注點：辨識資訊要求；法令遵循：（未填）；RoMM：（RoMM 分類未填）；重大科目／聲明：（重大科目未填）／（聲明未填）），設計控制目標為「財務報導及資訊系統是可靠的。」。由資訊單位以人工方式、採預防性控制取向、屬（類型未填）類型，依每年執行下列控制活動：公司應有長期資訊科技計畫並使其與公司策略相連結。控制執行時使用之 IUC／制度為「短、中、長期資訊計畫相關資料
（如：導入SAP／MES系統等評估與整體規劃資料等）」。投入（Inputs）：短、中、長期資訊計畫相關資料
（如：導入SAP／MES系統等評估與整體規劃資料等）。覆核／執行步驟（Specific activities）：公司應有長期資訊科技計畫並使其與公司策略相連結。產出（Outputs）：短、中、長期資訊計畫相關資料
（如：導入SAP／MES系統等評估與整體規劃資料等）。","[企業層級｜系統架構] 財務報導及資訊系統是可靠的。：公司應有長期資訊科技計畫並使其與公司策略相連結（頻率：每年；負責：資訊單位；IUC：短、中、長期資訊計畫相關資料
（如：導入SAP／MES系統等評估與整體規劃資料等））",EL40-1,RCM;企業層級;累積範本;去識別範本,2026-08-26 16:28:11
PL-EL40-2,財務報導及資訊系統是可靠的。,企業層級,EL40,資訊與溝通,人才管理／招聘,人才管理／招聘,"人力資源需求規劃不當／機構蒐集或產生及使用攸關、具品質資訊，以支持內部控制之持續運作。
關注點：辨識資訊要求",營運面,,"[營運] 人力資源需求規劃不當／機構蒐集或產生及使用攸關、具品質資訊，以支持內部控制之持續運作。
關注點：辨識資訊要求",,,,,財務報導及資訊系統是可靠的。,資訊單位組織架構及人力應能支持公司營運目標。,持續,請參照資訊循環之資訊處理部門之功能及職責劃分作業。。,請參照資訊循環之資訊處理部門之功能及職責劃分作業。。,,請參照資訊循環之資訊處理部門之功能及職責劃分作業。。,,請參照資訊循環之資訊處理部門之功能及職責劃分作業。。,,,,,,,人工,預防性 (Preventive),,,,請參照資訊循環之資訊處理部門之功能及職責劃分作業。。,,,"就公司現行企業層級作業，為因應「人才管理／招聘」風險——人力資源需求規劃不當／機構蒐集或產生及使用攸關、具品質資訊，以支持內部控制之持續運作。
關注點：辨識資訊要求（風險三大屬性—財務報導：（未填）；營運：[營運] 人力資源需求規劃不當／機構蒐集或產生及使用攸關、具品質資訊，以支持內部控制之持續運作。
關注點：辨識資訊要求；法令遵循：（未填）；RoMM：（RoMM 分類未填）；重大科目／聲明：（重大科目未填）／（聲明未填）），設計控制目標為「財務報導及資訊系統是可靠的。」。由請參照資訊循環之資訊處理部門之功能及職責劃分作業。。以人工方式、採預防性控制取向、屬（類型未填）類型，依持續執行下列控制活動：資訊單位組織架構及人力應能支持公司營運目標。。控制執行時使用之 IUC／制度為「請參照資訊循環之資訊處理部門之功能及職責劃分作業。。」。投入（Inputs）：請參照資訊循環之資訊處理部門之功能及職責劃分作業。。。覆核／執行步驟（Specific activities）：資訊單位組織架構及人力應能支持公司營運目標。。產出（Outputs）：請參照資訊循環之資訊處理部門之功能及職責劃分作業。。。",[企業層級｜人才管理／招聘] 財務報導及資訊系統是可靠的。：資訊單位組織架構及人力應能支持公司營運目標。（頻率：持續；負責：請參照資訊循環之資訊處理部門之功能及職責劃分作業。。；IUC：請參照資訊循環之資訊處理部門之功能及職責劃分作業。。）,EL40-2,RCM;企業層級;累積範本;去識別範本,2026-08-26 16:28:11
PL-EL40-3,財務報導及資訊系統是可靠的。,企業層級,EL40,資訊與溝通,財務資訊的可用性,財務資訊的可用性,"缺乏可用的財務資訊以制定決策／機構蒐集或產生及使用攸關、具品質資訊，以支持內部控制之持續運作。
關注點：處理攸關資料成為資訊",營運面,,"[營運] 缺乏可用的財務資訊以制定決策／機構蒐集或產生及使用攸關、具品質資訊，以支持內部控制之持續運作。
關注點：處理攸關資料成為資訊",,,,,財務報導及資訊系統是可靠的。,公司應設有確保資訊系統得以辨認、掌握、處理和報導攸關資訊之機制。,持續,請參照資訊循環之系統開發及程式修改控制作業、資料輸出入控制作業、資料處理之控制作業及硬體及系統軟體之購置、使用及維護控制作業,請參照資訊循環之系統開發及程式修改控制作業、資料輸出入控制作業、資料處理之控制作業及硬體及系統軟體之購置、使用及維護控制作業,,請參照資訊循環之系統開發及程式修改控制作業、資料輸出入控制作業、資料處理之控制作業及硬體及系統軟體之購置、使用及維護控制作業,,請參照資訊循環之系統開發及程式修改控制作業、資料輸出入控制作業、資料處理之控制作業及硬體及系統軟體之購置、使用及維護控制作業,,,,,,,人工,預防性 (Preventive),,,,請參照資訊循環之系統開發及程式修改控制作業、資料輸出入控制作業、資料處理之控制作業及硬體及系統軟體之購置、使用及維護控制作業,,,"就公司現行企業層級作業，為因應「財務資訊的可用性」風險——缺乏可用的財務資訊以制定決策／機構蒐集或產生及使用攸關、具品質資訊，以支持內部控制之持續運作。
關注點：處理攸關資料成為資訊（風險三大屬性—財務報導：（未填）；營運：[營運] 缺乏可用的財務資訊以制定決策／機構蒐集或產生及使用攸關、具品質資訊，以支持內部控制之持續運作。
關注點：處理攸關資料成為資訊；法令遵循：（未填）；RoMM：（RoMM 分類未填）；重大科目／聲明：（重大科目未填）／（聲明未填）），設計控制目標為「財務報導及資訊系統是可靠的。」。由請參照資訊循環之系統開發及程式修改控制作業、資料輸出入控制作業、資料處理之控制作業及硬體及系統軟體之購置、使用及維護控制作業以人工方式、採預防性控制取向、屬（類型未填）類型，依持續執行下列控制活動：公司應設有確保資訊系統得以辨認、掌握、處理和報導攸關資訊之機制。。控制執行時使用之 IUC／制度為「請參照資訊循環之系統開發及程式修改控制作業、資料輸出入控制作業、資料處理之控制作業及硬體及系統軟體之購置、使用及維護控制作業」。投入（Inputs）：請參照資訊循環之系統開發及程式修改控制作業、資料輸出入控制作業、資料處理之控制作業及硬體及系統軟體之購置、使用及維護控制作業。覆核／執行步驟（Specific activities）：公司應設有確保資訊系統得以辨認、掌握、處理和報導攸關資訊之機制。。產出（Outputs）：請參照資訊循環之系統開發及程式修改控制作業、資料輸出入控制作業、資料處理之控制作業及硬體及系統軟體之購置、使用及維護控制作業。",[企業層級｜財務資訊的可用性] 財務報導及資訊系統是可靠的。：公司應設有確保資訊系統得以辨認、掌握、處理和報導攸關資訊之機制。（頻率：持續；負責：請參照資訊循環之系統開發及程式修改控制作業、資料輸出入控制作業、資料處理之控制作業及硬體及系統軟體之購置、使用及維護控制作業；IUC：請參照資訊循環之系統開發及程式修改控制作業、資料輸出入控制作業、資料處理之控制作業及硬體及系統軟體之購置、使用及維護控制作業）,EL40-3,RCM;企業層級;累積範本;去識別範本,2026-08-26 16:28:11
PL-EL40-4,財務報導及資訊系統是可靠的。,企業層級,EL40,資訊與溝通,報告品質,報告品質,"報告資訊缺乏完整性與正確性／機構蒐集或產生及使用攸關、具品質資訊，以支持內部控制之持續運作。
關注點：在整個處理過程中維持品質",報導面,"[財務報導] 報告資訊缺乏完整性與正確性／機構蒐集或產生及使用攸關、具品質資訊，以支持內部控制之持續運作。
關注點：在整個處理過程中維持品質",,,,,,財務報導及資訊系統是可靠的。,應設有確認所有報導資訊來源之完整性及正確性之機制,持續,請參照財務報導循環。,請參照財務報導循環。,,請參照財務報導循環。,,請參照財務報導循環。,,,,,,,人工,預防性 (Preventive),,,,請參照財務報導循環。,,,"就公司現行企業層級作業，為因應「報告品質」風險——報告資訊缺乏完整性與正確性／機構蒐集或產生及使用攸關、具品質資訊，以支持內部控制之持續運作。
關注點：在整個處理過程中維持品質（風險三大屬性—財務報導：[財務報導] 報告資訊缺乏完整性與正確性／機構蒐集或產生及使用攸關、具品質資訊，以支持內部控制之持續運作。
關注點：在整個處理過程中維持品質；營運：（未填）；法令遵循：（未填）；RoMM：（RoMM 分類未填）；重大科目／聲明：（重大科目未填）／（聲明未填）），設計控制目標為「財務報導及資訊系統是可靠的。」。由請參照財務報導循環。以人工方式、採預防性控制取向、屬（類型未填）類型，依持續執行下列控制活動：應設有確認所有報導資訊來源之完整性及正確性之機制。控制執行時使用之 IUC／制度為「請參照財務報導循環。」。投入（Inputs）：請參照財務報導循環。。覆核／執行步驟（Specific activities）：應設有確認所有報導資訊來源之完整性及正確性之機制。產出（Outputs）：請參照財務報導循環。。",[企業層級｜報告品質] 財務報導及資訊系統是可靠的。：應設有確認所有報導資訊來源之完整性及正確性之機制（頻率：持續；負責：請參照財務報導循環。；IUC：請參照財務報導循環。）,EL40-4,RCM;企業層級;累積範本;去識別範本,2026-08-26 16:28:11
PL-EL40-5,適當及必要的資訊已提供給管理當局。,企業層級,EL40,資訊與溝通,報告品質,報告品質,"未能提供及時之報告資訊／機構蒐集或產生及使用攸關、具品質資訊，以支持內部控制之持續運作。
關注點：辨識資訊要求

處理攸關資料成為資訊",報導面,"[財務報導] 未能提供及時之報告資訊／機構蒐集或產生及使用攸關、具品質資訊，以支持內部控制之持續運作。
關注點：辨識資訊要求

處理攸關資料成為資訊",,,,,,適當及必要的資訊已提供給管理當局。,各管理階層對資訊、會計、財務報導及控制功能有資訊系統需求時，應及時評估、並提出請購需求。於評估時亦應考量成本效益原則，以確保請購之資訊系統效用最大化。,不定期,請參照資訊循環之硬體及系統軟體之購置、使用及維護控制作業。,請參照資訊循環之硬體及系統軟體之購置、使用及維護控制作業。,,請參照資訊循環之硬體及系統軟體之購置、使用及維護控制作業。,,請參照資訊循環之硬體及系統軟體之購置、使用及維護控制作業。,,,,,,,人工,預防性 (Preventive),,,,請參照資訊循環之硬體及系統軟體之購置、使用及維護控制作業。,,,"就公司現行企業層級作業，為因應「報告品質」風險——未能提供及時之報告資訊／機構蒐集或產生及使用攸關、具品質資訊，以支持內部控制之持續運作。
關注點：辨識資訊要求

處理攸關資料成為資訊（風險三大屬性—財務報導：[財務報導] 未能提供及時之報告資訊／機構蒐集或產生及使用攸關、具品質資訊，以支持內部控制之持續運作。
關注點：辨識資訊要求

處理攸關資料成為資訊；營運：（未填）；法令遵循：（未填）；RoMM：（RoMM 分類未填）；重大科目／聲明：（重大科目未填）／（聲明未填）），設計控制目標為「適當及必要的資訊已提供給管理當局。」。由請參照資訊循環之硬體及系統軟體之購置、使用及維護控制作業。以人工方式、採預防性控制取向、屬（類型未填）類型，依不定期執行下列控制活動：各管理階層對資訊、會計、財務報導及控制功能有資訊系統需求時，應及時評估、並提出請購需求。於評估時亦應考量成本效益原則，以確保請購之資訊系統效用最大化。。控制執行時使用之 IUC／制度為「請參照資訊循環之硬體及系統軟體之購置、使用及維護控制作業。」。投入（Inputs）：請參照資訊循環之硬體及系統軟體之購置、使用及維護控制作業。。覆核／執行步驟（Specific activities）：各管理階層對資訊、會計、財務報導及控制功能有資訊系統需求時，應及時評估、並提出請購需求。於評估時亦應考量成本效益原則，以確保請購之資訊系統效用最大化。。產出（Outputs）：請參照資訊循環之硬體及系統軟體之購置、使用及維護控制作業。。",[企業層級｜報告品質] 適當及必要的資訊已提供給管理當局。：各管理階層對資訊、會計、財務報導及控制功能有資訊系統需求時，應及時評估、並提出請購需求。於評估時亦應考量成本效益原則，以確保請購之資訊系統效用最大化。（頻率：不定期；負責：請參照資訊循環之硬體及系統軟體之購置、使用及維護控制作業。；IUC：請參照資訊循環之硬體及系統軟體之購置、使用及維護控制作業。）,EL40-5,RCM;企業層級;累積範本;去識別範本,2026-08-26 16:28:11
PL-EL40-6,適當及必要的資訊已提供給管理當局。,企業層級,EL40,資訊與溝通,報告品質,報告品質,"未能提供及時之報告資訊／機構蒐集或產生及使用攸關、具品質資訊，以支持內部控制之持續運作。
關注點：辨識資訊要求",報導面,"[財務報導] 未能提供及時之報告資訊／機構蒐集或產生及使用攸關、具品質資訊，以支持內部控制之持續運作。
關注點：辨識資訊要求",,,,,,適當及必要的資訊已提供給管理當局。,公司應設有因應新會計標準所產生之資訊需求機制，以確保各項特別的財務相關報告需求能及時滿足。,持續,請參照財務報導循環之會計政策程序作業及結帳作業,請參照財務報導循環之會計政策程序作業及結帳作業,,請參照財務報導循環之會計政策程序作業及結帳作業,,請參照財務報導循環之會計政策程序作業及結帳作業,,,,,,,人工,預防性 (Preventive),,,,請參照財務報導循環之會計政策程序作業及結帳作業,,,"就公司現行企業層級作業，為因應「報告品質」風險——未能提供及時之報告資訊／機構蒐集或產生及使用攸關、具品質資訊，以支持內部控制之持續運作。
關注點：辨識資訊要求（風險三大屬性—財務報導：[財務報導] 未能提供及時之報告資訊／機構蒐集或產生及使用攸關、具品質資訊，以支持內部控制之持續運作。
關注點：辨識資訊要求；營運：（未填）；法令遵循：（未填）；RoMM：（RoMM 分類未填）；重大科目／聲明：（重大科目未填）／（聲明未填）），設計控制目標為「適當及必要的資訊已提供給管理當局。」。由請參照財務報導循環之會計政策程序作業及結帳作業以人工方式、採預防性控制取向、屬（類型未填）類型，依持續執行下列控制活動：公司應設有因應新會計標準所產生之資訊需求機制，以確保各項特別的財務相關報告需求能及時滿足。。控制執行時使用之 IUC／制度為「請參照財務報導循環之會計政策程序作業及結帳作業」。投入（Inputs）：請參照財務報導循環之會計政策程序作業及結帳作業。覆核／執行步驟（Specific activities）：公司應設有因應新會計標準所產生之資訊需求機制，以確保各項特別的財務相關報告需求能及時滿足。。產出（Outputs）：請參照財務報導循環之會計政策程序作業及結帳作業。",[企業層級｜報告品質] 適當及必要的資訊已提供給管理當局。：公司應設有因應新會計標準所產生之資訊需求機制，以確保各項特別的財務相關報告需求能及時滿足。（頻率：持續；負責：請參照財務報導循環之會計政策程序作業及結帳作業；IUC：請參照財務報導循環之會計政策程序作業及結帳作業）,EL40-6,RCM;企業層級;累積範本;去識別範本,2026-08-26 16:28:11
PL-EL40-7,適當及必要的資訊已提供給管理當局。,企業層級,EL40,資訊與溝通,報告品質,報告品質,"未能提供及時之報告資訊／機構蒐集或產生及使用攸關、具品質資訊，以支持內部控制之持續運作。
關注點：擷取內部與外部之資料來源",報導面,"[財務報導] 未能提供及時之報告資訊／機構蒐集或產生及使用攸關、具品質資訊，以支持內部控制之持續運作。
關注點：擷取內部與外部之資料來源",,,,,,適當及必要的資訊已提供給管理當局。,公司應設有取得攸關外部資訊的機制。,持續,各單位,"1. 各單位針對法令更新之資訊蒐集、評估與討論紀錄
2. 外部主管機關來函之收文與後續作業及呈核紀錄
3. 其他攸關外部資訊之評估紀錄",,,,"1. 各單位針對法令更新之資訊蒐集、評估與討論紀錄
2. 外部主管機關來函之收文與後續作業及呈核紀錄
3. 其他攸關外部資訊之評估紀錄",,,,,,,人工,預防性 (Preventive),,,,"1. 各單位針對法令更新之資訊蒐集、評估與討論紀錄
2. 外部主管機關來函之收文與後續作業及呈核紀錄
3. 其他攸關外部資訊之評估紀錄",,,"就公司現行企業層級作業，為因應「報告品質」風險——未能提供及時之報告資訊／機構蒐集或產生及使用攸關、具品質資訊，以支持內部控制之持續運作。
關注點：擷取內部與外部之資料來源（風險三大屬性—財務報導：[財務報導] 未能提供及時之報告資訊／機構蒐集或產生及使用攸關、具品質資訊，以支持內部控制之持續運作。
關注點：擷取內部與外部之資料來源；營運：（未填）；法令遵循：（未填）；RoMM：（RoMM 分類未填）；重大科目／聲明：（重大科目未填）／（聲明未填）），設計控制目標為「適當及必要的資訊已提供給管理當局。」。由各單位以人工方式、採預防性控制取向、屬（類型未填）類型，依持續執行下列控制活動：公司應設有取得攸關外部資訊的機制。。控制執行時使用之 IUC／制度為「1. 各單位針對法令更新之資訊蒐集、評估與討論紀錄
2. 外部主管機關來函之收文與後續作業及呈核紀錄
3. 其他攸關外部資訊之評估紀錄」。投入（Inputs）：1. 各單位針對法令更新之資訊蒐集、評估與討論紀錄
2. 外部主管機關來函之收文與後續作業及呈核紀錄
3. 其他攸關外部資訊之評估紀錄。覆核／執行步驟（Specific activities）：公司應設有取得攸關外部資訊的機制。。產出（Outputs）：1. 各單位針對法令更新之資訊蒐集、評估與討論紀錄
2. 外部主管機關來函之收文與後續作業及呈核紀錄
3. 其他攸關外部資訊之評估紀錄。","[企業層級｜報告品質] 適當及必要的資訊已提供給管理當局。：公司應設有取得攸關外部資訊的機制。（頻率：持續；負責：各單位；IUC：1. 各單位針對法令更新之資訊蒐集、評估與討論紀錄
2. 外部主管機關來函之收文與後續作業及呈核紀錄
3. 其他攸關外部資訊之評估紀錄）",EL40-7,RCM;企業層級;累積範本;去識別範本,2026-08-26 16:28:11
PL-EL40-8,適當及必要的資訊已提供給管理當局。,企業層級,EL40,資訊與溝通,系統架構,系統架構,"未採用／導入與企業策略相符的系統架構／機構蒐集或產生及使用攸關、具品質資訊，以支持內部控制之持續運作。
關注點：在整個處理過程中維持品質",營運面,,"[營運] 未採用／導入與企業策略相符的系統架構／機構蒐集或產生及使用攸關、具品質資訊，以支持內部控制之持續運作。
關注點：在整個處理過程中維持品質",,,,,適當及必要的資訊已提供給管理當局。,高階主管應考量資訊科技架構之適當性。,持續,請參照資訊循環之系統開發及程式修改控制作業及硬體及系統軟體之購置、使用及維護控制作業,請參照資訊循環之系統開發及程式修改控制作業及硬體及系統軟體之購置、使用及維護控制作業,,請參照資訊循環之系統開發及程式修改控制作業及硬體及系統軟體之購置、使用及維護控制作業,,請參照資訊循環之系統開發及程式修改控制作業及硬體及系統軟體之購置、使用及維護控制作業,,,,,,,人工,預防性 (Preventive),,,,請參照資訊循環之系統開發及程式修改控制作業及硬體及系統軟體之購置、使用及維護控制作業,,,"就公司現行企業層級作業，為因應「系統架構」風險——未採用／導入與企業策略相符的系統架構／機構蒐集或產生及使用攸關、具品質資訊，以支持內部控制之持續運作。
關注點：在整個處理過程中維持品質（風險三大屬性—財務報導：（未填）；營運：[營運] 未採用／導入與企業策略相符的系統架構／機構蒐集或產生及使用攸關、具品質資訊，以支持內部控制之持續運作。
關注點：在整個處理過程中維持品質；法令遵循：（未填）；RoMM：（RoMM 分類未填）；重大科目／聲明：（重大科目未填）／（聲明未填）），設計控制目標為「適當及必要的資訊已提供給管理當局。」。由請參照資訊循環之系統開發及程式修改控制作業及硬體及系統軟體之購置、使用及維護控制作業以人工方式、採預防性控制取向、屬（類型未填）類型，依持續執行下列控制活動：高階主管應考量資訊科技架構之適當性。。控制執行時使用之 IUC／制度為「請參照資訊循環之系統開發及程式修改控制作業及硬體及系統軟體之購置、使用及維護控制作業」。投入（Inputs）：請參照資訊循環之系統開發及程式修改控制作業及硬體及系統軟體之購置、使用及維護控制作業。覆核／執行步驟（Specific activities）：高階主管應考量資訊科技架構之適當性。。產出（Outputs）：請參照資訊循環之系統開發及程式修改控制作業及硬體及系統軟體之購置、使用及維護控制作業。",[企業層級｜系統架構] 適當及必要的資訊已提供給管理當局。：高階主管應考量資訊科技架構之適當性。（頻率：持續；負責：請參照資訊循環之系統開發及程式修改控制作業及硬體及系統軟體之購置、使用及維護控制作業；IUC：請參照資訊循環之系統開發及程式修改控制作業及硬體及系統軟體之購置、使用及維護控制作業）,EL40-8,RCM;企業層級;累積範本;去識別範本,2026-08-26 16:28:11
PL-EL40-9,資訊及時地蒐集、傳遞給適當的人員。,企業層級,EL40,資訊與溝通,財務資訊的可用性,財務資訊的可用性,"資訊缺乏品質且不實／機構蒐集或產生及使用攸關、具品質資訊，以支持內部控制之持續運作。
關注點：在整個處理過程中維持品質",報導面,"[財務報導] 資訊缺乏品質且不實／機構蒐集或產生及使用攸關、具品質資訊，以支持內部控制之持續運作。
關注點：在整個處理過程中維持品質",,,,,,資訊及時地蒐集、傳遞給適當的人員。,資訊的提供應相關且確實。,持續,各單位,各層級管理會議之會議資料,,,,各層級管理會議之會議資料,,,,,,,人工,預防性 (Preventive),,,,各層級管理會議之會議資料,,,"就公司現行企業層級作業，為因應「財務資訊的可用性」風險——資訊缺乏品質且不實／機構蒐集或產生及使用攸關、具品質資訊，以支持內部控制之持續運作。
關注點：在整個處理過程中維持品質（風險三大屬性—財務報導：[財務報導] 資訊缺乏品質且不實／機構蒐集或產生及使用攸關、具品質資訊，以支持內部控制之持續運作。
關注點：在整個處理過程中維持品質；營運：（未填）；法令遵循：（未填）；RoMM：（RoMM 分類未填）；重大科目／聲明：（重大科目未填）／（聲明未填）），設計控制目標為「資訊及時地蒐集、傳遞給適當的人員。」。由各單位以人工方式、採預防性控制取向、屬（類型未填）類型，依持續執行下列控制活動：資訊的提供應相關且確實。。控制執行時使用之 IUC／制度為「各層級管理會議之會議資料」。投入（Inputs）：各層級管理會議之會議資料。覆核／執行步驟（Specific activities）：資訊的提供應相關且確實。。產出（Outputs）：各層級管理會議之會議資料。",[企業層級｜財務資訊的可用性] 資訊及時地蒐集、傳遞給適當的人員。：資訊的提供應相關且確實。（頻率：持續；負責：各單位；IUC：各層級管理會議之會議資料）,EL40-9,RCM;企業層級;累積範本;去識別範本,2026-08-26 16:28:11
PL-EL40-10,適當及必要的資訊已提供給管理當局。,企業層級,EL40,資訊與溝通,財務資訊的可用性,財務資訊的可用性,"缺乏可用的財務資訊以制定決策／機構向內部溝通支持內部控制持續運作之必要資訊，包括內部控制之目標與責任。
關注點：溝通內部控制資訊",營運面,,"[營運] 缺乏可用的財務資訊以制定決策／機構向內部溝通支持內部控制持續運作之必要資訊，包括內部控制之目標與責任。
關注點：溝通內部控制資訊",,,,,適當及必要的資訊已提供給管理當局。,為達成企業目標而需擁有的關鍵內部資訊，應定期報導及予以辨認。,持續,Refer o EL40-9,Refer o EL40-9,,Refer o EL40-9,,Refer o EL40-9,,,,,,,人工,預防性 (Preventive),,,,Refer o EL40-9,,,"就公司現行企業層級作業，為因應「財務資訊的可用性」風險——缺乏可用的財務資訊以制定決策／機構向內部溝通支持內部控制持續運作之必要資訊，包括內部控制之目標與責任。
關注點：溝通內部控制資訊（風險三大屬性—財務報導：（未填）；營運：[營運] 缺乏可用的財務資訊以制定決策／機構向內部溝通支持內部控制持續運作之必要資訊，包括內部控制之目標與責任。
關注點：溝通內部控制資訊；法令遵循：（未填）；RoMM：（RoMM 分類未填）；重大科目／聲明：（重大科目未填）／（聲明未填）），設計控制目標為「適當及必要的資訊已提供給管理當局。」。由Refer o EL40-9以人工方式、採預防性控制取向、屬（類型未填）類型，依持續執行下列控制活動：為達成企業目標而需擁有的關鍵內部資訊，應定期報導及予以辨認。。控制執行時使用之 IUC／制度為「Refer o EL40-9」。投入（Inputs）：Refer o EL40-9。覆核／執行步驟（Specific activities）：為達成企業目標而需擁有的關鍵內部資訊，應定期報導及予以辨認。。產出（Outputs）：Refer o EL40-9。",[企業層級｜財務資訊的可用性] 適當及必要的資訊已提供給管理當局。：為達成企業目標而需擁有的關鍵內部資訊，應定期報導及予以辨認。（頻率：持續；負責：Refer o EL40-9；IUC：Refer o EL40-9）,EL40-10,RCM;企業層級;累積範本;去識別範本,2026-08-26 16:28:12
PL-EL40-11,資訊及時地蒐集、傳遞給適當的人員。,企業層級,EL40,資訊與溝通,財務資訊的可用性,財務資訊的可用性,"缺乏可用的財務資訊以制定決策／機構向內部溝通支持內部控制持續運作之必要資訊，包括內部控制之目標與責任。
關注點：溝通內部控制資訊

選擇攸關之溝通方法",營運面,,"[營運] 缺乏可用的財務資訊以制定決策／機構向內部溝通支持內部控制持續運作之必要資訊，包括內部控制之目標與責任。
關注點：溝通內部控制資訊

選擇攸關之溝通方法",,,,,資訊及時地蒐集、傳遞給適當的人員。,對不同階層的管理當局而言，所提供資訊的詳細程度應足夠，以協助其辯認須採取哪些行動。,持續,各單位,"1. 經營管理規章類（包括部門執掌規範與核決權限管理規範於其中）
2. 內部管理系統類
3. ISO等認證系統類
4. 四階表單（含上述第2及第4點之作業使用表單）
5. 組織圖
6. 工作說明書（擬訂中）",,"1. 經營管理規章類（包括部門執掌規範與核決權限管理規範於其中）
2. 內部管理系統類
3. ISO等認證系統類
4. 四階表單（含上述第2及第3點之作業使用表單）",,"1. 經營管理規章類（包括部門執掌規範與核決權限管理規範於其中）
2. 內部管理系統類
3. ISO等認證系統類
4. 四階表單（含上述第2及第4點之作業使用表單）
5. 組織圖
6. 工作說明書（擬訂中）",,,,,,,人工,預防性 (Preventive),,,,"1. 經營管理規章類（包括部門執掌規範與核決權限管理規範於其中）
2. 內部管理系統類
3. ISO等認證系統類
4. 四階表單（含上述第2及第4點之作業使用表單）
5. 組織圖
6. 工作說明書（擬訂中）",,,"就公司現行企業層級作業，為因應「財務資訊的可用性」風險——缺乏可用的財務資訊以制定決策／機構向內部溝通支持內部控制持續運作之必要資訊，包括內部控制之目標與責任。
關注點：溝通內部控制資訊

選擇攸關之溝通方法（風險三大屬性—財務報導：（未填）；營運：[營運] 缺乏可用的財務資訊以制定決策／機構向內部溝通支持內部控制持續運作之必要資訊，包括內部控制之目標與責任。
關注點：溝通內部控制資訊

選擇攸關之溝通方法；法令遵循：（未填）；RoMM：（RoMM 分類未填）；重大科目／聲明：（重大科目未填）／（聲明未填）），設計控制目標為「資訊及時地蒐集、傳遞給適當的人員。」。由各單位以人工方式、採預防性控制取向、屬（類型未填）類型，依持續執行下列控制活動：對不同階層的管理當局而言，所提供資訊的詳細程度應足夠，以協助其辯認須採取哪些行動。。控制執行時使用之 IUC／制度為「1. 經營管理規章類（包括部門執掌規範與核決權限管理規範於其中）
2. 內部管理系統類
3. ISO等認證系統類
4. 四階表單（含上述第2及第4點之作業使用表單）
5. 組織圖
6. 工作說明書（擬訂中）」。投入（Inputs）：1. 經營管理規章類（包括部門執掌規範與核決權限管理規範於其中）
2. 內部管理系統類
3. ISO等認證系統類
4. 四階表單（含上述第2及第4點之作業使用表單）
5. 組織圖
6. 工作說明書（擬訂中）。覆核／執行步驟（Specific activities）：對不同階層的管理當局而言，所提供資訊的詳細程度應足夠，以協助其辯認須採取哪些行動。。產出（Outputs）：1. 經營管理規章類（包括部門執掌規範與核決權限管理規範於其中）
2. 內部管理系統類
3. ISO等認證系統類
4. 四階表單（含上述第2及第4點之作業使用表單）
5. 組織圖
6. 工作說明書（擬訂中）。","[企業層級｜財務資訊的可用性] 資訊及時地蒐集、傳遞給適當的人員。：對不同階層的管理當局而言，所提供資訊的詳細程度應足夠，以協助其辯認須採取哪些行動。（頻率：持續；負責：各單位；IUC：1. 經營管理規章類（包括部門執掌規範與核決權限管理規範於其中）
2. 內部管理系統類
3. ISO等認證系統類
4. 四階表單（含上述第2及第4點之作業使用表單）
5. 組織圖
6. 工作說明書（擬訂中））",EL40-11,RCM;企業層級;累積範本;去識別範本,2026-08-26 16:28:12
PL-EL40-12,資訊及時地蒐集、傳遞給適當的人員。,企業層級,EL40,資訊與溝通,報告品質,報告品質,"報告資訊缺乏完整性與正確性／機構向內部溝通支持內部控制持續運作之必要資訊，包括內部控制之目標與責任。
關注點：溝通內部控制資訊",報導面,"[財務報導] 報告資訊缺乏完整性與正確性／機構向內部溝通支持內部控制持續運作之必要資訊，包括內部控制之目標與責任。
關注點：溝通內部控制資訊",,,,,,資訊及時地蒐集、傳遞給適當的人員。,財務主管覆核財務報表時收到的資訊其詳細程度應適當。,持續,請參照財務報導循環。,請參照財務報導循環。,,請參照財務報導循環。,,請參照財務報導循環。,,,,,,,人工,預防性 (Preventive),,,,請參照財務報導循環。,,,"就公司現行企業層級作業，為因應「報告品質」風險——報告資訊缺乏完整性與正確性／機構向內部溝通支持內部控制持續運作之必要資訊，包括內部控制之目標與責任。
關注點：溝通內部控制資訊（風險三大屬性—財務報導：[財務報導] 報告資訊缺乏完整性與正確性／機構向內部溝通支持內部控制持續運作之必要資訊，包括內部控制之目標與責任。
關注點：溝通內部控制資訊；營運：（未填）；法令遵循：（未填）；RoMM：（RoMM 分類未填）；重大科目／聲明：（重大科目未填）／（聲明未填）），設計控制目標為「資訊及時地蒐集、傳遞給適當的人員。」。由請參照財務報導循環。以人工方式、採預防性控制取向、屬（類型未填）類型，依持續執行下列控制活動：財務主管覆核財務報表時收到的資訊其詳細程度應適當。。控制執行時使用之 IUC／制度為「請參照財務報導循環。」。投入（Inputs）：請參照財務報導循環。。覆核／執行步驟（Specific activities）：財務主管覆核財務報表時收到的資訊其詳細程度應適當。。產出（Outputs）：請參照財務報導循環。。",[企業層級｜報告品質] 資訊及時地蒐集、傳遞給適當的人員。：財務主管覆核財務報表時收到的資訊其詳細程度應適當。（頻率：持續；負責：請參照財務報導循環。；IUC：請參照財務報導循環。）,EL40-12,RCM;企業層級;累積範本;去識別範本,2026-08-26 16:28:12
PL-EL40-13,資訊及時地蒐集、傳遞給適當的人員。,企業層級,EL40,資訊與溝通,報告品質,報告品質,"未能提供及時之報告資訊／機構向內部溝通支持內部控制持續運作之必要資訊，包括內部控制之目標與責任。
關注點：溝通內部控制資訊",報導面,"[財務報導] 未能提供及時之報告資訊／機構向內部溝通支持內部控制持續運作之必要資訊，包括內部控制之目標與責任。
關注點：溝通內部控制資訊",,,,,,資訊及時地蒐集、傳遞給適當的人員。,財務報告應設定作業期限，以使管理階層能適當且及時覆核財務報告。,每月／每季／每年,請參照財務報導循環之財務報告編製作業及結帳作業,請參照財務報導循環之財務報告編製作業及結帳作業,,請參照財務報導循環之財務報告編製作業及結帳作業,,請參照財務報導循環之財務報告編製作業及結帳作業,,,,,,,人工,預防性 (Preventive),,,,請參照財務報導循環之財務報告編製作業及結帳作業,,,"就公司現行企業層級作業，為因應「報告品質」風險——未能提供及時之報告資訊／機構向內部溝通支持內部控制持續運作之必要資訊，包括內部控制之目標與責任。
關注點：溝通內部控制資訊（風險三大屬性—財務報導：[財務報導] 未能提供及時之報告資訊／機構向內部溝通支持內部控制持續運作之必要資訊，包括內部控制之目標與責任。
關注點：溝通內部控制資訊；營運：（未填）；法令遵循：（未填）；RoMM：（RoMM 分類未填）；重大科目／聲明：（重大科目未填）／（聲明未填）），設計控制目標為「資訊及時地蒐集、傳遞給適當的人員。」。由請參照財務報導循環之財務報告編製作業及結帳作業以人工方式、採預防性控制取向、屬（類型未填）類型，依每月／每季／每年執行下列控制活動：財務報告應設定作業期限，以使管理階層能適當且及時覆核財務報告。。控制執行時使用之 IUC／制度為「請參照財務報導循環之財務報告編製作業及結帳作業」。投入（Inputs）：請參照財務報導循環之財務報告編製作業及結帳作業。覆核／執行步驟（Specific activities）：財務報告應設定作業期限，以使管理階層能適當且及時覆核財務報告。。產出（Outputs）：請參照財務報導循環之財務報告編製作業及結帳作業。",[企業層級｜報告品質] 資訊及時地蒐集、傳遞給適當的人員。：財務報告應設定作業期限，以使管理階層能適當且及時覆核財務報告。（頻率：每月／每季／每年；負責：請參照財務報導循環之財務報告編製作業及結帳作業；IUC：請參照財務報導循環之財務報告編製作業及結帳作業）,EL40-13,RCM;企業層級;累積範本;去識別範本,2026-08-26 16:28:12
PL-EL40-14,員工了解其和內部控制有關責任的有效性。,企業層級,EL40,資訊與溝通,企業成長,企業成長,"無效的策略發展與溝通／機構向內部溝通支持內部控制持續運作之必要資訊，包括內部控制之目標與責任。
關注點：溝通內部控制資訊",營運面,,"[營運] 無效的策略發展與溝通／機構向內部溝通支持內部控制持續運作之必要資訊，包括內部控制之目標與責任。
關注點：溝通內部控制資訊",,,,,員工了解其和內部控制有關責任的有效性。,應利用正式與非正式的訓練課程、會議或是工作中的監督，來溝通財務報導和內部控制的事務，強調建立有效的內部控制是公司之重要目標，且使員工瞭解財務報導相關之目標及他們的活動如何影響這些目標，以確保各營運單位之負責人或財務主管扮演之角色能達到公司的目標。,持續,"人資單位
內部稽核單位","1. 部門執掌規範
2. 工作說明書（擬訂中）
3. 內部控制之自評作業資料
4. 內部稽核之查核作業資料",,"1. 部門執掌規範
2. 內部稽核作業管理辦法（擬訂中）",,"1. 部門執掌規範
2. 工作說明書（擬訂中）
3. 內部控制之自評作業資料
4. 內部稽核之查核作業資料",,,,,,,人工,預防性 (Preventive),,,,"1. 部門執掌規範
2. 工作說明書（擬訂中）
3. 內部控制之自評作業資料
4. 內部稽核之查核作業資料",,,"就公司現行企業層級作業，為因應「企業成長」風險——無效的策略發展與溝通／機構向內部溝通支持內部控制持續運作之必要資訊，包括內部控制之目標與責任。
關注點：溝通內部控制資訊（風險三大屬性—財務報導：（未填）；營運：[營運] 無效的策略發展與溝通／機構向內部溝通支持內部控制持續運作之必要資訊，包括內部控制之目標與責任。
關注點：溝通內部控制資訊；法令遵循：（未填）；RoMM：（RoMM 分類未填）；重大科目／聲明：（重大科目未填）／（聲明未填）），設計控制目標為「員工了解其和內部控制有關責任的有效性。」。由人資單位
內部稽核單位以人工方式、採預防性控制取向、屬（類型未填）類型，依持續執行下列控制活動：應利用正式與非正式的訓練課程、會議或是工作中的監督，來溝通財務報導和內部控制的事務，強調建立有效的內部控制是公司之重要目標，且使員工瞭解財務報導相關之目標及他們的活動如何影響這些目標，以確保各營運單位之負責人或財務主管扮演之角色能達到公司的目標。。控制執行時使用之 IUC／制度為「1. 部門執掌規範
2. 工作說明書（擬訂中）
3. 內部控制之自評作業資料
4. 內部稽核之查核作業資料」。投入（Inputs）：1. 部門執掌規範
2. 工作說明書（擬訂中）
3. 內部控制之自評作業資料
4. 內部稽核之查核作業資料。覆核／執行步驟（Specific activities）：應利用正式與非正式的訓練課程、會議或是工作中的監督，來溝通財務報導和內部控制的事務，強調建立有效的內部控制是公司之重要目標，且使員工瞭解財務報導相關之目標及他們的活動如何影響這些目標，以確保各營運單位之負責人或財務主管扮演之角色能達到公司的目標。。產出（Outputs）：1. 部門執掌規範
2. 工作說明書（擬訂中）
3. 內部控制之自評作業資料
4. 內部稽核之查核作業資料。","[企業層級｜企業成長] 員工了解其和內部控制有關責任的有效性。：應利用正式與非正式的訓練課程、會議或是工作中的監督，來溝通財務報導和內部控制的事務，強調建立有效的內部控制是公司之重要目標，且使員工瞭解財務報導相關之目標及他們的活動如何影響這些目標，以確保各營運單位之負責人或財務主管扮演之角色能達到公司的目標。（頻率：持續；負責：人資單位
內部稽核單位；IUC：1. 部門執掌規範
2. 工作說明書（擬訂中）
3. 內部控制之自評作業資料
4. 內部稽核之查核作業資料）",EL40-14,RCM;企業層級;累積範本;去識別範本,2026-08-26 16:28:12
PL-EL40-15,員工了解其和內部控制有關責任的有效性。,企業層級,EL40,資訊與溝通,會計,會計,"會計人員對會計原則或實務的專業知識與能力不足／機構向內部溝通支持內部控制持續運作之必要資訊，包括內部控制之目標與責任。
關注點：溝通內部控制資訊",報導面,"[財務報導] 會計人員對會計原則或實務的專業知識與能力不足／機構向內部溝通支持內部控制持續運作之必要資訊，包括內部控制之目標與責任。
關注點：溝通內部控制資訊",,,,,,員工了解其和內部控制有關責任的有效性。,應依公司營運規模而有適當人數之財務人員，針對新進財會人員亦應安排參加與其工作職掌有關之公司簡介、內部控制及財會的訓練課程,持續,"1. 請參照薪工循環之招募與聘用管理及教育訓練作業
2. 財務報導循環 CA101-5","1. 請參照薪工循環之招募與聘用管理及教育訓練作業
2. 財務報導循環 CA101-5",,"1. 請參照薪工循環之招募與聘用管理及教育訓練作業
2. 財務報導循環 CA101-5",,"1. 請參照薪工循環之招募與聘用管理及教育訓練作業
2. 財務報導循環 CA101-5",,,,,,,人工,預防性 (Preventive),,,,"1. 請參照薪工循環之招募與聘用管理及教育訓練作業
2. 財務報導循環 CA101-5",,,"就公司現行企業層級作業，為因應「會計」風險——會計人員對會計原則或實務的專業知識與能力不足／機構向內部溝通支持內部控制持續運作之必要資訊，包括內部控制之目標與責任。
關注點：溝通內部控制資訊（風險三大屬性—財務報導：[財務報導] 會計人員對會計原則或實務的專業知識與能力不足／機構向內部溝通支持內部控制持續運作之必要資訊，包括內部控制之目標與責任。
關注點：溝通內部控制資訊；營運：（未填）；法令遵循：（未填）；RoMM：（RoMM 分類未填）；重大科目／聲明：（重大科目未填）／（聲明未填）），設計控制目標為「員工了解其和內部控制有關責任的有效性。」。由1. 請參照薪工循環之招募與聘用管理及教育訓練作業
2. 財務報導循環 CA101-5以人工方式、採預防性控制取向、屬（類型未填）類型，依持續執行下列控制活動：應依公司營運規模而有適當人數之財務人員，針對新進財會人員亦應安排參加與其工作職掌有關之公司簡介、內部控制及財會的訓練課程。控制執行時使用之 IUC／制度為「1. 請參照薪工循環之招募與聘用管理及教育訓練作業
2. 財務報導循環 CA101-5」。投入（Inputs）：1. 請參照薪工循環之招募與聘用管理及教育訓練作業
2. 財務報導循環 CA101-5。覆核／執行步驟（Specific activities）：應依公司營運規模而有適當人數之財務人員，針對新進財會人員亦應安排參加與其工作職掌有關之公司簡介、內部控制及財會的訓練課程。產出（Outputs）：1. 請參照薪工循環之招募與聘用管理及教育訓練作業
2. 財務報導循環 CA101-5。","[企業層級｜會計] 員工了解其和內部控制有關責任的有效性。：應依公司營運規模而有適當人數之財務人員，針對新進財會人員亦應安排參加與其工作職掌有關之公司簡介、內部控制及財會的訓練課程（頻率：持續；負責：1. 請參照薪工循環之招募與聘用管理及教育訓練作業
2. 財務報導循環 CA101-5；IUC：1. 請參照薪工循環之招募與聘用管理及教育訓練作業
2. 財務報導循環 CA101-5）",EL40-15,RCM;企業層級;累積範本;去識別範本,2026-08-26 16:28:12
PL-EL40-16,員工了解其和內部控制有關責任的有效性。,企業層級,EL40,資訊與溝通,政策,政策,"未充分溝通公司政策／機構向內部溝通支持內部控制持續運作之必要資訊，包括內部控制之目標與責任。
關注點：溝通內部控制資訊",營運面,,"[營運] 未充分溝通公司政策／機構向內部溝通支持內部控制持續運作之必要資訊，包括內部控制之目標與責任。
關注點：溝通內部控制資訊",,,,,員工了解其和內部控制有關責任的有效性。,各項公司政策、組織圖和作業程序指引應已編制為文件並發給員工。,持續,各單位,"1. 經營管理規章類
2. 內部管理系統類
3. ISO等認證系統類
4. 四階表單（含上述第2及第3點之作業使用表單）
5. 前述各項規範文件公告於文管中心（DCC）之佐證畫面
6. 組織圖更新後公告予必要權責主管與人員之佐證資料",,"1. 經營管理規章類
2. 內部管理系統類
3. ISO等認證系統類
4. 四階表單（含上述第2及第3點之作業使用表單）",,"1. 經營管理規章類
2. 內部管理系統類
3. ISO等認證系統類
4. 四階表單（含上述第2及第3點之作業使用表單）
5. 前述各項規範文件公告於文管中心（DCC）之佐證畫面
6. 組織圖更新後公告予必要權責主管與人員之佐證資料",,,,,,,人工,預防性 (Preventive),,,,"1. 經營管理規章類
2. 內部管理系統類
3. ISO等認證系統類
4. 四階表單（含上述第2及第3點之作業使用表單）
5. 前述各項規範文件公告於文管中心（DCC）之佐證畫面
6. 組織圖更新後公告予必要權責主管與人員之佐證資料",,,"就公司現行企業層級作業，為因應「政策」風險——未充分溝通公司政策／機構向內部溝通支持內部控制持續運作之必要資訊，包括內部控制之目標與責任。
關注點：溝通內部控制資訊（風險三大屬性—財務報導：（未填）；營運：[營運] 未充分溝通公司政策／機構向內部溝通支持內部控制持續運作之必要資訊，包括內部控制之目標與責任。
關注點：溝通內部控制資訊；法令遵循：（未填）；RoMM：（RoMM 分類未填）；重大科目／聲明：（重大科目未填）／（聲明未填）），設計控制目標為「員工了解其和內部控制有關責任的有效性。」。由各單位以人工方式、採預防性控制取向、屬（類型未填）類型，依持續執行下列控制活動：各項公司政策、組織圖和作業程序指引應已編制為文件並發給員工。。控制執行時使用之 IUC／制度為「1. 經營管理規章類
2. 內部管理系統類
3. ISO等認證系統類
4. 四階表單（含上述第2及第3點之作業使用表單）
5. 前述各項規範文件公告於文管中心（DCC）之佐證畫面
6. 組織圖更新後公告予必要權責主管與人員之佐證資料」。投入（Inputs）：1. 經營管理規章類
2. 內部管理系統類
3. ISO等認證系統類
4. 四階表單（含上述第2及第3點之作業使用表單）
5. 前述各項規範文件公告於文管中心（DCC）之佐證畫面
6. 組織圖更新後公告予必要權責主管與人員之佐證資料。覆核／執行步驟（Specific activities）：各項公司政策、組織圖和作業程序指引應已編制為文件並發給員工。。產出（Outputs）：1. 經營管理規章類
2. 內部管理系統類
3. ISO等認證系統類
4. 四階表單（含上述第2及第3點之作業使用表單）
5. 前述各項規範文件公告於文管中心（DCC）之佐證畫面
6. 組織圖更新後公告予必要權責主管與人員之佐證資料。","[企業層級｜政策] 員工了解其和內部控制有關責任的有效性。：各項公司政策、組織圖和作業程序指引應已編制為文件並發給員工。（頻率：持續；負責：各單位；IUC：1. 經營管理規章類
2. 內部管理系統類
3. ISO等認證系統類
4. 四階表單（含上述第2及第3點之作業使用表單）
5. 前述各項規範文件公告於文管中心（DCC）之佐證畫面
6. 組織圖更新後公告予必要權責主管與人員之佐證資料）",EL40-16,RCM;企業層級;累積範本;去識別範本,2026-08-26 16:28:12
PL-EL40-17,員工了解其和內部控制有關責任的有效性。,企業層級,EL40,資訊與溝通,會計準則及政策遵循,會計準則及政策遵循,"無法監督與落實準則／機構向內部溝通支持內部控制持續運作之必要資訊，包括內部控制之目標與責任。
關注點：溝通內部控制資訊",營運面,,"[營運] 無法監督與落實準則／機構向內部溝通支持內部控制持續運作之必要資訊，包括內部控制之目標與責任。
關注點：溝通內部控制資訊",,,,,員工了解其和內部控制有關責任的有效性。,財務高階主管每年應至少召開一次會議，宣達並討論財務單位對達成公司財務報導相關作業目標之有關權責。,持續,請參照財務報導循環,請參照財務報導循環,,請參照財務報導循環,,請參照財務報導循環,,,,,,,人工,預防性 (Preventive),,,,請參照財務報導循環,,,"就公司現行企業層級作業，為因應「會計準則及政策遵循」風險——無法監督與落實準則／機構向內部溝通支持內部控制持續運作之必要資訊，包括內部控制之目標與責任。
關注點：溝通內部控制資訊（風險三大屬性—財務報導：（未填）；營運：[營運] 無法監督與落實準則／機構向內部溝通支持內部控制持續運作之必要資訊，包括內部控制之目標與責任。
關注點：溝通內部控制資訊；法令遵循：（未填）；RoMM：（RoMM 分類未填）；重大科目／聲明：（重大科目未填）／（聲明未填）），設計控制目標為「員工了解其和內部控制有關責任的有效性。」。由請參照財務報導循環以人工方式、採預防性控制取向、屬（類型未填）類型，依持續執行下列控制活動：財務高階主管每年應至少召開一次會議，宣達並討論財務單位對達成公司財務報導相關作業目標之有關權責。。控制執行時使用之 IUC／制度為「請參照財務報導循環」。投入（Inputs）：請參照財務報導循環。覆核／執行步驟（Specific activities）：財務高階主管每年應至少召開一次會議，宣達並討論財務單位對達成公司財務報導相關作業目標之有關權責。。產出（Outputs）：請參照財務報導循環。",[企業層級｜會計準則及政策遵循] 員工了解其和內部控制有關責任的有效性。：財務高階主管每年應至少召開一次會議，宣達並討論財務單位對達成公司財務報導相關作業目標之有關權責。（頻率：持續；負責：請參照財務報導循環；IUC：請參照財務報導循環）,EL40-17,RCM;企業層級;累積範本;去識別範本,2026-08-26 16:28:12
PL-EL40-18,建立可用來報導疑似不當行為的溝通管道，並監督管理當局對與財務有關的報導之反應。,企業層級,EL40,資訊與溝通,道德文化／管理階層基調,道德文化／管理階層基調,"未能保護吹哨者／機構向內部溝通支持內部控制持續運作之必要資訊，包括內部控制之目標與責任。
關注點：提供個別之溝通方式",營運面,,"[營運] 未能保護吹哨者／機構向內部溝通支持內部控制持續運作之必要資訊，包括內部控制之目標與責任。
關注點：提供個別之溝通方式",,,,,建立可用來報導疑似不當行為的溝通管道，並監督管理當局對與財務有關的報導之反應。,針對提供不當行為資訊之員工應不會遭受報復，並對於堅持道德立場之員工應加以表揚或鼓勵，以表示對其肯定。公司亦應訂定實際可行的制度，以鼓勵員工提供資訊或改善之建議。,持續,Refer o EL10-2,Refer o EL10-2,,Refer o EL10-2,,Refer o EL10-2,,,,,,,人工,預防性 (Preventive),,,,Refer o EL10-2,,,"就公司現行企業層級作業，為因應「道德文化／管理階層基調」風險——未能保護吹哨者／機構向內部溝通支持內部控制持續運作之必要資訊，包括內部控制之目標與責任。
關注點：提供個別之溝通方式（風險三大屬性—財務報導：（未填）；營運：[營運] 未能保護吹哨者／機構向內部溝通支持內部控制持續運作之必要資訊，包括內部控制之目標與責任。
關注點：提供個別之溝通方式；法令遵循：（未填）；RoMM：（RoMM 分類未填）；重大科目／聲明：（重大科目未填）／（聲明未填）），設計控制目標為「建立可用來報導疑似不當行為的溝通管道，並監督管理當局對與財務有關的報導之反應。」。由Refer o EL10-2以人工方式、採預防性控制取向、屬（類型未填）類型，依持續執行下列控制活動：針對提供不當行為資訊之員工應不會遭受報復，並對於堅持道德立場之員工應加以表揚或鼓勵，以表示對其肯定。公司亦應訂定實際可行的制度，以鼓勵員工提供資訊或改善之建議。。控制執行時使用之 IUC／制度為「Refer o EL10-2」。投入（Inputs）：Refer o EL10-2。覆核／執行步驟（Specific activities）：針對提供不當行為資訊之員工應不會遭受報復，並對於堅持道德立場之員工應加以表揚或鼓勵，以表示對其肯定。公司亦應訂定實際可行的制度，以鼓勵員工提供資訊或改善之建議。。產出（Outputs）：Refer o EL10-2。",[企業層級｜道德文化／管理階層基調] 建立可用來報導疑似不當行為的溝通管道，並監督管理當局對與財務有關的報導之反應。：針對提供不當行為資訊之員工應不會遭受報復，並對於堅持道德立場之員工應加以表揚或鼓勵，以表示對其肯定。公司亦應訂定實際可行的制度，以鼓勵員工提供資訊或改善之建議。（頻率：持續；負責：Refer o EL10-2；IUC：Refer o EL10-2）,EL40-18,RCM;企業層級;累積範本;去識別範本,2026-08-26 16:28:12
PL-EL40-19,適當及必要的資訊已提供給管理當局。,企業層級,EL40,資訊與溝通,報告品質,報告品質,"報告資訊缺乏完整性與正確性／機構向內部溝通支持內部控制持續運作之必要資訊，包括內部控制之目標與責任。
關注點：選擇攸關之溝通方法",報導面,"[財務報導] 報告資訊缺乏完整性與正確性／機構向內部溝通支持內部控制持續運作之必要資訊，包括內部控制之目標與責任。
關注點：選擇攸關之溝通方法",,,,,,適當及必要的資訊已提供給管理當局。,資訊系統應設有管道予各單位要求變更財務報表相關資訊，且該變更之要求應經過審核為必要。,不定期,請參照資訊循環之資料輸出入控制作業及財務報導循環之結帳作業,請參照資訊循環之資料輸出入控制作業及財務報導循環之結帳作業,,請參照資訊循環之資料輸出入控制作業及財務報導循環之結帳作業,,請參照資訊循環之資料輸出入控制作業及財務報導循環之結帳作業,,,,,,,人工,預防性 (Preventive),,,,請參照資訊循環之資料輸出入控制作業及財務報導循環之結帳作業,,,"就公司現行企業層級作業，為因應「報告品質」風險——報告資訊缺乏完整性與正確性／機構向內部溝通支持內部控制持續運作之必要資訊，包括內部控制之目標與責任。
關注點：選擇攸關之溝通方法（風險三大屬性—財務報導：[財務報導] 報告資訊缺乏完整性與正確性／機構向內部溝通支持內部控制持續運作之必要資訊，包括內部控制之目標與責任。
關注點：選擇攸關之溝通方法；營運：（未填）；法令遵循：（未填）；RoMM：（RoMM 分類未填）；重大科目／聲明：（重大科目未填）／（聲明未填）），設計控制目標為「適當及必要的資訊已提供給管理當局。」。由請參照資訊循環之資料輸出入控制作業及財務報導循環之結帳作業以人工方式、採預防性控制取向、屬（類型未填）類型，依不定期執行下列控制活動：資訊系統應設有管道予各單位要求變更財務報表相關資訊，且該變更之要求應經過審核為必要。。控制執行時使用之 IUC／制度為「請參照資訊循環之資料輸出入控制作業及財務報導循環之結帳作業」。投入（Inputs）：請參照資訊循環之資料輸出入控制作業及財務報導循環之結帳作業。覆核／執行步驟（Specific activities）：資訊系統應設有管道予各單位要求變更財務報表相關資訊，且該變更之要求應經過審核為必要。。產出（Outputs）：請參照資訊循環之資料輸出入控制作業及財務報導循環之結帳作業。",[企業層級｜報告品質] 適當及必要的資訊已提供給管理當局。：資訊系統應設有管道予各單位要求變更財務報表相關資訊，且該變更之要求應經過審核為必要。（頻率：不定期；負責：請參照資訊循環之資料輸出入控制作業及財務報導循環之結帳作業；IUC：請參照資訊循環之資料輸出入控制作業及財務報導循環之結帳作業）,EL40-19,RCM;企業層級;累積範本;去識別範本,2026-08-26 16:28:12
PL-EL40-20,資訊及時地蒐集、傳遞給適當的人員。,企業層級,EL40,資訊與溝通,財務資訊的可用性,財務資訊的可用性,"缺乏可用的財務資訊以制定決策／機構向外部人士溝通影響內部控制持續運作之相關事項。
關注點：使能向內溝通",營運面,,"[營運] 缺乏可用的財務資訊以制定決策／機構向外部人士溝通影響內部控制持續運作之相關事項。
關注點：使能向內溝通",,,,,資訊及時地蒐集、傳遞給適當的人員。,對內部及外部之資訊提供應及時，使能讓內部及外部活動及時獲得有效監督。,不定期,各單位,"1. 對內公告資訊之相關作業資料
2. 對外發言管理辦法（尚未擬定）
3. 網站公告或對外申報之相關作業資料",,對外發言管理辦法（尚未擬定）,,"1. 對內公告資訊之相關作業資料
2. 對外發言管理辦法（尚未擬定）
3. 網站公告或對外申報之相關作業資料",,,,,,,人工,預防性 (Preventive),,,,"1. 對內公告資訊之相關作業資料
2. 對外發言管理辦法（尚未擬定）
3. 網站公告或對外申報之相關作業資料",,,"就公司現行企業層級作業，為因應「財務資訊的可用性」風險——缺乏可用的財務資訊以制定決策／機構向外部人士溝通影響內部控制持續運作之相關事項。
關注點：使能向內溝通（風險三大屬性—財務報導：（未填）；營運：[營運] 缺乏可用的財務資訊以制定決策／機構向外部人士溝通影響內部控制持續運作之相關事項。
關注點：使能向內溝通；法令遵循：（未填）；RoMM：（RoMM 分類未填）；重大科目／聲明：（重大科目未填）／（聲明未填）），設計控制目標為「資訊及時地蒐集、傳遞給適當的人員。」。由各單位以人工方式、採預防性控制取向、屬（類型未填）類型，依不定期執行下列控制活動：對內部及外部之資訊提供應及時，使能讓內部及外部活動及時獲得有效監督。。控制執行時使用之 IUC／制度為「1. 對內公告資訊之相關作業資料
2. 對外發言管理辦法（尚未擬定）
3. 網站公告或對外申報之相關作業資料」。投入（Inputs）：1. 對內公告資訊之相關作業資料
2. 對外發言管理辦法（尚未擬定）
3. 網站公告或對外申報之相關作業資料。覆核／執行步驟（Specific activities）：對內部及外部之資訊提供應及時，使能讓內部及外部活動及時獲得有效監督。。產出（Outputs）：1. 對內公告資訊之相關作業資料
2. 對外發言管理辦法（尚未擬定）
3. 網站公告或對外申報之相關作業資料。","[企業層級｜財務資訊的可用性] 資訊及時地蒐集、傳遞給適當的人員。：對內部及外部之資訊提供應及時，使能讓內部及外部活動及時獲得有效監督。（頻率：不定期；負責：各單位；IUC：1. 對內公告資訊之相關作業資料
2. 對外發言管理辦法（尚未擬定）
3. 網站公告或對外申報之相關作業資料）",EL40-20,RCM;企業層級;累積範本;去識別範本,2026-08-26 16:28:12
PL-EL50-1,對企業的需要而言，內部稽核人員的稽核範圍、責任和稽核計畫是適當的,企業層級,EL50,監督,監督與稽核,監督與稽核,"未適當分配資源予監督及稽核活動／機構選擇、建立及執行持續性及（或）個別評估，以確定內部控制各要素是否存在及持續運作。
關注點：考慮持續性及個別評估之組合

調整範圍與頻率",營運面,,"[營運] 未適當分配資源予監督及稽核活動／機構選擇、建立及執行持續性及（或）個別評估，以確定內部控制各要素是否存在及持續運作。
關注點：考慮持續性及個別評估之組合

調整範圍與頻率",,,,,對企業的需要而言，內部稽核人員的稽核範圍、責任和稽核計畫是適當的,管理階層、審計委員會及內部稽核評估內部稽核活動的範圍廣度、深度及評估次數應和公司的規模和性質相當,每年,內部稽核單位,年度內部稽核計畫,,內部稽核作業管理辦法（擬訂中）,,年度內部稽核計畫,,,,,,,人工,預防性 (Preventive),,,,年度內部稽核計畫,,,"就公司現行企業層級作業，為因應「監督與稽核」風險——未適當分配資源予監督及稽核活動／機構選擇、建立及執行持續性及（或）個別評估，以確定內部控制各要素是否存在及持續運作。
關注點：考慮持續性及個別評估之組合

調整範圍與頻率（風險三大屬性—財務報導：（未填）；營運：[營運] 未適當分配資源予監督及稽核活動／機構選擇、建立及執行持續性及（或）個別評估，以確定內部控制各要素是否存在及持續運作。
關注點：考慮持續性及個別評估之組合

調整範圍與頻率；法令遵循：（未填）；RoMM：（RoMM 分類未填）；重大科目／聲明：（重大科目未填）／（聲明未填）），設計控制目標為「對企業的需要而言，內部稽核人員的稽核範圍、責任和稽核計畫是適當的」。由內部稽核單位以人工方式、採預防性控制取向、屬（類型未填）類型，依每年執行下列控制活動：管理階層、審計委員會及內部稽核評估內部稽核活動的範圍廣度、深度及評估次數應和公司的規模和性質相當。控制執行時使用之 IUC／制度為「年度內部稽核計畫」。投入（Inputs）：年度內部稽核計畫。覆核／執行步驟（Specific activities）：管理階層、審計委員會及內部稽核評估內部稽核活動的範圍廣度、深度及評估次數應和公司的規模和性質相當。產出（Outputs）：年度內部稽核計畫。",[企業層級｜監督與稽核] 對企業的需要而言，內部稽核人員的稽核範圍、責任和稽核計畫是適當的：管理階層、審計委員會及內部稽核評估內部稽核活動的範圍廣度、深度及評估次數應和公司的規模和性質相當（頻率：每年；負責：內部稽核單位；IUC：年度內部稽核計畫）,EL50-1,RCM;企業層級;累積範本;去識別範本,2026-08-26 16:28:12
PL-EL50-2,對企業的需要而言，內部稽核人員的稽核範圍、責任和稽核計畫是適當的,企業層級,EL50,監督,稽核品質,稽核品質,"缺乏有效之稽核計畫／機構選擇、建立及執行持續性及（或）個別評估，以確定內部控制各要素是否存在及持續運作。
關注點：考慮持續性及個別評估之組合",營運面,,"[營運] 缺乏有效之稽核計畫／機構選擇、建立及執行持續性及（或）個別評估，以確定內部控制各要素是否存在及持續運作。
關注點：考慮持續性及個別評估之組合",,,,,對企業的需要而言，內部稽核人員的稽核範圍、責任和稽核計畫是適當的,稽核計畫應回應公司的風險評估結果，且該風險評估結果應橫跨整個組織，不應只考慮單一流程或地點。,每年,內部稽核單位,年度內部稽核計畫,,內部稽核作業管理辦法（擬訂中）,,年度內部稽核計畫,,,,,,,人工,預防性 (Preventive),,,,年度內部稽核計畫,,,"就公司現行企業層級作業，為因應「稽核品質」風險——缺乏有效之稽核計畫／機構選擇、建立及執行持續性及（或）個別評估，以確定內部控制各要素是否存在及持續運作。
關注點：考慮持續性及個別評估之組合（風險三大屬性—財務報導：（未填）；營運：[營運] 缺乏有效之稽核計畫／機構選擇、建立及執行持續性及（或）個別評估，以確定內部控制各要素是否存在及持續運作。
關注點：考慮持續性及個別評估之組合；法令遵循：（未填）；RoMM：（RoMM 分類未填）；重大科目／聲明：（重大科目未填）／（聲明未填）），設計控制目標為「對企業的需要而言，內部稽核人員的稽核範圍、責任和稽核計畫是適當的」。由內部稽核單位以人工方式、採預防性控制取向、屬（類型未填）類型，依每年執行下列控制活動：稽核計畫應回應公司的風險評估結果，且該風險評估結果應橫跨整個組織，不應只考慮單一流程或地點。。控制執行時使用之 IUC／制度為「年度內部稽核計畫」。投入（Inputs）：年度內部稽核計畫。覆核／執行步驟（Specific activities）：稽核計畫應回應公司的風險評估結果，且該風險評估結果應橫跨整個組織，不應只考慮單一流程或地點。。產出（Outputs）：年度內部稽核計畫。",[企業層級｜稽核品質] 對企業的需要而言，內部稽核人員的稽核範圍、責任和稽核計畫是適當的：稽核計畫應回應公司的風險評估結果，且該風險評估結果應橫跨整個組織，不應只考慮單一流程或地點。（頻率：每年；負責：內部稽核單位；IUC：年度內部稽核計畫）,EL50-2,RCM;企業層級;累積範本;去識別範本,2026-08-26 16:28:12
PL-EL50-3,對企業的需要而言，內部稽核人員的稽核範圍、責任和稽核計畫是適當的,企業層級,EL50,監督,稽核品質,稽核品質,"缺乏有效之稽核計畫／機構選擇、建立及執行持續性及（或）個別評估，以確定內部控制各要素是否存在及持續運作。
關注點：運用有經驗成員

客觀地評估",營運面,,"[營運] 缺乏有效之稽核計畫／機構選擇、建立及執行持續性及（或）個別評估，以確定內部控制各要素是否存在及持續運作。
關注點：運用有經驗成員

客觀地評估",,,,,對企業的需要而言，內部稽核人員的稽核範圍、責任和稽核計畫是適當的,內部稽核應由獨立於部門、適當層級、且具有經驗及能力的稽核人員執行。若為代理人，亦應具備適當能力及經驗。,持續,內部稽核單位,"1. 內部稽核之人員學經歷相關佐證資料
2. 內部稽核人員之職務代理人相關佐證資料
3. 內部稽核人員進修時數申報資料（如有）",,內部稽核作業管理辦法（擬訂中）,,"1. 內部稽核之人員學經歷相關佐證資料
2. 內部稽核人員之職務代理人相關佐證資料
3. 內部稽核人員進修時數申報資料（如有）",,,,,,,人工,預防性 (Preventive),,,,"1. 內部稽核之人員學經歷相關佐證資料
2. 內部稽核人員之職務代理人相關佐證資料
3. 內部稽核人員進修時數申報資料（如有）",,,"就公司現行企業層級作業，為因應「稽核品質」風險——缺乏有效之稽核計畫／機構選擇、建立及執行持續性及（或）個別評估，以確定內部控制各要素是否存在及持續運作。
關注點：運用有經驗成員

客觀地評估（風險三大屬性—財務報導：（未填）；營運：[營運] 缺乏有效之稽核計畫／機構選擇、建立及執行持續性及（或）個別評估，以確定內部控制各要素是否存在及持續運作。
關注點：運用有經驗成員

客觀地評估；法令遵循：（未填）；RoMM：（RoMM 分類未填）；重大科目／聲明：（重大科目未填）／（聲明未填）），設計控制目標為「對企業的需要而言，內部稽核人員的稽核範圍、責任和稽核計畫是適當的」。由內部稽核單位以人工方式、採預防性控制取向、屬（類型未填）類型，依持續執行下列控制活動：內部稽核應由獨立於部門、適當層級、且具有經驗及能力的稽核人員執行。若為代理人，亦應具備適當能力及經驗。。控制執行時使用之 IUC／制度為「1. 內部稽核之人員學經歷相關佐證資料
2. 內部稽核人員之職務代理人相關佐證資料
3. 內部稽核人員進修時數申報資料（如有）」。投入（Inputs）：1. 內部稽核之人員學經歷相關佐證資料
2. 內部稽核人員之職務代理人相關佐證資料
3. 內部稽核人員進修時數申報資料（如有）。覆核／執行步驟（Specific activities）：內部稽核應由獨立於部門、適當層級、且具有經驗及能力的稽核人員執行。若為代理人，亦應具備適當能力及經驗。。產出（Outputs）：1. 內部稽核之人員學經歷相關佐證資料
2. 內部稽核人員之職務代理人相關佐證資料
3. 內部稽核人員進修時數申報資料（如有）。","[企業層級｜稽核品質] 對企業的需要而言，內部稽核人員的稽核範圍、責任和稽核計畫是適當的：內部稽核應由獨立於部門、適當層級、且具有經驗及能力的稽核人員執行。若為代理人，亦應具備適當能力及經驗。（頻率：持續；負責：內部稽核單位；IUC：1. 內部稽核之人員學經歷相關佐證資料
2. 內部稽核人員之職務代理人相關佐證資料
3. 內部稽核人員進修時數申報資料（如有））",EL50-3,RCM;企業層級;累積範本;去識別範本,2026-08-26 16:28:12
PL-EL50-4,建立及執行持續性個別評估，以確定內部控制各要素是否存在及持續運作,企業層級,EL50,監督,檔案紀錄與資訊管理,檔案紀錄與資訊管理,"未能建立紀錄留存之政策／機構選擇、建立及執行持續性及（或）個別評估，以確定內部控制各要素是否存在及持續運作。
關注點：建立基線認識",遵循面,,,"[法令遵循] 未能建立紀錄留存之政策／機構選擇、建立及執行持續性及（或）個別評估，以確定內部控制各要素是否存在及持續運作。
關注點：建立基線認識",,,,建立及執行持續性個別評估，以確定內部控制各要素是否存在及持續運作,各單位執行自評時，應要求員工在執行重要控制功能之後留下簽名，以留下已執行或已進行覆核之證據。,每年,內部稽核單位,內部控制之自評作業資料,,,,內部控制之自評作業資料,,,,,,,人工,預防性 (Preventive),,,,內部控制之自評作業資料,,,"就公司現行企業層級作業，為因應「檔案紀錄與資訊管理」風險——未能建立紀錄留存之政策／機構選擇、建立及執行持續性及（或）個別評估，以確定內部控制各要素是否存在及持續運作。
關注點：建立基線認識（風險三大屬性—財務報導：（未填）；營運：（未填）；法令遵循：[法令遵循] 未能建立紀錄留存之政策／機構選擇、建立及執行持續性及（或）個別評估，以確定內部控制各要素是否存在及持續運作。
關注點：建立基線認識；RoMM：（RoMM 分類未填）；重大科目／聲明：（重大科目未填）／（聲明未填）），設計控制目標為「建立及執行持續性個別評估，以確定內部控制各要素是否存在及持續運作」。由內部稽核單位以人工方式、採預防性控制取向、屬（類型未填）類型，依每年執行下列控制活動：各單位執行自評時，應要求員工在執行重要控制功能之後留下簽名，以留下已執行或已進行覆核之證據。。控制執行時使用之 IUC／制度為「內部控制之自評作業資料」。投入（Inputs）：內部控制之自評作業資料。覆核／執行步驟（Specific activities）：各單位執行自評時，應要求員工在執行重要控制功能之後留下簽名，以留下已執行或已進行覆核之證據。。產出（Outputs）：內部控制之自評作業資料。",[企業層級｜檔案紀錄與資訊管理] 建立及執行持續性個別評估，以確定內部控制各要素是否存在及持續運作：各單位執行自評時，應要求員工在執行重要控制功能之後留下簽名，以留下已執行或已進行覆核之證據。（頻率：每年；負責：內部稽核單位；IUC：內部控制之自評作業資料）,EL50-4,RCM;企業層級;累積範本;去識別範本,2026-08-26 16:28:12
PL-EL50-5,建立及執行持續性個別評估，以確定內部控制各要素是否存在及持續運作,企業層級,EL50,監督,稽核品質,稽核品質,"缺乏有效之查核計畫／機構選擇、建立及執行持續性及（或）個別評估，以確定內部控制各要素是否存在及持續運作。
關注點：運用有經驗成員",營運面,,"[營運] 缺乏有效之查核計畫／機構選擇、建立及執行持續性及（或）個別評估，以確定內部控制各要素是否存在及持續運作。
關注點：運用有經驗成員",,,,,建立及執行持續性個別評估，以確定內部控制各要素是否存在及持續運作,對於負責評估內部控制有效性之人員（係指各部門負責進行內部控制自行評估之人員、內部稽核部門之稽核人員、會計師等）應就其負責評估之項目具備必要之技術，並應基於親自之觀察所取得之資料或瞭解，完成自評程序及結論。,每年,內部稽核單位,"1. 各循環之風險控制矩陣（包含指定之自評負責人及其權責主管）
2. 內部稽核之人員學經歷相關佐證資料",,,,"1. 各循環之風險控制矩陣（包含指定之自評負責人及其權責主管）
2. 內部稽核之人員學經歷相關佐證資料",,,,,,,人工,預防性 (Preventive),,,,"1. 各循環之風險控制矩陣（包含指定之自評負責人及其權責主管）
2. 內部稽核之人員學經歷相關佐證資料",,,"就公司現行企業層級作業，為因應「稽核品質」風險——缺乏有效之查核計畫／機構選擇、建立及執行持續性及（或）個別評估，以確定內部控制各要素是否存在及持續運作。
關注點：運用有經驗成員（風險三大屬性—財務報導：（未填）；營運：[營運] 缺乏有效之查核計畫／機構選擇、建立及執行持續性及（或）個別評估，以確定內部控制各要素是否存在及持續運作。
關注點：運用有經驗成員；法令遵循：（未填）；RoMM：（RoMM 分類未填）；重大科目／聲明：（重大科目未填）／（聲明未填）），設計控制目標為「建立及執行持續性個別評估，以確定內部控制各要素是否存在及持續運作」。由內部稽核單位以人工方式、採預防性控制取向、屬（類型未填）類型，依每年執行下列控制活動：對於負責評估內部控制有效性之人員（係指各部門負責進行內部控制自行評估之人員、內部稽核部門之稽核人員、會計師等）應就其負責評估之項目具備必要之技術，並應基於親自之觀察所取得之資料或瞭解，完成自評程序及結論。。控制執行時使用之 IUC／制度為「1. 各循環之風險控制矩陣（包含指定之自評負責人及其權責主管）
2. 內部稽核之人員學經歷相關佐證資料」。投入（Inputs）：1. 各循環之風險控制矩陣（包含指定之自評負責人及其權責主管）
2. 內部稽核之人員學經歷相關佐證資料。覆核／執行步驟（Specific activities）：對於負責評估內部控制有效性之人員（係指各部門負責進行內部控制自行評估之人員、內部稽核部門之稽核人員、會計師等）應就其負責評估之項目具備必要之技術，並應基於親自之觀察所取得之資料或瞭解，完成自評程序及結論。。產出（Outputs）：1. 各循環之風險控制矩陣（包含指定之自評負責人及其權責主管）
2. 內部稽核之人員學經歷相關佐證資料。","[企業層級｜稽核品質] 建立及執行持續性個別評估，以確定內部控制各要素是否存在及持續運作：對於負責評估內部控制有效性之人員（係指各部門負責進行內部控制自行評估之人員、內部稽核部門之稽核人員、會計師等）應就其負責評估之項目具備必要之技術，並應基於親自之觀察所取得之資料或瞭解，完成自評程序及結論。（頻率：每年；負責：內部稽核單位；IUC：1. 各循環之風險控制矩陣（包含指定之自評負責人及其權責主管）
2. 內部稽核之人員學經歷相關佐證資料）",EL50-5,RCM;企業層級;累積範本;去識別範本,2026-08-26 16:28:12
PL-EL50-6,建立及執行持續性個別評估，以確定內部控制各要素是否存在及持續運作,企業層級,EL50,監督,監督與稽核,監督與稽核,"未適當分配資源予監督及稽核活動／機構選擇、建立及執行持續性及（或）個別評估，以確定內部控制各要素是否存在及持續運作。
關注點：整合業務流程",營運面,,"[營運] 未適當分配資源予監督及稽核活動／機構選擇、建立及執行持續性及（或）個別評估，以確定內部控制各要素是否存在及持續運作。
關注點：整合業務流程",,,,,建立及執行持續性個別評估，以確定內部控制各要素是否存在及持續運作,應要求各營運單位負責人（分公司或子公司）在其單位的財務報表簽名，以確保報表的正確性，內部管理性報表應與對外之財務報表調節並經各營運單位負責人覆核其正確性發出。,持續,財務單位,子公司及分公司遞交財務資訊或管理性報表之作業與覆核軌跡資料,,,,子公司及分公司遞交財務資訊或管理性報表之作業與覆核軌跡資料,,,,,,,人工,預防性 (Preventive),,,,子公司及分公司遞交財務資訊或管理性報表之作業與覆核軌跡資料,,,"就公司現行企業層級作業，為因應「監督與稽核」風險——未適當分配資源予監督及稽核活動／機構選擇、建立及執行持續性及（或）個別評估，以確定內部控制各要素是否存在及持續運作。
關注點：整合業務流程（風險三大屬性—財務報導：（未填）；營運：[營運] 未適當分配資源予監督及稽核活動／機構選擇、建立及執行持續性及（或）個別評估，以確定內部控制各要素是否存在及持續運作。
關注點：整合業務流程；法令遵循：（未填）；RoMM：（RoMM 分類未填）；重大科目／聲明：（重大科目未填）／（聲明未填）），設計控制目標為「建立及執行持續性個別評估，以確定內部控制各要素是否存在及持續運作」。由財務單位以人工方式、採預防性控制取向、屬（類型未填）類型，依持續執行下列控制活動：應要求各營運單位負責人（分公司或子公司）在其單位的財務報表簽名，以確保報表的正確性，內部管理性報表應與對外之財務報表調節並經各營運單位負責人覆核其正確性發出。。控制執行時使用之 IUC／制度為「子公司及分公司遞交財務資訊或管理性報表之作業與覆核軌跡資料」。投入（Inputs）：子公司及分公司遞交財務資訊或管理性報表之作業與覆核軌跡資料。覆核／執行步驟（Specific activities）：應要求各營運單位負責人（分公司或子公司）在其單位的財務報表簽名，以確保報表的正確性，內部管理性報表應與對外之財務報表調節並經各營運單位負責人覆核其正確性發出。。產出（Outputs）：子公司及分公司遞交財務資訊或管理性報表之作業與覆核軌跡資料。",[企業層級｜監督與稽核] 建立及執行持續性個別評估，以確定內部控制各要素是否存在及持續運作：應要求各營運單位負責人（分公司或子公司）在其單位的財務報表簽名，以確保報表的正確性，內部管理性報表應與對外之財務報表調節並經各營運單位負責人覆核其正確性發出。（頻率：持續；負責：財務單位；IUC：子公司及分公司遞交財務資訊或管理性報表之作業與覆核軌跡資料）,EL50-6,RCM;企業層級;累積範本;去識別範本,2026-08-26 16:28:12
PL-EL50-7,建立及執行持續性個別評估，以確定內部控制各要素是否存在及持續運作,企業層級,EL50,監督,監督與稽核,監督與稽核,"未適當分配資源予監督及稽核活動／機構選擇、建立及執行持續性及（或）個別評估，以確定內部控制各要素是否存在及持續運作。
關注點：整合業務流程",營運面,,"[營運] 未適當分配資源予監督及稽核活動／機構選擇、建立及執行持續性及（或）個別評估，以確定內部控制各要素是否存在及持續運作。
關注點：整合業務流程",,,,,建立及執行持續性個別評估，以確定內部控制各要素是否存在及持續運作,應設置政策及程序來確保營運及財務資訊的真實性係經適當的人員執行覆核。,持續,"請參照　
1. 薪工循環之招募與聘用管理作業
2. 財務報導循環之會計政策程序作業","請參照　
1. 薪工循環之招募與聘用管理作業
2. 財務報導循環之會計政策程序作業",,"請參照　
1. 薪工循環之招募與聘用管理作業
2. 財務報導循環之會計政策程序作業",,"請參照　
1. 薪工循環之招募與聘用管理作業
2. 財務報導循環之會計政策程序作業",,,,,,,人工,預防性 (Preventive),,,,"請參照　
1. 薪工循環之招募與聘用管理作業
2. 財務報導循環之會計政策程序作業",,,"就公司現行企業層級作業，為因應「監督與稽核」風險——未適當分配資源予監督及稽核活動／機構選擇、建立及執行持續性及（或）個別評估，以確定內部控制各要素是否存在及持續運作。
關注點：整合業務流程（風險三大屬性—財務報導：（未填）；營運：[營運] 未適當分配資源予監督及稽核活動／機構選擇、建立及執行持續性及（或）個別評估，以確定內部控制各要素是否存在及持續運作。
關注點：整合業務流程；法令遵循：（未填）；RoMM：（RoMM 分類未填）；重大科目／聲明：（重大科目未填）／（聲明未填）），設計控制目標為「建立及執行持續性個別評估，以確定內部控制各要素是否存在及持續運作」。由請參照　
1. 薪工循環之招募與聘用管理作業
2. 財務報導循環之會計政策程序作業以人工方式、採預防性控制取向、屬（類型未填）類型，依持續執行下列控制活動：應設置政策及程序來確保營運及財務資訊的真實性係經適當的人員執行覆核。。控制執行時使用之 IUC／制度為「請參照　
1. 薪工循環之招募與聘用管理作業
2. 財務報導循環之會計政策程序作業」。投入（Inputs）：請參照　
1. 薪工循環之招募與聘用管理作業
2. 財務報導循環之會計政策程序作業。覆核／執行步驟（Specific activities）：應設置政策及程序來確保營運及財務資訊的真實性係經適當的人員執行覆核。。產出（Outputs）：請參照　
1. 薪工循環之招募與聘用管理作業
2. 財務報導循環之會計政策程序作業。","[企業層級｜監督與稽核] 建立及執行持續性個別評估，以確定內部控制各要素是否存在及持續運作：應設置政策及程序來確保營運及財務資訊的真實性係經適當的人員執行覆核。（頻率：持續；負責：請參照　
1. 薪工循環之招募與聘用管理作業
2. 財務報導循環之會計政策程序作業；IUC：請參照　
1. 薪工循環之招募與聘用管理作業
2. 財務報導循環之會計政策程序作業）",EL50-7,RCM;企業層級;累積範本;去識別範本,2026-08-26 16:28:12
PL-EL50-8,建立及執行持續性個別評估，以確定內部控制各要素是否存在及持續運作,企業層級,EL50,監督,稽核品質,稽核品質,"未能評估內部控制之有效性／機構選擇、建立及執行持續性及（或）個別評估，以確定內部控制各要素是否存在及持續運作。
關注點：客觀地評估",營運面,,"[營運] 未能評估內部控制之有效性／機構選擇、建立及執行持續性及（或）個別評估，以確定內部控制各要素是否存在及持續運作。
關注點：客觀地評估",,,,,建立及執行持續性個別評估，以確定內部控制各要素是否存在及持續運作,關於重要的控制活動的自評結果應經過獨立驗證。,每年,內部稽核單位,"1. 內部控制之自評作業資料
2. 自評結果之彙整報告（呈報董事會／審計委員會用）
3. 自評缺失改善計畫及追蹤作業紀錄資料",,,,"1. 內部控制之自評作業資料
2. 自評結果之彙整報告（呈報董事會／審計委員會用）
3. 自評缺失改善計畫及追蹤作業紀錄資料",,,,,,,人工,偵測性 (Detective),,,,"1. 內部控制之自評作業資料
2. 自評結果之彙整報告（呈報董事會／審計委員會用）
3. 自評缺失改善計畫及追蹤作業紀錄資料",,,"就公司現行企業層級作業，為因應「稽核品質」風險——未能評估內部控制之有效性／機構選擇、建立及執行持續性及（或）個別評估，以確定內部控制各要素是否存在及持續運作。
關注點：客觀地評估（風險三大屬性—財務報導：（未填）；營運：[營運] 未能評估內部控制之有效性／機構選擇、建立及執行持續性及（或）個別評估，以確定內部控制各要素是否存在及持續運作。
關注點：客觀地評估；法令遵循：（未填）；RoMM：（RoMM 分類未填）；重大科目／聲明：（重大科目未填）／（聲明未填）），設計控制目標為「建立及執行持續性個別評估，以確定內部控制各要素是否存在及持續運作」。由內部稽核單位以人工方式、採偵測性控制取向、屬（類型未填）類型，依每年執行下列控制活動：關於重要的控制活動的自評結果應經過獨立驗證。。控制執行時使用之 IUC／制度為「1. 內部控制之自評作業資料
2. 自評結果之彙整報告（呈報董事會／審計委員會用）
3. 自評缺失改善計畫及追蹤作業紀錄資料」。投入（Inputs）：1. 內部控制之自評作業資料
2. 自評結果之彙整報告（呈報董事會／審計委員會用）
3. 自評缺失改善計畫及追蹤作業紀錄資料。覆核／執行步驟（Specific activities）：關於重要的控制活動的自評結果應經過獨立驗證。。產出（Outputs）：1. 內部控制之自評作業資料
2. 自評結果之彙整報告（呈報董事會／審計委員會用）
3. 自評缺失改善計畫及追蹤作業紀錄資料。","[企業層級｜稽核品質] 建立及執行持續性個別評估，以確定內部控制各要素是否存在及持續運作：關於重要的控制活動的自評結果應經過獨立驗證。（頻率：每年；負責：內部稽核單位；IUC：1. 內部控制之自評作業資料
2. 自評結果之彙整報告（呈報董事會／審計委員會用）
3. 自評缺失改善計畫及追蹤作業紀錄資料）",EL50-8,RCM;企業層級;累積範本;去識別範本,2026-08-26 16:28:12
PL-EL50-9,建立及執行持續性個別評估，以確定內部控制各要素是否存在及持續運作,企業層級,EL50,監督,架構與監控,架構與監控,"不適當的職務授權及監督活動／機構選擇、建立及執行持續性及（或）個別評估，以確定內部控制各要素是否存在及持續運作。
關注點：客觀地評估",營運面,,"[營運] 不適當的職務授權及監督活動／機構選擇、建立及執行持續性及（或）個別評估，以確定內部控制各要素是否存在及持續運作。
關注點：客觀地評估",,,,,建立及執行持續性個別評估，以確定內部控制各要素是否存在及持續運作,進行自評或稽核時，應確保係由經授權之人員負責及分工適當性。,每年,內部稽核單位,"1. 各循環之風險控制矩陣（包含指定之自評負責人及其權責主管）
2. 內部控制之自評作業資料
3. 自評結果之彙整報告（呈報董事會／審計委員會用）
４. 內部稽核報告",,內部稽核作業管理辦法（擬訂中）,,"1. 各循環之風險控制矩陣（包含指定之自評負責人及其權責主管）
2. 內部控制之自評作業資料
3. 自評結果之彙整報告（呈報董事會／審計委員會用）
４. 內部稽核報告",,,,,,,人工,預防性 (Preventive),,,,"1. 各循環之風險控制矩陣（包含指定之自評負責人及其權責主管）
2. 內部控制之自評作業資料
3. 自評結果之彙整報告（呈報董事會／審計委員會用）
４. 內部稽核報告",,,"就公司現行企業層級作業，為因應「架構與監控」風險——不適當的職務授權及監督活動／機構選擇、建立及執行持續性及（或）個別評估，以確定內部控制各要素是否存在及持續運作。
關注點：客觀地評估（風險三大屬性—財務報導：（未填）；營運：[營運] 不適當的職務授權及監督活動／機構選擇、建立及執行持續性及（或）個別評估，以確定內部控制各要素是否存在及持續運作。
關注點：客觀地評估；法令遵循：（未填）；RoMM：（RoMM 分類未填）；重大科目／聲明：（重大科目未填）／（聲明未填）），設計控制目標為「建立及執行持續性個別評估，以確定內部控制各要素是否存在及持續運作」。由內部稽核單位以人工方式、採預防性控制取向、屬（類型未填）類型，依每年執行下列控制活動：進行自評或稽核時，應確保係由經授權之人員負責及分工適當性。。控制執行時使用之 IUC／制度為「1. 各循環之風險控制矩陣（包含指定之自評負責人及其權責主管）
2. 內部控制之自評作業資料
3. 自評結果之彙整報告（呈報董事會／審計委員會用）
４. 內部稽核報告」。投入（Inputs）：1. 各循環之風險控制矩陣（包含指定之自評負責人及其權責主管）
2. 內部控制之自評作業資料
3. 自評結果之彙整報告（呈報董事會／審計委員會用）
４. 內部稽核報告。覆核／執行步驟（Specific activities）：進行自評或稽核時，應確保係由經授權之人員負責及分工適當性。。產出（Outputs）：1. 各循環之風險控制矩陣（包含指定之自評負責人及其權責主管）
2. 內部控制之自評作業資料
3. 自評結果之彙整報告（呈報董事會／審計委員會用）
４. 內部稽核報告。","[企業層級｜架構與監控] 建立及執行持續性個別評估，以確定內部控制各要素是否存在及持續運作：進行自評或稽核時，應確保係由經授權之人員負責及分工適當性。（頻率：每年；負責：內部稽核單位；IUC：1. 各循環之風險控制矩陣（包含指定之自評負責人及其權責主管）
2. 內部控制之自評作業資料
3. 自評結果之彙整報告（呈報董事會／審計委員會用）
４. 內部稽核報告）",EL50-9,RCM;企業層級;累積範本;去識別範本,2026-08-26 16:28:12
PL-EL50-10,建立及執行持續性個別評估，以確定內部控制各要素是否存在及持續運作,企業層級,EL50,監督,稽核品質,稽核品質,"未能評估內部控制之有效性／機構選擇、建立及執行持續性及（或）個別評估，以確定內部控制各要素是否存在及持續運作。
關注點：客觀地評估

評估結果",營運面,,"[營運] 未能評估內部控制之有效性／機構選擇、建立及執行持續性及（或）個別評估，以確定內部控制各要素是否存在及持續運作。
關注點：客觀地評估

評估結果",,,,,建立及執行持續性個別評估，以確定內部控制各要素是否存在及持續運作,應針對自行評估出來的結果與既訂標準進行差異分析及記錄。,每年,內部稽核單位,"1. 內部控制之自評作業資料
2. 自評結果之彙整報告（呈報董事會／審計委員會用）
3. 自評缺失改善計畫及追蹤作業紀錄資料",,,,"1. 內部控制之自評作業資料
2. 自評結果之彙整報告（呈報董事會／審計委員會用）
3. 自評缺失改善計畫及追蹤作業紀錄資料",,,,,,,人工,偵測性 (Detective),,,,"1. 內部控制之自評作業資料
2. 自評結果之彙整報告（呈報董事會／審計委員會用）
3. 自評缺失改善計畫及追蹤作業紀錄資料",,,"就公司現行企業層級作業，為因應「稽核品質」風險——未能評估內部控制之有效性／機構選擇、建立及執行持續性及（或）個別評估，以確定內部控制各要素是否存在及持續運作。
關注點：客觀地評估

評估結果（風險三大屬性—財務報導：（未填）；營運：[營運] 未能評估內部控制之有效性／機構選擇、建立及執行持續性及（或）個別評估，以確定內部控制各要素是否存在及持續運作。
關注點：客觀地評估

評估結果；法令遵循：（未填）；RoMM：（RoMM 分類未填）；重大科目／聲明：（重大科目未填）／（聲明未填）），設計控制目標為「建立及執行持續性個別評估，以確定內部控制各要素是否存在及持續運作」。由內部稽核單位以人工方式、採偵測性控制取向、屬（類型未填）類型，依每年執行下列控制活動：應針對自行評估出來的結果與既訂標準進行差異分析及記錄。。控制執行時使用之 IUC／制度為「1. 內部控制之自評作業資料
2. 自評結果之彙整報告（呈報董事會／審計委員會用）
3. 自評缺失改善計畫及追蹤作業紀錄資料」。投入（Inputs）：1. 內部控制之自評作業資料
2. 自評結果之彙整報告（呈報董事會／審計委員會用）
3. 自評缺失改善計畫及追蹤作業紀錄資料。覆核／執行步驟（Specific activities）：應針對自行評估出來的結果與既訂標準進行差異分析及記錄。。產出（Outputs）：1. 內部控制之自評作業資料
2. 自評結果之彙整報告（呈報董事會／審計委員會用）
3. 自評缺失改善計畫及追蹤作業紀錄資料。","[企業層級｜稽核品質] 建立及執行持續性個別評估，以確定內部控制各要素是否存在及持續運作：應針對自行評估出來的結果與既訂標準進行差異分析及記錄。（頻率：每年；負責：內部稽核單位；IUC：1. 內部控制之自評作業資料
2. 自評結果之彙整報告（呈報董事會／審計委員會用）
3. 自評缺失改善計畫及追蹤作業紀錄資料）",EL50-10,RCM;企業層級;累積範本;去識別範本,2026-08-26 16:28:12
PL-EL50-11,確保財務報導資訊之完整性及一致性,企業層級,EL50,監督,監督,監督,"缺乏當責性及衡量標準／機構選擇、建立及執行持續性及（或）個別評估，以確定內部控制各要素是否存在及持續運作。
關注點：整合業務流程",營運面,,"[營運] 缺乏當責性及衡量標準／機構選擇、建立及執行持續性及（或）個別評估，以確定內部控制各要素是否存在及持續運作。
關注點：整合業務流程",,,,,確保財務報導資訊之完整性及一致性,應完整建立及充分溝通財務報導之政策及程序，以確保財務報表及財務報導作業流程中子公司將財務資訊完整且一致地提交予母公司會計單位。,持續,請參照財務報導循環之財務報告編製作業及財務資訊揭露作業,請參照財務報導循環之財務報告編製作業及財務資訊揭露作業,,請參照財務報導循環之財務報告編製作業及財務資訊揭露作業,,請參照財務報導循環之財務報告編製作業及財務資訊揭露作業,,,,,,,人工,預防性 (Preventive),,,,請參照財務報導循環之財務報告編製作業及財務資訊揭露作業,,,"就公司現行企業層級作業，為因應「監督」風險——缺乏當責性及衡量標準／機構選擇、建立及執行持續性及（或）個別評估，以確定內部控制各要素是否存在及持續運作。
關注點：整合業務流程（風險三大屬性—財務報導：（未填）；營運：[營運] 缺乏當責性及衡量標準／機構選擇、建立及執行持續性及（或）個別評估，以確定內部控制各要素是否存在及持續運作。
關注點：整合業務流程；法令遵循：（未填）；RoMM：（RoMM 分類未填）；重大科目／聲明：（重大科目未填）／（聲明未填）），設計控制目標為「確保財務報導資訊之完整性及一致性」。由請參照財務報導循環之財務報告編製作業及財務資訊揭露作業以人工方式、採預防性控制取向、屬（類型未填）類型，依持續執行下列控制活動：應完整建立及充分溝通財務報導之政策及程序，以確保財務報表及財務報導作業流程中子公司將財務資訊完整且一致地提交予母公司會計單位。。控制執行時使用之 IUC／制度為「請參照財務報導循環之財務報告編製作業及財務資訊揭露作業」。投入（Inputs）：請參照財務報導循環之財務報告編製作業及財務資訊揭露作業。覆核／執行步驟（Specific activities）：應完整建立及充分溝通財務報導之政策及程序，以確保財務報表及財務報導作業流程中子公司將財務資訊完整且一致地提交予母公司會計單位。。產出（Outputs）：請參照財務報導循環之財務報告編製作業及財務資訊揭露作業。",[企業層級｜監督] 確保財務報導資訊之完整性及一致性：應完整建立及充分溝通財務報導之政策及程序，以確保財務報表及財務報導作業流程中子公司將財務資訊完整且一致地提交予母公司會計單位。（頻率：持續；負責：請參照財務報導循環之財務報告編製作業及財務資訊揭露作業；IUC：請參照財務報導循環之財務報告編製作業及財務資訊揭露作業）,EL50-11,RCM;企業層級;累積範本;去識別範本,2026-08-26 16:28:12
PL-EL50-12,與外界溝通,企業層級,EL50,監督,監督與稽核,監督與稽核,"未適當分配資源予監督及稽核活動／機構選擇、建立及執行持續性及（或）個別評估，以確定內部控制各要素是否存在及持續運作。
關注點：客觀地評估",營運面,,"[營運] 未適當分配資源予監督及稽核活動／機構選擇、建立及執行持續性及（或）個別評估，以確定內部控制各要素是否存在及持續運作。
關注點：客觀地評估",,,,,與外界溝通,管理當局應利用外界第三者之資訊進行控制機制及作為監督的工具。,每月／每年,"請參照
1. 採購及付款循環之付款作業
2. 銷售及收款循環之收款作業
3. 銷售及收款循環之應收帳款與銷貨收入認列及管理作業","請參照
1. 採購及付款循環之付款作業
2. 銷售及收款循環之收款作業
3. 銷售及收款循環之應收帳款與銷貨收入認列及管理作業",,"請參照
1. 採購及付款循環之付款作業
2. 銷售及收款循環之收款作業
3. 銷售及收款循環之應收帳款與銷貨收入認列及管理作業",,"請參照
1. 採購及付款循環之付款作業
2. 銷售及收款循環之收款作業
3. 銷售及收款循環之應收帳款與銷貨收入認列及管理作業",,,,,,,人工,偵測性 (Detective),,,,"請參照
1. 採購及付款循環之付款作業
2. 銷售及收款循環之收款作業
3. 銷售及收款循環之應收帳款與銷貨收入認列及管理作業",,,"就公司現行企業層級作業，為因應「監督與稽核」風險——未適當分配資源予監督及稽核活動／機構選擇、建立及執行持續性及（或）個別評估，以確定內部控制各要素是否存在及持續運作。
關注點：客觀地評估（風險三大屬性—財務報導：（未填）；營運：[營運] 未適當分配資源予監督及稽核活動／機構選擇、建立及執行持續性及（或）個別評估，以確定內部控制各要素是否存在及持續運作。
關注點：客觀地評估；法令遵循：（未填）；RoMM：（RoMM 分類未填）；重大科目／聲明：（重大科目未填）／（聲明未填）），設計控制目標為「與外界溝通」。由請參照
1. 採購及付款循環之付款作業
2. 銷售及收款循環之收款作業
3. 銷售及收款循環之應收帳款與銷貨收入認列及管理作業以人工方式、採偵測性控制取向、屬（類型未填）類型，依每月／每年執行下列控制活動：管理當局應利用外界第三者之資訊進行控制機制及作為監督的工具。。控制執行時使用之 IUC／制度為「請參照
1. 採購及付款循環之付款作業
2. 銷售及收款循環之收款作業
3. 銷售及收款循環之應收帳款與銷貨收入認列及管理作業」。投入（Inputs）：請參照
1. 採購及付款循環之付款作業
2. 銷售及收款循環之收款作業
3. 銷售及收款循環之應收帳款與銷貨收入認列及管理作業。覆核／執行步驟（Specific activities）：管理當局應利用外界第三者之資訊進行控制機制及作為監督的工具。。產出（Outputs）：請參照
1. 採購及付款循環之付款作業
2. 銷售及收款循環之收款作業
3. 銷售及收款循環之應收帳款與銷貨收入認列及管理作業。","[企業層級｜監督與稽核] 與外界溝通：管理當局應利用外界第三者之資訊進行控制機制及作為監督的工具。（頻率：每月／每年；負責：請參照
1. 採購及付款循環之付款作業
2. 銷售及收款循環之收款作業
3. 銷售及收款循環之應收帳款與銷貨收入認列及管理作業；IUC：請參照
1. 採購及付款循環之付款作業
2. 銷售及收款循環之收款作業
3. 銷售及收款循環之應收帳款與銷貨收入認列及管理作業）",EL50-12,RCM;企業層級;累積範本;去識別範本,2026-08-26 16:28:12
PL-EL50-13,定期會議向管理當局回應內部控制是否有效運作,企業層級,EL50,監督,企業成長,企業成長,"無效的策略發展與溝通／機構選擇、建立及執行持續性及（或）個別評估，以確定內部控制各要素是否存在及持續運作。
關注點：客觀地評估",營運面,,"[營運] 無效的策略發展與溝通／機構選擇、建立及執行持續性及（或）個別評估，以確定內部控制各要素是否存在及持續運作。
關注點：客觀地評估",,,,,定期會議向管理當局回應內部控制是否有效運作,管理當局應透過調查及專案小組討論來了解員工的看法，以獲知控制應有效的程度。,不定期,人資單位,"1. 員工滿意度調查相關作業資料
2. 內部檢舉信箱之案件資料與後續處理作業之佐證",,檢舉與申訴管理辦法,,"1. 員工滿意度調查相關作業資料
2. 內部檢舉信箱之案件資料與後續處理作業之佐證",,,,,,,人工,偵測性 (Detective),,,,"1. 員工滿意度調查相關作業資料
2. 內部檢舉信箱之案件資料與後續處理作業之佐證",,,"就公司現行企業層級作業，為因應「企業成長」風險——無效的策略發展與溝通／機構選擇、建立及執行持續性及（或）個別評估，以確定內部控制各要素是否存在及持續運作。
關注點：客觀地評估（風險三大屬性—財務報導：（未填）；營運：[營運] 無效的策略發展與溝通／機構選擇、建立及執行持續性及（或）個別評估，以確定內部控制各要素是否存在及持續運作。
關注點：客觀地評估；法令遵循：（未填）；RoMM：（RoMM 分類未填）；重大科目／聲明：（重大科目未填）／（聲明未填）），設計控制目標為「定期會議向管理當局回應內部控制是否有效運作」。由人資單位以人工方式、採偵測性控制取向、屬（類型未填）類型，依不定期執行下列控制活動：管理當局應透過調查及專案小組討論來了解員工的看法，以獲知控制應有效的程度。。控制執行時使用之 IUC／制度為「1. 員工滿意度調查相關作業資料
2. 內部檢舉信箱之案件資料與後續處理作業之佐證」。投入（Inputs）：1. 員工滿意度調查相關作業資料
2. 內部檢舉信箱之案件資料與後續處理作業之佐證。覆核／執行步驟（Specific activities）：管理當局應透過調查及專案小組討論來了解員工的看法，以獲知控制應有效的程度。。產出（Outputs）：1. 員工滿意度調查相關作業資料
2. 內部檢舉信箱之案件資料與後續處理作業之佐證。","[企業層級｜企業成長] 定期會議向管理當局回應內部控制是否有效運作：管理當局應透過調查及專案小組討論來了解員工的看法，以獲知控制應有效的程度。（頻率：不定期；負責：人資單位；IUC：1. 員工滿意度調查相關作業資料
2. 內部檢舉信箱之案件資料與後續處理作業之佐證）",EL50-13,RCM;企業層級;累積範本;去識別範本,2026-08-26 16:28:12
PL-EL50-14,回應內外部的建議,企業層級,EL50,監督,控制與監督,控制與監督,"未有持續改善控制活動的能力／機構評估並及時與負責採取改正行動者溝通內部控制缺失；必要時，包含高階主管及董事會。
關注點：評估結果

監督改正行動",營運面,,"[營運] 未有持續改善控制活動的能力／機構評估並及時與負責採取改正行動者溝通內部控制缺失；必要時，包含高階主管及董事會。
關注點：評估結果

監督改正行動",,,,,回應內外部的建議,"應有適當層級之管理當局，決定內部稽核人員及外部會計師所提的建議中哪些應予執行。
針對欲執行的行動應追蹤，驗證其執行情形，以確保公司內控聲明書據實報導公司內控設計及執行有效性。",不定期,內部稽核單位,"1. 內部稽核查核缺失及改善計畫追蹤等作業資料
2. 會計師查核缺失及改善計畫追蹤等作業資料",,,,"1. 內部稽核查核缺失及改善計畫追蹤等作業資料
2. 會計師查核缺失及改善計畫追蹤等作業資料",,,,,,,人工,偵測性 (Detective),,,,"1. 內部稽核查核缺失及改善計畫追蹤等作業資料
2. 會計師查核缺失及改善計畫追蹤等作業資料",,,"就公司現行企業層級作業，為因應「控制與監督」風險——未有持續改善控制活動的能力／機構評估並及時與負責採取改正行動者溝通內部控制缺失；必要時，包含高階主管及董事會。
關注點：評估結果

監督改正行動（風險三大屬性—財務報導：（未填）；營運：[營運] 未有持續改善控制活動的能力／機構評估並及時與負責採取改正行動者溝通內部控制缺失；必要時，包含高階主管及董事會。
關注點：評估結果

監督改正行動；法令遵循：（未填）；RoMM：（RoMM 分類未填）；重大科目／聲明：（重大科目未填）／（聲明未填）），設計控制目標為「回應內外部的建議」。由內部稽核單位以人工方式、採偵測性控制取向、屬（類型未填）類型，依不定期執行下列控制活動：應有適當層級之管理當局，決定內部稽核人員及外部會計師所提的建議中哪些應予執行。
針對欲執行的行動應追蹤，驗證其執行情形，以確保公司內控聲明書據實報導公司內控設計及執行有效性。。控制執行時使用之 IUC／制度為「1. 內部稽核查核缺失及改善計畫追蹤等作業資料
2. 會計師查核缺失及改善計畫追蹤等作業資料」。投入（Inputs）：1. 內部稽核查核缺失及改善計畫追蹤等作業資料
2. 會計師查核缺失及改善計畫追蹤等作業資料。覆核／執行步驟（Specific activities）：應有適當層級之管理當局，決定內部稽核人員及外部會計師所提的建議中哪些應予執行。
針對欲執行的行動應追蹤，驗證其執行情形，以確保公司內控聲明書據實報導公司內控設計及執行有效性。。產出（Outputs）：1. 內部稽核查核缺失及改善計畫追蹤等作業資料
2. 會計師查核缺失及改善計畫追蹤等作業資料。","[企業層級｜控制與監督] 回應內外部的建議：應有適當層級之管理當局，決定內部稽核人員及外部會計師所提的建議中哪些應予執行。
針對欲執行的行動應追蹤，驗證其執行情形，以確保公司內控聲明書據實報導公司內控設計及執行有效性。（頻率：不定期；負責：內部稽核單位；IUC：1. 內部稽核查核缺失及改善計畫追蹤等作業資料
2. 會計師查核缺失及改善計畫追蹤等作業資料）",EL50-14,RCM;企業層級;累積範本;去識別範本,2026-08-26 16:28:12
PL-EL50-15,回應內外部的建議,企業層級,EL50,監督,報告品質,報告品質,"未能提供及時之報告資訊／機構評估並及時與負責採取改正行動者溝通內部控制缺失；必要時，包含高階主管及董事會。
關注點：評估結果",報導面,"[財務報導] 未能提供及時之報告資訊／機構評估並及時與負責採取改正行動者溝通內部控制缺失；必要時，包含高階主管及董事會。
關注點：評估結果",,,,,,回應內外部的建議,總公司財會人員應及時調查及回應在子公司所發生之財務報導有關發現事項。,不定期,財務單位,子公司提出或發生有關財務報導問題之討論會議或決議紀錄資料,,,,子公司提出或發生有關財務報導問題之討論會議或決議紀錄資料,,,,,,,人工,偵測性 (Detective),,,,子公司提出或發生有關財務報導問題之討論會議或決議紀錄資料,,,"就公司現行企業層級作業，為因應「報告品質」風險——未能提供及時之報告資訊／機構評估並及時與負責採取改正行動者溝通內部控制缺失；必要時，包含高階主管及董事會。
關注點：評估結果（風險三大屬性—財務報導：[財務報導] 未能提供及時之報告資訊／機構評估並及時與負責採取改正行動者溝通內部控制缺失；必要時，包含高階主管及董事會。
關注點：評估結果；營運：（未填）；法令遵循：（未填）；RoMM：（RoMM 分類未填）；重大科目／聲明：（重大科目未填）／（聲明未填）），設計控制目標為「回應內外部的建議」。由財務單位以人工方式、採偵測性控制取向、屬（類型未填）類型，依不定期執行下列控制活動：總公司財會人員應及時調查及回應在子公司所發生之財務報導有關發現事項。。控制執行時使用之 IUC／制度為「子公司提出或發生有關財務報導問題之討論會議或決議紀錄資料」。投入（Inputs）：子公司提出或發生有關財務報導問題之討論會議或決議紀錄資料。覆核／執行步驟（Specific activities）：總公司財會人員應及時調查及回應在子公司所發生之財務報導有關發現事項。。產出（Outputs）：子公司提出或發生有關財務報導問題之討論會議或決議紀錄資料。",[企業層級｜報告品質] 回應內外部的建議：總公司財會人員應及時調查及回應在子公司所發生之財務報導有關發現事項。（頻率：不定期；負責：財務單位；IUC：子公司提出或發生有關財務報導問題之討論會議或決議紀錄資料）,EL50-15,RCM;企業層級;累積範本;去識別範本,2026-08-26 16:28:12
PL-EL50-16,回應內外部的建議,企業層級,EL50,監督,營運持續管理,營運持續管理,"對於突發事件之處理，未能建立替代方案／處理能力／機構評估並及時與負責採取改正行動者溝通內部控制缺失；必要時，包含高階主管及董事會。
關注點：溝通缺失",營運面,,"[營運] 對於突發事件之處理，未能建立替代方案／處理能力／機構評估並及時與負責採取改正行動者溝通內部控制缺失；必要時，包含高階主管及董事會。
關注點：溝通缺失",,,,,回應內外部的建議,管理階層對於例外情形應採取適當的行動。,持續,各單位,"1. 經營管理規章類
2. 內部管理系統類
3. ISO等認證系統類
4. 四階表單（含上述第2及第3點之作業使用表單）
5. 內部控制制度文件之流程圖、流程說明與風險控制矩陣
6. 實際發生例外情形之相關作業文件（如有，包括執行與覆核紀錄）",,"1. 經營管理規章類
2. 內部管理系統類
3. ISO等認證系統類
4. 四階表單（含上述第2及第3點之作業使用表單）
5. 內部控制制度文件之流程圖、流程說明與風險控制矩陣",,"1. 經營管理規章類
2. 內部管理系統類
3. ISO等認證系統類
4. 四階表單（含上述第2及第3點之作業使用表單）
5. 內部控制制度文件之流程圖、流程說明與風險控制矩陣
6. 實際發生例外情形之相關作業文件（如有，包括執行與覆核紀錄）",,,,,,,人工,預防性 (Preventive),,,,"1. 經營管理規章類
2. 內部管理系統類
3. ISO等認證系統類
4. 四階表單（含上述第2及第3點之作業使用表單）
5. 內部控制制度文件之流程圖、流程說明與風險控制矩陣
6. 實際發生例外情形之相關作業文件（如有，包括執行與覆核紀錄）",,,"就公司現行企業層級作業，為因應「營運持續管理」風險——對於突發事件之處理，未能建立替代方案／處理能力／機構評估並及時與負責採取改正行動者溝通內部控制缺失；必要時，包含高階主管及董事會。
關注點：溝通缺失（風險三大屬性—財務報導：（未填）；營運：[營運] 對於突發事件之處理，未能建立替代方案／處理能力／機構評估並及時與負責採取改正行動者溝通內部控制缺失；必要時，包含高階主管及董事會。
關注點：溝通缺失；法令遵循：（未填）；RoMM：（RoMM 分類未填）；重大科目／聲明：（重大科目未填）／（聲明未填）），設計控制目標為「回應內外部的建議」。由各單位以人工方式、採預防性控制取向、屬（類型未填）類型，依持續執行下列控制活動：管理階層對於例外情形應採取適當的行動。。控制執行時使用之 IUC／制度為「1. 經營管理規章類
2. 內部管理系統類
3. ISO等認證系統類
4. 四階表單（含上述第2及第3點之作業使用表單）
5. 內部控制制度文件之流程圖、流程說明與風險控制矩陣
6. 實際發生例外情形之相關作業文件（如有，包括執行與覆核紀錄）」。投入（Inputs）：1. 經營管理規章類
2. 內部管理系統類
3. ISO等認證系統類
4. 四階表單（含上述第2及第3點之作業使用表單）
5. 內部控制制度文件之流程圖、流程說明與風險控制矩陣
6. 實際發生例外情形之相關作業文件（如有，包括執行與覆核紀錄）。覆核／執行步驟（Specific activities）：管理階層對於例外情形應採取適當的行動。。產出（Outputs）：1. 經營管理規章類
2. 內部管理系統類
3. ISO等認證系統類
4. 四階表單（含上述第2及第3點之作業使用表單）
5. 內部控制制度文件之流程圖、流程說明與風險控制矩陣
6. 實際發生例外情形之相關作業文件（如有，包括執行與覆核紀錄）。","[企業層級｜營運持續管理] 回應內外部的建議：管理階層對於例外情形應採取適當的行動。（頻率：持續；負責：各單位；IUC：1. 經營管理規章類
2. 內部管理系統類
3. ISO等認證系統類
4. 四階表單（含上述第2及第3點之作業使用表單）
5. 內部控制制度文件之流程圖、流程說明與風險控制矩陣
6. 實際發生例外情形之相關作業文件（如有，包括執行與覆核紀錄））",EL50-16,RCM;企業層級;累積範本;去識別範本,2026-08-26 16:28:12
PL-EL50-17,內部稽核人員遵守專業的內部稽核機構發布的準則,企業層級,EL50,監督,架構與監控,架構與監控,"不適當的職務授權及監督活動／機構評估並及時與負責採取改正行動者溝通內部控制缺失；必要時，包含高階主管及董事會。
關注點：溝通缺失",營運面,,"[營運] 不適當的職務授權及監督活動／機構評估並及時與負責採取改正行動者溝通內部控制缺失；必要時，包含高階主管及董事會。
關注點：溝通缺失",,,,,內部稽核人員遵守專業的內部稽核機構發布的準則,內部稽核應直接向董事會及審計委員會報告，並建置報告執行進度和結果的機制。,持續,內部稽核單位,內部稽核報告或相關缺失改善現況向董事會／審計委員會報告之作業紀錄,,內部稽核作業管理辦法（擬訂中）,,內部稽核報告或相關缺失改善現況向董事會／審計委員會報告之作業紀錄,,,,,,,人工,預防性 (Preventive),,,,內部稽核報告或相關缺失改善現況向董事會／審計委員會報告之作業紀錄,,,"就公司現行企業層級作業，為因應「架構與監控」風險——不適當的職務授權及監督活動／機構評估並及時與負責採取改正行動者溝通內部控制缺失；必要時，包含高階主管及董事會。
關注點：溝通缺失（風險三大屬性—財務報導：（未填）；營運：[營運] 不適當的職務授權及監督活動／機構評估並及時與負責採取改正行動者溝通內部控制缺失；必要時，包含高階主管及董事會。
關注點：溝通缺失；法令遵循：（未填）；RoMM：（RoMM 分類未填）；重大科目／聲明：（重大科目未填）／（聲明未填）），設計控制目標為「內部稽核人員遵守專業的內部稽核機構發布的準則」。由內部稽核單位以人工方式、採預防性控制取向、屬（類型未填）類型，依持續執行下列控制活動：內部稽核應直接向董事會及審計委員會報告，並建置報告執行進度和結果的機制。。控制執行時使用之 IUC／制度為「內部稽核報告或相關缺失改善現況向董事會／審計委員會報告之作業紀錄」。投入（Inputs）：內部稽核報告或相關缺失改善現況向董事會／審計委員會報告之作業紀錄。覆核／執行步驟（Specific activities）：內部稽核應直接向董事會及審計委員會報告，並建置報告執行進度和結果的機制。。產出（Outputs）：內部稽核報告或相關缺失改善現況向董事會／審計委員會報告之作業紀錄。",[企業層級｜架構與監控] 內部稽核人員遵守專業的內部稽核機構發布的準則：內部稽核應直接向董事會及審計委員會報告，並建置報告執行進度和結果的機制。（頻率：持續；負責：內部稽核單位；IUC：內部稽核報告或相關缺失改善現況向董事會／審計委員會報告之作業紀錄）,EL50-17,RCM;企業層級;累積範本;去識別範本,2026-08-26 16:28:12
PL-CI101-1,公司應訂投資政策並依循執行外，管理階層應監督其執行情形。,投資循環,CI-101,投資政策作業,政策與程序,政策與程序,未能制定適當的政策和程序,營運面,,[營運] 未能制定適當的政策和程序,,,,,公司應訂投資政策並依循執行外，管理階層應監督其執行情形。,公司應明確定義投資範圍與內容且訂定相關管理辦法以供遵循，管理階層應監督其遵循情形。,持續,財務單位,"有價證券財務投資辦法（編號未定）
金融商品避險辦法（編號未定）",,"有價證券財務投資辦法（編號未定）
金融商品避險辦法（編號未定）",,"有價證券財務投資辦法（編號未定）
金融商品避險辦法（編號未定）",,,,,,,人工,預防性 (Preventive),,,,"有價證券財務投資辦法（編號未定）
金融商品避險辦法（編號未定）",,,"就公司現行投資循環作業，為因應「政策與程序」風險——未能制定適當的政策和程序（風險三大屬性—財務報導：（未填）；營運：[營運] 未能制定適當的政策和程序；法令遵循：（未填）；RoMM：（RoMM 分類未填）；重大科目／聲明：（重大科目未填）／（聲明未填）），設計控制目標為「公司應訂投資政策並依循執行外，管理階層應監督其執行情形。」。由財務單位以人工方式、採預防性控制取向、屬（類型未填）類型，依持續執行下列控制活動：公司應明確定義投資範圍與內容且訂定相關管理辦法以供遵循，管理階層應監督其遵循情形。。控制執行時使用之 IUC／制度為「有價證券財務投資辦法（編號未定）
金融商品避險辦法（編號未定）」。投入（Inputs）：有價證券財務投資辦法（編號未定）
金融商品避險辦法（編號未定）。覆核／執行步驟（Specific activities）：公司應明確定義投資範圍與內容且訂定相關管理辦法以供遵循，管理階層應監督其遵循情形。。產出（Outputs）：有價證券財務投資辦法（編號未定）
金融商品避險辦法（編號未定）。","[投資循環｜政策與程序] 公司應訂投資政策並依循執行外，管理階層應監督其執行情形。：公司應明確定義投資範圍與內容且訂定相關管理辦法以供遵循，管理階層應監督其遵循情形。（頻率：持續；負責：財務單位；IUC：有價證券財務投資辦法（編號未定）
金融商品避險辦法（編號未定））",CI101-1,RCM;投資循環;累積範本;去識別範本,2026-08-26 16:28:12
PL-CI102-1,有價證券／衍生性商品投資應按規定處理並經適當核准。,投資循環,CI-102,投資取得作業,金融資產投資,金融資產投資,投資策略未與企業整體策略一致,營運面,,[營運] 投資策略未與企業整體策略一致,,,,,有價證券／衍生性商品投資應按規定處理並經適當核准。,有價證券／衍生性商品投資前應備妥相關評估及申請文件，依核決權限經權責主管核准。,不定期,財務單位,"1. 交易單
2. 請款單",,"有價證券財務投資辦法（編號未定）
金融商品避險辦法（編號未定）",,"1. 交易單
2. 請款單",,,,,,,人工,預防性 (Preventive),,,,"1. 交易單
2. 請款單",,,"就公司現行投資循環作業，為因應「金融資產投資」風險——投資策略未與企業整體策略一致（風險三大屬性—財務報導：（未填）；營運：[營運] 投資策略未與企業整體策略一致；法令遵循：（未填）；RoMM：（RoMM 分類未填）；重大科目／聲明：（重大科目未填）／（聲明未填）），設計控制目標為「有價證券／衍生性商品投資應按規定處理並經適當核准。」。由財務單位以人工方式、採預防性控制取向、屬（類型未填）類型，依不定期執行下列控制活動：有價證券／衍生性商品投資前應備妥相關評估及申請文件，依核決權限經權責主管核准。。控制執行時使用之 IUC／制度為「1. 交易單
2. 請款單」。投入（Inputs）：1. 交易單
2. 請款單。覆核／執行步驟（Specific activities）：有價證券／衍生性商品投資前應備妥相關評估及申請文件，依核決權限經權責主管核准。。產出（Outputs）：1. 交易單
2. 請款單。","[投資循環｜金融資產投資] 有價證券／衍生性商品投資應按規定處理並經適當核准。：有價證券／衍生性商品投資前應備妥相關評估及申請文件，依核決權限經權責主管核准。（頻率：不定期；負責：財務單位；IUC：1. 交易單
2. 請款單）",CI102-1,RCM;投資循環;累積範本;去識別範本,2026-08-26 16:28:12
PL-CI102-2,採權益法之投資應按規定處理並經適當核准。,投資循環,CI-102,投資取得作業,金融資產投資,金融資產投資,投資策略未與企業整體策略一致,營運面,,[營運] 投資策略未與企業整體策略一致,,,,,採權益法之投資應按規定處理並經適當核准。,採權益法之投資應就投資標的進行分析評估，並依核決權限呈送權責單位核准；若無法依原核定之投資計劃進行者，應立即向權責單位報告。,不定期,財務單位,投資評估報告,,,"1. 證券交易法
2. 企業併購法",投資評估報告,,,,,,,人工,預防性 (Preventive),,,,投資評估報告,,,就公司現行投資循環作業，為因應「金融資產投資」風險——投資策略未與企業整體策略一致（風險三大屬性—財務報導：（未填）；營運：[營運] 投資策略未與企業整體策略一致；法令遵循：（未填）；RoMM：（RoMM 分類未填）；重大科目／聲明：（重大科目未填）／（聲明未填）），設計控制目標為「採權益法之投資應按規定處理並經適當核准。」。由財務單位以人工方式、採預防性控制取向、屬（類型未填）類型，依不定期執行下列控制活動：採權益法之投資應就投資標的進行分析評估，並依核決權限呈送權責單位核准；若無法依原核定之投資計劃進行者，應立即向權責單位報告。。控制執行時使用之 IUC／制度為「投資評估報告」。投入（Inputs）：投資評估報告。覆核／執行步驟（Specific activities）：採權益法之投資應就投資標的進行分析評估，並依核決權限呈送權責單位核准；若無法依原核定之投資計劃進行者，應立即向權責單位報告。。產出（Outputs）：投資評估報告。,[投資循環｜金融資產投資] 採權益法之投資應按規定處理並經適當核准。：採權益法之投資應就投資標的進行分析評估，並依核決權限呈送權責單位核准；若無法依原核定之投資計劃進行者，應立即向權責單位報告。（頻率：不定期；負責：財務單位；IUC：投資評估報告）,CI102-2,RCM;投資循環;累積範本;去識別範本,2026-08-26 16:28:12
PL-CI102-3,參與採權益法投資相關人員應盡保密義務。,投資循環,CI-102,投資取得作業,無形資產,無形資產,營業秘密遭盜取,營運面,,[營運] 營業秘密遭盜取,,,,,參與採權益法投資相關人員應盡保密義務。,所有參與或知悉採權益法投資計劃之相關人員應出具書面保密承諾，且嚴守保密原則。,不定期,財務單位,保密協議,,,"1. 證券交易法
2. 企業併購法",保密協議,,,,,,,人工,預防性 (Preventive),,,,保密協議,,,就公司現行投資循環作業，為因應「無形資產」風險——營業秘密遭盜取（風險三大屬性—財務報導：（未填）；營運：[營運] 營業秘密遭盜取；法令遵循：（未填）；RoMM：（RoMM 分類未填）；重大科目／聲明：（重大科目未填）／（聲明未填）），設計控制目標為「參與採權益法投資相關人員應盡保密義務。」。由財務單位以人工方式、採預防性控制取向、屬（類型未填）類型，依不定期執行下列控制活動：所有參與或知悉採權益法投資計劃之相關人員應出具書面保密承諾，且嚴守保密原則。。控制執行時使用之 IUC／制度為「保密協議」。投入（Inputs）：保密協議。覆核／執行步驟（Specific activities）：所有參與或知悉採權益法投資計劃之相關人員應出具書面保密承諾，且嚴守保密原則。。產出（Outputs）：保密協議。,[投資循環｜無形資產] 參與採權益法投資相關人員應盡保密義務。：所有參與或知悉採權益法投資計劃之相關人員應出具書面保密承諾，且嚴守保密原則。（頻率：不定期；負責：財務單位；IUC：保密協議）,CI102-3,RCM;投資循環;累積範本;去識別範本,2026-08-26 16:28:12
PL-CI102-4,新增或處分採權益法之投資經正確計算及確認，並更新相關資訊。,投資循環,CI-102,投資取得作業,金融資產投資,金融資產投資,不實的財務資訊,報導面,[財務報導] 不實的財務資訊,,,,"其他長期投資
其他營業外收入-其他
採用權益法認列之子公司、關聯企業及合資利益之份額
採用權益法認列之子公司、關聯企業及合資損失之份額",,新增或處分採權益法之投資經正確計算及確認，並更新相關資訊。,新增或處分採權益法之投資時，應檢視確認公司持有股數並更新投資架構。,不定期,會計單位,"1. 集團集團組織圖
2. 本公司關係人名單",,,,"1. 集團集團組織圖
2. 本公司關係人名單",,,,,,,人工,預防性 (Preventive),,,,"1. 集團集團組織圖
2. 本公司關係人名單",,,"就公司現行投資循環作業，為因應「金融資產投資」風險——不實的財務資訊（風險三大屬性—財務報導：[財務報導] 不實的財務資訊；營運：（未填）；法令遵循：（未填）；RoMM：（RoMM 分類未填）；重大科目／聲明：其他長期投資
其他營業外收入-其他
採用權益法認列之子公司、關聯企業及合資利益之份額
採用權益法認列之子公司、關聯企業及合資損失之份額／（聲明未填）），設計控制目標為「新增或處分採權益法之投資經正確計算及確認，並更新相關資訊。」。由會計單位以人工方式、採預防性控制取向、屬（類型未填）類型，依不定期執行下列控制活動：新增或處分採權益法之投資時，應檢視確認公司持有股數並更新投資架構。。控制執行時使用之 IUC／制度為「1. 集團集團組織圖
2. 本公司關係人名單」。投入（Inputs）：1. 集團集團組織圖
2. 本公司關係人名單。覆核／執行步驟（Specific activities）：新增或處分採權益法之投資時，應檢視確認公司持有股數並更新投資架構。。產出（Outputs）：1. 集團集團組織圖
2. 本公司關係人名單。","[投資循環｜金融資產投資] 新增或處分採權益法之投資經正確計算及確認，並更新相關資訊。：新增或處分採權益法之投資時，應檢視確認公司持有股數並更新投資架構。（頻率：不定期；負責：會計單位；IUC：1. 集團集團組織圖
2. 本公司關係人名單）",CI102-4,RCM;投資循環;累積範本;去識別範本,2026-08-26 16:28:12
PL-CI102-5,衍生性金融商品交易應按規定處理並經適當核准。,投資循環,CI-102,投資取得作業,金融資產投資,金融資產投資,投資策略未與企業整體策略一致,營運面,,[營運] 投資策略未與企業整體策略一致,,,,,衍生性金融商品交易應按規定處理並經適當核准。,衍生性商品交易與額度應經權責單位及管理階層核准，以確保交易已符合公司作業程序及政策。,不定期,財務單位,"1. 衍生性金融商品總交易額度之申請與核准相關文件
2. 衍生性金融商品交易之相關文件",,,,"1. 衍生性金融商品總交易額度之申請與核准相關文件
2. 衍生性金融商品交易之相關文件",,,,,,,人工,預防性 (Preventive),,,,"1. 衍生性金融商品總交易額度之申請與核准相關文件
2. 衍生性金融商品交易之相關文件",,,"就公司現行投資循環作業，為因應「金融資產投資」風險——投資策略未與企業整體策略一致（風險三大屬性—財務報導：（未填）；營運：[營運] 投資策略未與企業整體策略一致；法令遵循：（未填）；RoMM：（RoMM 分類未填）；重大科目／聲明：（重大科目未填）／（聲明未填）），設計控制目標為「衍生性金融商品交易應按規定處理並經適當核准。」。由財務單位以人工方式、採預防性控制取向、屬（類型未填）類型，依不定期執行下列控制活動：衍生性商品交易與額度應經權責單位及管理階層核准，以確保交易已符合公司作業程序及政策。。控制執行時使用之 IUC／制度為「1. 衍生性金融商品總交易額度之申請與核准相關文件
2. 衍生性金融商品交易之相關文件」。投入（Inputs）：1. 衍生性金融商品總交易額度之申請與核准相關文件
2. 衍生性金融商品交易之相關文件。覆核／執行步驟（Specific activities）：衍生性商品交易與額度應經權責單位及管理階層核准，以確保交易已符合公司作業程序及政策。。產出（Outputs）：1. 衍生性金融商品總交易額度之申請與核准相關文件
2. 衍生性金融商品交易之相關文件。","[投資循環｜金融資產投資] 衍生性金融商品交易應按規定處理並經適當核准。：衍生性商品交易與額度應經權責單位及管理階層核准，以確保交易已符合公司作業程序及政策。（頻率：不定期；負責：財務單位；IUC：1. 衍生性金融商品總交易額度之申請與核准相關文件
2. 衍生性金融商品交易之相關文件）",CI102-5,RCM;投資循環;累積範本;去識別範本,2026-08-26 16:28:12
PL-CI103-1,妥善保管採權益法等投資標的。,投資循環,CI-103,投資保管作業,會計,會計,不實的財務資訊,報導面,[財務報導] 不實的財務資訊,,,,"其他長期投資
其他營業外收入-其他
採用權益法認列之子公司、關聯企業及合資利益之份額
採用權益法認列之子公司、關聯企業及合資損失之份額",,妥善保管採權益法等投資標的。,採權益法投資憑證應依規定期限保存並由專人保管。,持續,財務單位,保險櫃保管清冊,,,,保險櫃保管清冊,,,,,,,人工,偵測性 (Detective),,,,保險櫃保管清冊,,,"就公司現行投資循環作業，為因應「會計」風險——不實的財務資訊（風險三大屬性—財務報導：[財務報導] 不實的財務資訊；營運：（未填）；法令遵循：（未填）；RoMM：（RoMM 分類未填）；重大科目／聲明：其他長期投資
其他營業外收入-其他
採用權益法認列之子公司、關聯企業及合資利益之份額
採用權益法認列之子公司、關聯企業及合資損失之份額／（聲明未填）），設計控制目標為「妥善保管採權益法等投資標的。」。由財務單位以人工方式、採偵測性控制取向、屬（類型未填）類型，依持續執行下列控制活動：採權益法投資憑證應依規定期限保存並由專人保管。。控制執行時使用之 IUC／制度為「保險櫃保管清冊」。投入（Inputs）：保險櫃保管清冊。覆核／執行步驟（Specific activities）：採權益法投資憑證應依規定期限保存並由專人保管。。產出（Outputs）：保險櫃保管清冊。",[投資循環｜會計] 妥善保管採權益法等投資標的。：採權益法投資憑證應依規定期限保存並由專人保管。（頻率：持續；負責：財務單位；IUC：保險櫃保管清冊）,CI103-1,RCM;投資循環;累積範本;去識別範本,2026-08-26 16:28:12
PL-CI104-1,建置適當之職能分工。,投資循環,CI-104,投資記錄作業,財務報告舞弊,財務報告舞弊,無法落實適當之職能分工,報導面,[財務報導] 無法落實適當之職能分工,,,,"其他營業外收入-其他
透過損益按公允價值衡量之金融資產(負債)損失",,建置適當之職能分工。,投資執行、資產保管及帳務記錄應分別由不同人擔任。,持續,"1. 財務單位
2. 會計單位",,,"有價證券財務投資辦法（編號未定）
金融商品避險辦法（編號未定）",,,,,,,,,人工,預防性 (Preventive),,,,,,,"就公司現行投資循環作業，為因應「財務報告舞弊」風險——無法落實適當之職能分工（風險三大屬性—財務報導：[財務報導] 無法落實適當之職能分工；營運：（未填）；法令遵循：（未填）；RoMM：（RoMM 分類未填）；重大科目／聲明：其他營業外收入-其他
透過損益按公允價值衡量之金融資產(負債)損失／（聲明未填）），設計控制目標為「建置適當之職能分工。」。由1. 財務單位
2. 會計單位以人工方式、採預防性控制取向、屬（類型未填）類型，依持續執行下列控制活動：投資執行、資產保管及帳務記錄應分別由不同人擔任。。控制執行時使用之 IUC／制度為「（未指定 IUC／制度）」。投入（Inputs）：（請補充投入資訊）。覆核／執行步驟（Specific activities）：投資執行、資產保管及帳務記錄應分別由不同人擔任。。產出（Outputs）：（請補充控制產出／留存軌跡）。","[投資循環｜財務報告舞弊] 建置適當之職能分工。：投資執行、資產保管及帳務記錄應分別由不同人擔任。（頻率：持續；負責：1. 財務單位
2. 會計單位；IUC：—）",CI104-1,RCM;投資循環;累積範本;去識別範本,2026-08-26 16:28:12
PL-CI104-2,有價證券／衍生性商品績效經定期評估及分析追蹤。,投資循環,CI-104,投資記錄作業,金融資產投資,金融資產投資,投資策略未與企業整體策略一致,營運面,,[營運] 投資策略未與企業整體策略一致,,,,,有價證券／衍生性商品績效經定期評估及分析追蹤。,管理階層應定期執行有價證券／衍生性商品績效評估，如有異常，應採取必要措施，以落實風險管理機制。,每週／每月,財務單位,"1. 有價證券績效評估報告
2. 衍生性金融商品績效評估報告",,"有價證券財務投資辦法（編號未定）
金融商品避險辦法（編號未定）",,"1. 有價證券績效評估報告
2. 衍生性金融商品績效評估報告",,,,,,,人工,偵測性 (Detective),,,,"1. 有價證券績效評估報告
2. 衍生性金融商品績效評估報告",,,"就公司現行投資循環作業，為因應「金融資產投資」風險——投資策略未與企業整體策略一致（風險三大屬性—財務報導：（未填）；營運：[營運] 投資策略未與企業整體策略一致；法令遵循：（未填）；RoMM：（RoMM 分類未填）；重大科目／聲明：（重大科目未填）／（聲明未填）），設計控制目標為「有價證券／衍生性商品績效經定期評估及分析追蹤。」。由財務單位以人工方式、採偵測性控制取向、屬（類型未填）類型，依每週／每月執行下列控制活動：管理階層應定期執行有價證券／衍生性商品績效評估，如有異常，應採取必要措施，以落實風險管理機制。。控制執行時使用之 IUC／制度為「1. 有價證券績效評估報告
2. 衍生性金融商品績效評估報告」。投入（Inputs）：1. 有價證券績效評估報告
2. 衍生性金融商品績效評估報告。覆核／執行步驟（Specific activities）：管理階層應定期執行有價證券／衍生性商品績效評估，如有異常，應採取必要措施，以落實風險管理機制。。產出（Outputs）：1. 有價證券績效評估報告
2. 衍生性金融商品績效評估報告。","[投資循環｜金融資產投資] 有價證券／衍生性商品績效經定期評估及分析追蹤。：管理階層應定期執行有價證券／衍生性商品績效評估，如有異常，應採取必要措施，以落實風險管理機制。（頻率：每週／每月；負責：財務單位；IUC：1. 有價證券績效評估報告
2. 衍生性金融商品績效評估報告）",CI104-2,RCM;投資循環;累積範本;去識別範本,2026-08-26 16:28:12
PL-CI104-3,帳列投資應反應現有之營業情況及經濟實質並與所採用之會計政策相一致。,投資循環,CI-104,投資記錄作業,會計,會計,不實的財務資訊,報導面,[財務報導] 不實的財務資訊,,,,"其他利息收入
其他營業外收入-其他
透過損益按公允價值衡量之金融資產(負債)損失",,帳列投資應反應現有之營業情況及經濟實質並與所採用之會計政策相一致。,管理階層應覆核各項投資商品之可實現性及評價損益、投資收益及交易行為，以確認投資各項入帳金額正確無誤。,投資收益：不定期／投資評價：每季,"1. 財務單位
2. 會計單位","1. 投資交易傳票
2. 股票相關登記表
3. 投資收益相關文件
4. 投資收益傳票
5. 投資評價相關文件及傳票",,"有價證券財務投資辦法（編號未定）
金融商品避險辦法（編號未定）",,"1. 投資交易傳票
2. 股票相關登記表
3. 投資收益相關文件
4. 投資收益傳票
5. 投資評價相關文件及傳票",,,,,,,人工,預防性 (Preventive),,,,"1. 投資交易傳票
2. 股票相關登記表
3. 投資收益相關文件
4. 投資收益傳票
5. 投資評價相關文件及傳票",,,"就公司現行投資循環作業，為因應「會計」風險——不實的財務資訊（風險三大屬性—財務報導：[財務報導] 不實的財務資訊；營運：（未填）；法令遵循：（未填）；RoMM：（RoMM 分類未填）；重大科目／聲明：其他利息收入
其他營業外收入-其他
透過損益按公允價值衡量之金融資產(負債)損失／（聲明未填）），設計控制目標為「帳列投資應反應現有之營業情況及經濟實質並與所採用之會計政策相一致。」。由1. 財務單位
2. 會計單位以人工方式、採預防性控制取向、屬（類型未填）類型，依投資收益：不定期
投資評價：每季執行下列控制活動：管理階層應覆核各項投資商品之可實現性及評價損益、投資收益及交易行為，以確認投資各項入帳金額正確無誤。。控制執行時使用之 IUC／制度為「1. 投資交易傳票
2. 股票相關登記表
3. 投資收益相關文件
4. 投資收益傳票
5. 投資評價相關文件及傳票」。投入（Inputs）：1. 投資交易傳票
2. 股票相關登記表
3. 投資收益相關文件
4. 投資收益傳票
5. 投資評價相關文件及傳票。覆核／執行步驟（Specific activities）：管理階層應覆核各項投資商品之可實現性及評價損益、投資收益及交易行為，以確認投資各項入帳金額正確無誤。。產出（Outputs）：1. 投資交易傳票
2. 股票相關登記表
3. 投資收益相關文件
4. 投資收益傳票
5. 投資評價相關文件及傳票。","[投資循環｜會計] 帳列投資應反應現有之營業情況及經濟實質並與所採用之會計政策相一致。：管理階層應覆核各項投資商品之可實現性及評價損益、投資收益及交易行為，以確認投資各項入帳金額正確無誤。（頻率：投資收益：不定期
投資評價：每季；負責：1. 財務單位
2. 會計單位；IUC：1. 投資交易傳票
2. 股票相關登記表
3. 投資收益相關文件
4. 投資收益傳票
5. 投資評價相關文件及傳票）",CI104-3,RCM;投資循環;累積範本;去識別範本,2026-08-26 16:28:12
PL-CI104-4,投資交易皆記錄於適當之會計期間，且經帳列之投資應可代表公司所取得之資產。,投資循環,CI-104,投資記錄作業,會計,會計,不實的財務資訊,報導面,[財務報導] 不實的財務資訊,,,,"其他營業外收入-其他
透過損益按公允價值衡量之金融資產(負債)損失",,投資交易皆記錄於適當之會計期間，且經帳列之投資應可代表公司所取得之資產。,投資交易憑證應定期盤點，且與第三者之外來憑證相調節或對帳（如股權證明、交易方之對帳單、經紀商交易紀錄及銀行對帳單）。如有差異，應進行調查並即時處理。,每年,財務單位,有價證券及實體投資憑證盤點表,,,,有價證券及實體投資憑證盤點表,,,,,,,人工,偵測性 (Detective),,,,有價證券及實體投資憑證盤點表,,,"就公司現行投資循環作業，為因應「會計」風險——不實的財務資訊（風險三大屬性—財務報導：[財務報導] 不實的財務資訊；營運：（未填）；法令遵循：（未填）；RoMM：（RoMM 分類未填）；重大科目／聲明：其他營業外收入-其他
透過損益按公允價值衡量之金融資產(負債)損失／（聲明未填）），設計控制目標為「投資交易皆記錄於適當之會計期間，且經帳列之投資應可代表公司所取得之資產。」。由財務單位以人工方式、採偵測性控制取向、屬（類型未填）類型，依每年執行下列控制活動：投資交易憑證應定期盤點，且與第三者之外來憑證相調節或對帳（如股權證明、交易方之對帳單、經紀商交易紀錄及銀行對帳單）。如有差異，應進行調查並即時處理。。控制執行時使用之 IUC／制度為「有價證券及實體投資憑證盤點表」。投入（Inputs）：有價證券及實體投資憑證盤點表。覆核／執行步驟（Specific activities）：投資交易憑證應定期盤點，且與第三者之外來憑證相調節或對帳（如股權證明、交易方之對帳單、經紀商交易紀錄及銀行對帳單）。如有差異，應進行調查並即時處理。。產出（Outputs）：有價證券及實體投資憑證盤點表。",[投資循環｜會計] 投資交易皆記錄於適當之會計期間，且經帳列之投資應可代表公司所取得之資產。：投資交易憑證應定期盤點，且與第三者之外來憑證相調節或對帳（如股權證明、交易方之對帳單、經紀商交易紀錄及銀行對帳單）。如有差異，應進行調查並即時處理。（頻率：每年；負責：財務單位；IUC：有價證券及實體投資憑證盤點表）,CI104-4,RCM;投資循環;累積範本;去識別範本,2026-08-26 16:28:12
PL-CI105-1,投資商品處分應按規定處理並經適當核准，且被記錄於適當之會計期間。,投資循環,CI-105,投資處分作業,會計,會計,不實的財務資訊,報導面,[財務報導] 不實的財務資訊,,,,"其他營業外收入-其他
透過損益按公允價值衡量之金融資產(負債)損失",,投資商品處分應按規定處理並經適當核准，且被記錄於適當之會計期間。,投資商品處分應依核決權限取得權責主管核准；且相關處分交易應依會計原則即時認列入帳。,不定期,"會計單位
財務單位","1. 有價證券交易相關憑證
2. 有價證券交易傳票
3. 交易單
4. 備查簿
5. 衍生性金融商品交易相關憑證
6. 衍生性金融商品交易傳票",,"有價證券財務投資辦法（編號未定）
金融商品避險辦法（編號未定）",,"1. 有價證券交易相關憑證
2. 有價證券交易傳票
3. 交易單
4. 備查簿
5. 衍生性金融商品交易相關憑證
6. 衍生性金融商品交易傳票",,,,,,,人工,預防性 (Preventive),,,,"1. 有價證券交易相關憑證
2. 有價證券交易傳票
3. 交易單
4. 備查簿
5. 衍生性金融商品交易相關憑證
6. 衍生性金融商品交易傳票",,,"就公司現行投資循環作業，為因應「會計」風險——不實的財務資訊（風險三大屬性—財務報導：[財務報導] 不實的財務資訊；營運：（未填）；法令遵循：（未填）；RoMM：（RoMM 分類未填）；重大科目／聲明：其他營業外收入-其他
透過損益按公允價值衡量之金融資產(負債)損失／（聲明未填）），設計控制目標為「投資商品處分應按規定處理並經適當核准，且被記錄於適當之會計期間。」。由會計單位
財務單位以人工方式、採預防性控制取向、屬（類型未填）類型，依不定期執行下列控制活動：投資商品處分應依核決權限取得權責主管核准；且相關處分交易應依會計原則即時認列入帳。。控制執行時使用之 IUC／制度為「1. 有價證券交易相關憑證
2. 有價證券交易傳票
3. 交易單
4. 備查簿
5. 衍生性金融商品交易相關憑證
6. 衍生性金融商品交易傳票」。投入（Inputs）：1. 有價證券交易相關憑證
2. 有價證券交易傳票
3. 交易單
4. 備查簿
5. 衍生性金融商品交易相關憑證
6. 衍生性金融商品交易傳票。覆核／執行步驟（Specific activities）：投資商品處分應依核決權限取得權責主管核准；且相關處分交易應依會計原則即時認列入帳。。產出（Outputs）：1. 有價證券交易相關憑證
2. 有價證券交易傳票
3. 交易單
4. 備查簿
5. 衍生性金融商品交易相關憑證
6. 衍生性金融商品交易傳票。","[投資循環｜會計] 投資商品處分應按規定處理並經適當核准，且被記錄於適當之會計期間。：投資商品處分應依核決權限取得權責主管核准；且相關處分交易應依會計原則即時認列入帳。（頻率：不定期；負責：會計單位
財務單位；IUC：1. 有價證券交易相關憑證
2. 有價證券交易傳票
3. 交易單
4. 備查簿
5. 衍生性金融商品交易相關憑證
6. 衍生性金融商品交易傳票）",CI105-1,RCM;投資循環;累積範本;去識別範本,2026-08-26 16:28:12
PL-CI105-2,採權益法之投資處分應按規定處理並經適當核准。,投資循環,CI-105,投資處分作業,金融資產投資,金融資產投資,投資策略未與企業整體策略一致,營運面,,[營運] 投資策略未與企業整體策略一致,,,,,採權益法之投資處分應按規定處理並經適當核准。,處分採權益法之投資時，應擬訂處分計畫，依核決權限取得核准後依照計畫實行，並將相關處分交易應依會計原則即時認列入帳。完成處分作業後應依規定向董事會報告處分結果。,不定期,財務單位,"1. 採權益法投資處分交易相關憑證
2. 採權益法之投資交易傳票",,,企業併購法,"1. 採權益法投資處分交易相關憑證
2. 採權益法之投資交易傳票",,,,,,,人工,預防性 (Preventive),,,,"1. 採權益法投資處分交易相關憑證
2. 採權益法之投資交易傳票",,,"就公司現行投資循環作業，為因應「金融資產投資」風險——投資策略未與企業整體策略一致（風險三大屬性—財務報導：（未填）；營運：[營運] 投資策略未與企業整體策略一致；法令遵循：（未填）；RoMM：（RoMM 分類未填）；重大科目／聲明：（重大科目未填）／（聲明未填）），設計控制目標為「採權益法之投資處分應按規定處理並經適當核准。」。由財務單位以人工方式、採預防性控制取向、屬（類型未填）類型，依不定期執行下列控制活動：處分採權益法之投資時，應擬訂處分計畫，依核決權限取得核准後依照計畫實行，並將相關處分交易應依會計原則即時認列入帳。完成處分作業後應依規定向董事會報告處分結果。。控制執行時使用之 IUC／制度為「1. 採權益法投資處分交易相關憑證
2. 採權益法之投資交易傳票」。投入（Inputs）：1. 採權益法投資處分交易相關憑證
2. 採權益法之投資交易傳票。覆核／執行步驟（Specific activities）：處分採權益法之投資時，應擬訂處分計畫，依核決權限取得核准後依照計畫實行，並將相關處分交易應依會計原則即時認列入帳。完成處分作業後應依規定向董事會報告處分結果。。產出（Outputs）：1. 採權益法投資處分交易相關憑證
2. 採權益法之投資交易傳票。","[投資循環｜金融資產投資] 採權益法之投資處分應按規定處理並經適當核准。：處分採權益法之投資時，應擬訂處分計畫，依核決權限取得核准後依照計畫實行，並將相關處分交易應依會計原則即時認列入帳。完成處分作業後應依規定向董事會報告處分結果。（頻率：不定期；負責：財務單位；IUC：1. 採權益法投資處分交易相關憑證
2. 採權益法之投資交易傳票）",CI105-2,RCM;投資循環;累積範本;去識別範本,2026-08-26 16:28:12
PL-CI106-1,投資項目作業應依法令進行申報，以避免違反法令規範而遭致主管機關裁罰。,投資循環,CI-106,投資公告申報處理作業,法定報告,法定報告,未完整辨識所有法定要求申報事項,遵循面,,,[法令遵循] 未完整辨識所有法定要求申報事項,,,,投資項目作業應依法令進行申報，以避免違反法令規範而遭致主管機關裁罰。,投資商品之取得及處分應依美國證券交易法及公司相關規定辦理，並於期限內進行投資申報公告作業。,不定期,財務單位,"1. Form 6-K／Form 8-K
2. 申報相關附件資料及權責主管核准紀錄
3. SEC申報畫面",,,美國證券交易法,"1. Form 6-K／Form 8-K
2. 申報相關附件資料及權責主管核准紀錄
3. SEC申報畫面",,,,,,,人工,預防性 (Preventive),,,,"1. Form 6-K／Form 8-K
2. 申報相關附件資料及權責主管核准紀錄
3. SEC申報畫面",,,"就公司現行投資循環作業，為因應「法定報告」風險——未完整辨識所有法定要求申報事項（風險三大屬性—財務報導：（未填）；營運：（未填）；法令遵循：[法令遵循] 未完整辨識所有法定要求申報事項；RoMM：（RoMM 分類未填）；重大科目／聲明：（重大科目未填）／（聲明未填）），設計控制目標為「投資項目作業應依法令進行申報，以避免違反法令規範而遭致主管機關裁罰。」。由財務單位以人工方式、採預防性控制取向、屬（類型未填）類型，依不定期執行下列控制活動：投資商品之取得及處分應依美國證券交易法及公司相關規定辦理，並於期限內進行投資申報公告作業。。控制執行時使用之 IUC／制度為「1. Form 6-K／Form 8-K
2. 申報相關附件資料及權責主管核准紀錄
3. SEC申報畫面」。投入（Inputs）：1. Form 6-K／Form 8-K
2. 申報相關附件資料及權責主管核准紀錄
3. SEC申報畫面。覆核／執行步驟（Specific activities）：投資商品之取得及處分應依美國證券交易法及公司相關規定辦理，並於期限內進行投資申報公告作業。。產出（Outputs）：1. Form 6-K／Form 8-K
2. 申報相關附件資料及權責主管核准紀錄
3. SEC申報畫面。","[投資循環｜法定報告] 投資項目作業應依法令進行申報，以避免違反法令規範而遭致主管機關裁罰。：投資商品之取得及處分應依美國證券交易法及公司相關規定辦理，並於期限內進行投資申報公告作業。（頻率：不定期；負責：財務單位；IUC：1. Form 6-K／Form 8-K
2. 申報相關附件資料及權責主管核准紀錄
3. SEC申報畫面）",CI106-1,RCM;投資循環;累積範本;去識別範本,2026-08-26 16:28:12
PL-CP101-1,預算需依照公司政策及需求編列，以達公司資源最有效運用,採購及付款循環,CP-101,採購預算規劃,營運計畫,營運計畫,不適當的資源配置,營運面,,[營運] 不適當的資源配置,,,,,預算需依照公司政策及需求編列，以達公司資源最有效運用,年度預算編制應依據相關計畫為基礎，提出預算需求並經執行長辦公室核准。,每年,"1. 經營管理單位
2. 會計單位",ERP系統,ERP系統,預算編制及控制管理辦法,,"1. 年度事業方針
2. 年度營運計畫
3. 銷售預測資料
4. 資本支出預算編製表
5. 預算人力需求編製表
6. 費用類預算編製表
7. 年度預算表",,,,,,,人工,預防性 (Preventive),,,,"1. 年度事業方針
2. 年度營運計畫
3. 銷售預測資料
4. 資本支出預算編製表
5. 預算人力需求編製表
6. 費用類預算編製表
7. 年度預算表",,,"就公司現行採購及付款循環作業，為因應「營運計畫」風險——不適當的資源配置（風險三大屬性—財務報導：（未填）；營運：[營運] 不適當的資源配置；法令遵循：（未填）；RoMM：（RoMM 分類未填）；重大科目／聲明：（重大科目未填）／（聲明未填）），設計控制目標為「預算需依照公司政策及需求編列，以達公司資源最有效運用」。由1. 經營管理單位
2. 會計單位以人工方式、採預防性控制取向、屬（類型未填）類型，依每年執行下列控制活動：年度預算編制應依據相關計畫為基礎，提出預算需求並經執行長辦公室核准。。控制執行時使用之 IUC／制度為「ERP系統」。投入（Inputs）：ERP系統。覆核／執行步驟（Specific activities）：年度預算編制應依據相關計畫為基礎，提出預算需求並經執行長辦公室核准。。產出（Outputs）：1. 年度事業方針
2. 年度營運計畫
3. 銷售預測資料
4. 資本支出預算編製表
5. 預算人力需求編製表
6. 費用類預算編製表
7. 年度預算表。","[採購及付款循環｜營運計畫] 預算需依照公司政策及需求編列，以達公司資源最有效運用：年度預算編制應依據相關計畫為基礎，提出預算需求並經執行長辦公室核准。（頻率：每年；負責：1. 經營管理單位
2. 會計單位；IUC：ERP系統）",CP101-1,RCM;採購及付款循環;累積範本;去識別範本,2026-08-26 16:28:12
PL-CP101-2,預算動撥需經審核確認,採購及付款循環,CP-101,採購預算規劃,規劃,規劃,不正確的成本考量因素,報導面,[財務報導] 不正確的成本考量因素,,,,"應付帳款、應付設備款、應付薪資、應付租金、應付利息, 應付加工費用、應付模治具費、應付研發料款、應付員工費用、其他應付費用、薪資支出、其他管理費用、勞工退休金、就業安定費、仲介服務費、派遣、伙食費、訓練費、保險費、租金支出、文具用品、旅費、運費、郵電費、修繕費、廣告費、水電瓦斯費、交際費、折舊、各項攤提、進口費用、出口費用、保全費、雜項購置、交通費、勞務費、書報雜誌費、手續費、檢驗測試費、安規認證費、耗材、包裝費、消耗品費、託外進貨加工費、一般加工費、模具費、治具費、工具費、管理費、清潔費、餐費補助(免)、製程廢棄物清除費、網路服務費、職工福利、商標維持費、商標失效費、專利生效費、印刷費、軟體使用費、軟體維護費、稅捐、會議費、委託研究費、專利維持費、專利損失費、研-專利申請費(PCT)、專利其他費用、研發原料、製樣費、製公版費、試產費、研發成本、預付租金、預付保險費、其他預付費用、預付貨款、預付商標權款、預付專利權款、其他預付款",,預算動撥需經審核確認,預算動撥申請時，應依核決權限取得核准同意。,不定期,需求單位,"1. ERP系統
2. 流程管理系統系統","1. ERP系統
2. 流程管理系統系統",,,請購單,,,,,,,人工,預防性 (Preventive),,,,請購單,,,"就公司現行採購及付款循環作業，為因應「規劃」風險——不正確的成本考量因素（風險三大屬性—財務報導：[財務報導] 不正確的成本考量因素；營運：（未填）；法令遵循：（未填）；RoMM：（RoMM 分類未填）；重大科目／聲明：應付帳款、應付設備款、應付薪資、應付租金、應付利息, 應付加工費用、應付模治具費、應付研發料款、應付員工費用、其他應付費用、薪資支出、其他管理費用、勞工退休金、就業安定費、仲介服務費、派遣、伙食費、訓練費、保險費、租金支出、文具用品、旅費、運費、郵電費、修繕費、廣告費、水電瓦斯費、交際費、折舊、各項攤提、進口費用、出口費用、保全費、雜項購置、交通費、勞務費、書報雜誌費、手續費、檢驗測試費、安規認證費、耗材、包裝費、消耗品費、託外進貨加工費、一般加工費、模具費、治具費、工具費、管理費、清潔費、餐費補助(免)、製程廢棄物清除費、網路服務費、職工福利、商標維持費、商標失效費、專利生效費、印刷費、軟體使用費、軟體維護費、稅捐、會議費、委託研究費、專利維持費、專利損失費、研-專利申請費(PCT)、專利其他費用、研發原料、製樣費、製公版費、試產費、研發成本、預付租金、預付保險費、其他預付費用、預付貨款、預付商標權款、預付專利權款、其他預付款／（聲明未填）），設計控制目標為「預算動撥需經審核確認」。由需求單位以人工方式、採預防性控制取向、屬（類型未填）類型，依不定期執行下列控制活動：預算動撥申請時，應依核決權限取得核准同意。。控制執行時使用之 IUC／制度為「1. ERP系統
2. 流程管理系統系統」。投入（Inputs）：1. ERP系統
2. 流程管理系統系統。覆核／執行步驟（Specific activities）：預算動撥申請時，應依核決權限取得核准同意。。產出（Outputs）：請購單。","[採購及付款循環｜規劃] 預算動撥需經審核確認：預算動撥申請時，應依核決權限取得核准同意。（頻率：不定期；負責：需求單位；IUC：1. ERP系統
2. 流程管理系統系統）",CP101-2,RCM;採購及付款循環;累積範本;去識別範本,2026-08-26 16:28:12
PL-CP101-3,預算額度調整申請應有所依據,採購及付款循環,CP-101,採購預算規劃,運用,運用,生產規劃不當,營運面,,[營運] 生產規劃不當,,,,,預算額度調整申請應有所依據,產能擴充預算應定期檢視評估確保現有產能足夠因應生產需求。,不定期,需求單位,ERP系統,ERP系統,預算編制及控制管理辦法,,預算調整申請單,,,,,,,人工,偵測性 (Detective),,,,預算調整申請單,,,就公司現行採購及付款循環作業，為因應「運用」風險——生產規劃不當（風險三大屬性—財務報導：（未填）；營運：[營運] 生產規劃不當；法令遵循：（未填）；RoMM：（RoMM 分類未填）；重大科目／聲明：（重大科目未填）／（聲明未填）），設計控制目標為「預算額度調整申請應有所依據」。由需求單位以人工方式、採偵測性控制取向、屬（類型未填）類型，依不定期執行下列控制活動：產能擴充預算應定期檢視評估確保現有產能足夠因應生產需求。。控制執行時使用之 IUC／制度為「ERP系統」。投入（Inputs）：ERP系統。覆核／執行步驟（Specific activities）：產能擴充預算應定期檢視評估確保現有產能足夠因應生產需求。。產出（Outputs）：預算調整申請單。,[採購及付款循環｜運用] 預算額度調整申請應有所依據：產能擴充預算應定期檢視評估確保現有產能足夠因應生產需求。（頻率：不定期；負責：需求單位；IUC：ERP系統）,CP101-3,RCM;採購及付款循環;累積範本;去識別範本,2026-08-26 16:28:12
PL-CP101-4,所有收貨均經正確且及時地記錄。,採購及付款循環,CP-101,採購預算規劃,營運計畫,營運計畫,建置之計劃無法達成,營運面,,[營運] 建置之計劃無法達成,,,,,所有收貨均經正確且及時地記錄。,應定期針對採購預算實際執行狀況進行追蹤。如有異常，應追查原因。,每月,會計單位,預算數與實際差異數比較表,,預算編制及控制管理辦法,,預算數與實際差異數比較表,,,,,,,人工,偵測性 (Detective),,,,預算數與實際差異數比較表,,,就公司現行採購及付款循環作業，為因應「營運計畫」風險——建置之計劃無法達成（風險三大屬性—財務報導：（未填）；營運：[營運] 建置之計劃無法達成；法令遵循：（未填）；RoMM：（RoMM 分類未填）；重大科目／聲明：（重大科目未填）／（聲明未填）），設計控制目標為「所有收貨均經正確且及時地記錄。」。由會計單位以人工方式、採偵測性控制取向、屬（類型未填）類型，依每月執行下列控制活動：應定期針對採購預算實際執行狀況進行追蹤。如有異常，應追查原因。。控制執行時使用之 IUC／制度為「預算數與實際差異數比較表」。投入（Inputs）：預算數與實際差異數比較表。覆核／執行步驟（Specific activities）：應定期針對採購預算實際執行狀況進行追蹤。如有異常，應追查原因。。產出（Outputs）：預算數與實際差異數比較表。,[採購及付款循環｜營運計畫] 所有收貨均經正確且及時地記錄。：應定期針對採購預算實際執行狀況進行追蹤。如有異常，應追查原因。（頻率：每月；負責：會計單位；IUC：預算數與實際差異數比較表）,CP101-4,RCM;採購及付款循環;累積範本;去識別範本,2026-08-26 16:28:12
PL-CP102-1,請購單應按規定處理並經適當核准。,採購及付款循環,CP-102,請購,運用,運用,缺乏適當之產能規劃,營運面,,[營運] 缺乏適當之產能規劃,,,,,請購單應按規定處理並經適當核准。,請購單應依請購類別記錄必要之請購資訊，並依照請購金額及品項核決權限呈權責主管核准。,不定期,需求單位,"1. ERP系統
2. MRP系統
3. 流程管理系統系統","1. ERP系統
2. MRP系統
3. 流程管理系統系統","1. 採購管理程序
2. 核決權限管理規範",,"1. 請購單／原物料請購單／委外加工請購單／雜項與固定資產請購單
2. 請購驗收檢附文件一覽表",,,,,,,人工,預防性 (Preventive),,,,"1. 請購單／原物料請購單／委外加工請購單／雜項與固定資產請購單
2. 請購驗收檢附文件一覽表",,,"就公司現行採購及付款循環作業，為因應「運用」風險——缺乏適當之產能規劃（風險三大屬性—財務報導：（未填）；營運：[營運] 缺乏適當之產能規劃；法令遵循：（未填）；RoMM：（RoMM 分類未填）；重大科目／聲明：（重大科目未填）／（聲明未填）），設計控制目標為「請購單應按規定處理並經適當核准。」。由需求單位以人工方式、採預防性控制取向、屬（類型未填）類型，依不定期執行下列控制活動：請購單應依請購類別記錄必要之請購資訊，並依照請購金額及品項核決權限呈權責主管核准。。控制執行時使用之 IUC／制度為「1. ERP系統
2. MRP系統
3. 流程管理系統系統」。投入（Inputs）：1. ERP系統
2. MRP系統
3. 流程管理系統系統。覆核／執行步驟（Specific activities）：請購單應依請購類別記錄必要之請購資訊，並依照請購金額及品項核決權限呈權責主管核准。。產出（Outputs）：1. 請購單／原物料請購單／委外加工請購單／雜項與固定資產請購單
2. 請購驗收檢附文件一覽表。","[採購及付款循環｜運用] 請購單應按規定處理並經適當核准。：請購單應依請購類別記錄必要之請購資訊，並依照請購金額及品項核決權限呈權責主管核准。（頻率：不定期；負責：需求單位；IUC：1. ERP系統
2. MRP系統
3. 流程管理系統系統）",CP102-1,RCM;採購及付款循環;累積範本;去識別範本,2026-08-26 16:28:12
PL-CP103-1,供應商資格應經審查評估確認符合交易之資格,採購及付款循環,CP-103,採購,採購,採購,不適當的供應商遴選過程,營運面,,[營運] 不適當的供應商遴選過程,,,,,供應商資格應經審查評估確認符合交易之資格,應建立供應商選評標準，並宣導至負責採購之人員及主管，以確保所採購之物品及服務係來自被公司所承認之供應商。,不定期,"1. 採購單位
2. 專案採購單位",文件管理中心（DCC）,文件管理中心（DCC）,"1. 供應商管理程序
2. 文件與記錄管理作業程序",,"1. 文件一覽表
2. 外來文件一覽表",,,,,,,人工,預防性 (Preventive),,,,"1. 文件一覽表
2. 外來文件一覽表",,,"就公司現行採購及付款循環作業，為因應「採購」風險——不適當的供應商遴選過程（風險三大屬性—財務報導：（未填）；營運：[營運] 不適當的供應商遴選過程；法令遵循：（未填）；RoMM：（RoMM 分類未填）；重大科目／聲明：（重大科目未填）／（聲明未填）），設計控制目標為「供應商資格應經審查評估確認符合交易之資格」。由1. 採購單位
2. 專案採購單位以人工方式、採預防性控制取向、屬（類型未填）類型，依不定期執行下列控制活動：應建立供應商選評標準，並宣導至負責採購之人員及主管，以確保所採購之物品及服務係來自被公司所承認之供應商。。控制執行時使用之 IUC／制度為「文件管理中心（DCC）」。投入（Inputs）：文件管理中心（DCC）。覆核／執行步驟（Specific activities）：應建立供應商選評標準，並宣導至負責採購之人員及主管，以確保所採購之物品及服務係來自被公司所承認之供應商。。產出（Outputs）：1. 文件一覽表
2. 外來文件一覽表。","[採購及付款循環｜採購] 供應商資格應經審查評估確認符合交易之資格：應建立供應商選評標準，並宣導至負責採購之人員及主管，以確保所採購之物品及服務係來自被公司所承認之供應商。（頻率：不定期；負責：1. 採購單位
2. 專案採購單位；IUC：文件管理中心（DCC））",CP103-1,RCM;採購及付款循環;累積範本;去識別範本,2026-08-26 16:28:12
PL-CP103-2,供應商資格應經審查評估確認符合交易之資格,採購及付款循環,CP-103,採購,採購,採購,物品／原物料請採購品質控管不充足,營運面,,[營運] 物品／原物料請採購品質控管不充足,,,,,供應商資格應經審查評估確認符合交易之資格,供應商評選應檢附相關文件並執行資格審查及評比，達到標準者始得為合格供應商。,不定期,"1. 採購單位
2. 專案採購單位","1. 供應商基本資料表
2. 樣本承認書
3. 供應商製造能力評核表
4 . 合格供應商一覽表
5. 供應商系統文件審核同意書
6. 評鑑獨立性聲明",,"1. 供應商管理程序
2. 綠色產品管理程序
3. 環境法規承諾書",,"1. 供應商基本資料表
2. 樣本承認書
3. 供應商製造能力評核表
4 . 合格供應商一覽表
5. 供應商系統文件審核同意書
6. 評鑑獨立性聲明",,,,,,,人工,預防性 (Preventive),,,,"1. 供應商基本資料表
2. 樣本承認書
3. 供應商製造能力評核表
4 . 合格供應商一覽表
5. 供應商系統文件審核同意書
6. 評鑑獨立性聲明",,,"就公司現行採購及付款循環作業，為因應「採購」風險——物品／原物料請採購品質控管不充足（風險三大屬性—財務報導：（未填）；營運：[營運] 物品／原物料請採購品質控管不充足；法令遵循：（未填）；RoMM：（RoMM 分類未填）；重大科目／聲明：（重大科目未填）／（聲明未填）），設計控制目標為「供應商資格應經審查評估確認符合交易之資格」。由1. 採購單位
2. 專案採購單位以人工方式、採預防性控制取向、屬（類型未填）類型，依不定期執行下列控制活動：供應商評選應檢附相關文件並執行資格審查及評比，達到標準者始得為合格供應商。。控制執行時使用之 IUC／制度為「1. 供應商基本資料表
2. 樣本承認書
3. 供應商製造能力評核表
4 . 合格供應商一覽表
5. 供應商系統文件審核同意書
6. 評鑑獨立性聲明」。投入（Inputs）：1. 供應商基本資料表
2. 樣本承認書
3. 供應商製造能力評核表
4 . 合格供應商一覽表
5. 供應商系統文件審核同意書
6. 評鑑獨立性聲明。覆核／執行步驟（Specific activities）：供應商評選應檢附相關文件並執行資格審查及評比，達到標準者始得為合格供應商。。產出（Outputs）：1. 供應商基本資料表
2. 樣本承認書
3. 供應商製造能力評核表
4 . 合格供應商一覽表
5. 供應商系統文件審核同意書
6. 評鑑獨立性聲明。","[採購及付款循環｜採購] 供應商資格應經審查評估確認符合交易之資格：供應商評選應檢附相關文件並執行資格審查及評比，達到標準者始得為合格供應商。（頻率：不定期；負責：1. 採購單位
2. 專案採購單位；IUC：1. 供應商基本資料表
2. 樣本承認書
3. 供應商製造能力評核表
4 . 合格供應商一覽表
5. 供應商系統文件審核同意書
6. 評鑑獨立性聲明）",CP103-2,RCM;採購及付款循環;累積範本;去識別範本,2026-08-26 16:28:12
PL-CP103-3,修改供應商主檔應經適當授權並驗證其正確性。,採購及付款循環,CP-103,採購,會計,會計,不實的財務資訊,報導面,[財務報導] 不實的財務資訊,,,,"應付帳款、應付設備款、應付薪資、應付租金、應付利息, 應付加工費用、應付模治具費、應付研發料款、應付員工費用、其他應付費用、薪資支出、其他管理費用、勞工退休金、就業安定費、仲介服務費、派遣、伙食費、訓練費、保險費、租金支出、文具用品、旅費、運費、郵電費、修繕費、廣告費、水電瓦斯費、交際費、折舊、各項攤提、進口費用、出口費用、保全費、雜項購置、交通費、勞務費、書報雜誌費、手續費、檢驗測試費、安規認證費、耗材、包裝費、消耗品費、託外進貨加工費、一般加工費、模具費、治具費、工具費、管理費、清潔費、餐費補助(免)、製程廢棄物清除費、網路服務費、職工福利、商標維持費、商標失效費、專利生效費、印刷費、軟體使用費、軟體維護費、稅捐、會議費、委託研究費、專利維持費、專利損失費、研-專利申請費(PCT)、專利其他費用、研發原料、製樣費、製公版費、試產費、研發成本、預付租金、預付保險費、其他預付費用、預付貨款、預付商標權款、預付專利權款、其他預付款",,修改供應商主檔應經適當授權並驗證其正確性。,新增或修改供應商主檔應與經核准之供應商原始資料或內部文件核對，以確認供應商主檔正確性。新增或修改供應商主檔應經權責主管核准。,不定期,"1. 採購單位
2. 專案採購單位
3. 財務單位
4. 專案財務單位",ERP系統,ERP系統,供應商管理程序,,供應商基本資料表,,,,,,,人工,預防性 (Preventive),,,,供應商基本資料表,,,"就公司現行採購及付款循環作業，為因應「會計」風險——不實的財務資訊（風險三大屬性—財務報導：[財務報導] 不實的財務資訊；營運：（未填）；法令遵循：（未填）；RoMM：（RoMM 分類未填）；重大科目／聲明：應付帳款、應付設備款、應付薪資、應付租金、應付利息, 應付加工費用、應付模治具費、應付研發料款、應付員工費用、其他應付費用、薪資支出、其他管理費用、勞工退休金、就業安定費、仲介服務費、派遣、伙食費、訓練費、保險費、租金支出、文具用品、旅費、運費、郵電費、修繕費、廣告費、水電瓦斯費、交際費、折舊、各項攤提、進口費用、出口費用、保全費、雜項購置、交通費、勞務費、書報雜誌費、手續費、檢驗測試費、安規認證費、耗材、包裝費、消耗品費、託外進貨加工費、一般加工費、模具費、治具費、工具費、管理費、清潔費、餐費補助(免)、製程廢棄物清除費、網路服務費、職工福利、商標維持費、商標失效費、專利生效費、印刷費、軟體使用費、軟體維護費、稅捐、會議費、委託研究費、專利維持費、專利損失費、研-專利申請費(PCT)、專利其他費用、研發原料、製樣費、製公版費、試產費、研發成本、預付租金、預付保險費、其他預付費用、預付貨款、預付商標權款、預付專利權款、其他預付款／（聲明未填）），設計控制目標為「修改供應商主檔應經適當授權並驗證其正確性。」。由1. 採購單位
2. 專案採購單位
3. 財務單位
4. 專案財務單位以人工方式、採預防性控制取向、屬（類型未填）類型，依不定期執行下列控制活動：新增或修改供應商主檔應與經核准之供應商原始資料或內部文件核對，以確認供應商主檔正確性。新增或修改供應商主檔應經權責主管核准。。控制執行時使用之 IUC／制度為「ERP系統」。投入（Inputs）：ERP系統。覆核／執行步驟（Specific activities）：新增或修改供應商主檔應與經核准之供應商原始資料或內部文件核對，以確認供應商主檔正確性。新增或修改供應商主檔應經權責主管核准。。產出（Outputs）：供應商基本資料表。","[採購及付款循環｜會計] 修改供應商主檔應經適當授權並驗證其正確性。：新增或修改供應商主檔應與經核准之供應商原始資料或內部文件核對，以確認供應商主檔正確性。新增或修改供應商主檔應經權責主管核准。（頻率：不定期；負責：1. 採購單位
2. 專案採購單位
3. 財務單位
4. 專案財務單位；IUC：ERP系統）",CP103-3,RCM;採購及付款循環;累積範本;去識別範本,2026-08-26 16:28:12
PL-CP103-4,修改供應商主檔應經適當授權並驗證其正確性。,採購及付款循環,CP-103,採購,會計,會計,不實的財務資訊,報導面,[財務報導] 不實的財務資訊,,,,"應付帳款、應付設備款、應付薪資、應付租金、應付利息, 應付加工費用、應付模治具費、應付研發料款、應付員工費用、其他應付費用、薪資支出、其他管理費用、勞工退休金、就業安定費、仲介服務費、派遣、伙食費、訓練費、保險費、租金支出、文具用品、旅費、運費、郵電費、修繕費、廣告費、水電瓦斯費、交際費、折舊、各項攤提、進口費用、出口費用、保全費、雜項購置、交通費、勞務費、書報雜誌費、手續費、檢驗測試費、安規認證費、耗材、包裝費、消耗品費、託外進貨加工費、一般加工費、模具費、治具費、工具費、管理費、清潔費、餐費補助(免)、製程廢棄物清除費、網路服務費、職工福利、商標維持費、商標失效費、專利生效費、印刷費、軟體使用費、軟體維護費、稅捐、會議費、委託研究費、專利維持費、專利損失費、研-專利申請費(PCT)、專利其他費用、研發原料、製樣費、製公版費、試產費、研發成本、預付租金、預付保險費、其他預付費用、預付貨款、預付商標權款、預付專利權款、其他預付款",,修改供應商主檔應經適當授權並驗證其正確性。,權責主管應定期覆核供應商主檔之正確性，並確認主檔內之資料仍持續有效。,每月,"1. 採購單位
2. 專案採購單位",ERP系統,ERP系統,,,"1. 供應商主檔異動log
2. 供應商基本資料表",,,,,,,人工,偵測性 (Detective),,,,"1. 供應商主檔異動log
2. 供應商基本資料表",,,"就公司現行採購及付款循環作業，為因應「會計」風險——不實的財務資訊（風險三大屬性—財務報導：[財務報導] 不實的財務資訊；營運：（未填）；法令遵循：（未填）；RoMM：（RoMM 分類未填）；重大科目／聲明：應付帳款、應付設備款、應付薪資、應付租金、應付利息, 應付加工費用、應付模治具費、應付研發料款、應付員工費用、其他應付費用、薪資支出、其他管理費用、勞工退休金、就業安定費、仲介服務費、派遣、伙食費、訓練費、保險費、租金支出、文具用品、旅費、運費、郵電費、修繕費、廣告費、水電瓦斯費、交際費、折舊、各項攤提、進口費用、出口費用、保全費、雜項購置、交通費、勞務費、書報雜誌費、手續費、檢驗測試費、安規認證費、耗材、包裝費、消耗品費、託外進貨加工費、一般加工費、模具費、治具費、工具費、管理費、清潔費、餐費補助(免)、製程廢棄物清除費、網路服務費、職工福利、商標維持費、商標失效費、專利生效費、印刷費、軟體使用費、軟體維護費、稅捐、會議費、委託研究費、專利維持費、專利損失費、研-專利申請費(PCT)、專利其他費用、研發原料、製樣費、製公版費、試產費、研發成本、預付租金、預付保險費、其他預付費用、預付貨款、預付商標權款、預付專利權款、其他預付款／（聲明未填）），設計控制目標為「修改供應商主檔應經適當授權並驗證其正確性。」。由1. 採購單位
2. 專案採購單位以人工方式、採偵測性控制取向、屬（類型未填）類型，依每月執行下列控制活動：權責主管應定期覆核供應商主檔之正確性，並確認主檔內之資料仍持續有效。。控制執行時使用之 IUC／制度為「ERP系統」。投入（Inputs）：ERP系統。覆核／執行步驟（Specific activities）：權責主管應定期覆核供應商主檔之正確性，並確認主檔內之資料仍持續有效。。產出（Outputs）：1. 供應商主檔異動log
2. 供應商基本資料表。","[採購及付款循環｜會計] 修改供應商主檔應經適當授權並驗證其正確性。：權責主管應定期覆核供應商主檔之正確性，並確認主檔內之資料仍持續有效。（頻率：每月；負責：1. 採購單位
2. 專案採購單位；IUC：ERP系統）",CP103-4,RCM;採購及付款循環;累積範本;去識別範本,2026-08-26 16:28:12
PL-CP103-5,修改供應商主檔應經適當授權並驗證其正確性。,採購及付款循環,CP-103,採購,資訊安全,資訊安全,無效果／無效率的存取控制,營運面,,[營運] 無效果／無效率的存取控制,,,,,修改供應商主檔應經適當授權並驗證其正確性。,SAP系統應限制僅有經授權之人員始能新增、修改或刪除供應商主檔紀錄。,持續,"1. 採購單位
2. 專案採購單位
3. 財務單位
4. 專案財務單位
5. 權責單位",ERP系統,ERP系統,供應商管理程序,,ERP系統供應商主檔資料之人員系統授權清單,,,,,,,自動,預防性 (Preventive),,,,ERP系統供應商主檔資料之人員系統授權清單,,,"就公司現行採購及付款循環作業，為因應「資訊安全」風險——無效果／無效率的存取控制（風險三大屬性—財務報導：（未填）；營運：[營運] 無效果／無效率的存取控制；法令遵循：（未填）；RoMM：（RoMM 分類未填）；重大科目／聲明：（重大科目未填）／（聲明未填）），設計控制目標為「修改供應商主檔應經適當授權並驗證其正確性。」。由1. 採購單位
2. 專案採購單位
3. 財務單位
4. 專案財務單位
5. 權責單位以自動方式、採預防性控制取向、屬（類型未填）類型，依持續執行下列控制活動：SAP系統應限制僅有經授權之人員始能新增、修改或刪除供應商主檔紀錄。。控制執行時使用之 IUC／制度為「ERP系統」。投入（Inputs）：ERP系統。覆核／執行步驟（Specific activities）：SAP系統應限制僅有經授權之人員始能新增、修改或刪除供應商主檔紀錄。。產出（Outputs）：ERP系統供應商主檔資料之人員系統授權清單。","[採購及付款循環｜資訊安全] 修改供應商主檔應經適當授權並驗證其正確性。：SAP系統應限制僅有經授權之人員始能新增、修改或刪除供應商主檔紀錄。（頻率：持續；負責：1. 採購單位
2. 專案採購單位
3. 財務單位
4. 專案財務單位
5. 權責單位；IUC：ERP系統）",CP103-5,RCM;採購及付款循環;累積範本;去識別範本,2026-08-26 16:28:12
PL-CP103-6,適當維護供應商檔案之資料。,採購及付款循環,CP-103,採購,檔案紀錄管理,檔案紀錄管理,資料不實,報導面,[財務報導] 資料不實,,,,"應付帳款、應付設備款、應付薪資、應付租金、應付利息, 應付加工費用、應付模治具費、應付研發料款、應付員工費用、其他應付費用、薪資支出、其他管理費用、勞工退休金、就業安定費、仲介服務費、派遣、伙食費、訓練費、保險費、租金支出、文具用品、旅費、運費、郵電費、修繕費、廣告費、水電瓦斯費、交際費、折舊、各項攤提、進口費用、出口費用、保全費、雜項購置、交通費、勞務費、書報雜誌費、手續費、檢驗測試費、安規認證費、耗材、包裝費、消耗品費、託外進貨加工費、一般加工費、模具費、治具費、工具費、管理費、清潔費、餐費補助(免)、製程廢棄物清除費、網路服務費、職工福利、商標維持費、商標失效費、專利生效費、印刷費、軟體使用費、軟體維護費、稅捐、會議費、委託研究費、專利維持費、專利損失費、研-專利申請費(PCT)、專利其他費用、研發原料、製樣費、製公版費、試產費、研發成本、預付租金、預付保險費、其他預付費用、預付貨款、預付商標權款、預付專利權款、其他預付款",,適當維護供應商檔案之資料。,定期覆核供應商清單，針對已確認不再進行交易之供應商應於SAP系統標示註記。,每三年,"1. 採購單位
2. 專案採購單位",ERP系統,ERP系統,供應商管理程序,,"1. 3年未交易之供應商清單
2. 供應商基本資料表",,,,,,,人工,偵測性 (Detective),,,,"1. 3年未交易之供應商清單
2. 供應商基本資料表",,,"就公司現行採購及付款循環作業，為因應「檔案紀錄管理」風險——資料不實（風險三大屬性—財務報導：[財務報導] 資料不實；營運：（未填）；法令遵循：（未填）；RoMM：（RoMM 分類未填）；重大科目／聲明：應付帳款、應付設備款、應付薪資、應付租金、應付利息, 應付加工費用、應付模治具費、應付研發料款、應付員工費用、其他應付費用、薪資支出、其他管理費用、勞工退休金、就業安定費、仲介服務費、派遣、伙食費、訓練費、保險費、租金支出、文具用品、旅費、運費、郵電費、修繕費、廣告費、水電瓦斯費、交際費、折舊、各項攤提、進口費用、出口費用、保全費、雜項購置、交通費、勞務費、書報雜誌費、手續費、檢驗測試費、安規認證費、耗材、包裝費、消耗品費、託外進貨加工費、一般加工費、模具費、治具費、工具費、管理費、清潔費、餐費補助(免)、製程廢棄物清除費、網路服務費、職工福利、商標維持費、商標失效費、專利生效費、印刷費、軟體使用費、軟體維護費、稅捐、會議費、委託研究費、專利維持費、專利損失費、研-專利申請費(PCT)、專利其他費用、研發原料、製樣費、製公版費、試產費、研發成本、預付租金、預付保險費、其他預付費用、預付貨款、預付商標權款、預付專利權款、其他預付款／（聲明未填）），設計控制目標為「適當維護供應商檔案之資料。」。由1. 採購單位
2. 專案採購單位以人工方式、採偵測性控制取向、屬（類型未填）類型，依每三年執行下列控制活動：定期覆核供應商清單，針對已確認不再進行交易之供應商應於SAP系統標示註記。。控制執行時使用之 IUC／制度為「ERP系統」。投入（Inputs）：ERP系統。覆核／執行步驟（Specific activities）：定期覆核供應商清單，針對已確認不再進行交易之供應商應於SAP系統標示註記。。產出（Outputs）：1. 3年未交易之供應商清單
2. 供應商基本資料表。","[採購及付款循環｜檔案紀錄管理] 適當維護供應商檔案之資料。：定期覆核供應商清單，針對已確認不再進行交易之供應商應於SAP系統標示註記。（頻率：每三年；負責：1. 採購單位
2. 專案採購單位；IUC：ERP系統）",CP103-6,RCM;採購及付款循環;累積範本;去識別範本,2026-08-26 16:28:12
PL-CP103-7,合約內容應考量公司情況訂定最適交易條件，以維護公司權益,採購及付款循環,CP-103,採購,退貨,退貨,退貨作業流程缺乏效率,營運面,,[營運] 退貨作業流程缺乏效率,,,,,合約內容應考量公司情況訂定最適交易條件，以維護公司權益,權責單位應於與供應商合作期間內定期針對合約遵循之情況進行評估；如有不符合之情況，應指派專人追蹤改善情況。,每月／每年,"1. 採購單位
2. 專案採購單位
3. 權責單位","1. 供應商考核表
2. 供應商製造能力評核表
3. 供應商品質系統評核表
4. 供應商企業社會責任評核表
5. 供應商環安衛系統評核表
6. 合格供應商一覽表
7. 當年度主要交易之供應商清單",,供應商管理程序,,"1. 供應商考核表
2. 供應商製造能力評核表
3. 供應商品質系統評核表
4. 供應商企業社會責任評核表
5. 供應商環安衛系統評核表
6. 合格供應商一覽表
7. 當年度主要交易之供應商清單",,,,,,,人工,偵測性 (Detective),,,,"1. 供應商考核表
2. 供應商製造能力評核表
3. 供應商品質系統評核表
4. 供應商企業社會責任評核表
5. 供應商環安衛系統評核表
6. 合格供應商一覽表
7. 當年度主要交易之供應商清單",,,"就公司現行採購及付款循環作業，為因應「退貨」風險——退貨作業流程缺乏效率（風險三大屬性—財務報導：（未填）；營運：[營運] 退貨作業流程缺乏效率；法令遵循：（未填）；RoMM：（RoMM 分類未填）；重大科目／聲明：（重大科目未填）／（聲明未填）），設計控制目標為「合約內容應考量公司情況訂定最適交易條件，以維護公司權益」。由1. 採購單位
2. 專案採購單位
3. 權責單位以人工方式、採偵測性控制取向、屬（類型未填）類型，依每月／每年執行下列控制活動：權責單位應於與供應商合作期間內定期針對合約遵循之情況進行評估；如有不符合之情況，應指派專人追蹤改善情況。。控制執行時使用之 IUC／制度為「1. 供應商考核表
2. 供應商製造能力評核表
3. 供應商品質系統評核表
4. 供應商企業社會責任評核表
5. 供應商環安衛系統評核表
6. 合格供應商一覽表
7. 當年度主要交易之供應商清單」。投入（Inputs）：1. 供應商考核表
2. 供應商製造能力評核表
3. 供應商品質系統評核表
4. 供應商企業社會責任評核表
5. 供應商環安衛系統評核表
6. 合格供應商一覽表
7. 當年度主要交易之供應商清單。覆核／執行步驟（Specific activities）：權責單位應於與供應商合作期間內定期針對合約遵循之情況進行評估；如有不符合之情況，應指派專人追蹤改善情況。。產出（Outputs）：1. 供應商考核表
2. 供應商製造能力評核表
3. 供應商品質系統評核表
4. 供應商企業社會責任評核表
5. 供應商環安衛系統評核表
6. 合格供應商一覽表
7. 當年度主要交易之供應商清單。","[採購及付款循環｜退貨] 合約內容應考量公司情況訂定最適交易條件，以維護公司權益：權責單位應於與供應商合作期間內定期針對合約遵循之情況進行評估；如有不符合之情況，應指派專人追蹤改善情況。（頻率：每月／每年；負責：1. 採購單位
2. 專案採購單位
3. 權責單位；IUC：1. 供應商考核表
2. 供應商製造能力評核表
3. 供應商品質系統評核表
4. 供應商企業社會責任評核表
5. 供應商環安衛系統評核表
6. 合格供應商一覽表
7. 當年度主要交易之供應商清單）",CP103-7,RCM;採購及付款循環;累積範本;去識別範本,2026-08-26 16:28:12
PL-CP103-8,採購作業應制度化，以提升採購效率並確保採購品質，並落實權責劃分,採購及付款循環,CP-103,採購,架構與監控,架構與監控,不適當的職務授權及監督活動,營運面,,[營運] 不適當的職務授權及監督活動,,,,,採購作業應制度化，以提升採購效率並確保採購品質，並落實權責劃分,公司應訂定採購政策並依據金額或品項建立核決權限表以供遵循。,持續,"1. 採購單位
2. 專案採購單位",支出或費用相關類核決權限表,,"1. 採購管理程序
2. 核決權限管理規範
3. 文件與紀錄管制程序",,支出或費用相關類核決權限表,,,,,,,人工,預防性 (Preventive),,,,支出或費用相關類核決權限表,,,"就公司現行採購及付款循環作業，為因應「架構與監控」風險——不適當的職務授權及監督活動（風險三大屬性—財務報導：（未填）；營運：[營運] 不適當的職務授權及監督活動；法令遵循：（未填）；RoMM：（RoMM 分類未填）；重大科目／聲明：（重大科目未填）／（聲明未填）），設計控制目標為「採購作業應制度化，以提升採購效率並確保採購品質，並落實權責劃分」。由1. 採購單位
2. 專案採購單位以人工方式、採預防性控制取向、屬（類型未填）類型，依持續執行下列控制活動：公司應訂定採購政策並依據金額或品項建立核決權限表以供遵循。。控制執行時使用之 IUC／制度為「支出或費用相關類核決權限表」。投入（Inputs）：支出或費用相關類核決權限表。覆核／執行步驟（Specific activities）：公司應訂定採購政策並依據金額或品項建立核決權限表以供遵循。。產出（Outputs）：支出或費用相關類核決權限表。","[採購及付款循環｜架構與監控] 採購作業應制度化，以提升採購效率並確保採購品質，並落實權責劃分：公司應訂定採購政策並依據金額或品項建立核決權限表以供遵循。（頻率：持續；負責：1. 採購單位
2. 專案採購單位；IUC：支出或費用相關類核決權限表）",CP103-8,RCM;採購及付款循環;累積範本;去識別範本,2026-08-26 16:28:12
PL-CP103-9,核准之請購需求應經詢比議價後，選擇最適公司之交易條件進行採購,採購及付款循環,CP-103,採購,外部詐欺,外部詐欺,供應商或業務夥伴詐欺,營運面,,[營運] 供應商或業務夥伴詐欺,,,,,核准之請購需求應經詢比議價後，選擇最適公司之交易條件進行採購,採購單位應依經核准之請購需求進行詢比議價並留存相關文件；如未進行詢比議價作業，應記錄原因並經權責主管核准。,不定期,"1. 採購單位
2. 專案採購單位","1. 報價單
２. 多方比較表
３. 指定供應商說明書",,"1. 採購管理程序
2. 核決權限管理規範",,"1. 報價單
２. 多方比較表
３. 指定供應商說明書",,,,,,,人工,預防性 (Preventive),,,,"1. 報價單
２. 多方比較表
３. 指定供應商說明書",,,"就公司現行採購及付款循環作業，為因應「外部詐欺」風險——供應商或業務夥伴詐欺（風險三大屬性—財務報導：（未填）；營運：[營運] 供應商或業務夥伴詐欺；法令遵循：（未填）；RoMM：（RoMM 分類未填）；重大科目／聲明：（重大科目未填）／（聲明未填）），設計控制目標為「核准之請購需求應經詢比議價後，選擇最適公司之交易條件進行採購」。由1. 採購單位
2. 專案採購單位以人工方式、採預防性控制取向、屬（類型未填）類型，依不定期執行下列控制活動：採購單位應依經核准之請購需求進行詢比議價並留存相關文件；如未進行詢比議價作業，應記錄原因並經權責主管核准。。控制執行時使用之 IUC／制度為「1. 報價單
２. 多方比較表
３. 指定供應商說明書」。投入（Inputs）：1. 報價單
２. 多方比較表
３. 指定供應商說明書。覆核／執行步驟（Specific activities）：採購單位應依經核准之請購需求進行詢比議價並留存相關文件；如未進行詢比議價作業，應記錄原因並經權責主管核准。。產出（Outputs）：1. 報價單
２. 多方比較表
３. 指定供應商說明書。","[採購及付款循環｜外部詐欺] 核准之請購需求應經詢比議價後，選擇最適公司之交易條件進行採購：採購單位應依經核准之請購需求進行詢比議價並留存相關文件；如未進行詢比議價作業，應記錄原因並經權責主管核准。（頻率：不定期；負責：1. 採購單位
2. 專案採購單位；IUC：1. 報價單
２. 多方比較表
３. 指定供應商說明書）",CP103-9,RCM;採購及付款循環;累積範本;去識別範本,2026-08-26 16:28:12
PL-CP103-10,採購單上所列資訊應正確，並且與請購單相符。,採購及付款循環,CP-103,採購,規劃,規劃,不正確的成本考量因素,報導面,[財務報導] 不正確的成本考量因素,,,,"應付帳款、應付設備款、應付薪資、應付租金、應付利息, 應付加工費用、應付模治具費、應付研發料款、應付員工費用、其他應付費用、薪資支出、其他管理費用、勞工退休金、就業安定費、仲介服務費、派遣、伙食費、訓練費、保險費、租金支出、文具用品、旅費、運費、郵電費、修繕費、廣告費、水電瓦斯費、交際費、折舊、各項攤提、進口費用、出口費用、保全費、雜項購置、交通費、勞務費、書報雜誌費、手續費、檢驗測試費、安規認證費、耗材、包裝費、消耗品費、託外進貨加工費、一般加工費、模具費、治具費、工具費、管理費、清潔費、餐費補助(免)、製程廢棄物清除費、網路服務費、職工福利、商標維持費、商標失效費、專利生效費、印刷費、軟體使用費、軟體維護費、稅捐、會議費、委託研究費、專利維持費、專利損失費、研-專利申請費(PCT)、專利其他費用、研發原料、製樣費、製公版費、試產費、研發成本、預付租金、預付保險費、其他預付費用、預付貨款、預付商標權款、預付專利權款、其他預付款、機器設備成本、模具設備成本、電腦通訊設備成本、運輸設備成本、辦公設備成本、租賃資產成本、租賃改良成本",,採購單上所列資訊應正確，並且與請購單相符。,採購單應依據請購單內容建立，經權責主管核准後始得向供應商進行採購。,不定期,"1. 採購單位
2. 專案採購單位","1. ERP系統
2. 流程管理系統系統","1. ERP系統
2. 流程管理系統系統",採購管理程序,,"1. 請購單
2. 請購驗收檢附文件一覽表
3. 採購單",,,,,,,人工,預防性 (Preventive),,,,"1. 請購單
2. 請購驗收檢附文件一覽表
3. 採購單",,,"就公司現行採購及付款循環作業，為因應「規劃」風險——不正確的成本考量因素（風險三大屬性—財務報導：[財務報導] 不正確的成本考量因素；營運：（未填）；法令遵循：（未填）；RoMM：（RoMM 分類未填）；重大科目／聲明：應付帳款、應付設備款、應付薪資、應付租金、應付利息, 應付加工費用、應付模治具費、應付研發料款、應付員工費用、其他應付費用、薪資支出、其他管理費用、勞工退休金、就業安定費、仲介服務費、派遣、伙食費、訓練費、保險費、租金支出、文具用品、旅費、運費、郵電費、修繕費、廣告費、水電瓦斯費、交際費、折舊、各項攤提、進口費用、出口費用、保全費、雜項購置、交通費、勞務費、書報雜誌費、手續費、檢驗測試費、安規認證費、耗材、包裝費、消耗品費、託外進貨加工費、一般加工費、模具費、治具費、工具費、管理費、清潔費、餐費補助(免)、製程廢棄物清除費、網路服務費、職工福利、商標維持費、商標失效費、專利生效費、印刷費、軟體使用費、軟體維護費、稅捐、會議費、委託研究費、專利維持費、專利損失費、研-專利申請費(PCT)、專利其他費用、研發原料、製樣費、製公版費、試產費、研發成本、預付租金、預付保險費、其他預付費用、預付貨款、預付商標權款、預付專利權款、其他預付款、機器設備成本、模具設備成本、電腦通訊設備成本、運輸設備成本、辦公設備成本、租賃資產成本、租賃改良成本／（聲明未填）），設計控制目標為「採購單上所列資訊應正確，並且與請購單相符。」。由1. 採購單位
2. 專案採購單位以人工方式、採預防性控制取向、屬（類型未填）類型，依不定期執行下列控制活動：採購單應依據請購單內容建立，經權責主管核准後始得向供應商進行採購。。控制執行時使用之 IUC／制度為「1. ERP系統
2. 流程管理系統系統」。投入（Inputs）：1. ERP系統
2. 流程管理系統系統。覆核／執行步驟（Specific activities）：採購單應依據請購單內容建立，經權責主管核准後始得向供應商進行採購。。產出（Outputs）：1. 請購單
2. 請購驗收檢附文件一覽表
3. 採購單。","[採購及付款循環｜規劃] 採購單上所列資訊應正確，並且與請購單相符。：採購單應依據請購單內容建立，經權責主管核准後始得向供應商進行採購。（頻率：不定期；負責：1. 採購單位
2. 專案採購單位；IUC：1. ERP系統
2. 流程管理系統系統）",CP103-10,RCM;採購及付款循環;累積範本;去識別範本,2026-08-26 16:28:12
PL-CP103-11,採購變更應經交易雙方確認採購內容正確性,採購及付款循環,CP-103,採購,運送／交貨,運送／交貨,訂單及交期確認流程缺乏效率,營運面,,[營運] 訂單及交期確認流程缺乏效率,,,,,採購變更應經交易雙方確認採購內容正確性,採購變更應取得供應商確認並經權責主管核准。,不定期,"1. 採購單位
2. 專案採購單位","1. ERP系統
2. 流程管理系統系統","1. ERP系統
2. 流程管理系統系統",採購管理程序,,"1. 採購單
2. 確認變更之Email",,,,,,,人工,預防性 (Preventive),,,,"1. 採購單
2. 確認變更之Email",,,"就公司現行採購及付款循環作業，為因應「運送／交貨」風險——訂單及交期確認流程缺乏效率（風險三大屬性—財務報導：（未填）；營運：[營運] 訂單及交期確認流程缺乏效率；法令遵循：（未填）；RoMM：（RoMM 分類未填）；重大科目／聲明：（重大科目未填）／（聲明未填）），設計控制目標為「採購變更應經交易雙方確認採購內容正確性」。由1. 採購單位
2. 專案採購單位以人工方式、採預防性控制取向、屬（類型未填）類型，依不定期執行下列控制活動：採購變更應取得供應商確認並經權責主管核准。。控制執行時使用之 IUC／制度為「1. ERP系統
2. 流程管理系統系統」。投入（Inputs）：1. ERP系統
2. 流程管理系統系統。覆核／執行步驟（Specific activities）：採購變更應取得供應商確認並經權責主管核准。。產出（Outputs）：1. 採購單
2. 確認變更之Email。","[採購及付款循環｜運送／交貨] 採購變更應經交易雙方確認採購內容正確性：採購變更應取得供應商確認並經權責主管核准。（頻率：不定期；負責：1. 採購單位
2. 專案採購單位；IUC：1. ERP系統
2. 流程管理系統系統）",CP103-11,RCM;採購及付款循環;累積範本;去識別範本,2026-08-26 16:28:12
PL-CP103-12,經權責主管核准之有效採購單，均經輸入系統並處理,採購及付款循環,CP-103,採購,運送／交貨,運送／交貨,未能優化採購週期、生產週期、出貨船運週期，導致發生無法如期交貨,營運面,,[營運] 未能優化採購週期、生產週期、出貨船運週期，導致發生無法如期交貨,,,,,經權責主管核准之有效採購單，均經輸入系統並處理,權責主管應定時覆核未結案之採購單，以追蹤採購作業執行進度。,每兩週,"1. 採購單位
2. 專案採購單位",ERP系統,ERP系統,採購管理程序,,"1. 未結採購單清單
2. 採購單交期逾期明細表",,,,,,,人工,偵測性 (Detective),,,,"1. 未結採購單清單
2. 採購單交期逾期明細表",,,"就公司現行採購及付款循環作業，為因應「運送／交貨」風險——未能優化採購週期、生產週期、出貨船運週期，導致發生無法如期交貨（風險三大屬性—財務報導：（未填）；營運：[營運] 未能優化採購週期、生產週期、出貨船運週期，導致發生無法如期交貨；法令遵循：（未填）；RoMM：（RoMM 分類未填）；重大科目／聲明：（重大科目未填）／（聲明未填）），設計控制目標為「經權責主管核准之有效採購單，均經輸入系統並處理」。由1. 採購單位
2. 專案採購單位以人工方式、採偵測性控制取向、屬（類型未填）類型，依每兩週執行下列控制活動：權責主管應定時覆核未結案之採購單，以追蹤採購作業執行進度。。控制執行時使用之 IUC／制度為「ERP系統」。投入（Inputs）：ERP系統。覆核／執行步驟（Specific activities）：權責主管應定時覆核未結案之採購單，以追蹤採購作業執行進度。。產出（Outputs）：1. 未結採購單清單
2. 採購單交期逾期明細表。","[採購及付款循環｜運送／交貨] 經權責主管核准之有效採購單，均經輸入系統並處理：權責主管應定時覆核未結案之採購單，以追蹤採購作業執行進度。（頻率：每兩週；負責：1. 採購單位
2. 專案採購單位；IUC：ERP系統）",CP103-12,RCM;採購及付款循環;累積範本;去識別範本,2026-08-26 16:28:12
PL-CP103-13,採購係依據經核准之請購辦理。,採購及付款循環,CP-103,採購,資訊安全,資訊安全,無效果／無效率的存取控制,營運面,,[營運] 無效果／無效率的存取控制,,,,,採購係依據經核准之請購辦理。,SAP系統應限制僅有經授權之人員始能新增、修改或刪除採購單（purchase order & standing purchase order）。,持續,"1. 採購單位
2. 專案採購單位
3. 資訊單位",ERP系統,ERP系統,採購管理程序,,ERP系統採購單之人員權限清單,,,,,,,自動,預防性 (Preventive),,,,ERP系統採購單之人員權限清單,,,"就公司現行採購及付款循環作業，為因應「資訊安全」風險——無效果／無效率的存取控制（風險三大屬性—財務報導：（未填）；營運：[營運] 無效果／無效率的存取控制；法令遵循：（未填）；RoMM：（RoMM 分類未填）；重大科目／聲明：（重大科目未填）／（聲明未填）），設計控制目標為「採購係依據經核准之請購辦理。」。由1. 採購單位
2. 專案採購單位
3. 資訊單位以自動方式、採預防性控制取向、屬（類型未填）類型，依持續執行下列控制活動：SAP系統應限制僅有經授權之人員始能新增、修改或刪除採購單（purchase order & standing purchase order）。。控制執行時使用之 IUC／制度為「ERP系統」。投入（Inputs）：ERP系統。覆核／執行步驟（Specific activities）：SAP系統應限制僅有經授權之人員始能新增、修改或刪除採購單（purchase order & standing purchase order）。。產出（Outputs）：ERP系統採購單之人員權限清單。","[採購及付款循環｜資訊安全] 採購係依據經核准之請購辦理。：SAP系統應限制僅有經授權之人員始能新增、修改或刪除採購單（purchase order & standing purchase order）。（頻率：持續；負責：1. 採購單位
2. 專案採購單位
3. 資訊單位；IUC：ERP系統）",CP103-13,RCM;採購及付款循環;累積範本;去識別範本,2026-08-26 16:28:12
PL-CP103-14,合約內容應考量公司情況訂定最適交易條件，以維護公司權益,採購及付款循環,CP-103,採購,合約管理,合約管理,簽訂合約的授權管理不當,營運面,,[營運] 簽訂合約的授權管理不當,,,,,合約內容應考量公司情況訂定最適交易條件，以維護公司權益,合約內容應經權責單位審核以確保公司權利。,不定期,"1. 採購單位
2. 專案採購單位
3. 法務單位","1. 機器設備採購合約書／工程合約／委外加工合約／相關合約／報價單
2. 簽呈／內部會辦單",,採購管理程序,,"1. 機器設備採購合約書／工程合約／委外加工合約／相關合約／報價單
2. 簽呈／內部會辦單",,,,,,,人工,預防性 (Preventive),,,,"1. 機器設備採購合約書／工程合約／委外加工合約／相關合約／報價單
2. 簽呈／內部會辦單",,,"就公司現行採購及付款循環作業，為因應「合約管理」風險——簽訂合約的授權管理不當（風險三大屬性—財務報導：（未填）；營運：[營運] 簽訂合約的授權管理不當；法令遵循：（未填）；RoMM：（RoMM 分類未填）；重大科目／聲明：（重大科目未填）／（聲明未填）），設計控制目標為「合約內容應考量公司情況訂定最適交易條件，以維護公司權益」。由1. 採購單位
2. 專案採購單位
3. 法務單位以人工方式、採預防性控制取向、屬（類型未填）類型，依不定期執行下列控制活動：合約內容應經權責單位審核以確保公司權利。。控制執行時使用之 IUC／制度為「1. 機器設備採購合約書／工程合約／委外加工合約／相關合約／報價單
2. 簽呈／內部會辦單」。投入（Inputs）：1. 機器設備採購合約書／工程合約／委外加工合約／相關合約／報價單
2. 簽呈／內部會辦單。覆核／執行步驟（Specific activities）：合約內容應經權責單位審核以確保公司權利。。產出（Outputs）：1. 機器設備採購合約書／工程合約／委外加工合約／相關合約／報價單
2. 簽呈／內部會辦單。","[採購及付款循環｜合約管理] 合約內容應考量公司情況訂定最適交易條件，以維護公司權益：合約內容應經權責單位審核以確保公司權利。（頻率：不定期；負責：1. 採購單位
2. 專案採購單位
3. 法務單位；IUC：1. 機器設備採購合約書／工程合約／委外加工合約／相關合約／報價單
2. 簽呈／內部會辦單）",CP103-14,RCM;採購及付款循環;累積範本;去識別範本,2026-08-26 16:28:12
PL-CP104-1,進口貨物應依據國貿條規訂定交易條件，以明確規範買賣雙方義務,採購及付款循環,CP-104,進口,流程管理,流程管理,不適當之物流通路程序,營運面,,[營運] 不適當之物流通路程序,,,,,進口貨物應依據國貿條規訂定交易條件，以明確規範買賣雙方義務,進口貨物應依國貿條規訂定交易條件並安排進口作業。,不定期,"1. 採購單位
2. 專案採購單位",ERP系統,ERP系統,"1. 採購管理程序
2. 進出口管理辦法",,"1. 供應商基本資料表
2. 採購單",,,,,,,人工,預防性 (Preventive),,,,"1. 供應商基本資料表
2. 採購單",,,"就公司現行採購及付款循環作業，為因應「流程管理」風險——不適當之物流通路程序（風險三大屬性—財務報導：（未填）；營運：[營運] 不適當之物流通路程序；法令遵循：（未填）；RoMM：（RoMM 分類未填）；重大科目／聲明：（重大科目未填）／（聲明未填）），設計控制目標為「進口貨物應依據國貿條規訂定交易條件，以明確規範買賣雙方義務」。由1. 採購單位
2. 專案採購單位以人工方式、採預防性控制取向、屬（類型未填）類型，依不定期執行下列控制活動：進口貨物應依國貿條規訂定交易條件並安排進口作業。。控制執行時使用之 IUC／制度為「ERP系統」。投入（Inputs）：ERP系統。覆核／執行步驟（Specific activities）：進口貨物應依國貿條規訂定交易條件並安排進口作業。。產出（Outputs）：1. 供應商基本資料表
2. 採購單。","[採購及付款循環｜流程管理] 進口貨物應依據國貿條規訂定交易條件，以明確規範買賣雙方義務：進口貨物應依國貿條規訂定交易條件並安排進口作業。（頻率：不定期；負責：1. 採購單位
2. 專案採購單位；IUC：ERP系統）",CP104-1,RCM;採購及付款循環;累積範本;去識別範本,2026-08-26 16:28:12
PL-CP104-2,公司輸出入貨品應依法令規進行申報，以避免違反法令規範而遭致主管機關裁罰,採購及付款循環,CP-104,進口,法律和法規遵循,法律和法規遵循,未遵守法令規定,遵循面,,,[法令遵循] 未遵守法令規定,,,,公司輸出入貨品應依法令規進行申報，以避免違反法令規範而遭致主管機關裁罰,公司輸出入貨品時，應依據「貿易法」等相關法規備妥申請文件向主管機關取得核可。,不定期,進出口單位,"1. 進口需求單
2. 報關行往返Email
3. 進口報單
4. 供應商發票
5. 其他依法規規範之報關文件",,進出口管理辦法,"1. 貿易法
2. 貿易法施行細則
3. 戰略性高科技貨品輸出入管理辦法","1. 進口需求單
2. 報關行往返Email
3. 進口報單
4. 供應商發票
5. 其他依法規規範之報關文件",,,,,,,人工,偵測性 (Detective),,,,"1. 進口需求單
2. 報關行往返Email
3. 進口報單
4. 供應商發票
5. 其他依法規規範之報關文件",,,"就公司現行採購及付款循環作業，為因應「法律和法規遵循」風險——未遵守法令規定（風險三大屬性—財務報導：（未填）；營運：（未填）；法令遵循：[法令遵循] 未遵守法令規定；RoMM：（RoMM 分類未填）；重大科目／聲明：（重大科目未填）／（聲明未填）），設計控制目標為「公司輸出入貨品應依法令規進行申報，以避免違反法令規範而遭致主管機關裁罰」。由進出口單位以人工方式、採偵測性控制取向、屬（類型未填）類型，依不定期執行下列控制活動：公司輸出入貨品時，應依據「貿易法」等相關法規備妥申請文件向主管機關取得核可。。控制執行時使用之 IUC／制度為「1. 進口需求單
2. 報關行往返Email
3. 進口報單
4. 供應商發票
5. 其他依法規規範之報關文件」。投入（Inputs）：1. 進口需求單
2. 報關行往返Email
3. 進口報單
4. 供應商發票
5. 其他依法規規範之報關文件。覆核／執行步驟（Specific activities）：公司輸出入貨品時，應依據「貿易法」等相關法規備妥申請文件向主管機關取得核可。。產出（Outputs）：1. 進口需求單
2. 報關行往返Email
3. 進口報單
4. 供應商發票
5. 其他依法規規範之報關文件。","[採購及付款循環｜法律和法規遵循] 公司輸出入貨品應依法令規進行申報，以避免違反法令規範而遭致主管機關裁罰：公司輸出入貨品時，應依據「貿易法」等相關法規備妥申請文件向主管機關取得核可。（頻率：不定期；負責：進出口單位；IUC：1. 進口需求單
2. 報關行往返Email
3. 進口報單
4. 供應商發票
5. 其他依法規規範之報關文件）",CP104-2,RCM;採購及付款循環;累積範本;去識別範本,2026-08-26 16:28:12
PL-CP104-3,進口貨物提貨時，應檢驗貨品之正確性及完整性，以維護公司權益,採購及付款循環,CP-104,進口,流程管理,流程管理,不適當之物流通路程序,營運面,,[營運] 不適當之物流通路程序,,,,,進口貨物提貨時，應檢驗貨品之正確性及完整性，以維護公司權益,提貨時應檢視確認物品之品項或進口數量，如有損壞或遺失，應釐清問題並依合約規範進行處理。,不定期,"1. 倉管單位
2. 進出口單位","1. 出貨文件
2. 公證報告（如有公證）
3. 索賠申請文件",,進出口管理辦法,,"1. 出貨文件
2. 公證報告（如有公證）
3. 索賠申請文件",,,,,,,人工,預防性 (Preventive),,,,"1. 出貨文件
2. 公證報告（如有公證）
3. 索賠申請文件",,,"就公司現行採購及付款循環作業，為因應「流程管理」風險——不適當之物流通路程序（風險三大屬性—財務報導：（未填）；營運：[營運] 不適當之物流通路程序；法令遵循：（未填）；RoMM：（RoMM 分類未填）；重大科目／聲明：（重大科目未填）／（聲明未填）），設計控制目標為「進口貨物提貨時，應檢驗貨品之正確性及完整性，以維護公司權益」。由1. 倉管單位
2. 進出口單位以人工方式、採預防性控制取向、屬（類型未填）類型，依不定期執行下列控制活動：提貨時應檢視確認物品之品項或進口數量，如有損壞或遺失，應釐清問題並依合約規範進行處理。。控制執行時使用之 IUC／制度為「1. 出貨文件
2. 公證報告（如有公證）
3. 索賠申請文件」。投入（Inputs）：1. 出貨文件
2. 公證報告（如有公證）
3. 索賠申請文件。覆核／執行步驟（Specific activities）：提貨時應檢視確認物品之品項或進口數量，如有損壞或遺失，應釐清問題並依合約規範進行處理。。產出（Outputs）：1. 出貨文件
2. 公證報告（如有公證）
3. 索賠申請文件。","[採購及付款循環｜流程管理] 進口貨物提貨時，應檢驗貨品之正確性及完整性，以維護公司權益：提貨時應檢視確認物品之品項或進口數量，如有損壞或遺失，應釐清問題並依合約規範進行處理。（頻率：不定期；負責：1. 倉管單位
2. 進出口單位；IUC：1. 出貨文件
2. 公證報告（如有公證）
3. 索賠申請文件）",CP104-3,RCM;採購及付款循環;累積範本;去識別範本,2026-08-26 16:28:12
PL-CP105-1,有效之採購單所採購之物品或服務才可辦理驗收。,採購及付款循環,CP-105,驗收,流程管理,流程管理,不適當之物流通路程序,營運面,,[營運] 不適當之物流通路程序,,,,,有效之採購單所採購之物品或服務才可辦理驗收。,採購驗收時應核對相關進貨文件確認供應商所送物品或提供之服務與原始採購項目相符。如不一致，應調查原因並即時處理。,不定期,倉管單位,"1. ERP系統
2. MES系統","1. ERP系統
2. MES系統",倉儲管理程序,,"1. 採購進貨明細彙總表
2. 送貨單
3. 進貨單",,,,,,,人工,預防性 (Preventive),,,,"1. 採購進貨明細彙總表
2. 送貨單
3. 進貨單",,,"就公司現行採購及付款循環作業，為因應「流程管理」風險——不適當之物流通路程序（風險三大屬性—財務報導：（未填）；營運：[營運] 不適當之物流通路程序；法令遵循：（未填）；RoMM：（RoMM 分類未填）；重大科目／聲明：（重大科目未填）／（聲明未填）），設計控制目標為「有效之採購單所採購之物品或服務才可辦理驗收。」。由倉管單位以人工方式、採預防性控制取向、屬（類型未填）類型，依不定期執行下列控制活動：採購驗收時應核對相關進貨文件確認供應商所送物品或提供之服務與原始採購項目相符。如不一致，應調查原因並即時處理。。控制執行時使用之 IUC／制度為「1. ERP系統
2. MES系統」。投入（Inputs）：1. ERP系統
2. MES系統。覆核／執行步驟（Specific activities）：採購驗收時應核對相關進貨文件確認供應商所送物品或提供之服務與原始採購項目相符。如不一致，應調查原因並即時處理。。產出（Outputs）：1. 採購進貨明細彙總表
2. 送貨單
3. 進貨單。","[採購及付款循環｜流程管理] 有效之採購單所採購之物品或服務才可辦理驗收。：採購驗收時應核對相關進貨文件確認供應商所送物品或提供之服務與原始採購項目相符。如不一致，應調查原因並即時處理。（頻率：不定期；負責：倉管單位；IUC：1. ERP系統
2. MES系統）",CP105-1,RCM;採購及付款循環;累積範本;去識別範本,2026-08-26 16:28:12
PL-CP105-2,有效之採購單所採購之物品或服務才可辦理驗收。,採購及付款循環,CP-105,驗收,資訊安全,資訊安全,無效果／無效率的存取控制,營運面,,[營運] 無效果／無效率的存取控制,,,,,有效之採購單所採購之物品或服務才可辦理驗收。,SAP系統應限制僅有經授權之人員始能新增、修改或刪除收貨交易。,持續,"1. 倉管單位
2. 資訊單位","1. ERP系統
2. MES系統","1. ERP系統
2. MES系統",,,"1. ERP系統收貨資料之人員權限清單
2. MES系統收貨資料之人員權限清單",,,,,,,自動,預防性 (Preventive),,,,"1. ERP系統收貨資料之人員權限清單
2. MES系統收貨資料之人員權限清單",,,"就公司現行採購及付款循環作業，為因應「資訊安全」風險——無效果／無效率的存取控制（風險三大屬性—財務報導：（未填）；營運：[營運] 無效果／無效率的存取控制；法令遵循：（未填）；RoMM：（RoMM 分類未填）；重大科目／聲明：（重大科目未填）／（聲明未填）），設計控制目標為「有效之採購單所採購之物品或服務才可辦理驗收。」。由1. 倉管單位
2. 資訊單位以自動方式、採預防性控制取向、屬（類型未填）類型，依持續執行下列控制活動：SAP系統應限制僅有經授權之人員始能新增、修改或刪除收貨交易。。控制執行時使用之 IUC／制度為「1. ERP系統
2. MES系統」。投入（Inputs）：1. ERP系統
2. MES系統。覆核／執行步驟（Specific activities）：SAP系統應限制僅有經授權之人員始能新增、修改或刪除收貨交易。。產出（Outputs）：1. ERP系統收貨資料之人員權限清單
2. MES系統收貨資料之人員權限清單。","[採購及付款循環｜資訊安全] 有效之採購單所採購之物品或服務才可辦理驗收。：SAP系統應限制僅有經授權之人員始能新增、修改或刪除收貨交易。（頻率：持續；負責：1. 倉管單位
2. 資訊單位；IUC：1. ERP系統
2. MES系統）",CP105-2,RCM;採購及付款循環;累積範本;去識別範本,2026-08-26 16:28:12
PL-CP105-3,採購項目應符合採購需求,採購及付款循環,CP-105,驗收,採購,採購,物品／原物料請採購品質控管不充足,營運面,,[營運] 物品／原物料請採購品質控管不充足,,,,,採購項目應符合採購需求,權責單位應針對採購項目執行檢驗，以確定符合採購需求。,不定期,"1. 品保單位
2. 權責單位
3. 倉管單位","1. ERP系統
2. MES系統","1. ERP系統
2. MES系統",倉儲管理程序,,"1. 進貨單
2. 驗收單
3. 相關驗收紀錄",,,,,,,人工,預防性 (Preventive),,,,"1. 進貨單
2. 驗收單
3. 相關驗收紀錄",,,"就公司現行採購及付款循環作業，為因應「採購」風險——物品／原物料請採購品質控管不充足（風險三大屬性—財務報導：（未填）；營運：[營運] 物品／原物料請採購品質控管不充足；法令遵循：（未填）；RoMM：（RoMM 分類未填）；重大科目／聲明：（重大科目未填）／（聲明未填）），設計控制目標為「採購項目應符合採購需求」。由1. 品保單位
2. 權責單位
3. 倉管單位以人工方式、採預防性控制取向、屬（類型未填）類型，依不定期執行下列控制活動：權責單位應針對採購項目執行檢驗，以確定符合採購需求。。控制執行時使用之 IUC／制度為「1. ERP系統
2. MES系統」。投入（Inputs）：1. ERP系統
2. MES系統。覆核／執行步驟（Specific activities）：權責單位應針對採購項目執行檢驗，以確定符合採購需求。。產出（Outputs）：1. 進貨單
2. 驗收單
3. 相關驗收紀錄。","[採購及付款循環｜採購] 採購項目應符合採購需求：權責單位應針對採購項目執行檢驗，以確定符合採購需求。（頻率：不定期；負責：1. 品保單位
2. 權責單位
3. 倉管單位；IUC：1. ERP系統
2. MES系統）",CP105-3,RCM;採購及付款循環;累積範本;去識別範本,2026-08-26 16:28:12
PL-CP105-4,公司應依規定進行驗收，且驗收不合格應有適當處理程序,採購及付款循環,CP-105,驗收,退貨,退貨,退貨作業流程缺乏效率,營運面,,[營運] 退貨作業流程缺乏效率,,,,,公司應依規定進行驗收，且驗收不合格應有適當處理程序,公司應訂定相關驗收不合格之流程規範，且相關單位應依照規範辦理驗退作業並與供應商討論後續處理程序。,持續／不定期,"1. 品保單位
2. 權責單位
3. 倉管單位
4.採購單位",ERP系統,ERP系統,"1. 倉儲管理程序
2. 不合格品管制作業程序
3. 矯正與預防措施管制程序",,"1. 驗收單
2. 簽呈
3. 內部特殊驗收單",,,,,,,人工,預防性 (Preventive),,,,"1. 驗收單
2. 簽呈
3. 內部特殊驗收單",,,"就公司現行採購及付款循環作業，為因應「退貨」風險——退貨作業流程缺乏效率（風險三大屬性—財務報導：（未填）；營運：[營運] 退貨作業流程缺乏效率；法令遵循：（未填）；RoMM：（RoMM 分類未填）；重大科目／聲明：（重大科目未填）／（聲明未填）），設計控制目標為「公司應依規定進行驗收，且驗收不合格應有適當處理程序」。由1. 品保單位
2. 權責單位
3. 倉管單位
4.採購單位以人工方式、採預防性控制取向、屬（類型未填）類型，依持續/不定期執行下列控制活動：公司應訂定相關驗收不合格之流程規範，且相關單位應依照規範辦理驗退作業並與供應商討論後續處理程序。。控制執行時使用之 IUC／制度為「ERP系統」。投入（Inputs）：ERP系統。覆核／執行步驟（Specific activities）：公司應訂定相關驗收不合格之流程規範，且相關單位應依照規範辦理驗退作業並與供應商討論後續處理程序。。產出（Outputs）：1. 驗收單
2. 簽呈
3. 內部特殊驗收單。","[採購及付款循環｜退貨] 公司應依規定進行驗收，且驗收不合格應有適當處理程序：公司應訂定相關驗收不合格之流程規範，且相關單位應依照規範辦理驗退作業並與供應商討論後續處理程序。（頻率：持續/不定期；負責：1. 品保單位
2. 權責單位
3. 倉管單位
4.採購單位；IUC：ERP系統）",CP105-4,RCM;採購及付款循環;累積範本;去識別範本,2026-08-26 16:28:12
PL-CP105-5,應付帳款產生後，若發生進貨退出或折讓，則應記錄於適當之會計期間。,採購及付款循環,CP-105,驗收,會計,會計,不實的財務資訊,報導面,[財務報導] 不實的財務資訊,,,,"應付帳款、應付設備款、應付薪資、應付租金、應付利息, 應付加工費用、應付模治具費、應付研發料款、應付員工費用、其他應付費用、薪資支出、其他管理費用、勞工退休金、就業安定費、仲介服務費、派遣、伙食費、訓練費、保險費、租金支出、文具用品、旅費、運費、郵電費、修繕費、廣告費、水電瓦斯費、交際費、折舊、各項攤提、進口費用、出口費用、保全費、雜項購置、交通費、勞務費、書報雜誌費、手續費、檢驗測試費、安規認證費、耗材、包裝費、消耗品費、託外進貨加工費、一般加工費、模具費、治具費、工具費、管理費、清潔費、餐費補助(免)、製程廢棄物清除費、網路服務費、職工福利、商標維持費、商標失效費、專利生效費、印刷費、軟體使用費、軟體維護費、稅捐、會議費、委託研究費、專利維持費、專利損失費、研-專利申請費(PCT)、專利其他費用、研發原料、製樣費、製公版費、試產費、研發成本、預付租金、預付保險費、其他預付費用、預付貨款、預付商標權款、預付專利權款、其他預付款",,應付帳款產生後，若發生進貨退出或折讓，則應記錄於適當之會計期間。,進貨退出應即時且正確入帳。權責人員應定期檢視進貨退出紀錄，以確認進貨退出係於適當之會計期間入帳。,不定期／每月,"1. 會計單位
2. 專案會計單位","1. ERP
2. MES","1. ERP
2. MES","1. 倉儲管理程序
2. 不合格品管制作業程序
3. 矯正與預防措施管制程序",,"1. 折讓單
2. 退貨採購單
3. 系統查詢款項入帳情況之相關畫面（MIR6）",,,,,,,人工,偵測性 (Detective),,,,"1. 折讓單
2. 退貨採購單
3. 系統查詢款項入帳情況之相關畫面（MIR6）",,,"就公司現行採購及付款循環作業，為因應「會計」風險——不實的財務資訊（風險三大屬性—財務報導：[財務報導] 不實的財務資訊；營運：（未填）；法令遵循：（未填）；RoMM：（RoMM 分類未填）；重大科目／聲明：應付帳款、應付設備款、應付薪資、應付租金、應付利息, 應付加工費用、應付模治具費、應付研發料款、應付員工費用、其他應付費用、薪資支出、其他管理費用、勞工退休金、就業安定費、仲介服務費、派遣、伙食費、訓練費、保險費、租金支出、文具用品、旅費、運費、郵電費、修繕費、廣告費、水電瓦斯費、交際費、折舊、各項攤提、進口費用、出口費用、保全費、雜項購置、交通費、勞務費、書報雜誌費、手續費、檢驗測試費、安規認證費、耗材、包裝費、消耗品費、託外進貨加工費、一般加工費、模具費、治具費、工具費、管理費、清潔費、餐費補助(免)、製程廢棄物清除費、網路服務費、職工福利、商標維持費、商標失效費、專利生效費、印刷費、軟體使用費、軟體維護費、稅捐、會議費、委託研究費、專利維持費、專利損失費、研-專利申請費(PCT)、專利其他費用、研發原料、製樣費、製公版費、試產費、研發成本、預付租金、預付保險費、其他預付費用、預付貨款、預付商標權款、預付專利權款、其他預付款／（聲明未填）），設計控制目標為「應付帳款產生後，若發生進貨退出或折讓，則應記錄於適當之會計期間。」。由1. 會計單位
2. 專案會計單位以人工方式、採偵測性控制取向、屬（類型未填）類型，依不定期/每月執行下列控制活動：進貨退出應即時且正確入帳。權責人員應定期檢視進貨退出紀錄，以確認進貨退出係於適當之會計期間入帳。。控制執行時使用之 IUC／制度為「1. ERP
2. MES」。投入（Inputs）：1. ERP
2. MES。覆核／執行步驟（Specific activities）：進貨退出應即時且正確入帳。權責人員應定期檢視進貨退出紀錄，以確認進貨退出係於適當之會計期間入帳。。產出（Outputs）：1. 折讓單
2. 退貨採購單
3. 系統查詢款項入帳情況之相關畫面（MIR6）。","[採購及付款循環｜會計] 應付帳款產生後，若發生進貨退出或折讓，則應記錄於適當之會計期間。：進貨退出應即時且正確入帳。權責人員應定期檢視進貨退出紀錄，以確認進貨退出係於適當之會計期間入帳。（頻率：不定期/每月；負責：1. 會計單位
2. 專案會計單位；IUC：1. ERP
2. MES）",CP105-5,RCM;採購及付款循環;累積範本;去識別範本,2026-08-26 16:28:12
PL-CP105-6,所有收貨均經正確且及時地記錄。,採購及付款循環,CP-105,驗收,會計,會計,不實的財務資訊,報導面,[財務報導] 不實的財務資訊,,,,"應付帳款、應付設備款、應付薪資、應付租金、應付利息, 應付加工費用、應付模治具費、應付研發料款、應付員工費用、其他應付費用、薪資支出、其他管理費用、勞工退休金、就業安定費、仲介服務費、派遣、伙食費、訓練費、保險費、租金支出、文具用品、旅費、運費、郵電費、修繕費、廣告費、水電瓦斯費、交際費、折舊、各項攤提、進口費用、出口費用、保全費、雜項購置、交通費、勞務費、書報雜誌費、手續費、檢驗測試費、安規認證費、耗材、包裝費、消耗品費、託外進貨加工費、一般加工費、模具費、治具費、工具費、管理費、清潔費、餐費補助(免)、製程廢棄物清除費、網路服務費、職工福利、商標維持費、商標失效費、專利生效費、印刷費、軟體使用費、軟體維護費、稅捐、會議費、委託研究費、專利維持費、專利損失費、研-專利申請費(PCT)、專利其他費用、研發原料、製樣費、製公版費、試產費、研發成本、預付租金、預付保險費、其他預付費用、預付貨款、預付商標權款、預付專利權款、其他預付款、機器設備成本、模具設備成本、電腦通訊設備成本、運輸設備成本、辦公設備成本、租賃資產成本、租賃改良成本",,所有收貨均經正確且及時地記錄。,SAP系統應設定將驗收紀錄自動比對至採購單。驗收與採購內容不相符，則系統無法建立收料資訊。,持續,"1. 倉管單位
2. 資訊單位","1. ERP系統
2. MES系統","1. ERP系統
2. MES系統",,,1.驗收數大於採購數系統警訊,,,,,,,自動,預防性 (Preventive),,,,1.驗收數大於採購數系統警訊,,,"就公司現行採購及付款循環作業，為因應「會計」風險——不實的財務資訊（風險三大屬性—財務報導：[財務報導] 不實的財務資訊；營運：（未填）；法令遵循：（未填）；RoMM：（RoMM 分類未填）；重大科目／聲明：應付帳款、應付設備款、應付薪資、應付租金、應付利息, 應付加工費用、應付模治具費、應付研發料款、應付員工費用、其他應付費用、薪資支出、其他管理費用、勞工退休金、就業安定費、仲介服務費、派遣、伙食費、訓練費、保險費、租金支出、文具用品、旅費、運費、郵電費、修繕費、廣告費、水電瓦斯費、交際費、折舊、各項攤提、進口費用、出口費用、保全費、雜項購置、交通費、勞務費、書報雜誌費、手續費、檢驗測試費、安規認證費、耗材、包裝費、消耗品費、託外進貨加工費、一般加工費、模具費、治具費、工具費、管理費、清潔費、餐費補助(免)、製程廢棄物清除費、網路服務費、職工福利、商標維持費、商標失效費、專利生效費、印刷費、軟體使用費、軟體維護費、稅捐、會議費、委託研究費、專利維持費、專利損失費、研-專利申請費(PCT)、專利其他費用、研發原料、製樣費、製公版費、試產費、研發成本、預付租金、預付保險費、其他預付費用、預付貨款、預付商標權款、預付專利權款、其他預付款、機器設備成本、模具設備成本、電腦通訊設備成本、運輸設備成本、辦公設備成本、租賃資產成本、租賃改良成本／（聲明未填）），設計控制目標為「所有收貨均經正確且及時地記錄。」。由1. 倉管單位
2. 資訊單位以自動方式、採預防性控制取向、屬（類型未填）類型，依持續執行下列控制活動：SAP系統應設定將驗收紀錄自動比對至採購單。驗收與採購內容不相符，則系統無法建立收料資訊。。控制執行時使用之 IUC／制度為「1. ERP系統
2. MES系統」。投入（Inputs）：1. ERP系統
2. MES系統。覆核／執行步驟（Specific activities）：SAP系統應設定將驗收紀錄自動比對至採購單。驗收與採購內容不相符，則系統無法建立收料資訊。。產出（Outputs）：1.驗收數大於採購數系統警訊。","[採購及付款循環｜會計] 所有收貨均經正確且及時地記錄。：SAP系統應設定將驗收紀錄自動比對至採購單。驗收與採購內容不相符，則系統無法建立收料資訊。（頻率：持續；負責：1. 倉管單位
2. 資訊單位；IUC：1. ERP系統
2. MES系統）",CP105-6,RCM;採購及付款循環;累積範本;去識別範本,2026-08-26 16:28:12
PL-CP105-7,倉庫收料應即時記錄於適當之會計期間。,採購及付款循環,CP-105,驗收,會計,會計,不實的財務資訊,報導面,[財務報導] 不實的財務資訊,,,,銷貨成本、商品存貨、製成品、半成品、在製品、原料、原料退出、原料折讓、物料、在途原料、備抵存貨跌價,,倉庫收料應即時記錄於適當之會計期間。,會計期間結束前後完成之驗收應經核對或調節，以確認該驗收紀錄完整且正確記錄於適當會計期間。,每月,"1. 會計單位
2. 專案會計單位","1. ERP系統
2. MES系統","1. ERP系統
2. MES系統",,,"1. 結帳控管表
2. 入帳傳票",,,,,,,人工,偵測性 (Detective),,,,"1. 結帳控管表
2. 入帳傳票",,,"就公司現行採購及付款循環作業，為因應「會計」風險——不實的財務資訊（風險三大屬性—財務報導：[財務報導] 不實的財務資訊；營運：（未填）；法令遵循：（未填）；RoMM：（RoMM 分類未填）；重大科目／聲明：銷貨成本、商品存貨、製成品、半成品、在製品、原料、原料退出、原料折讓、物料、在途原料、備抵存貨跌價／（聲明未填）），設計控制目標為「倉庫收料應即時記錄於適當之會計期間。」。由1. 會計單位
2. 專案會計單位以人工方式、採偵測性控制取向、屬（類型未填）類型，依每月執行下列控制活動：會計期間結束前後完成之驗收應經核對或調節，以確認該驗收紀錄完整且正確記錄於適當會計期間。。控制執行時使用之 IUC／制度為「1. ERP系統
2. MES系統」。投入（Inputs）：1. ERP系統
2. MES系統。覆核／執行步驟（Specific activities）：會計期間結束前後完成之驗收應經核對或調節，以確認該驗收紀錄完整且正確記錄於適當會計期間。。產出（Outputs）：1. 結帳控管表
2. 入帳傳票。","[採購及付款循環｜會計] 倉庫收料應即時記錄於適當之會計期間。：會計期間結束前後完成之驗收應經核對或調節，以確認該驗收紀錄完整且正確記錄於適當會計期間。（頻率：每月；負責：1. 會計單位
2. 專案會計單位；IUC：1. ERP系統
2. MES系統）",CP105-7,RCM;採購及付款循環;累積範本;去識別範本,2026-08-26 16:28:12
PL-CP106-1,應付帳款應經正確且適當之記錄。,採購及付款循環,CP-106,付款,會計,會計,對會計分錄的控制不足,報導面,[財務報導] 對會計分錄的控制不足,,,,"應付帳款、應付設備款、應付薪資、應付租金、應付利息, 應付加工費用、應付模治具費、應付研發料款、應付員工費用、其他應付費用、薪資支出、其他管理費用、勞工退休金、就業安定費、仲介服務費、派遣、伙食費、訓練費、保險費、租金支出、文具用品、旅費、運費、郵電費、修繕費、廣告費、水電瓦斯費、交際費、折舊、各項攤提、進口費用、出口費用、保全費、雜項購置、交通費、勞務費、書報雜誌費、手續費、檢驗測試費、安規認證費、耗材、包裝費、消耗品費、託外進貨加工費、一般加工費、模具費、治具費、工具費、管理費、清潔費、餐費補助(免)、製程廢棄物清除費、網路服務費、職工福利、商標維持費、商標失效費、專利生效費、印刷費、軟體使用費、軟體維護費、稅捐、會議費、委託研究費、專利維持費、專利損失費、研-專利申請費(PCT)、專利其他費用、研發原料、製樣費、製公版費、試產費、研發成本、預付租金、預付保險費、其他預付費用、預付貨款、預付商標權款、預付專利權款、其他預付款",,應付帳款應經正確且適當之記錄。,SAP系統應設定將供應商發票自動比對收料資訊。供應商發票與收貨單內容不相符，則系統無法建立正式的應付帳款科目。,持續,"1. 採購單位
2. 專案採購單位",ERP系統,ERP系統,請款及付款管理辦法,,"1. 發票
2. 進貨單
3. 驗收單",,,,,,,自動,預防性 (Preventive),,,,"1. 發票
2. 進貨單
3. 驗收單",,,"就公司現行採購及付款循環作業，為因應「會計」風險——對會計分錄的控制不足（風險三大屬性—財務報導：[財務報導] 對會計分錄的控制不足；營運：（未填）；法令遵循：（未填）；RoMM：（RoMM 分類未填）；重大科目／聲明：應付帳款、應付設備款、應付薪資、應付租金、應付利息, 應付加工費用、應付模治具費、應付研發料款、應付員工費用、其他應付費用、薪資支出、其他管理費用、勞工退休金、就業安定費、仲介服務費、派遣、伙食費、訓練費、保險費、租金支出、文具用品、旅費、運費、郵電費、修繕費、廣告費、水電瓦斯費、交際費、折舊、各項攤提、進口費用、出口費用、保全費、雜項購置、交通費、勞務費、書報雜誌費、手續費、檢驗測試費、安規認證費、耗材、包裝費、消耗品費、託外進貨加工費、一般加工費、模具費、治具費、工具費、管理費、清潔費、餐費補助(免)、製程廢棄物清除費、網路服務費、職工福利、商標維持費、商標失效費、專利生效費、印刷費、軟體使用費、軟體維護費、稅捐、會議費、委託研究費、專利維持費、專利損失費、研-專利申請費(PCT)、專利其他費用、研發原料、製樣費、製公版費、試產費、研發成本、預付租金、預付保險費、其他預付費用、預付貨款、預付商標權款、預付專利權款、其他預付款／（聲明未填）），設計控制目標為「應付帳款應經正確且適當之記錄。」。由1. 採購單位
2. 專案採購單位以自動方式、採預防性控制取向、屬（類型未填）類型，依持續執行下列控制活動：SAP系統應設定將供應商發票自動比對收料資訊。供應商發票與收貨單內容不相符，則系統無法建立正式的應付帳款科目。。控制執行時使用之 IUC／制度為「ERP系統」。投入（Inputs）：ERP系統。覆核／執行步驟（Specific activities）：SAP系統應設定將供應商發票自動比對收料資訊。供應商發票與收貨單內容不相符，則系統無法建立正式的應付帳款科目。。產出（Outputs）：1. 發票
2. 進貨單
3. 驗收單。","[採購及付款循環｜會計] 應付帳款應經正確且適當之記錄。：SAP系統應設定將供應商發票自動比對收料資訊。供應商發票與收貨單內容不相符，則系統無法建立正式的應付帳款科目。（頻率：持續；負責：1. 採購單位
2. 專案採購單位；IUC：ERP系統）",CP106-1,RCM;採購及付款循環;累積範本;去識別範本,2026-08-26 16:28:13
PL-CP106-2,經驗收之物品或服務才予以付款。,採購及付款循環,CP-106,付款,會計,會計,不實的財務資訊,報導面,[財務報導] 不實的財務資訊,,,,"應付帳款、應付設備款、應付薪資、應付租金、應付利息, 應付加工費用、應付模治具費、應付研發料款、應付員工費用、其他應付費用、薪資支出、其他管理費用、勞工退休金、就業安定費、仲介服務費、派遣、伙食費、訓練費、保險費、租金支出、文具用品、旅費、運費、郵電費、修繕費、廣告費、水電瓦斯費、交際費、折舊、各項攤提、進口費用、出口費用、保全費、雜項購置、交通費、勞務費、書報雜誌費、手續費、檢驗測試費、安規認證費、耗材、包裝費、消耗品費、託外進貨加工費、一般加工費、模具費、治具費、工具費、管理費、清潔費、餐費補助(免)、製程廢棄物清除費、網路服務費、職工福利、商標維持費、商標失效費、專利生效費、印刷費、軟體使用費、軟體維護費、稅捐、會議費、委託研究費、專利維持費、專利損失費、研-專利申請費(PCT)、專利其他費用、研發原料、製樣費、製公版費、試產費、研發成本、預付租金、預付保險費、其他預付費用、預付貨款、預付商標權款、預付專利權款、其他預付款",,經驗收之物品或服務才予以付款。,應付帳款入帳前，應確認採購單、驗收紀錄及供應商憑證相符；若發現採購品項或金額不符，應查明原因並即時調整。,不定期,"1. 會計單位
2. 專案會計單位",ERP系統,ERP系統,請款及付款管理辦法,,"1. 發票
2. 採購單
3. 進貨單
4. 驗收單
5. 應付傳票",,,,,,,人工,預防性 (Preventive),,,,"1. 發票
2. 採購單
3. 進貨單
4. 驗收單
5. 應付傳票",,,"就公司現行採購及付款循環作業，為因應「會計」風險——不實的財務資訊（風險三大屬性—財務報導：[財務報導] 不實的財務資訊；營運：（未填）；法令遵循：（未填）；RoMM：（RoMM 分類未填）；重大科目／聲明：應付帳款、應付設備款、應付薪資、應付租金、應付利息, 應付加工費用、應付模治具費、應付研發料款、應付員工費用、其他應付費用、薪資支出、其他管理費用、勞工退休金、就業安定費、仲介服務費、派遣、伙食費、訓練費、保險費、租金支出、文具用品、旅費、運費、郵電費、修繕費、廣告費、水電瓦斯費、交際費、折舊、各項攤提、進口費用、出口費用、保全費、雜項購置、交通費、勞務費、書報雜誌費、手續費、檢驗測試費、安規認證費、耗材、包裝費、消耗品費、託外進貨加工費、一般加工費、模具費、治具費、工具費、管理費、清潔費、餐費補助(免)、製程廢棄物清除費、網路服務費、職工福利、商標維持費、商標失效費、專利生效費、印刷費、軟體使用費、軟體維護費、稅捐、會議費、委託研究費、專利維持費、專利損失費、研-專利申請費(PCT)、專利其他費用、研發原料、製樣費、製公版費、試產費、研發成本、預付租金、預付保險費、其他預付費用、預付貨款、預付商標權款、預付專利權款、其他預付款／（聲明未填）），設計控制目標為「經驗收之物品或服務才予以付款。」。由1. 會計單位
2. 專案會計單位以人工方式、採預防性控制取向、屬（類型未填）類型，依不定期執行下列控制活動：應付帳款入帳前，應確認採購單、驗收紀錄及供應商憑證相符；若發現採購品項或金額不符，應查明原因並即時調整。。控制執行時使用之 IUC／制度為「ERP系統」。投入（Inputs）：ERP系統。覆核／執行步驟（Specific activities）：應付帳款入帳前，應確認採購單、驗收紀錄及供應商憑證相符；若發現採購品項或金額不符，應查明原因並即時調整。。產出（Outputs）：1. 發票
2. 採購單
3. 進貨單
4. 驗收單
5. 應付傳票。","[採購及付款循環｜會計] 經驗收之物品或服務才予以付款。：應付帳款入帳前，應確認採購單、驗收紀錄及供應商憑證相符；若發現採購品項或金額不符，應查明原因並即時調整。（頻率：不定期；負責：1. 會計單位
2. 專案會計單位；IUC：ERP系統）",CP106-2,RCM;採購及付款循環;累積範本;去識別範本,2026-08-26 16:28:13
PL-CP106-3,應付帳款應經正確且適當之記錄。,採購及付款循環,CP-106,付款,會計,會計,不實的財務資訊,報導面,[財務報導] 不實的財務資訊,,,,"應付帳款、應付設備款、應付薪資、應付租金、應付利息, 應付加工費用、應付模治具費、應付研發料款、應付員工費用、其他應付費用、薪資支出、其他管理費用、勞工退休金、就業安定費、仲介服務費、派遣、伙食費、訓練費、保險費、租金支出、文具用品、旅費、運費、郵電費、修繕費、廣告費、水電瓦斯費、交際費、折舊、各項攤提、進口費用、出口費用、保全費、雜項購置、交通費、勞務費、書報雜誌費、手續費、檢驗測試費、安規認證費、耗材、包裝費、消耗品費、託外進貨加工費、一般加工費、模具費、治具費、工具費、管理費、清潔費、餐費補助(免)、製程廢棄物清除費、網路服務費、職工福利、商標維持費、商標失效費、專利生效費、印刷費、軟體使用費、軟體維護費、稅捐、會議費、委託研究費、專利維持費、專利損失費、研-專利申請費(PCT)、專利其他費用、研發原料、製樣費、製公版費、試產費、研發成本、預付租金、預付保險費、其他預付費用、預付貨款、預付商標權款、預付專利權款、其他預付款",,應付帳款應經正確且適當之記錄。,應與供應商確認應付帳款入帳紀錄，若發現差異或有異常，應查明原因並調整。,每月／每季,"1. 會計單位
2. 專案會計單位
3. 採購單位
4. 專案採購單位","1. AR對帳單
2. 關係人調節表
3. 非關係人調節表",,,,"1. AR對帳單
2. 關係人調節表
3. 非關係人調節表",,,,,,,人工,預防性 (Preventive),,,,"1. AR對帳單
2. 關係人調節表
3. 非關係人調節表",,,"就公司現行採購及付款循環作業，為因應「會計」風險——不實的財務資訊（風險三大屬性—財務報導：[財務報導] 不實的財務資訊；營運：（未填）；法令遵循：（未填）；RoMM：（RoMM 分類未填）；重大科目／聲明：應付帳款、應付設備款、應付薪資、應付租金、應付利息, 應付加工費用、應付模治具費、應付研發料款、應付員工費用、其他應付費用、薪資支出、其他管理費用、勞工退休金、就業安定費、仲介服務費、派遣、伙食費、訓練費、保險費、租金支出、文具用品、旅費、運費、郵電費、修繕費、廣告費、水電瓦斯費、交際費、折舊、各項攤提、進口費用、出口費用、保全費、雜項購置、交通費、勞務費、書報雜誌費、手續費、檢驗測試費、安規認證費、耗材、包裝費、消耗品費、託外進貨加工費、一般加工費、模具費、治具費、工具費、管理費、清潔費、餐費補助(免)、製程廢棄物清除費、網路服務費、職工福利、商標維持費、商標失效費、專利生效費、印刷費、軟體使用費、軟體維護費、稅捐、會議費、委託研究費、專利維持費、專利損失費、研-專利申請費(PCT)、專利其他費用、研發原料、製樣費、製公版費、試產費、研發成本、預付租金、預付保險費、其他預付費用、預付貨款、預付商標權款、預付專利權款、其他預付款／（聲明未填）），設計控制目標為「應付帳款應經正確且適當之記錄。」。由1. 會計單位
2. 專案會計單位
3. 採購單位
4. 專案採購單位以人工方式、採預防性控制取向、屬（類型未填）類型，依每月／每季執行下列控制活動：應與供應商確認應付帳款入帳紀錄，若發現差異或有異常，應查明原因並調整。。控制執行時使用之 IUC／制度為「1. AR對帳單
2. 關係人調節表
3. 非關係人調節表」。投入（Inputs）：1. AR對帳單
2. 關係人調節表
3. 非關係人調節表。覆核／執行步驟（Specific activities）：應與供應商確認應付帳款入帳紀錄，若發現差異或有異常，應查明原因並調整。。產出（Outputs）：1. AR對帳單
2. 關係人調節表
3. 非關係人調節表。","[採購及付款循環｜會計] 應付帳款應經正確且適當之記錄。：應與供應商確認應付帳款入帳紀錄，若發現差異或有異常，應查明原因並調整。（頻率：每月／每季；負責：1. 會計單位
2. 專案會計單位
3. 採購單位
4. 專案採購單位；IUC：1. AR對帳單
2. 關係人調節表
3. 非關係人調節表）",CP106-3,RCM;採購及付款循環;累積範本;去識別範本,2026-08-26 16:28:13
PL-CP106-4,應付帳款產生後，若為有效之進貨退出或折讓，應被正確且適當之記錄。,採購及付款循環,CP-106,付款,會計,會計,不實的財務資訊,報導面,[財務報導] 不實的財務資訊,,,,"應付帳款、應付設備款、應付薪資、應付租金、應付利息, 應付加工費用、應付模治具費、應付研發料款、應付員工費用、其他應付費用、薪資支出、其他管理費用、勞工退休金、就業安定費、仲介服務費、派遣、伙食費、訓練費、保險費、租金支出、文具用品、旅費、運費、郵電費、修繕費、廣告費、水電瓦斯費、交際費、折舊、各項攤提、進口費用、出口費用、保全費、雜項購置、交通費、勞務費、書報雜誌費、手續費、檢驗測試費、安規認證費、耗材、包裝費、消耗品費、託外進貨加工費、一般加工費、模具費、治具費、工具費、管理費、清潔費、餐費補助(免)、製程廢棄物清除費、網路服務費、職工福利、商標維持費、商標失效費、專利生效費、印刷費、軟體使用費、軟體維護費、稅捐、會議費、委託研究費、專利維持費、專利損失費、研-專利申請費(PCT)、專利其他費用、研發原料、製樣費、製公版費、試產費、研發成本、預付租金、預付保險費、其他預付費用、預付貨款、預付商標權款、預付專利權款、其他預付款",,應付帳款產生後，若為有效之進貨退出或折讓，應被正確且適當之記錄。,所有非SAP系統所產生之應付帳款借項應經權責主管覆核。,不定期,"1. 會計單位
2. 專案會計單位",ERP系統,ERP系統,請款及付款管理辦法,,折讓傳票,,,,,,,人工,預防性 (Preventive),,,,折讓傳票,,,"就公司現行採購及付款循環作業，為因應「會計」風險——不實的財務資訊（風險三大屬性—財務報導：[財務報導] 不實的財務資訊；營運：（未填）；法令遵循：（未填）；RoMM：（RoMM 分類未填）；重大科目／聲明：應付帳款、應付設備款、應付薪資、應付租金、應付利息, 應付加工費用、應付模治具費、應付研發料款、應付員工費用、其他應付費用、薪資支出、其他管理費用、勞工退休金、就業安定費、仲介服務費、派遣、伙食費、訓練費、保險費、租金支出、文具用品、旅費、運費、郵電費、修繕費、廣告費、水電瓦斯費、交際費、折舊、各項攤提、進口費用、出口費用、保全費、雜項購置、交通費、勞務費、書報雜誌費、手續費、檢驗測試費、安規認證費、耗材、包裝費、消耗品費、託外進貨加工費、一般加工費、模具費、治具費、工具費、管理費、清潔費、餐費補助(免)、製程廢棄物清除費、網路服務費、職工福利、商標維持費、商標失效費、專利生效費、印刷費、軟體使用費、軟體維護費、稅捐、會議費、委託研究費、專利維持費、專利損失費、研-專利申請費(PCT)、專利其他費用、研發原料、製樣費、製公版費、試產費、研發成本、預付租金、預付保險費、其他預付費用、預付貨款、預付商標權款、預付專利權款、其他預付款／（聲明未填）），設計控制目標為「應付帳款產生後，若為有效之進貨退出或折讓，應被正確且適當之記錄。」。由1. 會計單位
2. 專案會計單位以人工方式、採預防性控制取向、屬（類型未填）類型，依不定期執行下列控制活動：所有非SAP系統所產生之應付帳款借項應經權責主管覆核。。控制執行時使用之 IUC／制度為「ERP系統」。投入（Inputs）：ERP系統。覆核／執行步驟（Specific activities）：所有非SAP系統所產生之應付帳款借項應經權責主管覆核。。產出（Outputs）：折讓傳票。","[採購及付款循環｜會計] 應付帳款產生後，若為有效之進貨退出或折讓，應被正確且適當之記錄。：所有非SAP系統所產生之應付帳款借項應經權責主管覆核。（頻率：不定期；負責：1. 會計單位
2. 專案會計單位；IUC：ERP系統）",CP106-4,RCM;採購及付款循環;累積範本;去識別範本,2026-08-26 16:28:13
PL-CP106-5,經驗收之物品或服務才予以付款。,採購及付款循環,CP-106,付款,會計,會計,防範舞弊的機制與控制不足,報導面,[財務報導] 防範舞弊的機制與控制不足,,,,"應付帳款、應付設備款、應付薪資、應付租金、應付利息, 應付加工費用、應付模治具費、應付研發料款、應付員工費用、其他應付費用、薪資支出、其他管理費用、勞工退休金、就業安定費、仲介服務費、派遣、伙食費、訓練費、保險費、租金支出、文具用品、旅費、運費、郵電費、修繕費、廣告費、水電瓦斯費、交際費、折舊、各項攤提、進口費用、出口費用、保全費、雜項購置、交通費、勞務費、書報雜誌費、手續費、檢驗測試費、安規認證費、耗材、包裝費、消耗品費、託外進貨加工費、一般加工費、模具費、治具費、工具費、管理費、清潔費、餐費補助(免)、製程廢棄物清除費、網路服務費、職工福利、商標維持費、商標失效費、專利生效費、印刷費、軟體使用費、軟體維護費、稅捐、會議費、委託研究費、專利維持費、專利損失費、研-專利申請費(PCT)、專利其他費用、研發原料、製樣費、製公版費、試產費、研發成本、預付租金、預付保險費、其他預付費用、預付貨款、預付商標權款、預付專利權款、其他預付款",,經驗收之物品或服務才予以付款。,應付帳款付款後，相關請款憑證應予註記，且取得請款人或廠商收款證明，避免重複請款或冒領情事。,持續,"1. 會計單位
2. 專案會計單位",ERP系統,ERP系統,,,"1. ERP系統發票重複立帳提醒
2. ERP系統註記已付款畫面",,,,,,,自動,預防性 (Preventive),,,,"1. ERP系統發票重複立帳提醒
2. ERP系統註記已付款畫面",,,"就公司現行採購及付款循環作業，為因應「會計」風險——防範舞弊的機制與控制不足（風險三大屬性—財務報導：[財務報導] 防範舞弊的機制與控制不足；營運：（未填）；法令遵循：（未填）；RoMM：（RoMM 分類未填）；重大科目／聲明：應付帳款、應付設備款、應付薪資、應付租金、應付利息, 應付加工費用、應付模治具費、應付研發料款、應付員工費用、其他應付費用、薪資支出、其他管理費用、勞工退休金、就業安定費、仲介服務費、派遣、伙食費、訓練費、保險費、租金支出、文具用品、旅費、運費、郵電費、修繕費、廣告費、水電瓦斯費、交際費、折舊、各項攤提、進口費用、出口費用、保全費、雜項購置、交通費、勞務費、書報雜誌費、手續費、檢驗測試費、安規認證費、耗材、包裝費、消耗品費、託外進貨加工費、一般加工費、模具費、治具費、工具費、管理費、清潔費、餐費補助(免)、製程廢棄物清除費、網路服務費、職工福利、商標維持費、商標失效費、專利生效費、印刷費、軟體使用費、軟體維護費、稅捐、會議費、委託研究費、專利維持費、專利損失費、研-專利申請費(PCT)、專利其他費用、研發原料、製樣費、製公版費、試產費、研發成本、預付租金、預付保險費、其他預付費用、預付貨款、預付商標權款、預付專利權款、其他預付款／（聲明未填）），設計控制目標為「經驗收之物品或服務才予以付款。」。由1. 會計單位
2. 專案會計單位以自動方式、採預防性控制取向、屬（類型未填）類型，依持續執行下列控制活動：應付帳款付款後，相關請款憑證應予註記，且取得請款人或廠商收款證明，避免重複請款或冒領情事。。控制執行時使用之 IUC／制度為「ERP系統」。投入（Inputs）：ERP系統。覆核／執行步驟（Specific activities）：應付帳款付款後，相關請款憑證應予註記，且取得請款人或廠商收款證明，避免重複請款或冒領情事。。產出（Outputs）：1. ERP系統發票重複立帳提醒
2. ERP系統註記已付款畫面。","[採購及付款循環｜會計] 經驗收之物品或服務才予以付款。：應付帳款付款後，相關請款憑證應予註記，且取得請款人或廠商收款證明，避免重複請款或冒領情事。（頻率：持續；負責：1. 會計單位
2. 專案會計單位；IUC：ERP系統）",CP106-5,RCM;採購及付款循環;累積範本;去識別範本,2026-08-26 16:28:13
PL-CP106-6,經驗收之物品或服務才予以付款。,採購及付款循環,CP-106,付款,資訊安全,資訊安全,無效果／無效率的存取控制,營運面,,[營運] 無效果／無效率的存取控制,,,,,經驗收之物品或服務才予以付款。,負責開立支票、線上付款及銀行匯款之人員僅能由經權責主管授權之人員進行。,持續,"1. 財務單位
2. 專案財務單位",ERP系統,ERP系統,"1. 請款及付款管理辦法
2. 票據使用與領用管理辦法",,"1. 付款傳票
2. 支票
3. 匯款相關申請單
4. 網銀轉帳申請表單
5. 匯款系統放行畫面
6. 轉帳系統放行畫面",,,,,,,自動,預防性 (Preventive),,,,"1. 付款傳票
2. 支票
3. 匯款相關申請單
4. 網銀轉帳申請表單
5. 匯款系統放行畫面
6. 轉帳系統放行畫面",,,"就公司現行採購及付款循環作業，為因應「資訊安全」風險——無效果／無效率的存取控制（風險三大屬性—財務報導：（未填）；營運：[營運] 無效果／無效率的存取控制；法令遵循：（未填）；RoMM：（RoMM 分類未填）；重大科目／聲明：（重大科目未填）／（聲明未填）），設計控制目標為「經驗收之物品或服務才予以付款。」。由1. 財務單位
2. 專案財務單位以自動方式、採預防性控制取向、屬（類型未填）類型，依持續執行下列控制活動：負責開立支票、線上付款及銀行匯款之人員僅能由經權責主管授權之人員進行。。控制執行時使用之 IUC／制度為「ERP系統」。投入（Inputs）：ERP系統。覆核／執行步驟（Specific activities）：負責開立支票、線上付款及銀行匯款之人員僅能由經權責主管授權之人員進行。。產出（Outputs）：1. 付款傳票
2. 支票
3. 匯款相關申請單
4. 網銀轉帳申請表單
5. 匯款系統放行畫面
6. 轉帳系統放行畫面。","[採購及付款循環｜資訊安全] 經驗收之物品或服務才予以付款。：負責開立支票、線上付款及銀行匯款之人員僅能由經權責主管授權之人員進行。（頻率：持續；負責：1. 財務單位
2. 專案財務單位；IUC：ERP系統）",CP106-6,RCM;採購及付款循環;累積範本;去識別範本,2026-08-26 16:28:13
PL-CP106-7,經驗收之物品或服務才予以付款。,採購及付款循環,CP-106,付款,資訊安全,資訊安全,無效果／無效率的存取控制,營運面,,[營運] 無效果／無效率的存取控制,,,,,經驗收之物品或服務才予以付款。,SAP系統應限制僅有經授權之人員始能輸入、修改、取消或放行供應商發票付款。SAP系統應限制僅有經授權之人員始能解除針對個別發票或個別供應商之付款鎖定（block for payment）。,持續／不定期,"1. 會計單位
2. 專案會計單位
3. 資訊單位",ERP系統,ERP系統,,,具備ERP系統內供應商發票付款之執行或解除之人員權限清單,,,,,,,自動,預防性 (Preventive),,,,具備ERP系統內供應商發票付款之執行或解除之人員權限清單,,,"就公司現行採購及付款循環作業，為因應「資訊安全」風險——無效果／無效率的存取控制（風險三大屬性—財務報導：（未填）；營運：[營運] 無效果／無效率的存取控制；法令遵循：（未填）；RoMM：（RoMM 分類未填）；重大科目／聲明：（重大科目未填）／（聲明未填）），設計控制目標為「經驗收之物品或服務才予以付款。」。由1. 會計單位
2. 專案會計單位
3. 資訊單位以自動方式、採預防性控制取向、屬（類型未填）類型，依持續／不定期執行下列控制活動：SAP系統應限制僅有經授權之人員始能輸入、修改、取消或放行供應商發票付款。SAP系統應限制僅有經授權之人員始能解除針對個別發票或個別供應商之付款鎖定（block for payment）。。控制執行時使用之 IUC／制度為「ERP系統」。投入（Inputs）：ERP系統。覆核／執行步驟（Specific activities）：SAP系統應限制僅有經授權之人員始能輸入、修改、取消或放行供應商發票付款。SAP系統應限制僅有經授權之人員始能解除針對個別發票或個別供應商之付款鎖定（block for payment）。。產出（Outputs）：具備ERP系統內供應商發票付款之執行或解除之人員權限清單。","[採購及付款循環｜資訊安全] 經驗收之物品或服務才予以付款。：SAP系統應限制僅有經授權之人員始能輸入、修改、取消或放行供應商發票付款。SAP系統應限制僅有經授權之人員始能解除針對個別發票或個別供應商之付款鎖定（block for payment）。（頻率：持續／不定期；負責：1. 會計單位
2. 專案會計單位
3. 資訊單位；IUC：ERP系統）",CP106-7,RCM;採購及付款循環;累積範本;去識別範本,2026-08-26 16:28:13
PL-CP106-8,所有款項之支付均經記錄。,採購及付款循環,CP-106,付款,會計,會計,防範舞弊的機制與控制不足,報導面,[財務報導] 防範舞弊的機制與控制不足,,,,"應付帳款、應付設備款、應付薪資、應付租金、應付利息, 應付加工費用、應付模治具費、應付研發料款、應付員工費用、其他應付費用、薪資支出、其他管理費用、勞工退休金、就業安定費、仲介服務費、派遣、伙食費、訓練費、保險費、租金支出、文具用品、旅費、運費、郵電費、修繕費、廣告費、水電瓦斯費、交際費、折舊、各項攤提、進口費用、出口費用、保全費、雜項購置、交通費、勞務費、書報雜誌費、手續費、檢驗測試費、安規認證費、耗材、包裝費、消耗品費、託外進貨加工費、一般加工費、模具費、治具費、工具費、管理費、清潔費、餐費補助(免)、製程廢棄物清除費、網路服務費、職工福利、商標維持費、商標失效費、專利生效費、印刷費、軟體使用費、軟體維護費、稅捐、會議費、委託研究費、專利維持費、專利損失費、研-專利申請費(PCT)、專利其他費用、研發原料、製樣費、製公版費、試產費、研發成本、預付租金、預付保險費、其他預付費用、預付貨款、預付商標權款、預付專利權款、其他預付款",,所有款項之支付均經記錄。,權責主管應定期覆核應付帳款帳齡，若發現到期未付之異常情形，應分析並追查原因。,每月,"1. 財務單位
2. 專案財務單位
3. 會計單位
4. 專案會計單位",ERP系統,ERP系統,,,"1. 應付帳款清單
2. 應付帳款科目餘額清單
3. 結帳控管表",,,,,,,人工,偵測性 (Detective),,,,"1. 應付帳款清單
2. 應付帳款科目餘額清單
3. 結帳控管表",,,"就公司現行採購及付款循環作業，為因應「會計」風險——防範舞弊的機制與控制不足（風險三大屬性—財務報導：[財務報導] 防範舞弊的機制與控制不足；營運：（未填）；法令遵循：（未填）；RoMM：（RoMM 分類未填）；重大科目／聲明：應付帳款、應付設備款、應付薪資、應付租金、應付利息, 應付加工費用、應付模治具費、應付研發料款、應付員工費用、其他應付費用、薪資支出、其他管理費用、勞工退休金、就業安定費、仲介服務費、派遣、伙食費、訓練費、保險費、租金支出、文具用品、旅費、運費、郵電費、修繕費、廣告費、水電瓦斯費、交際費、折舊、各項攤提、進口費用、出口費用、保全費、雜項購置、交通費、勞務費、書報雜誌費、手續費、檢驗測試費、安規認證費、耗材、包裝費、消耗品費、託外進貨加工費、一般加工費、模具費、治具費、工具費、管理費、清潔費、餐費補助(免)、製程廢棄物清除費、網路服務費、職工福利、商標維持費、商標失效費、專利生效費、印刷費、軟體使用費、軟體維護費、稅捐、會議費、委託研究費、專利維持費、專利損失費、研-專利申請費(PCT)、專利其他費用、研發原料、製樣費、製公版費、試產費、研發成本、預付租金、預付保險費、其他預付費用、預付貨款、預付商標權款、預付專利權款、其他預付款／（聲明未填）），設計控制目標為「所有款項之支付均經記錄。」。由1. 財務單位
2. 專案財務單位
3. 會計單位
4. 專案會計單位以人工方式、採偵測性控制取向、屬（類型未填）類型，依每月執行下列控制活動：權責主管應定期覆核應付帳款帳齡，若發現到期未付之異常情形，應分析並追查原因。。控制執行時使用之 IUC／制度為「ERP系統」。投入（Inputs）：ERP系統。覆核／執行步驟（Specific activities）：權責主管應定期覆核應付帳款帳齡，若發現到期未付之異常情形，應分析並追查原因。。產出（Outputs）：1. 應付帳款清單
2. 應付帳款科目餘額清單
3. 結帳控管表。","[採購及付款循環｜會計] 所有款項之支付均經記錄。：權責主管應定期覆核應付帳款帳齡，若發現到期未付之異常情形，應分析並追查原因。（頻率：每月；負責：1. 財務單位
2. 專案財務單位
3. 會計單位
4. 專案會計單位；IUC：ERP系統）",CP106-8,RCM;採購及付款循環;累積範本;去識別範本,2026-08-26 16:28:13
PL-CP106-9,支付款項予適當之供應商。,採購及付款循環,CP-106,付款,會計,會計,防範舞弊的機制與控制不足,營運面,,[營運] 防範舞弊的機制與控制不足,,,,,支付款項予適當之供應商。,空白支票及公司大小章應委請專責人員控管。,持續,"1. 董事長室
2. 財務單位",,,票據使用與領用管理辦法,,,,,,,,,人工,預防性 (Preventive),,,,,,,"就公司現行採購及付款循環作業，為因應「會計」風險——防範舞弊的機制與控制不足（風險三大屬性—財務報導：（未填）；營運：[營運] 防範舞弊的機制與控制不足；法令遵循：（未填）；RoMM：（RoMM 分類未填）；重大科目／聲明：（重大科目未填）／（聲明未填）），設計控制目標為「支付款項予適當之供應商。」。由1. 董事長室
2. 財務單位以人工方式、採預防性控制取向、屬（類型未填）類型，依持續執行下列控制活動：空白支票及公司大小章應委請專責人員控管。。控制執行時使用之 IUC／制度為「（未指定 IUC／制度）」。投入（Inputs）：（請補充投入資訊）。覆核／執行步驟（Specific activities）：空白支票及公司大小章應委請專責人員控管。。產出（Outputs）：（請補充控制產出／留存軌跡）。","[採購及付款循環｜會計] 支付款項予適當之供應商。：空白支票及公司大小章應委請專責人員控管。（頻率：持續；負責：1. 董事長室
2. 財務單位；IUC：—）",CP106-9,RCM;採購及付款循環;累積範本;去識別範本,2026-08-26 16:28:13
PL-CP106-10,支付款項予適當之供應商。,採購及付款循環,CP-106,付款,會計,會計,防範舞弊的機制與控制不足,報導面,[財務報導] 防範舞弊的機制與控制不足,,,,"應付票據、應付帳款、應付設備款、應付薪資、應付租金、應付利息, 應付加工費用、應付模治具費、應付研發料款、應付員工費用、其他應付費用、預付租金、預付保險費、其他預付費用、預付貨款、預付商標權款、預付專利權款、其他預付款",,支付款項予適當之供應商。,權責主管應定期覆核退回之支票，並追查退回之原因。,每月,"1. 財務單位
2. 專案財務單位",支票支付明細表,,票據使用與領用管理辦法,,支票支付明細表,,,,,,,人工,偵測性 (Detective),,,,支票支付明細表,,,"就公司現行採購及付款循環作業，為因應「會計」風險——防範舞弊的機制與控制不足（風險三大屬性—財務報導：[財務報導] 防範舞弊的機制與控制不足；營運：（未填）；法令遵循：（未填）；RoMM：（RoMM 分類未填）；重大科目／聲明：應付票據、應付帳款、應付設備款、應付薪資、應付租金、應付利息, 應付加工費用、應付模治具費、應付研發料款、應付員工費用、其他應付費用、預付租金、預付保險費、其他預付費用、預付貨款、預付商標權款、預付專利權款、其他預付款／（聲明未填）），設計控制目標為「支付款項予適當之供應商。」。由1. 財務單位
2. 專案財務單位以人工方式、採偵測性控制取向、屬（類型未填）類型，依每月執行下列控制活動：權責主管應定期覆核退回之支票，並追查退回之原因。。控制執行時使用之 IUC／制度為「支票支付明細表」。投入（Inputs）：支票支付明細表。覆核／執行步驟（Specific activities）：權責主管應定期覆核退回之支票，並追查退回之原因。。產出（Outputs）：支票支付明細表。","[採購及付款循環｜會計] 支付款項予適當之供應商。：權責主管應定期覆核退回之支票，並追查退回之原因。（頻率：每月；負責：1. 財務單位
2. 專案財務單位；IUC：支票支付明細表）",CP106-10,RCM;採購及付款循環;累積範本;去識別範本,2026-08-26 16:28:13
PL-CP106-11,付款應記錄於適當之會計期間。,採購及付款循環,CP-106,付款,會計,會計,不實的財務資訊,報導面,[財務報導] 不實的財務資訊,,,,"應付帳款、應付設備款、應付薪資、應付租金、應付利息, 應付加工費用、應付模治具費、應付研發料款、應付員工費用、其他應付費用、薪資支出、其他管理費用、勞工退休金、就業安定費、仲介服務費、派遣、伙食費、訓練費、保險費、租金支出、文具用品、旅費、運費、郵電費、修繕費、廣告費、水電瓦斯費、交際費、折舊、各項攤提、進口費用、出口費用、保全費、雜項購置、交通費、勞務費、書報雜誌費、手續費、檢驗測試費、安規認證費、耗材、包裝費、消耗品費、託外進貨加工費、一般加工費、模具費、治具費、工具費、管理費、清潔費、餐費補助(免)、製程廢棄物清除費、網路服務費、職工福利、商標維持費、商標失效費、專利生效費、印刷費、軟體使用費、軟體維護費、稅捐、會議費、委託研究費、專利維持費、專利損失費、研-專利申請費(PCT)、專利其他費用、研發原料、製樣費、製公版費、試產費、研發成本、預付租金、預付保險費、其他預付費用、預付貨款、預付商標權款、預付專利權款、其他預付款",,付款應記錄於適當之會計期間。,權責主管應注意所有接近結帳日之付款，以確保付款紀錄係歸屬於正確之會計期間。,持續,"1. 財務單位
2. 專案財務單位",ERP系統,ERP系統,請款及付款管理辦法,,付款傳票,,,,,,,人工,偵測性 (Detective),,,,付款傳票,,,"就公司現行採購及付款循環作業，為因應「會計」風險——不實的財務資訊（風險三大屬性—財務報導：[財務報導] 不實的財務資訊；營運：（未填）；法令遵循：（未填）；RoMM：（RoMM 分類未填）；重大科目／聲明：應付帳款、應付設備款、應付薪資、應付租金、應付利息, 應付加工費用、應付模治具費、應付研發料款、應付員工費用、其他應付費用、薪資支出、其他管理費用、勞工退休金、就業安定費、仲介服務費、派遣、伙食費、訓練費、保險費、租金支出、文具用品、旅費、運費、郵電費、修繕費、廣告費、水電瓦斯費、交際費、折舊、各項攤提、進口費用、出口費用、保全費、雜項購置、交通費、勞務費、書報雜誌費、手續費、檢驗測試費、安規認證費、耗材、包裝費、消耗品費、託外進貨加工費、一般加工費、模具費、治具費、工具費、管理費、清潔費、餐費補助(免)、製程廢棄物清除費、網路服務費、職工福利、商標維持費、商標失效費、專利生效費、印刷費、軟體使用費、軟體維護費、稅捐、會議費、委託研究費、專利維持費、專利損失費、研-專利申請費(PCT)、專利其他費用、研發原料、製樣費、製公版費、試產費、研發成本、預付租金、預付保險費、其他預付費用、預付貨款、預付商標權款、預付專利權款、其他預付款／（聲明未填）），設計控制目標為「付款應記錄於適當之會計期間。」。由1. 財務單位
2. 專案財務單位以人工方式、採偵測性控制取向、屬（類型未填）類型，依持續執行下列控制活動：權責主管應注意所有接近結帳日之付款，以確保付款紀錄係歸屬於正確之會計期間。。控制執行時使用之 IUC／制度為「ERP系統」。投入（Inputs）：ERP系統。覆核／執行步驟（Specific activities）：權責主管應注意所有接近結帳日之付款，以確保付款紀錄係歸屬於正確之會計期間。。產出（Outputs）：付款傳票。","[採購及付款循環｜會計] 付款應記錄於適當之會計期間。：權責主管應注意所有接近結帳日之付款，以確保付款紀錄係歸屬於正確之會計期間。（頻率：持續；負責：1. 財務單位
2. 專案財務單位；IUC：ERP系統）",CP106-11,RCM;採購及付款循環;累積範本;去識別範本,2026-08-26 16:28:13
PL-CP106-12,付款應記錄於適當之會計期間。,採購及付款循環,CP-106,付款,會計,會計,防範舞弊的機制與控制不足,報導面,[財務報導] 防範舞弊的機制與控制不足,,,,"應付帳款、應付設備款、應付薪資、應付租金、應付利息, 應付加工費用、應付模治具費、應付研發料款、應付員工費用、其他應付費用、薪資支出、其他管理費用、勞工退休金、就業安定費、仲介服務費、派遣、伙食費、訓練費、保險費、租金支出、文具用品、旅費、運費、郵電費、修繕費、廣告費、水電瓦斯費、交際費、折舊、各項攤提、進口費用、出口費用、保全費、雜項購置、交通費、勞務費、書報雜誌費、手續費、檢驗測試費、安規認證費、耗材、包裝費、消耗品費、託外進貨加工費、一般加工費、模具費、治具費、工具費、管理費、清潔費、餐費補助(免)、製程廢棄物清除費、網路服務費、職工福利、商標維持費、商標失效費、專利生效費、印刷費、軟體使用費、軟體維護費、稅捐、會議費、委託研究費、專利維持費、專利損失費、研-專利申請費(PCT)、專利其他費用、研發原料、製樣費、製公版費、試產費、研發成本、預付租金、預付保險費、其他預付費用、預付貨款、預付商標權款、預付專利權款、其他預付款",,付款應記錄於適當之會計期間。,應定期製作銀行調節表，若有異常應追查原因以避免有未入帳或入帳期間錯誤之付款。,每月,"1. 財務單位
2. 專案財務單位",ERP系統,ERP系統,請款及付款管理辦法,,"1. 結帳控管表
2. 相關比對紀錄
3. 銀行調節表",,,,,,,人工,偵測性 (Detective),,,,"1. 結帳控管表
2. 相關比對紀錄
3. 銀行調節表",,,"就公司現行採購及付款循環作業，為因應「會計」風險——防範舞弊的機制與控制不足（風險三大屬性—財務報導：[財務報導] 防範舞弊的機制與控制不足；營運：（未填）；法令遵循：（未填）；RoMM：（RoMM 分類未填）；重大科目／聲明：應付帳款、應付設備款、應付薪資、應付租金、應付利息, 應付加工費用、應付模治具費、應付研發料款、應付員工費用、其他應付費用、薪資支出、其他管理費用、勞工退休金、就業安定費、仲介服務費、派遣、伙食費、訓練費、保險費、租金支出、文具用品、旅費、運費、郵電費、修繕費、廣告費、水電瓦斯費、交際費、折舊、各項攤提、進口費用、出口費用、保全費、雜項購置、交通費、勞務費、書報雜誌費、手續費、檢驗測試費、安規認證費、耗材、包裝費、消耗品費、託外進貨加工費、一般加工費、模具費、治具費、工具費、管理費、清潔費、餐費補助(免)、製程廢棄物清除費、網路服務費、職工福利、商標維持費、商標失效費、專利生效費、印刷費、軟體使用費、軟體維護費、稅捐、會議費、委託研究費、專利維持費、專利損失費、研-專利申請費(PCT)、專利其他費用、研發原料、製樣費、製公版費、試產費、研發成本、預付租金、預付保險費、其他預付費用、預付貨款、預付商標權款、預付專利權款、其他預付款／（聲明未填）），設計控制目標為「付款應記錄於適當之會計期間。」。由1. 財務單位
2. 專案財務單位以人工方式、採偵測性控制取向、屬（類型未填）類型，依每月執行下列控制活動：應定期製作銀行調節表，若有異常應追查原因以避免有未入帳或入帳期間錯誤之付款。。控制執行時使用之 IUC／制度為「ERP系統」。投入（Inputs）：ERP系統。覆核／執行步驟（Specific activities）：應定期製作銀行調節表，若有異常應追查原因以避免有未入帳或入帳期間錯誤之付款。。產出（Outputs）：1. 結帳控管表
2. 相關比對紀錄
3. 銀行調節表。","[採購及付款循環｜會計] 付款應記錄於適當之會計期間。：應定期製作銀行調節表，若有異常應追查原因以避免有未入帳或入帳期間錯誤之付款。（頻率：每月；負責：1. 財務單位
2. 專案財務單位；IUC：ERP系統）",CP106-12,RCM;採購及付款循環;累積範本;去識別範本,2026-08-26 16:28:13
PL-CP106-13,應付帳款應經正確且適當之記錄。,採購及付款循環,CP-106,付款,資訊安全,資訊安全,無效果／無效率的存取控制,營運面,,[營運] 無效果／無效率的存取控制,,,,,應付帳款應經正確且適當之記錄。,SAP系統應限制僅有經授權之人員能在沒有採購單及／或收貨之情形下輸入供應商發票。,持續,資訊單位,ERP系統,ERP系統,請款及付款管理辦法,,,,,,,,,自動,預防性 (Preventive),,,,,,,就公司現行採購及付款循環作業，為因應「資訊安全」風險——無效果／無效率的存取控制（風險三大屬性—財務報導：（未填）；營運：[營運] 無效果／無效率的存取控制；法令遵循：（未填）；RoMM：（RoMM 分類未填）；重大科目／聲明：（重大科目未填）／（聲明未填）），設計控制目標為「應付帳款應經正確且適當之記錄。」。由資訊單位以自動方式、採預防性控制取向、屬（類型未填）類型，依持續執行下列控制活動：SAP系統應限制僅有經授權之人員能在沒有採購單及／或收貨之情形下輸入供應商發票。。控制執行時使用之 IUC／制度為「ERP系統」。投入（Inputs）：ERP系統。覆核／執行步驟（Specific activities）：SAP系統應限制僅有經授權之人員能在沒有採購單及／或收貨之情形下輸入供應商發票。。產出（Outputs）：（請補充控制產出／留存軌跡）。,[採購及付款循環｜資訊安全] 應付帳款應經正確且適當之記錄。：SAP系統應限制僅有經授權之人員能在沒有採購單及／或收貨之情形下輸入供應商發票。（頻率：持續；負責：資訊單位；IUC：ERP系統）,CP106-13,RCM;採購及付款循環;累積範本;去識別範本,2026-08-26 16:28:13
PL-CP106-14,應付帳款應經正確且適當之記錄。,採購及付款循環,CP-106,付款,會計,會計,對會計分錄的控制不足,報導面,[財務報導] 對會計分錄的控制不足,,,,"應付帳款、應付設備款、應付薪資、應付租金、應付利息, 應付加工費用、應付模治具費、應付研發料款、應付員工費用、其他應付費用、薪資支出、其他管理費用、勞工退休金、就業安定費、仲介服務費、派遣、伙食費、訓練費、保險費、租金支出、文具用品、旅費、運費、郵電費、修繕費、廣告費、水電瓦斯費、交際費、折舊、各項攤提、進口費用、出口費用、保全費、雜項購置、交通費、勞務費、書報雜誌費、手續費、檢驗測試費、安規認證費、耗材、包裝費、消耗品費、託外進貨加工費、一般加工費、模具費、治具費、工具費、管理費、清潔費、餐費補助(免)、製程廢棄物清除費、網路服務費、職工福利、商標維持費、商標失效費、專利生效費、印刷費、軟體使用費、軟體維護費、稅捐、會議費、委託研究費、專利維持費、專利損失費、研-專利申請費(PCT)、專利其他費用、研發原料、製樣費、製公版費、試產費、研發成本、預付租金、預付保險費、其他預付費用、預付貨款、預付商標權款、預付專利權款、其他預付款",,應付帳款應經正確且適當之記錄。,結帳前應覆核應付帳款中是否未包含廠商寄放或Demo的機台款項。,,,,,,,,,,,,,,人工,偵測性 (Detective),,,,,,,"就公司現行採購及付款循環作業，為因應「會計」風險——對會計分錄的控制不足（風險三大屬性—財務報導：[財務報導] 對會計分錄的控制不足；營運：（未填）；法令遵循：（未填）；RoMM：（RoMM 分類未填）；重大科目／聲明：應付帳款、應付設備款、應付薪資、應付租金、應付利息, 應付加工費用、應付模治具費、應付研發料款、應付員工費用、其他應付費用、薪資支出、其他管理費用、勞工退休金、就業安定費、仲介服務費、派遣、伙食費、訓練費、保險費、租金支出、文具用品、旅費、運費、郵電費、修繕費、廣告費、水電瓦斯費、交際費、折舊、各項攤提、進口費用、出口費用、保全費、雜項購置、交通費、勞務費、書報雜誌費、手續費、檢驗測試費、安規認證費、耗材、包裝費、消耗品費、託外進貨加工費、一般加工費、模具費、治具費、工具費、管理費、清潔費、餐費補助(免)、製程廢棄物清除費、網路服務費、職工福利、商標維持費、商標失效費、專利生效費、印刷費、軟體使用費、軟體維護費、稅捐、會議費、委託研究費、專利維持費、專利損失費、研-專利申請費(PCT)、專利其他費用、研發原料、製樣費、製公版費、試產費、研發成本、預付租金、預付保險費、其他預付費用、預付貨款、預付商標權款、預付專利權款、其他預付款／（聲明未填）），設計控制目標為「應付帳款應經正確且適當之記錄。」。由（負責單位未填）以人工方式、採偵測性控制取向、屬（類型未填）類型，依（頻率未填）執行下列控制活動：結帳前應覆核應付帳款中是否未包含廠商寄放或Demo的機台款項。。控制執行時使用之 IUC／制度為「（未指定 IUC／制度）」。投入（Inputs）：（請補充投入資訊）。覆核／執行步驟（Specific activities）：結帳前應覆核應付帳款中是否未包含廠商寄放或Demo的機台款項。。產出（Outputs）：（請補充控制產出／留存軌跡）。",[採購及付款循環｜會計] 應付帳款應經正確且適當之記錄。：結帳前應覆核應付帳款中是否未包含廠商寄放或Demo的機台款項。（頻率：—；負責：—；IUC：—）,CP106-14,RCM;採購及付款循環;累積範本;去識別範本,2026-08-26 16:28:13
PL-CP106-15,支票應依照公司付款規定開立，以確保維護公司權益,採購及付款循環,CP-106,付款,會計,會計,防範舞弊的機制與控制不足,報導面,[財務報導] 防範舞弊的機制與控制不足,,,,"應付票據、應付帳款、應付設備款、應付薪資、應付租金、應付利息, 應付加工費用、應付模治具費、應付研發料款、應付員工費用、其他應付費用、預付租金、預付保險費、其他預付費用、預付貨款、預付商標權款、預付專利權款、其他預付款",,支票應依照公司付款規定開立，以確保維護公司權益,公司所開立之支票，應禁止背書轉讓並應限定付款人。,持續,"1. 財務單位
2. 專案財務單位",,,票據使用與領用管理辦法,,,,,,,,,人工,預防性 (Preventive),,,,,,,"就公司現行採購及付款循環作業，為因應「會計」風險——防範舞弊的機制與控制不足（風險三大屬性—財務報導：[財務報導] 防範舞弊的機制與控制不足；營運：（未填）；法令遵循：（未填）；RoMM：（RoMM 分類未填）；重大科目／聲明：應付票據、應付帳款、應付設備款、應付薪資、應付租金、應付利息, 應付加工費用、應付模治具費、應付研發料款、應付員工費用、其他應付費用、預付租金、預付保險費、其他預付費用、預付貨款、預付商標權款、預付專利權款、其他預付款／（聲明未填）），設計控制目標為「支票應依照公司付款規定開立，以確保維護公司權益」。由1. 財務單位
2. 專案財務單位以人工方式、採預防性控制取向、屬（類型未填）類型，依持續執行下列控制活動：公司所開立之支票，應禁止背書轉讓並應限定付款人。。控制執行時使用之 IUC／制度為「（未指定 IUC／制度）」。投入（Inputs）：（請補充投入資訊）。覆核／執行步驟（Specific activities）：公司所開立之支票，應禁止背書轉讓並應限定付款人。。產出（Outputs）：（請補充控制產出／留存軌跡）。","[採購及付款循環｜會計] 支票應依照公司付款規定開立，以確保維護公司權益：公司所開立之支票，應禁止背書轉讓並應限定付款人。（頻率：持續；負責：1. 財務單位
2. 專案財務單位；IUC：—）",CP106-15,RCM;採購及付款循環;累積範本;去識別範本,2026-08-26 16:28:13
PL-CO101-1,妥適的客戶需求管理,生產循環,CO-101,製程計劃作業,製造／生產,製造／生產,生產規劃不當,營運面,,[營運] 生產規劃不當,,,,,妥適的客戶需求管理,製程計劃應因應產品品項之改變而作對應之修正，並經權責主管核准後實施。,不定期,產品工程單位,"1. 工程變更需求單
2. 工程變更文件管制表
3. 暫時工程變更通知單（TECN）
4. 工程變更通知單（ECN）",,工程變更管制作業程序,,"1. 工程變更需求單
2. 工程變更文件管制表
3. 暫時工程變更通知單（TECN）
4. 工程變更通知單（ECN）",,,,,,,人工,預防性 (Preventive),,,,"1. 工程變更需求單
2. 工程變更文件管制表
3. 暫時工程變更通知單（TECN）
4. 工程變更通知單（ECN）",,,"就公司現行生產循環作業，為因應「製造／生產」風險——生產規劃不當（風險三大屬性—財務報導：（未填）；營運：[營運] 生產規劃不當；法令遵循：（未填）；RoMM：（RoMM 分類未填）；重大科目／聲明：（重大科目未填）／（聲明未填）），設計控制目標為「妥適的客戶需求管理」。由產品工程單位以人工方式、採預防性控制取向、屬（類型未填）類型，依不定期執行下列控制活動：製程計劃應因應產品品項之改變而作對應之修正，並經權責主管核准後實施。。控制執行時使用之 IUC／制度為「1. 工程變更需求單
2. 工程變更文件管制表
3. 暫時工程變更通知單（TECN）
4. 工程變更通知單（ECN）」。投入（Inputs）：1. 工程變更需求單
2. 工程變更文件管制表
3. 暫時工程變更通知單（TECN）
4. 工程變更通知單（ECN）。覆核／執行步驟（Specific activities）：製程計劃應因應產品品項之改變而作對應之修正，並經權責主管核准後實施。。產出（Outputs）：1. 工程變更需求單
2. 工程變更文件管制表
3. 暫時工程變更通知單（TECN）
4. 工程變更通知單（ECN）。","[生產循環｜製造／生產] 妥適的客戶需求管理：製程計劃應因應產品品項之改變而作對應之修正，並經權責主管核准後實施。（頻率：不定期；負責：產品工程單位；IUC：1. 工程變更需求單
2. 工程變更文件管制表
3. 暫時工程變更通知單（TECN）
4. 工程變更通知單（ECN））",CO101-1,RCM;生產循環;累積範本;去識別範本,2026-08-26 16:28:13
PL-CO101-2,存貨帳目上設有系統權限控制,生產循環,CO-101,製程計劃作業,會計,會計,不實的財務資訊,報導面,[財務報導] 不實的財務資訊,,,,銷貨成本,,存貨帳目上設有系統權限控制,BOM內容進行修改時（新增、異動、刪除），應經權責人員覆核並確認修改之正確性。,不定期,產品工程單位,"1. ERP系統
2. MES系統","1. ERP系統
2. MES系統",BOM管理辦法,,BOM表需求申請單,,,,,,,人工,偵測性 (Detective),,,,BOM表需求申請單,,,"就公司現行生產循環作業，為因應「會計」風險——不實的財務資訊（風險三大屬性—財務報導：[財務報導] 不實的財務資訊；營運：（未填）；法令遵循：（未填）；RoMM：（RoMM 分類未填）；重大科目／聲明：銷貨成本／（聲明未填）），設計控制目標為「存貨帳目上設有系統權限控制」。由產品工程單位以人工方式、採偵測性控制取向、屬（類型未填）類型，依不定期執行下列控制活動：BOM內容進行修改時（新增、異動、刪除），應經權責人員覆核並確認修改之正確性。。控制執行時使用之 IUC／制度為「1. ERP系統
2. MES系統」。投入（Inputs）：1. ERP系統
2. MES系統。覆核／執行步驟（Specific activities）：BOM內容進行修改時（新增、異動、刪除），應經權責人員覆核並確認修改之正確性。。產出（Outputs）：BOM表需求申請單。","[生產循環｜會計] 存貨帳目上設有系統權限控制：BOM內容進行修改時（新增、異動、刪除），應經權責人員覆核並確認修改之正確性。（頻率：不定期；負責：產品工程單位；IUC：1. ERP系統
2. MES系統）",CO101-2,RCM;生產循環;累積範本;去識別範本,2026-08-26 16:28:13
PL-CO101-3,可行的製造程序,生產循環,CO-101,製程計劃作業,製造／生產,製造／生產,貧乏的工程設計與未標準化的作業程序,營運面,,[營運] 貧乏的工程設計與未標準化的作業程序,,,,,可行的製造程序,工作人員之工作方法、使用之機器、設備、工具、量具，應均依製程設計進行，並監控相關生產過程之製程參數是否符合設定製程規範。,不定期,"1. 產品工程單位
2. IE工程單位
3. 製造工程單位","1. ERP系統
2. MES系統","1. ERP系統
2. MES系統","1. 產品設計開發管制程序
2. 先期產品品質規劃程序",,產品設計規格書,,,,,,,人工,預防性 (Preventive),,,,產品設計規格書,,,"就公司現行生產循環作業，為因應「製造／生產」風險——貧乏的工程設計與未標準化的作業程序（風險三大屬性—財務報導：（未填）；營運：[營運] 貧乏的工程設計與未標準化的作業程序；法令遵循：（未填）；RoMM：（RoMM 分類未填）；重大科目／聲明：（重大科目未填）／（聲明未填）），設計控制目標為「可行的製造程序」。由1. 產品工程單位
2. IE工程單位
3. 製造工程單位以人工方式、採預防性控制取向、屬（類型未填）類型，依不定期執行下列控制活動：工作人員之工作方法、使用之機器、設備、工具、量具，應均依製程設計進行，並監控相關生產過程之製程參數是否符合設定製程規範。。控制執行時使用之 IUC／制度為「1. ERP系統
2. MES系統」。投入（Inputs）：1. ERP系統
2. MES系統。覆核／執行步驟（Specific activities）：工作人員之工作方法、使用之機器、設備、工具、量具，應均依製程設計進行，並監控相關生產過程之製程參數是否符合設定製程規範。。產出（Outputs）：產品設計規格書。","[生產循環｜製造／生產] 可行的製造程序：工作人員之工作方法、使用之機器、設備、工具、量具，應均依製程設計進行，並監控相關生產過程之製程參數是否符合設定製程規範。（頻率：不定期；負責：1. 產品工程單位
2. IE工程單位
3. 製造工程單位；IUC：1. ERP系統
2. MES系統）",CO101-3,RCM;生產循環;累積範本;去識別範本,2026-08-26 16:28:13
PL-CO101-4,準確地建立製造程序,生產循環,CO-101,製程計劃作業,製造／生產,製造／生產,生產規劃不當,營運面,,[營運] 生產規劃不當,,,,,準確地建立製造程序,直接材料於投入使用後，產生之產品、下腳料及廢料數量應符合公司規範限度內。,不定期,Refer o CO101-5,Refer o CO101-5,Refer o CO101-5,Refer o CO101-5,Refer o CO101-5,Refer o CO101-5,,,,,,,人工,偵測性 (Detective),,,,Refer o CO101-5,,,就公司現行生產循環作業，為因應「製造／生產」風險——生產規劃不當（風險三大屬性—財務報導：（未填）；營運：[營運] 生產規劃不當；法令遵循：（未填）；RoMM：（RoMM 分類未填）；重大科目／聲明：（重大科目未填）／（聲明未填）），設計控制目標為「準確地建立製造程序」。由Refer o CO101-5以人工方式、採偵測性控制取向、屬（類型未填）類型，依不定期執行下列控制活動：直接材料於投入使用後，產生之產品、下腳料及廢料數量應符合公司規範限度內。。控制執行時使用之 IUC／制度為「Refer o CO101-5」。投入（Inputs）：Refer o CO101-5。覆核／執行步驟（Specific activities）：直接材料於投入使用後，產生之產品、下腳料及廢料數量應符合公司規範限度內。。產出（Outputs）：Refer o CO101-5。,[生產循環｜製造／生產] 準確地建立製造程序：直接材料於投入使用後，產生之產品、下腳料及廢料數量應符合公司規範限度內。（頻率：不定期；負責：Refer o CO101-5；IUC：Refer o CO101-5）,CO101-4,RCM;生產循環;累積範本;去識別範本,2026-08-26 16:28:13
PL-CO101-5,準確地建立製造程序,生產循環,CO-101,製程計劃作業,責任,責任,設計或製造缺失,營運面,,[營運] 設計或製造缺失,,,,,準確地建立製造程序,所有生產過程中的細節及步驟、工作程序及設備裝配程序應皆已標準化及書面化。,不定期,產品工程單位,文件制修廢申請單,,文件與記錄管理作業程序,,文件制修廢申請單,,,,,,,人工,預防性 (Preventive),,,,文件制修廢申請單,,,就公司現行生產循環作業，為因應「責任」風險——設計或製造缺失（風險三大屬性—財務報導：（未填）；營運：[營運] 設計或製造缺失；法令遵循：（未填）；RoMM：（RoMM 分類未填）；重大科目／聲明：（重大科目未填）／（聲明未填）），設計控制目標為「準確地建立製造程序」。由產品工程單位以人工方式、採預防性控制取向、屬（類型未填）類型，依不定期執行下列控制活動：所有生產過程中的細節及步驟、工作程序及設備裝配程序應皆已標準化及書面化。。控制執行時使用之 IUC／制度為「文件制修廢申請單」。投入（Inputs）：文件制修廢申請單。覆核／執行步驟（Specific activities）：所有生產過程中的細節及步驟、工作程序及設備裝配程序應皆已標準化及書面化。。產出（Outputs）：文件制修廢申請單。,[生產循環｜責任] 準確地建立製造程序：所有生產過程中的細節及步驟、工作程序及設備裝配程序應皆已標準化及書面化。（頻率：不定期；負責：產品工程單位；IUC：文件制修廢申請單）,CO101-5,RCM;生產循環;累積範本;去識別範本,2026-08-26 16:28:13
PL-CO101-6,準確地建立製造程序,生產循環,CO-101,製程計劃作業,無形資產,無形資產,營業秘密遭盜取,營運面,,[營運] 營業秘密遭盜取,,,,,準確地建立製造程序,製程計劃相關文件應妥善歸檔保存，且保存機制應配合公司之機密管理政策執行。,持續,文件管制部,DCC文件儲存磁碟區（加密）之截圖,,文件與記錄管理作業程序,營業秘密法,DCC文件儲存磁碟區（加密）之截圖,,,,,,,人工,預防性 (Preventive),,,,DCC文件儲存磁碟區（加密）之截圖,,,就公司現行生產循環作業，為因應「無形資產」風險——營業秘密遭盜取（風險三大屬性—財務報導：（未填）；營運：[營運] 營業秘密遭盜取；法令遵循：（未填）；RoMM：（RoMM 分類未填）；重大科目／聲明：（重大科目未填）／（聲明未填）），設計控制目標為「準確地建立製造程序」。由文件管制部以人工方式、採預防性控制取向、屬（類型未填）類型，依持續執行下列控制活動：製程計劃相關文件應妥善歸檔保存，且保存機制應配合公司之機密管理政策執行。。控制執行時使用之 IUC／制度為「DCC文件儲存磁碟區（加密）之截圖」。投入（Inputs）：DCC文件儲存磁碟區（加密）之截圖。覆核／執行步驟（Specific activities）：製程計劃相關文件應妥善歸檔保存，且保存機制應配合公司之機密管理政策執行。。產出（Outputs）：DCC文件儲存磁碟區（加密）之截圖。,[生產循環｜無形資產] 準確地建立製造程序：製程計劃相關文件應妥善歸檔保存，且保存機制應配合公司之機密管理政策執行。（頻率：持續；負責：文件管制部；IUC：DCC文件儲存磁碟區（加密）之截圖）,CO101-6,RCM;生產循環;累積範本;去識別範本,2026-08-26 16:28:13
PL-CO101-7,所有與生產相關之直接及間接費用已正確的記錄為生產成本，並記錄於適當的會計期間。,生產循環,CO-101,製程計劃作業,資訊安全,資訊安全,無效果／無效率的存取控制,營運面,,[營運] 無效果／無效率的存取控制,,,,,所有與生產相關之直接及間接費用已正確的記錄為生產成本，並記錄於適當的會計期間。,應限制僅有經授權之人員始能新增、修改或刪除BOM。,持續,產品工程單位,ERP系統,ERP系統,,,,,,,,,,自動,預防性 (Preventive),,,,,,,就公司現行生產循環作業，為因應「資訊安全」風險——無效果／無效率的存取控制（風險三大屬性—財務報導：（未填）；營運：[營運] 無效果／無效率的存取控制；法令遵循：（未填）；RoMM：（RoMM 分類未填）；重大科目／聲明：（重大科目未填）／（聲明未填）），設計控制目標為「所有與生產相關之直接及間接費用已正確的記錄為生產成本，並記錄於適當的會計期間。」。由產品工程單位以自動方式、採預防性控制取向、屬（類型未填）類型，依持續執行下列控制活動：應限制僅有經授權之人員始能新增、修改或刪除BOM。。控制執行時使用之 IUC／制度為「ERP系統」。投入（Inputs）：ERP系統。覆核／執行步驟（Specific activities）：應限制僅有經授權之人員始能新增、修改或刪除BOM。。產出（Outputs）：（請補充控制產出／留存軌跡）。,[生產循環｜資訊安全] 所有與生產相關之直接及間接費用已正確的記錄為生產成本，並記錄於適當的會計期間。：應限制僅有經授權之人員始能新增、修改或刪除BOM。（頻率：持續；負責：產品工程單位；IUC：ERP系統）,CO101-7,RCM;生產循環;累積範本;去識別範本,2026-08-26 16:28:13
PL-CO102-1,根據需求和規範以建立排程,生產循環,CO-102,產能規劃作業,製造／生產,製造／生產,生產規劃不當,營運面,,[營運] 生產規劃不當,,,,,根據需求和規範以建立排程,生管單位應定期根據客戶之銷售預測計算及確認產能。,每年／每月／每週,"1. 運營規劃單位
2. IE工程單位
3. 生產企劃單位
4.經管單位
5.業務單位
6.財務單位","1. CAPEX專案簽呈及附件
2. 人力報告與通知生管單位人力需求之Mail
3. 產銷會議紀錄",,生產相關Capex管制管理辦法,,"1. CAPEX專案簽呈及附件
2. 人力報告與通知生管單位人力需求之Mail
3. 產銷會議紀錄",,,,,,,人工,預防性 (Preventive),,,,"1. CAPEX專案簽呈及附件
2. 人力報告與通知生管單位人力需求之Mail
3. 產銷會議紀錄",,,"就公司現行生產循環作業，為因應「製造／生產」風險——生產規劃不當（風險三大屬性—財務報導：（未填）；營運：[營運] 生產規劃不當；法令遵循：（未填）；RoMM：（RoMM 分類未填）；重大科目／聲明：（重大科目未填）／（聲明未填）），設計控制目標為「根據需求和規範以建立排程」。由1. 運營規劃單位
2. IE工程單位
3. 生產企劃單位
4.經管單位
5.業務單位
6.財務單位以人工方式、採預防性控制取向、屬（類型未填）類型，依每年／每月／每週執行下列控制活動：生管單位應定期根據客戶之銷售預測計算及確認產能。。控制執行時使用之 IUC／制度為「1. CAPEX專案簽呈及附件
2. 人力報告與通知生管單位人力需求之Mail
3. 產銷會議紀錄」。投入（Inputs）：1. CAPEX專案簽呈及附件
2. 人力報告與通知生管單位人力需求之Mail
3. 產銷會議紀錄。覆核／執行步驟（Specific activities）：生管單位應定期根據客戶之銷售預測計算及確認產能。。產出（Outputs）：1. CAPEX專案簽呈及附件
2. 人力報告與通知生管單位人力需求之Mail
3. 產銷會議紀錄。","[生產循環｜製造／生產] 根據需求和規範以建立排程：生管單位應定期根據客戶之銷售預測計算及確認產能。（頻率：每年／每月／每週；負責：1. 運營規劃單位
2. IE工程單位
3. 生產企劃單位
4.經管單位
5.業務單位
6.財務單位；IUC：1. CAPEX專案簽呈及附件
2. 人力報告與通知生管單位人力需求之Mail
3. 產銷會議紀錄）",CO102-1,RCM;生產循環;累積範本;去識別範本,2026-08-26 16:28:13
PL-CO102-2,可行的製造程序,生產循環,CO-102,產能規劃作業,製造／生產,製造／生產,生產規劃不當,營運面,,[營運] 生產規劃不當,,,,,可行的製造程序,應定期依產品類別、品質要求等特性，訂定生產機台需求計畫及作業人員需求計畫。,每年／每月,Refer o CO102-1,Refer o CO102-1,Refer o CO102-1,Refer o CO102-1,Refer o CO102-1,Refer o CO102-1,,,,,,,人工,偵測性 (Detective),,,,Refer o CO102-1,,,就公司現行生產循環作業，為因應「製造／生產」風險——生產規劃不當（風險三大屬性—財務報導：（未填）；營運：[營運] 生產規劃不當；法令遵循：（未填）；RoMM：（RoMM 分類未填）；重大科目／聲明：（重大科目未填）／（聲明未填）），設計控制目標為「可行的製造程序」。由Refer o CO102-1以人工方式、採偵測性控制取向、屬（類型未填）類型，依每年／每月執行下列控制活動：應定期依產品類別、品質要求等特性，訂定生產機台需求計畫及作業人員需求計畫。。控制執行時使用之 IUC／制度為「Refer o CO102-1」。投入（Inputs）：Refer o CO102-1。覆核／執行步驟（Specific activities）：應定期依產品類別、品質要求等特性，訂定生產機台需求計畫及作業人員需求計畫。。產出（Outputs）：Refer o CO102-1。,[生產循環｜製造／生產] 可行的製造程序：應定期依產品類別、品質要求等特性，訂定生產機台需求計畫及作業人員需求計畫。（頻率：每年／每月；負責：Refer o CO102-1；IUC：Refer o CO102-1）,CO102-2,RCM;生產循環;累積範本;去識別範本,2026-08-26 16:28:13
PL-CO102-3,分析產能以達到客戶的要求,生產循環,CO-102,產能規劃作業,運用,運用,生產規劃不當,營運面,,[營運] 生產規劃不當,,,,,分析產能以達到客戶的要求,產能規劃應依據定期之會議檢討，並將產能需求檢討報告呈送權責主管完成簽核後送交相關部門進行後續執行。產能不足時，IE工程單位單位應提出未來產能分析與規劃，並建議長期與短期因應計劃，經執行長核准後實施。,每週,生產企劃單位,產銷會議紀錄,,,,產銷會議紀錄,,,,,,,人工,偵測性 (Detective),,,,產銷會議紀錄,,,就公司現行生產循環作業，為因應「運用」風險——生產規劃不當（風險三大屬性—財務報導：（未填）；營運：[營運] 生產規劃不當；法令遵循：（未填）；RoMM：（RoMM 分類未填）；重大科目／聲明：（重大科目未填）／（聲明未填）），設計控制目標為「分析產能以達到客戶的要求」。由生產企劃單位以人工方式、採偵測性控制取向、屬（類型未填）類型，依每週執行下列控制活動：產能規劃應依據定期之會議檢討，並將產能需求檢討報告呈送權責主管完成簽核後送交相關部門進行後續執行。產能不足時，IE工程單位單位應提出未來產能分析與規劃，並建議長期與短期因應計劃，經執行長核准後實施。。控制執行時使用之 IUC／制度為「產銷會議紀錄」。投入（Inputs）：產銷會議紀錄。覆核／執行步驟（Specific activities）：產能規劃應依據定期之會議檢討，並將產能需求檢討報告呈送權責主管完成簽核後送交相關部門進行後續執行。產能不足時，IE工程單位單位應提出未來產能分析與規劃，並建議長期與短期因應計劃，經執行長核准後實施。。產出（Outputs）：產銷會議紀錄。,[生產循環｜運用] 分析產能以達到客戶的要求：產能規劃應依據定期之會議檢討，並將產能需求檢討報告呈送權責主管完成簽核後送交相關部門進行後續執行。產能不足時，IE工程單位單位應提出未來產能分析與規劃，並建議長期與短期因應計劃，經執行長核准後實施。（頻率：每週；負責：生產企劃單位；IUC：產銷會議紀錄）,CO102-3,RCM;生產循環;累積範本;去識別範本,2026-08-26 16:28:13
PL-CO103-1,根據需求和規範以建立排程,生產循環,CO-103,排程作業,顧客,顧客,非預期的客戶需求／偏好變更,營運面,,[營運] 非預期的客戶需求／偏好變更,,,,,根據需求和規範以建立排程,產能不足時，生產單位應依據更新之產能計劃調配機台（含品管機台）。,每日／每週,生產企劃單位,生產達成率網頁系統,生產達成率網頁系統,生產計劃管理程序,,"1. 投產計畫表
2. 產銷會議紀錄
3. 生產達成率網頁之系統畫面截圖",,,,,,,人工,預防性 (Preventive),,,,"1. 投產計畫表
2. 產銷會議紀錄
3. 生產達成率網頁之系統畫面截圖",,,"就公司現行生產循環作業，為因應「顧客」風險——非預期的客戶需求／偏好變更（風險三大屬性—財務報導：（未填）；營運：[營運] 非預期的客戶需求／偏好變更；法令遵循：（未填）；RoMM：（RoMM 分類未填）；重大科目／聲明：（重大科目未填）／（聲明未填）），設計控制目標為「根據需求和規範以建立排程」。由生產企劃單位以人工方式、採預防性控制取向、屬（類型未填）類型，依每日／每週執行下列控制活動：產能不足時，生產單位應依據更新之產能計劃調配機台（含品管機台）。。控制執行時使用之 IUC／制度為「生產達成率網頁系統」。投入（Inputs）：生產達成率網頁系統。覆核／執行步驟（Specific activities）：產能不足時，生產單位應依據更新之產能計劃調配機台（含品管機台）。。產出（Outputs）：1. 投產計畫表
2. 產銷會議紀錄
3. 生產達成率網頁之系統畫面截圖。",[生產循環｜顧客] 根據需求和規範以建立排程：產能不足時，生產單位應依據更新之產能計劃調配機台（含品管機台）。（頻率：每日／每週；負責：生產企劃單位；IUC：生產達成率網頁系統）,CO103-1,RCM;生產循環;累積範本;去識別範本,2026-08-26 16:28:13
PL-CO103-2,根據需求和規範以建立排程,生產循環,CO-103,排程作業,規劃,規劃,未能設定並維持最適的存貨庫存數量,營運面,,[營運] 未能設定並維持最適的存貨庫存數量,,,,,根據需求和規範以建立排程,生管單位收到客戶需求計劃時，應及時確認產能及物料狀況。,每週,生產企劃單位,"1. 生產達成率網頁系統
2. 流程管理系統系統","1. 生產達成率網頁系統
2. 流程管理系統系統",生產計劃管理程序,,"1. 銷售訂單
2. 排程申請單
3. 公板需求單
4. 投產計畫表
5. 生產達成率網頁之系統畫面截圖
6. 產銷會議紀錄",,,,,,,人工,預防性 (Preventive),,,,"1. 銷售訂單
2. 排程申請單
3. 公板需求單
4. 投產計畫表
5. 生產達成率網頁之系統畫面截圖
6. 產銷會議紀錄",,,"就公司現行生產循環作業，為因應「規劃」風險——未能設定並維持最適的存貨庫存數量（風險三大屬性—財務報導：（未填）；營運：[營運] 未能設定並維持最適的存貨庫存數量；法令遵循：（未填）；RoMM：（RoMM 分類未填）；重大科目／聲明：（重大科目未填）／（聲明未填）），設計控制目標為「根據需求和規範以建立排程」。由生產企劃單位以人工方式、採預防性控制取向、屬（類型未填）類型，依每週執行下列控制活動：生管單位收到客戶需求計劃時，應及時確認產能及物料狀況。。控制執行時使用之 IUC／制度為「1. 生產達成率網頁系統
2. 流程管理系統系統」。投入（Inputs）：1. 生產達成率網頁系統
2. 流程管理系統系統。覆核／執行步驟（Specific activities）：生管單位收到客戶需求計劃時，應及時確認產能及物料狀況。。產出（Outputs）：1. 銷售訂單
2. 排程申請單
3. 公板需求單
4. 投產計畫表
5. 生產達成率網頁之系統畫面截圖
6. 產銷會議紀錄。","[生產循環｜規劃] 根據需求和規範以建立排程：生管單位收到客戶需求計劃時，應及時確認產能及物料狀況。（頻率：每週；負責：生產企劃單位；IUC：1. 生產達成率網頁系統
2. 流程管理系統系統）",CO103-2,RCM;生產循環;累積範本;去識別範本,2026-08-26 16:28:13
PL-CO103-3,根據需求和規範以建立排程,生產循環,CO-103,排程作業,製造／生產,製造／生產,生產規劃不當,營運面,,[營運] 生產規劃不當,,,,,根據需求和規範以建立排程,計劃產出量與實際產出量產生差異時，製造單位應提出相關差異分析報告及改善計劃，經權責主管核准後作為未來改善之依據。,每日／每週,"1. 生產企劃單位
2. 製造生產單位","1. 生產流程系統系統
2. 生產達成率網頁系統","1. 生產流程系統系統
2. 生產達成率網頁系統",生產計劃管理程序,,"1. 生產達成率網頁之系統畫面截圖
2. 生產達成率網頁系統自動發送之Mail
3. 產銷會議紀錄",,,,,,,人工,偵測性 (Detective),,,,"1. 生產達成率網頁之系統畫面截圖
2. 生產達成率網頁系統自動發送之Mail
3. 產銷會議紀錄",,,"就公司現行生產循環作業，為因應「製造／生產」風險——生產規劃不當（風險三大屬性—財務報導：（未填）；營運：[營運] 生產規劃不當；法令遵循：（未填）；RoMM：（RoMM 分類未填）；重大科目／聲明：（重大科目未填）／（聲明未填）），設計控制目標為「根據需求和規範以建立排程」。由1. 生產企劃單位
2. 製造生產單位以人工方式、採偵測性控制取向、屬（類型未填）類型，依每日／每週執行下列控制活動：計劃產出量與實際產出量產生差異時，製造單位應提出相關差異分析報告及改善計劃，經權責主管核准後作為未來改善之依據。。控制執行時使用之 IUC／制度為「1. 生產流程系統系統
2. 生產達成率網頁系統」。投入（Inputs）：1. 生產流程系統系統
2. 生產達成率網頁系統。覆核／執行步驟（Specific activities）：計劃產出量與實際產出量產生差異時，製造單位應提出相關差異分析報告及改善計劃，經權責主管核准後作為未來改善之依據。。產出（Outputs）：1. 生產達成率網頁之系統畫面截圖
2. 生產達成率網頁系統自動發送之Mail
3. 產銷會議紀錄。","[生產循環｜製造／生產] 根據需求和規範以建立排程：計劃產出量與實際產出量產生差異時，製造單位應提出相關差異分析報告及改善計劃，經權責主管核准後作為未來改善之依據。（頻率：每日／每週；負責：1. 生產企劃單位
2. 製造生產單位；IUC：1. 生產流程系統系統
2. 生產達成率網頁系統）",CO103-3,RCM;生產循環;累積範本;去識別範本,2026-08-26 16:28:13
PL-CO104-1,分析產能以達到客戶的要求,生產循環,CO-104,委外加工作業,規劃,規劃,產能規劃不適當,營運面,,[營運] 產能規劃不適當,,,,,分析產能以達到客戶的要求,應經比較並評估委外加工與自製成本，確為委外加工有利後，始得提出委外加工申請。,不定期,"1. 工程單位
1. 生產企劃單位",請購單,,委外加工管理程序,,請購單,,,,,,,人工,偵測性 (Detective),,,,請購單,,,"就公司現行生產循環作業，為因應「規劃」風險——產能規劃不適當（風險三大屬性—財務報導：（未填）；營運：[營運] 產能規劃不適當；法令遵循：（未填）；RoMM：（RoMM 分類未填）；重大科目／聲明：（重大科目未填）／（聲明未填）），設計控制目標為「分析產能以達到客戶的要求」。由1. 工程單位
1. 生產企劃單位以人工方式、採偵測性控制取向、屬（類型未填）類型，依不定期執行下列控制活動：應經比較並評估委外加工與自製成本，確為委外加工有利後，始得提出委外加工申請。。控制執行時使用之 IUC／制度為「請購單」。投入（Inputs）：請購單。覆核／執行步驟（Specific activities）：應經比較並評估委外加工與自製成本，確為委外加工有利後，始得提出委外加工申請。。產出（Outputs）：請購單。","[生產循環｜規劃] 分析產能以達到客戶的要求：應經比較並評估委外加工與自製成本，確為委外加工有利後，始得提出委外加工申請。（頻率：不定期；負責：1. 工程單位
1. 生產企劃單位；IUC：請購單）",CO104-1,RCM;生產循環;累積範本;去識別範本,2026-08-26 16:28:13
PL-CO104-2,準確執行品管控制,生產循環,CO-104,委外加工作業,採購,採購,不適當的供應商遴選過程,營運面,,[營運] 不適當的供應商遴選過程,,,,,準確執行品管控制,委外廠商應具備公司定義委外廠商所需之技術能力，並提交相關評估表單及文件由經相關權責單位進行評估。,不定期,Refer o 採購及付款循環 CP103-2,Refer o 採購及付款循環 CP103-2,Refer o 採購及付款循環 CP103-2,Refer o 採購及付款循環 CP103-2,Refer o 採購及付款循環 CP103-2,Refer o 採購及付款循環 CP103-2,,,,,,,人工,預防性 (Preventive),,,,Refer o 採購及付款循環 CP103-2,,,就公司現行生產循環作業，為因應「採購」風險——不適當的供應商遴選過程（風險三大屬性—財務報導：（未填）；營運：[營運] 不適當的供應商遴選過程；法令遵循：（未填）；RoMM：（RoMM 分類未填）；重大科目／聲明：（重大科目未填）／（聲明未填）），設計控制目標為「準確執行品管控制」。由Refer o 採購及付款循環 CP103-2以人工方式、採預防性控制取向、屬（類型未填）類型，依不定期執行下列控制活動：委外廠商應具備公司定義委外廠商所需之技術能力，並提交相關評估表單及文件由經相關權責單位進行評估。。控制執行時使用之 IUC／制度為「Refer o 採購及付款循環 CP103-2」。投入（Inputs）：Refer o 採購及付款循環 CP103-2。覆核／執行步驟（Specific activities）：委外廠商應具備公司定義委外廠商所需之技術能力，並提交相關評估表單及文件由經相關權責單位進行評估。。產出（Outputs）：Refer o 採購及付款循環 CP103-2。,[生產循環｜採購] 準確執行品管控制：委外廠商應具備公司定義委外廠商所需之技術能力，並提交相關評估表單及文件由經相關權責單位進行評估。（頻率：不定期；負責：Refer o 採購及付款循環 CP103-2；IUC：Refer o 採購及付款循環 CP103-2）,CO104-2,RCM;生產循環;累積範本;去識別範本,2026-08-26 16:28:13
PL-CO104-3,準確執行品管控制,生產循環,CO-104,委外加工作業,外包,外包,供應商未能達到外包服務要求,營運面,,[營運] 供應商未能達到外包服務要求,,,,,準確執行品管控制,公司應評估及檢驗委外廠商之技術能力，檢驗通過且經相關權責主管核准後得納入合格委外廠商名單。,不定期,Refer o 採購及付款循環 CP103-2,Refer o 採購及付款循環 CP103-2,Refer o 採購及付款循環 CP103-2,Refer o 採購及付款循環 CP103-2,Refer o 採購及付款循環 CP103-2,Refer o 採購及付款循環 CP103-2,,,,,,,人工,預防性 (Preventive),,,,Refer o 採購及付款循環 CP103-2,,,就公司現行生產循環作業，為因應「外包」風險——供應商未能達到外包服務要求（風險三大屬性—財務報導：（未填）；營運：[營運] 供應商未能達到外包服務要求；法令遵循：（未填）；RoMM：（RoMM 分類未填）；重大科目／聲明：（重大科目未填）／（聲明未填）），設計控制目標為「準確執行品管控制」。由Refer o 採購及付款循環 CP103-2以人工方式、採預防性控制取向、屬（類型未填）類型，依不定期執行下列控制活動：公司應評估及檢驗委外廠商之技術能力，檢驗通過且經相關權責主管核准後得納入合格委外廠商名單。。控制執行時使用之 IUC／制度為「Refer o 採購及付款循環 CP103-2」。投入（Inputs）：Refer o 採購及付款循環 CP103-2。覆核／執行步驟（Specific activities）：公司應評估及檢驗委外廠商之技術能力，檢驗通過且經相關權責主管核准後得納入合格委外廠商名單。。產出（Outputs）：Refer o 採購及付款循環 CP103-2。,[生產循環｜外包] 準確執行品管控制：公司應評估及檢驗委外廠商之技術能力，檢驗通過且經相關權責主管核准後得納入合格委外廠商名單。（頻率：不定期；負責：Refer o 採購及付款循環 CP103-2；IUC：Refer o 採購及付款循環 CP103-2）,CO104-3,RCM;生產循環;累積範本;去識別範本,2026-08-26 16:28:13
PL-CO104-4,準確執行品管控制,生產循環,CO-104,委外加工作業,外包,外包,供應商未能達到外包服務要求,營運面,,[營運] 供應商未能達到外包服務要求,,,,,準確執行品管控制,委外廠商管理部門／品管部門應定期前往委外廠商抽驗品質或盤（抽）點事項。,每月／每年,"1. 品保單位
2. 生產企劃單位","1.供應商考核表
2. KPI評鑑紀錄表
3.在製品盤點表",,供應商管理程序,,"1.供應商考核表
2. KPI評鑑紀錄表
3.在製品盤點表",,,,,,,人工,偵測性 (Detective),,,,"1.供應商考核表
2. KPI評鑑紀錄表
3.在製品盤點表",,,"就公司現行生產循環作業，為因應「外包」風險——供應商未能達到外包服務要求（風險三大屬性—財務報導：（未填）；營運：[營運] 供應商未能達到外包服務要求；法令遵循：（未填）；RoMM：（RoMM 分類未填）；重大科目／聲明：（重大科目未填）／（聲明未填）），設計控制目標為「準確執行品管控制」。由1. 品保單位
2. 生產企劃單位以人工方式、採偵測性控制取向、屬（類型未填）類型，依每月／每年執行下列控制活動：委外廠商管理部門／品管部門應定期前往委外廠商抽驗品質或盤（抽）點事項。。控制執行時使用之 IUC／制度為「1.供應商考核表
2. KPI評鑑紀錄表
3.在製品盤點表」。投入（Inputs）：1.供應商考核表
2. KPI評鑑紀錄表
3.在製品盤點表。覆核／執行步驟（Specific activities）：委外廠商管理部門／品管部門應定期前往委外廠商抽驗品質或盤（抽）點事項。。產出（Outputs）：1.供應商考核表
2. KPI評鑑紀錄表
3.在製品盤點表。","[生產循環｜外包] 準確執行品管控制：委外廠商管理部門／品管部門應定期前往委外廠商抽驗品質或盤（抽）點事項。（頻率：每月／每年；負責：1. 品保單位
2. 生產企劃單位；IUC：1.供應商考核表
2. KPI評鑑紀錄表
3.在製品盤點表）",CO104-4,RCM;生產循環;累積範本;去識別範本,2026-08-26 16:28:13
PL-CO104-5,精準且足夠的合約條款,生產循環,CO-104,委外加工作業,外包,外包,未能執行外包廠商合約之審核,營運面,,[營運] 未能執行外包廠商合約之審核,,,,,精準且足夠的合約條款,委外加工應與委外廠商訂立加工合約，並應瞭解委外廠商於承接後有無再轉製情形。,不定期,採購單位,委外加工合約書,,委外加工管理程序,,委外加工合約書,,,,,,,人工,預防性 (Preventive),,,,委外加工合約書,,,就公司現行生產循環作業，為因應「外包」風險——未能執行外包廠商合約之審核（風險三大屬性—財務報導：（未填）；營運：[營運] 未能執行外包廠商合約之審核；法令遵循：（未填）；RoMM：（RoMM 分類未填）；重大科目／聲明：（重大科目未填）／（聲明未填）），設計控制目標為「精準且足夠的合約條款」。由採購單位以人工方式、採預防性控制取向、屬（類型未填）類型，依不定期執行下列控制活動：委外加工應與委外廠商訂立加工合約，並應瞭解委外廠商於承接後有無再轉製情形。。控制執行時使用之 IUC／制度為「委外加工合約書」。投入（Inputs）：委外加工合約書。覆核／執行步驟（Specific activities）：委外加工應與委外廠商訂立加工合約，並應瞭解委外廠商於承接後有無再轉製情形。。產出（Outputs）：委外加工合約書。,[生產循環｜外包] 精準且足夠的合約條款：委外加工應與委外廠商訂立加工合約，並應瞭解委外廠商於承接後有無再轉製情形。（頻率：不定期；負責：採購單位；IUC：委外加工合約書）,CO104-5,RCM;生產循環;累積範本;去識別範本,2026-08-26 16:28:13
PL-CO104-6,根據需求和規範以建立排程,生產循環,CO-104,委外加工作業,外包,外包,供應商未能達到外包服務要求,營運面,,[營運] 供應商未能達到外包服務要求,,,,,根據需求和規範以建立排程,委外廠商應依期交貨。若因未依期交貨進而造成公司損失，應依合約規範要求承包廠商賠償。,不定期,採購單位,委外加工合約書,,委外加工管理程序,,委外加工合約書,,,,,,,人工,偵測性 (Detective),,,,委外加工合約書,,,就公司現行生產循環作業，為因應「外包」風險——供應商未能達到外包服務要求（風險三大屬性—財務報導：（未填）；營運：[營運] 供應商未能達到外包服務要求；法令遵循：（未填）；RoMM：（RoMM 分類未填）；重大科目／聲明：（重大科目未填）／（聲明未填）），設計控制目標為「根據需求和規範以建立排程」。由採購單位以人工方式、採偵測性控制取向、屬（類型未填）類型，依不定期執行下列控制活動：委外廠商應依期交貨。若因未依期交貨進而造成公司損失，應依合約規範要求承包廠商賠償。。控制執行時使用之 IUC／制度為「委外加工合約書」。投入（Inputs）：委外加工合約書。覆核／執行步驟（Specific activities）：委外廠商應依期交貨。若因未依期交貨進而造成公司損失，應依合約規範要求承包廠商賠償。。產出（Outputs）：委外加工合約書。,[生產循環｜外包] 根據需求和規範以建立排程：委外廠商應依期交貨。若因未依期交貨進而造成公司損失，應依合約規範要求承包廠商賠償。（頻率：不定期；負責：採購單位；IUC：委外加工合約書）,CO104-6,RCM;生產循環;累積範本;去識別範本,2026-08-26 16:28:13
PL-CO104-7,準確執行品管控制,生產循環,CO-104,委外加工作業,會計,會計,不實的財務資訊,報導面,[財務報導] 不實的財務資訊,,,,其他營業外收入-其他,,準確執行品管控制,經本公司檢驗後，對於品質不良者，應皆退回再加工。若造成公司損失，應依合約規範要求承包廠商賠償。,不定期,採購單位,委外加工合約書,,委外加工管理程序,,委外加工合約書,,,,,,,人工,偵測性 (Detective),,,,委外加工合約書,,,就公司現行生產循環作業，為因應「會計」風險——不實的財務資訊（風險三大屬性—財務報導：[財務報導] 不實的財務資訊；營運：（未填）；法令遵循：（未填）；RoMM：（RoMM 分類未填）；重大科目／聲明：其他營業外收入-其他／（聲明未填）），設計控制目標為「準確執行品管控制」。由採購單位以人工方式、採偵測性控制取向、屬（類型未填）類型，依不定期執行下列控制活動：經本公司檢驗後，對於品質不良者，應皆退回再加工。若造成公司損失，應依合約規範要求承包廠商賠償。。控制執行時使用之 IUC／制度為「委外加工合約書」。投入（Inputs）：委外加工合約書。覆核／執行步驟（Specific activities）：經本公司檢驗後，對於品質不良者，應皆退回再加工。若造成公司損失，應依合約規範要求承包廠商賠償。。產出（Outputs）：委外加工合約書。,[生產循環｜會計] 準確執行品管控制：經本公司檢驗後，對於品質不良者，應皆退回再加工。若造成公司損失，應依合約規範要求承包廠商賠償。（頻率：不定期；負責：採購單位；IUC：委外加工合約書）,CO104-7,RCM;生產循環;累積範本;去識別範本,2026-08-26 16:28:13
PL-CO104-8,即時且準確地記錄物料需求,生產循環,CO-104,委外加工作業,製造／生產,製造／生產,無法針對不同之產品進行適當之控管,營運面,,[營運] 無法針對不同之產品進行適當之控管,,,,,即時且準確地記錄物料需求,請購委外加工數量應與製令需求數量一致。,每年,生產企劃單位,"1.供應商考核表
2.KPI評鑑紀錄表
3.在製品盤點表",,委外加工管理程序,,"1.供應商考核表
2.KPI評鑑紀錄表
3.在製品盤點表",,,,,,,人工,偵測性 (Detective),,,,"1.供應商考核表
2.KPI評鑑紀錄表
3.在製品盤點表",,,"就公司現行生產循環作業，為因應「製造／生產」風險——無法針對不同之產品進行適當之控管（風險三大屬性—財務報導：（未填）；營運：[營運] 無法針對不同之產品進行適當之控管；法令遵循：（未填）；RoMM：（RoMM 分類未填）；重大科目／聲明：（重大科目未填）／（聲明未填）），設計控制目標為「即時且準確地記錄物料需求」。由生產企劃單位以人工方式、採偵測性控制取向、屬（類型未填）類型，依每年執行下列控制活動：請購委外加工數量應與製令需求數量一致。。控制執行時使用之 IUC／制度為「1.供應商考核表
2.KPI評鑑紀錄表
3.在製品盤點表」。投入（Inputs）：1.供應商考核表
2.KPI評鑑紀錄表
3.在製品盤點表。覆核／執行步驟（Specific activities）：請購委外加工數量應與製令需求數量一致。。產出（Outputs）：1.供應商考核表
2.KPI評鑑紀錄表
3.在製品盤點表。","[生產循環｜製造／生產] 即時且準確地記錄物料需求：請購委外加工數量應與製令需求數量一致。（頻率：每年；負責：生產企劃單位；IUC：1.供應商考核表
2.KPI評鑑紀錄表
3.在製品盤點表）",CO104-8,RCM;生產循環;累積範本;去識別範本,2026-08-26 16:28:13
PL-CO105-1,適當監控生產流程,生產循環,CO-105,製造作業,運用,運用,不適當的地點或無效率的資產運用,營運面,,[營運] 不適當的地點或無效率的資產運用,,,,,適當監控生產流程,於接獲工單時，產線之機器及人工應皆能按生產排程規劃於計劃期間內投入生產。,每日,"1. 生產企劃單位
2. 倉管單位","1. ERP系統
2. MES系統","1. ERP系統
2. MES系統","1. 製程管制程序
2. 生產計劃管理程序",,"1. 投產計畫表
2. 生產工單
3. 調撥單",,,,,,,人工,預防性 (Preventive),,,,"1. 投產計畫表
2. 生產工單
3. 調撥單",,,"就公司現行生產循環作業，為因應「運用」風險——不適當的地點或無效率的資產運用（風險三大屬性—財務報導：（未填）；營運：[營運] 不適當的地點或無效率的資產運用；法令遵循：（未填）；RoMM：（RoMM 分類未填）；重大科目／聲明：（重大科目未填）／（聲明未填）），設計控制目標為「適當監控生產流程」。由1. 生產企劃單位
2. 倉管單位以人工方式、採預防性控制取向、屬（類型未填）類型，依每日執行下列控制活動：於接獲工單時，產線之機器及人工應皆能按生產排程規劃於計劃期間內投入生產。。控制執行時使用之 IUC／制度為「1. ERP系統
2. MES系統」。投入（Inputs）：1. ERP系統
2. MES系統。覆核／執行步驟（Specific activities）：於接獲工單時，產線之機器及人工應皆能按生產排程規劃於計劃期間內投入生產。。產出（Outputs）：1. 投產計畫表
2. 生產工單
3. 調撥單。","[生產循環｜運用] 適當監控生產流程：於接獲工單時，產線之機器及人工應皆能按生產排程規劃於計劃期間內投入生產。（頻率：每日；負責：1. 生產企劃單位
2. 倉管單位；IUC：1. ERP系統
2. MES系統）",CO105-1,RCM;生產循環;累積範本;去識別範本,2026-08-26 16:28:13
PL-CO105-2,適當監控生產流程,生產循環,CO-105,製造作業,運送／交貨,運送／交貨,未能優化採購週期、生產週期、出貨船運週期，導致發生無法如期交貨,營運面,,[營運] 未能優化採購週期、生產週期、出貨船運週期，導致發生無法如期交貨,,,,,適當監控生產流程,倉管單位應依照經簽核完成之領料單提供材料。過期材料的領用需求單，應經過品管工程師簽核核准或有相關文件作為依據始可領用。,每日多筆／不定期,"1. 倉管單位
2. 製造生產單位","1. ERP系統
2. MES系統","1. ERP系統
2. MES系統",倉儲管理程序,,"1. 調撥單
2. 物料鑑審單",,,,,,,人工,偵測性 (Detective),,,,"1. 調撥單
2. 物料鑑審單",,,"就公司現行生產循環作業，為因應「運送／交貨」風險——未能優化採購週期、生產週期、出貨船運週期，導致發生無法如期交貨（風險三大屬性—財務報導：（未填）；營運：[營運] 未能優化採購週期、生產週期、出貨船運週期，導致發生無法如期交貨；法令遵循：（未填）；RoMM：（RoMM 分類未填）；重大科目／聲明：（重大科目未填）／（聲明未填）），設計控制目標為「適當監控生產流程」。由1. 倉管單位
2. 製造生產單位以人工方式、採偵測性控制取向、屬（類型未填）類型，依每日多筆／不定期執行下列控制活動：倉管單位應依照經簽核完成之領料單提供材料。過期材料的領用需求單，應經過品管工程師簽核核准或有相關文件作為依據始可領用。。控制執行時使用之 IUC／制度為「1. ERP系統
2. MES系統」。投入（Inputs）：1. ERP系統
2. MES系統。覆核／執行步驟（Specific activities）：倉管單位應依照經簽核完成之領料單提供材料。過期材料的領用需求單，應經過品管工程師簽核核准或有相關文件作為依據始可領用。。產出（Outputs）：1. 調撥單
2. 物料鑑審單。","[生產循環｜運送／交貨] 適當監控生產流程：倉管單位應依照經簽核完成之領料單提供材料。過期材料的領用需求單，應經過品管工程師簽核核准或有相關文件作為依據始可領用。（頻率：每日多筆／不定期；負責：1. 倉管單位
2. 製造生產單位；IUC：1. ERP系統
2. MES系統）",CO105-2,RCM;生產循環;累積範本;去識別範本,2026-08-26 16:28:13
PL-CO105-3,適當監控生產流程,生產循環,CO-105,製造作業,運用,運用,不適當的地點或無效率的資產運用,營運面,,[營運] 不適當的地點或無效率的資產運用,,,,,適當監控生產流程,生產製造工序應均做過動作時間研究，找出最經濟的方法。生產線各站別生產人員應定期透過在職訓練，並取得相關資格認證後，確認其熟悉並按此方法工作。,每年／不定期,製造生產單位,"1. 生產參數檢點表
1. 人員專業養成計畫表
2. 內訓實作學習評量
3. 員工技能表
4. 員工考核紀錄
5. 教育訓練宣導單",,"1. 製程管制程序
2. 教育訓練作業程序",,"1. 生產參數檢點表
1. 人員專業養成計畫表
2. 內訓實作學習評量
3. 員工技能表
4. 員工考核紀錄
5. 教育訓練宣導單",,,,,,,人工,偵測性 (Detective),,,,"1. 生產參數檢點表
1. 人員專業養成計畫表
2. 內訓實作學習評量
3. 員工技能表
4. 員工考核紀錄
5. 教育訓練宣導單",,,"就公司現行生產循環作業，為因應「運用」風險——不適當的地點或無效率的資產運用（風險三大屬性—財務報導：（未填）；營運：[營運] 不適當的地點或無效率的資產運用；法令遵循：（未填）；RoMM：（RoMM 分類未填）；重大科目／聲明：（重大科目未填）／（聲明未填）），設計控制目標為「適當監控生產流程」。由製造生產單位以人工方式、採偵測性控制取向、屬（類型未填）類型，依每年／不定期執行下列控制活動：生產製造工序應均做過動作時間研究，找出最經濟的方法。生產線各站別生產人員應定期透過在職訓練，並取得相關資格認證後，確認其熟悉並按此方法工作。。控制執行時使用之 IUC／制度為「1. 生產參數檢點表
1. 人員專業養成計畫表
2. 內訓實作學習評量
3. 員工技能表
4. 員工考核紀錄
5. 教育訓練宣導單」。投入（Inputs）：1. 生產參數檢點表
1. 人員專業養成計畫表
2. 內訓實作學習評量
3. 員工技能表
4. 員工考核紀錄
5. 教育訓練宣導單。覆核／執行步驟（Specific activities）：生產製造工序應均做過動作時間研究，找出最經濟的方法。生產線各站別生產人員應定期透過在職訓練，並取得相關資格認證後，確認其熟悉並按此方法工作。。產出（Outputs）：1. 生產參數檢點表
1. 人員專業養成計畫表
2. 內訓實作學習評量
3. 員工技能表
4. 員工考核紀錄
5. 教育訓練宣導單。","[生產循環｜運用] 適當監控生產流程：生產製造工序應均做過動作時間研究，找出最經濟的方法。生產線各站別生產人員應定期透過在職訓練，並取得相關資格認證後，確認其熟悉並按此方法工作。（頻率：每年／不定期；負責：製造生產單位；IUC：1. 生產參數檢點表
1. 人員專業養成計畫表
2. 內訓實作學習評量
3. 員工技能表
4. 員工考核紀錄
5. 教育訓練宣導單）",CO105-3,RCM;生產循環;累積範本;去識別範本,2026-08-26 16:28:13
PL-CO105-4,準確紀錄在製品資訊,生產循環,CO-105,製造作業,流程管理,流程管理,無法追踪資產及相關資訊,營運面,,[營運] 無法追踪資產及相關資訊,,,,,準確紀錄在製品資訊,工單於製程間移轉時，點交者應確實完成在製品過帳程序，且於下一工序單位確認實收數量。,持續,製造生產單位,MES系統,MES系統,"1. 製程管制程序
2. 生產計劃管理程序",,電子流程卡系統畫面,,,,,,,人工,偵測性 (Detective),,,,電子流程卡系統畫面,,,就公司現行生產循環作業，為因應「流程管理」風險——無法追踪資產及相關資訊（風險三大屬性—財務報導：（未填）；營運：[營運] 無法追踪資產及相關資訊；法令遵循：（未填）；RoMM：（RoMM 分類未填）；重大科目／聲明：（重大科目未填）／（聲明未填）），設計控制目標為「準確紀錄在製品資訊」。由製造生產單位以人工方式、採偵測性控制取向、屬（類型未填）類型，依持續執行下列控制活動：工單於製程間移轉時，點交者應確實完成在製品過帳程序，且於下一工序單位確認實收數量。。控制執行時使用之 IUC／制度為「MES系統」。投入（Inputs）：MES系統。覆核／執行步驟（Specific activities）：工單於製程間移轉時，點交者應確實完成在製品過帳程序，且於下一工序單位確認實收數量。。產出（Outputs）：電子流程卡系統畫面。,[生產循環｜流程管理] 準確紀錄在製品資訊：工單於製程間移轉時，點交者應確實完成在製品過帳程序，且於下一工序單位確認實收數量。（頻率：持續；負責：製造生產單位；IUC：MES系統）,CO105-4,RCM;生產循環;累積範本;去識別範本,2026-08-26 16:28:13
PL-CO105-5,適當監控生產流程,生產循環,CO-105,製造作業,製造／生產,製造／生產,無效率的生產規劃流程,營運面,,[營運] 無效率的生產規劃流程,,,,,適當監控生產流程,計劃產出量與實際產出量產生差異時，製造單位應提出相關差異分析報告及改善計劃，經權責主管核准後作為未來改善之依據。,每週,生產企劃單位,產銷會議紀錄,,製程管制程序,,產銷會議紀錄,,,,,,,人工,預防性 (Preventive),,,,產銷會議紀錄,,,就公司現行生產循環作業，為因應「製造／生產」風險——無效率的生產規劃流程（風險三大屬性—財務報導：（未填）；營運：[營運] 無效率的生產規劃流程；法令遵循：（未填）；RoMM：（RoMM 分類未填）；重大科目／聲明：（重大科目未填）／（聲明未填）），設計控制目標為「適當監控生產流程」。由生產企劃單位以人工方式、採預防性控制取向、屬（類型未填）類型，依每週執行下列控制活動：計劃產出量與實際產出量產生差異時，製造單位應提出相關差異分析報告及改善計劃，經權責主管核准後作為未來改善之依據。。控制執行時使用之 IUC／制度為「產銷會議紀錄」。投入（Inputs）：產銷會議紀錄。覆核／執行步驟（Specific activities）：計劃產出量與實際產出量產生差異時，製造單位應提出相關差異分析報告及改善計劃，經權責主管核准後作為未來改善之依據。。產出（Outputs）：產銷會議紀錄。,[生產循環｜製造／生產] 適當監控生產流程：計劃產出量與實際產出量產生差異時，製造單位應提出相關差異分析報告及改善計劃，經權責主管核准後作為未來改善之依據。（頻率：每週；負責：生產企劃單位；IUC：產銷會議紀錄）,CO105-5,RCM;生產循環;累積範本;去識別範本,2026-08-26 16:28:13
PL-CO105-6,適當監控生產流程,生產循環,CO-105,製造作業,製造／生產,製造／生產,生產規劃不當,營運面,,[營運] 生產規劃不當,,,,,適當監控生產流程,生管單位於收到客戶突然增加需求量需求時，應確認產能及物料狀況並及時通知業務部門，以便回覆可符合客戶需求。,每日／每週,Refer o CO103-1,Refer o CO103-1,Refer o CO103-1,Refer o CO103-1,Refer o CO103-1,Refer o CO103-1,,,,,,,人工,預防性 (Preventive),,,,Refer o CO103-1,,,就公司現行生產循環作業，為因應「製造／生產」風險——生產規劃不當（風險三大屬性—財務報導：（未填）；營運：[營運] 生產規劃不當；法令遵循：（未填）；RoMM：（RoMM 分類未填）；重大科目／聲明：（重大科目未填）／（聲明未填）），設計控制目標為「適當監控生產流程」。由Refer o CO103-1以人工方式、採預防性控制取向、屬（類型未填）類型，依每日／每週執行下列控制活動：生管單位於收到客戶突然增加需求量需求時，應確認產能及物料狀況並及時通知業務部門，以便回覆可符合客戶需求。。控制執行時使用之 IUC／制度為「Refer o CO103-1」。投入（Inputs）：Refer o CO103-1。覆核／執行步驟（Specific activities）：生管單位於收到客戶突然增加需求量需求時，應確認產能及物料狀況並及時通知業務部門，以便回覆可符合客戶需求。。產出（Outputs）：Refer o CO103-1。,[生產循環｜製造／生產] 適當監控生產流程：生管單位於收到客戶突然增加需求量需求時，應確認產能及物料狀況並及時通知業務部門，以便回覆可符合客戶需求。（頻率：每日／每週；負責：Refer o CO103-1；IUC：Refer o CO103-1）,CO105-6,RCM;生產循環;累積範本;去識別範本,2026-08-26 16:28:13
PL-CO105-7,適當監控生產流程,生產循環,CO-105,製造作業,製造／生產,製造／生產,無效率的生產規劃流程,營運面,,[營運] 無效率的生產規劃流程,,,,,適當監控生產流程,產線之生產進度應皆詳加記錄於生產日報表。,每日,"1. 製造生產單位
2. 生產企劃單位","1. MES系統
2. 生產流程系統系統
3. 生產達成率網頁系統
4. 在製明細逾時回覆平台","1. MES系統
2. 生產流程系統系統
3. 生產達成率網頁系統
4. 在製明細逾時回覆平台","1. 製程管制程序
2. 生產計劃管理程序",,"1. 生產日報表
2. 發送之在製進度Mail
3. 在製逾時表
4. 已出未進之待進站清單
5. 轉倉管入庫即時表
6. 在製明細逾時回覆平台之系統畫面
7. 生產達成率網頁之系統畫面截圖
8. 生產達成率網頁系統自動發送之Mail",,,,,,,人工,預防性 (Preventive),,,,"1. 生產日報表
2. 發送之在製進度Mail
3. 在製逾時表
4. 已出未進之待進站清單
5. 轉倉管入庫即時表
6. 在製明細逾時回覆平台之系統畫面
7. 生產達成率網頁之系統畫面截圖
8. 生產達成率網頁系統自動發送之Mail",,,"就公司現行生產循環作業，為因應「製造／生產」風險——無效率的生產規劃流程（風險三大屬性—財務報導：（未填）；營運：[營運] 無效率的生產規劃流程；法令遵循：（未填）；RoMM：（RoMM 分類未填）；重大科目／聲明：（重大科目未填）／（聲明未填）），設計控制目標為「適當監控生產流程」。由1. 製造生產單位
2. 生產企劃單位以人工方式、採預防性控制取向、屬（類型未填）類型，依每日執行下列控制活動：產線之生產進度應皆詳加記錄於生產日報表。。控制執行時使用之 IUC／制度為「1. MES系統
2. 生產流程系統系統
3. 生產達成率網頁系統
4. 在製明細逾時回覆平台」。投入（Inputs）：1. MES系統
2. 生產流程系統系統
3. 生產達成率網頁系統
4. 在製明細逾時回覆平台。覆核／執行步驟（Specific activities）：產線之生產進度應皆詳加記錄於生產日報表。。產出（Outputs）：1. 生產日報表
2. 發送之在製進度Mail
3. 在製逾時表
4. 已出未進之待進站清單
5. 轉倉管入庫即時表
6. 在製明細逾時回覆平台之系統畫面
7. 生產達成率網頁之系統畫面截圖
8. 生產達成率網頁系統自動發送之Mail。","[生產循環｜製造／生產] 適當監控生產流程：產線之生產進度應皆詳加記錄於生產日報表。（頻率：每日；負責：1. 製造生產單位
2. 生產企劃單位；IUC：1. MES系統
2. 生產流程系統系統
3. 生產達成率網頁系統
4. 在製明細逾時回覆平台）",CO105-7,RCM;生產循環;累積範本;去識別範本,2026-08-26 16:28:13
PL-CO106-1,有足夠的保全措施以保護存貨,生產循環,CO-106,倉儲管理作業,流程管理,流程管理,無法追踪資產及相關資訊,營運面,,[營運] 無法追踪資產及相關資訊,,,,,有足夠的保全措施以保護存貨,領料單據號碼應按照時序且前後連續。,持續,"1. 需求單位
2. 生產企劃單位","1. MES系統
2. ERP系統
3. 流程管理系統系統","1. MES系統
2. ERP系統
3. 流程管理系統系統",倉儲管理程序,,"1. 調撥單
2. 部門領用單
3. 庫存領用申請單",,,,,,,自動,預防性 (Preventive),,,,"1. 調撥單
2. 部門領用單
3. 庫存領用申請單",,,"就公司現行生產循環作業，為因應「流程管理」風險——無法追踪資產及相關資訊（風險三大屬性—財務報導：（未填）；營運：[營運] 無法追踪資產及相關資訊；法令遵循：（未填）；RoMM：（RoMM 分類未填）；重大科目／聲明：（重大科目未填）／（聲明未填）），設計控制目標為「有足夠的保全措施以保護存貨」。由1. 需求單位
2. 生產企劃單位以自動方式、採預防性控制取向、屬（類型未填）類型，依持續執行下列控制活動：領料單據號碼應按照時序且前後連續。。控制執行時使用之 IUC／制度為「1. MES系統
2. ERP系統
3. 流程管理系統系統」。投入（Inputs）：1. MES系統
2. ERP系統
3. 流程管理系統系統。覆核／執行步驟（Specific activities）：領料單據號碼應按照時序且前後連續。。產出（Outputs）：1. 調撥單
2. 部門領用單
3. 庫存領用申請單。","[生產循環｜流程管理] 有足夠的保全措施以保護存貨：領料單據號碼應按照時序且前後連續。（頻率：持續；負責：1. 需求單位
2. 生產企劃單位；IUC：1. MES系統
2. ERP系統
3. 流程管理系統系統）",CO106-1,RCM;生產循環;累積範本;去識別範本,2026-08-26 16:28:13
PL-CO106-2,有足夠的保全措施以保護存貨,生產循環,CO-106,倉儲管理作業,流程管理,流程管理,無法追踪資產及相關資訊,營運面,,[營運] 無法追踪資產及相關資訊,,,,,有足夠的保全措施以保護存貨,領料單據上如有更改，應經權責主管核准後始可領料。,不定期,倉管單位,"1. MES系統
2. ERP系統
3. 流程管理系統系統","1. MES系統
2. ERP系統
3. 流程管理系統系統",倉儲管理程序,,"1. 調撥單
2. 部門領用單
3. 庫存領用申請單",,,,,,,人工,預防性 (Preventive),,,,"1. 調撥單
2. 部門領用單
3. 庫存領用申請單",,,"就公司現行生產循環作業，為因應「流程管理」風險——無法追踪資產及相關資訊（風險三大屬性—財務報導：（未填）；營運：[營運] 無法追踪資產及相關資訊；法令遵循：（未填）；RoMM：（RoMM 分類未填）；重大科目／聲明：（重大科目未填）／（聲明未填）），設計控制目標為「有足夠的保全措施以保護存貨」。由倉管單位以人工方式、採預防性控制取向、屬（類型未填）類型，依不定期執行下列控制活動：領料單據上如有更改，應經權責主管核准後始可領料。。控制執行時使用之 IUC／制度為「1. MES系統
2. ERP系統
3. 流程管理系統系統」。投入（Inputs）：1. MES系統
2. ERP系統
3. 流程管理系統系統。覆核／執行步驟（Specific activities）：領料單據上如有更改，應經權責主管核准後始可領料。。產出（Outputs）：1. 調撥單
2. 部門領用單
3. 庫存領用申請單。","[生產循環｜流程管理] 有足夠的保全措施以保護存貨：領料單據上如有更改，應經權責主管核准後始可領料。（頻率：不定期；負責：倉管單位；IUC：1. MES系統
2. ERP系統
3. 流程管理系統系統）",CO106-2,RCM;生產循環;累積範本;去識別範本,2026-08-26 16:28:13
PL-CO106-3,存貨是可銷售的或可使用的，並有適當之保全。,生產循環,CO-106,倉儲管理作業,規劃,規劃,未能設定並維持最適的存貨庫存數量,營運面,,[營運] 未能設定並維持最適的存貨庫存數量,,,,,存貨是可銷售的或可使用的，並有適當之保全。,權責主管應監督存貨水準之適當性。若有異常，應立即查詢異常原因，並通知相關部門作為原物料進料之參考依據。,每月,"1. 物管單位
2. 採購單位","1. MES系統
2. ERP系統
3. 流程管理系統系統","1. MES系統
2. ERP系統
3. 流程管理系統系統","1. 物料管制作業辦法
2. 安全庫存管理辦法",,物料需求表,,,,,,,人工,預防性 (Preventive),,,,物料需求表,,,"就公司現行生產循環作業，為因應「規劃」風險——未能設定並維持最適的存貨庫存數量（風險三大屬性—財務報導：（未填）；營運：[營運] 未能設定並維持最適的存貨庫存數量；法令遵循：（未填）；RoMM：（RoMM 分類未填）；重大科目／聲明：（重大科目未填）／（聲明未填）），設計控制目標為「存貨是可銷售的或可使用的，並有適當之保全。」。由1. 物管單位
2. 採購單位以人工方式、採預防性控制取向、屬（類型未填）類型，依每月執行下列控制活動：權責主管應監督存貨水準之適當性。若有異常，應立即查詢異常原因，並通知相關部門作為原物料進料之參考依據。。控制執行時使用之 IUC／制度為「1. MES系統
2. ERP系統
3. 流程管理系統系統」。投入（Inputs）：1. MES系統
2. ERP系統
3. 流程管理系統系統。覆核／執行步驟（Specific activities）：權責主管應監督存貨水準之適當性。若有異常，應立即查詢異常原因，並通知相關部門作為原物料進料之參考依據。。產出（Outputs）：物料需求表。","[生產循環｜規劃] 存貨是可銷售的或可使用的，並有適當之保全。：權責主管應監督存貨水準之適當性。若有異常，應立即查詢異常原因，並通知相關部門作為原物料進料之參考依據。（頻率：每月；負責：1. 物管單位
2. 採購單位；IUC：1. MES系統
2. ERP系統
3. 流程管理系統系統）",CO106-3,RCM;生產循環;累積範本;去識別範本,2026-08-26 16:28:13
PL-CO106-4,所有原物料移轉至生產線皆經正確紀錄，並記錄於適當之會計期間。,生產循環,CO-106,倉儲管理作業,流程管理,流程管理,無法追踪資產及相關資訊,營運面,,[營運] 無法追踪資產及相關資訊,,,,,所有原物料移轉至生產線皆經正確紀錄，並記錄於適當之會計期間。,收料或原物料移轉時應於現場核對領料單與實際移轉之存貨數量一致。發料人員依實際發給數量輸入系統除帳。,每日多筆,"1. 製造生產單位
2. 倉管單位
3. 需求單位","1. MES系統
2. ERP系統
3. 流程管理系統系統","1. MES系統
2. ERP系統
3. 流程管理系統系統","1. 物料管制作業辦法
2. 安全庫存管理辦法
3. 倉儲管理程序",,"1. 調撥單
2. 部門領用單
3. 庫存領用申請單",,,,,,,人工,預防性 (Preventive),,,,"1. 調撥單
2. 部門領用單
3. 庫存領用申請單",,,"就公司現行生產循環作業，為因應「流程管理」風險——無法追踪資產及相關資訊（風險三大屬性—財務報導：（未填）；營運：[營運] 無法追踪資產及相關資訊；法令遵循：（未填）；RoMM：（RoMM 分類未填）；重大科目／聲明：（重大科目未填）／（聲明未填）），設計控制目標為「所有原物料移轉至生產線皆經正確紀錄，並記錄於適當之會計期間。」。由1. 製造生產單位
2. 倉管單位
3. 需求單位以人工方式、採預防性控制取向、屬（類型未填）類型，依每日多筆執行下列控制活動：收料或原物料移轉時應於現場核對領料單與實際移轉之存貨數量一致。發料人員依實際發給數量輸入系統除帳。。控制執行時使用之 IUC／制度為「1. MES系統
2. ERP系統
3. 流程管理系統系統」。投入（Inputs）：1. MES系統
2. ERP系統
3. 流程管理系統系統。覆核／執行步驟（Specific activities）：收料或原物料移轉時應於現場核對領料單與實際移轉之存貨數量一致。發料人員依實際發給數量輸入系統除帳。。產出（Outputs）：1. 調撥單
2. 部門領用單
3. 庫存領用申請單。","[生產循環｜流程管理] 所有原物料移轉至生產線皆經正確紀錄，並記錄於適當之會計期間。：收料或原物料移轉時應於現場核對領料單與實際移轉之存貨數量一致。發料人員依實際發給數量輸入系統除帳。（頻率：每日多筆；負責：1. 製造生產單位
2. 倉管單位
3. 需求單位；IUC：1. MES系統
2. ERP系統
3. 流程管理系統系統）",CO106-4,RCM;生產循環;累積範本;去識別範本,2026-08-26 16:28:13
PL-CO106-5,即時且準確地記錄物料需求,生產循環,CO-106,倉儲管理作業,流程管理,流程管理,無法追踪資產及相關資訊,營運面,,[營運] 無法追踪資產及相關資訊,,,,,即時且準確地記錄物料需求,原物料倉庫人員應該依照先進先出及相關發給規則進行發料，並即時更新原物料庫存系統資訊，以記錄於適當之會計期間。,每日多筆／每週,倉管單位,"1. MES系統
2. ERP系統","1. MES系統
2. ERP系統",倉儲管理程序,,異動盤點表,,,,,,,人工,預防性 (Preventive),,,,異動盤點表,,,"就公司現行生產循環作業，為因應「流程管理」風險——無法追踪資產及相關資訊（風險三大屬性—財務報導：（未填）；營運：[營運] 無法追踪資產及相關資訊；法令遵循：（未填）；RoMM：（RoMM 分類未填）；重大科目／聲明：（重大科目未填）／（聲明未填）），設計控制目標為「即時且準確地記錄物料需求」。由倉管單位以人工方式、採預防性控制取向、屬（類型未填）類型，依每日多筆／每週執行下列控制活動：原物料倉庫人員應該依照先進先出及相關發給規則進行發料，並即時更新原物料庫存系統資訊，以記錄於適當之會計期間。。控制執行時使用之 IUC／制度為「1. MES系統
2. ERP系統」。投入（Inputs）：1. MES系統
2. ERP系統。覆核／執行步驟（Specific activities）：原物料倉庫人員應該依照先進先出及相關發給規則進行發料，並即時更新原物料庫存系統資訊，以記錄於適當之會計期間。。產出（Outputs）：異動盤點表。","[生產循環｜流程管理] 即時且準確地記錄物料需求：原物料倉庫人員應該依照先進先出及相關發給規則進行發料，並即時更新原物料庫存系統資訊，以記錄於適當之會計期間。（頻率：每日多筆／每週；負責：倉管單位；IUC：1. MES系統
2. ERP系統）",CO106-5,RCM;生產循環;累積範本;去識別範本,2026-08-26 16:28:13
PL-CO106-6,準確紀錄生產線之退料,生產循環,CO-106,倉儲管理作業,流程管理,流程管理,無法追踪資產及相關資訊,營運面,,[營運] 無法追踪資產及相關資訊,,,,,準確紀錄生產線之退料,退料單據應呈權責主管核准，退回物品之數量應料帳相符。,不定期,"1. 製造生產單位
2. 倉管單位
3. 需求單位","1. MES系統
2. ERP系統
3. 流程管理系統系統","1. MES系統
2. ERP系統
3. 流程管理系統系統","1. 物料管制作業辦法
2. 安全庫存管理辦法
3. 倉儲管理程序",,"1. 退料單
2. 退料申請單",,,,,,,人工,預防性 (Preventive),,,,"1. 退料單
2. 退料申請單",,,"就公司現行生產循環作業，為因應「流程管理」風險——無法追踪資產及相關資訊（風險三大屬性—財務報導：（未填）；營運：[營運] 無法追踪資產及相關資訊；法令遵循：（未填）；RoMM：（RoMM 分類未填）；重大科目／聲明：（重大科目未填）／（聲明未填）），設計控制目標為「準確紀錄生產線之退料」。由1. 製造生產單位
2. 倉管單位
3. 需求單位以人工方式、採預防性控制取向、屬（類型未填）類型，依不定期執行下列控制活動：退料單據應呈權責主管核准，退回物品之數量應料帳相符。。控制執行時使用之 IUC／制度為「1. MES系統
2. ERP系統
3. 流程管理系統系統」。投入（Inputs）：1. MES系統
2. ERP系統
3. 流程管理系統系統。覆核／執行步驟（Specific activities）：退料單據應呈權責主管核准，退回物品之數量應料帳相符。。產出（Outputs）：1. 退料單
2. 退料申請單。","[生產循環｜流程管理] 準確紀錄生產線之退料：退料單據應呈權責主管核准，退回物品之數量應料帳相符。（頻率：不定期；負責：1. 製造生產單位
2. 倉管單位
3. 需求單位；IUC：1. MES系統
2. ERP系統
3. 流程管理系統系統）",CO106-6,RCM;生產循環;累積範本;去識別範本,2026-08-26 16:28:13
PL-CO106-7,準確執行品管控制,生產循環,CO-106,倉儲管理作業,製造／生產,製造／生產,不適當的品質控制方式,營運面,,[營運] 不適當的品質控制方式,,,,,準確執行品管控制,過期、待報廢物品應填寫相關表單經權責主管核准後始可進行報廢作業。,不定期,倉管單位,"1. MES系統
2. ERP系統","1. MES系統
2. ERP系統","1. 物料管制作業辦法
2. 倉儲管理程序",,物料鑑審單,,,,,,,人工,預防性 (Preventive),,,,物料鑑審單,,,"就公司現行生產循環作業，為因應「製造／生產」風險——不適當的品質控制方式（風險三大屬性—財務報導：（未填）；營運：[營運] 不適當的品質控制方式；法令遵循：（未填）；RoMM：（RoMM 分類未填）；重大科目／聲明：（重大科目未填）／（聲明未填）），設計控制目標為「準確執行品管控制」。由倉管單位以人工方式、採預防性控制取向、屬（類型未填）類型，依不定期執行下列控制活動：過期、待報廢物品應填寫相關表單經權責主管核准後始可進行報廢作業。。控制執行時使用之 IUC／制度為「1. MES系統
2. ERP系統」。投入（Inputs）：1. MES系統
2. ERP系統。覆核／執行步驟（Specific activities）：過期、待報廢物品應填寫相關表單經權責主管核准後始可進行報廢作業。。產出（Outputs）：物料鑑審單。","[生產循環｜製造／生產] 準確執行品管控制：過期、待報廢物品應填寫相關表單經權責主管核准後始可進行報廢作業。（頻率：不定期；負責：倉管單位；IUC：1. MES系統
2. ERP系統）",CO106-7,RCM;生產循環;累積範本;去識別範本,2026-08-26 16:28:13
PL-CO106-8,準確紀錄生產線之退料,生產循環,CO-106,倉儲管理作業,流程管理,流程管理,無法追踪資產及相關資訊,營運面,,[營運] 無法追踪資產及相關資訊,,,,,準確紀錄生產線之退料,不良品退料應於品管人員完成檢驗後始退回至庫房。,不定期,Refer o CO105-2 & CO107-2 & CO106-7,Refer o CO105-2 & CO107-2 & CO106-7,Refer o CO105-2 & CO107-2 & CO106-7,Refer o CO105-2 & CO107-2 & CO106-7,Refer o CO105-2 & CO107-2 & CO106-7,Refer o CO105-2 & CO107-2 & CO106-7,,,,,,,人工,預防性 (Preventive),,,,Refer o CO105-2 & CO107-2 & CO106-7,,,就公司現行生產循環作業，為因應「流程管理」風險——無法追踪資產及相關資訊（風險三大屬性—財務報導：（未填）；營運：[營運] 無法追踪資產及相關資訊；法令遵循：（未填）；RoMM：（RoMM 分類未填）；重大科目／聲明：（重大科目未填）／（聲明未填）），設計控制目標為「準確紀錄生產線之退料」。由Refer o CO105-2 & CO107-2 & CO106-7以人工方式、採預防性控制取向、屬（類型未填）類型，依不定期執行下列控制活動：不良品退料應於品管人員完成檢驗後始退回至庫房。。控制執行時使用之 IUC／制度為「Refer o CO105-2 & CO107-2 & CO106-7」。投入（Inputs）：Refer o CO105-2 & CO107-2 & CO106-7。覆核／執行步驟（Specific activities）：不良品退料應於品管人員完成檢驗後始退回至庫房。。產出（Outputs）：Refer o CO105-2 & CO107-2 & CO106-7。,[生產循環｜流程管理] 準確紀錄生產線之退料：不良品退料應於品管人員完成檢驗後始退回至庫房。（頻率：不定期；負責：Refer o CO105-2 & CO107-2 & CO106-7；IUC：Refer o CO105-2 & CO107-2 & CO106-7）,CO106-8,RCM;生產循環;累積範本;去識別範本,2026-08-26 16:28:13
PL-CO106-9,即時且準確地記錄物料需求,生產循環,CO-106,倉儲管理作業,流程管理,流程管理,無法追踪資產及相關資訊,營運面,,[營運] 無法追踪資產及相關資訊,,,,,即時且準確地記錄物料需求,倉儲部門權責主管每日應針對完成之收料單進行審查，並確認輸入系統之存貨帳數量應與收料單一致。,每週,倉管單位,"1. MES系統
2. ERP系統","1. MES系統
2. ERP系統",倉儲管理程序,,異動盤點表,,,,,,,人工,偵測性 (Detective),,,,異動盤點表,,,"就公司現行生產循環作業，為因應「流程管理」風險——無法追踪資產及相關資訊（風險三大屬性—財務報導：（未填）；營運：[營運] 無法追踪資產及相關資訊；法令遵循：（未填）；RoMM：（RoMM 分類未填）；重大科目／聲明：（重大科目未填）／（聲明未填）），設計控制目標為「即時且準確地記錄物料需求」。由倉管單位以人工方式、採偵測性控制取向、屬（類型未填）類型，依每週執行下列控制活動：倉儲部門權責主管每日應針對完成之收料單進行審查，並確認輸入系統之存貨帳數量應與收料單一致。。控制執行時使用之 IUC／制度為「1. MES系統
2. ERP系統」。投入（Inputs）：1. MES系統
2. ERP系統。覆核／執行步驟（Specific activities）：倉儲部門權責主管每日應針對完成之收料單進行審查，並確認輸入系統之存貨帳數量應與收料單一致。。產出（Outputs）：異動盤點表。","[生產循環｜流程管理] 即時且準確地記錄物料需求：倉儲部門權責主管每日應針對完成之收料單進行審查，並確認輸入系統之存貨帳數量應與收料單一致。（頻率：每週；負責：倉管單位；IUC：1. MES系統
2. ERP系統）",CO106-9,RCM;生產循環;累積範本;去識別範本,2026-08-26 16:28:13
PL-CO106-10,準確紀錄生產線之退料,生產循環,CO-106,倉儲管理作業,流程管理,流程管理,無法追踪資產及相關資訊,營運面,,[營運] 無法追踪資產及相關資訊,,,,,準確紀錄生產線之退料,倉管單位接獲退料時應即時確認退料數量與料號，並確認與系統帳一致。,不定期,Refer o CO106-6,Refer o CO106-6,Refer o CO106-6,Refer o CO106-6,Refer o CO106-6,Refer o CO106-6,,,,,,,人工,預防性 (Preventive),,,,Refer o CO106-6,,,就公司現行生產循環作業，為因應「流程管理」風險——無法追踪資產及相關資訊（風險三大屬性—財務報導：（未填）；營運：[營運] 無法追踪資產及相關資訊；法令遵循：（未填）；RoMM：（RoMM 分類未填）；重大科目／聲明：（重大科目未填）／（聲明未填）），設計控制目標為「準確紀錄生產線之退料」。由Refer o CO106-6以人工方式、採預防性控制取向、屬（類型未填）類型，依不定期執行下列控制活動：倉管單位接獲退料時應即時確認退料數量與料號，並確認與系統帳一致。。控制執行時使用之 IUC／制度為「Refer o CO106-6」。投入（Inputs）：Refer o CO106-6。覆核／執行步驟（Specific activities）：倉管單位接獲退料時應即時確認退料數量與料號，並確認與系統帳一致。。產出（Outputs）：Refer o CO106-6。,[生產循環｜流程管理] 準確紀錄生產線之退料：倉管單位接獲退料時應即時確認退料數量與料號，並確認與系統帳一致。（頻率：不定期；負責：Refer o CO106-6；IUC：Refer o CO106-6）,CO106-10,RCM;生產循環;累積範本;去識別範本,2026-08-26 16:28:13
PL-CO106-11,準確記錄製成品資訊,生產循環,CO-106,倉儲管理作業,流程管理,流程管理,無法追踪資產及相關資訊,營運面,,[營運] 無法追踪資產及相關資訊,,,,,準確記錄製成品資訊,輸入系統中之規格與數量應與入成品庫的標籤數量一致。,每日多筆／不定期,"1. 倉管單位
2. 品保單位",生產流程系統系統,生產流程系統系統,"1. 倉儲管理程序
2. 成品入庫及出庫管理辦法",,"1. 途程單
2. 製成品待倉管入庫明細表",,,,,,,人工,預防性 (Preventive),,,,"1. 途程單
2. 製成品待倉管入庫明細表",,,"就公司現行生產循環作業，為因應「流程管理」風險——無法追踪資產及相關資訊（風險三大屬性—財務報導：（未填）；營運：[營運] 無法追踪資產及相關資訊；法令遵循：（未填）；RoMM：（RoMM 分類未填）；重大科目／聲明：（重大科目未填）／（聲明未填）），設計控制目標為「準確記錄製成品資訊」。由1. 倉管單位
2. 品保單位以人工方式、採預防性控制取向、屬（類型未填）類型，依每日多筆／不定期執行下列控制活動：輸入系統中之規格與數量應與入成品庫的標籤數量一致。。控制執行時使用之 IUC／制度為「生產流程系統系統」。投入（Inputs）：生產流程系統系統。覆核／執行步驟（Specific activities）：輸入系統中之規格與數量應與入成品庫的標籤數量一致。。產出（Outputs）：1. 途程單
2. 製成品待倉管入庫明細表。","[生產循環｜流程管理] 準確記錄製成品資訊：輸入系統中之規格與數量應與入成品庫的標籤數量一致。（頻率：每日多筆／不定期；負責：1. 倉管單位
2. 品保單位；IUC：生產流程系統系統）",CO106-11,RCM;生產循環;累積範本;去識別範本,2026-08-26 16:28:13
PL-CO106-12,準確記錄製成品資訊,生產循環,CO-106,倉儲管理作業,流程管理,流程管理,無法追踪資產及相關資訊,營運面,,[營運] 無法追踪資產及相關資訊,,,,,準確記錄製成品資訊,倉管單位權責人員應確實核對標籤與資訊後，將製成品放到安全管制區。,不定期,Refer o CO106-11,Refer o CO106-11,Refer o CO106-11,Refer o CO106-11,Refer o CO106-11,Refer o CO106-11,,,,,,,人工,預防性 (Preventive),,,,Refer o CO106-11,,,就公司現行生產循環作業，為因應「流程管理」風險——無法追踪資產及相關資訊（風險三大屬性—財務報導：（未填）；營運：[營運] 無法追踪資產及相關資訊；法令遵循：（未填）；RoMM：（RoMM 分類未填）；重大科目／聲明：（重大科目未填）／（聲明未填）），設計控制目標為「準確記錄製成品資訊」。由Refer o CO106-11以人工方式、採預防性控制取向、屬（類型未填）類型，依不定期執行下列控制活動：倉管單位權責人員應確實核對標籤與資訊後，將製成品放到安全管制區。。控制執行時使用之 IUC／制度為「Refer o CO106-11」。投入（Inputs）：Refer o CO106-11。覆核／執行步驟（Specific activities）：倉管單位權責人員應確實核對標籤與資訊後，將製成品放到安全管制區。。產出（Outputs）：Refer o CO106-11。,[生產循環｜流程管理] 準確記錄製成品資訊：倉管單位權責人員應確實核對標籤與資訊後，將製成品放到安全管制區。（頻率：不定期；負責：Refer o CO106-11；IUC：Refer o CO106-11）,CO106-12,RCM;生產循環;累積範本;去識別範本,2026-08-26 16:28:13
PL-CO106-13,準確執行品管控制,生產循環,CO-106,倉儲管理作業,運用,運用,不適當的地點或無效率的資產運用,營運面,,[營運] 不適當的地點或無效率的資產運用,,,,,準確執行品管控制,驗收完成之原物料應蓋章以明顯區別。,每日多筆,"1. 倉管單位
2. 品保單位",途程單,,倉儲管理程序,,途程單,,,,,,,人工,預防性 (Preventive),,,,途程單,,,"就公司現行生產循環作業，為因應「運用」風險——不適當的地點或無效率的資產運用（風險三大屬性—財務報導：（未填）；營運：[營運] 不適當的地點或無效率的資產運用；法令遵循：（未填）；RoMM：（RoMM 分類未填）；重大科目／聲明：（重大科目未填）／（聲明未填）），設計控制目標為「準確執行品管控制」。由1. 倉管單位
2. 品保單位以人工方式、採預防性控制取向、屬（類型未填）類型，依每日多筆執行下列控制活動：驗收完成之原物料應蓋章以明顯區別。。控制執行時使用之 IUC／制度為「途程單」。投入（Inputs）：途程單。覆核／執行步驟（Specific activities）：驗收完成之原物料應蓋章以明顯區別。。產出（Outputs）：途程單。","[生產循環｜運用] 準確執行品管控制：驗收完成之原物料應蓋章以明顯區別。（頻率：每日多筆；負責：1. 倉管單位
2. 品保單位；IUC：途程單）",CO106-13,RCM;生產循環;累積範本;去識別範本,2026-08-26 16:28:13
PL-CO106-14,有足夠的保全措施以保護存貨。,生產循環,CO-106,倉儲管理作業,實體安全,實體安全,保護實體資產的相關政策與程序不適當,營運面,,[營運] 保護實體資產的相關政策與程序不適當,,,,,有足夠的保全措施以保護存貨。,人員進出倉庫應採取門禁管制，門禁管制進出紀錄應定期經權責主管覆核。倉儲區出入口與作業區域（含報廢區域）需有監視器24小時監控，相關錄影資料需保存。,每日／每月／持續,倉管單位,"1. 門禁權限通行申請單
2. 溫溼度紀錄表
3. 作業環境點檢表",,"1. 倉儲管理程序
2. 成品及半成品儲存條件制訂管理辦法",,"1. 門禁權限通行申請單
2. 溫溼度紀錄表
3. 作業環境點檢表",,,,,,,人工,偵測性 (Detective),,,,"1. 門禁權限通行申請單
2. 溫溼度紀錄表
3. 作業環境點檢表",,,"就公司現行生產循環作業，為因應「實體安全」風險——保護實體資產的相關政策與程序不適當（風險三大屬性—財務報導：（未填）；營運：[營運] 保護實體資產的相關政策與程序不適當；法令遵循：（未填）；RoMM：（RoMM 分類未填）；重大科目／聲明：（重大科目未填）／（聲明未填）），設計控制目標為「有足夠的保全措施以保護存貨。」。由倉管單位以人工方式、採偵測性控制取向、屬（類型未填）類型，依每日／每月／持續執行下列控制活動：人員進出倉庫應採取門禁管制，門禁管制進出紀錄應定期經權責主管覆核。倉儲區出入口與作業區域（含報廢區域）需有監視器24小時監控，相關錄影資料需保存。。控制執行時使用之 IUC／制度為「1. 門禁權限通行申請單
2. 溫溼度紀錄表
3. 作業環境點檢表」。投入（Inputs）：1. 門禁權限通行申請單
2. 溫溼度紀錄表
3. 作業環境點檢表。覆核／執行步驟（Specific activities）：人員進出倉庫應採取門禁管制，門禁管制進出紀錄應定期經權責主管覆核。倉儲區出入口與作業區域（含報廢區域）需有監視器24小時監控，相關錄影資料需保存。。產出（Outputs）：1. 門禁權限通行申請單
2. 溫溼度紀錄表
3. 作業環境點檢表。","[生產循環｜實體安全] 有足夠的保全措施以保護存貨。：人員進出倉庫應採取門禁管制，門禁管制進出紀錄應定期經權責主管覆核。倉儲區出入口與作業區域（含報廢區域）需有監視器24小時監控，相關錄影資料需保存。（頻率：每日／每月／持續；負責：倉管單位；IUC：1. 門禁權限通行申請單
2. 溫溼度紀錄表
3. 作業環境點檢表）",CO106-14,RCM;生產循環;累積範本;去識別範本,2026-08-26 16:28:13
PL-CO106-15,有足夠的保全措施以保護存貨,生產循環,CO-106,倉儲管理作業,運用,運用,不適當的地點或無效率的資產運用,營運面,,[營運] 不適當的地點或無效率的資產運用,,,,,有足夠的保全措施以保護存貨,原物料儲存倉別應明確標示相關資訊（包含但不限於品名、料號、數量與單位），並依照收料順序完成原物料之先進先出管控。,每日多筆,倉管單位,"1. MES系統
2. ERP系統","1. MES系統
2. ERP系統",倉儲管理程序,,貨品標籤,,,,,,,人工,預防性 (Preventive),,,,貨品標籤,,,"就公司現行生產循環作業，為因應「運用」風險——不適當的地點或無效率的資產運用（風險三大屬性—財務報導：（未填）；營運：[營運] 不適當的地點或無效率的資產運用；法令遵循：（未填）；RoMM：（RoMM 分類未填）；重大科目／聲明：（重大科目未填）／（聲明未填）），設計控制目標為「有足夠的保全措施以保護存貨」。由倉管單位以人工方式、採預防性控制取向、屬（類型未填）類型，依每日多筆執行下列控制活動：原物料儲存倉別應明確標示相關資訊（包含但不限於品名、料號、數量與單位），並依照收料順序完成原物料之先進先出管控。。控制執行時使用之 IUC／制度為「1. MES系統
2. ERP系統」。投入（Inputs）：1. MES系統
2. ERP系統。覆核／執行步驟（Specific activities）：原物料儲存倉別應明確標示相關資訊（包含但不限於品名、料號、數量與單位），並依照收料順序完成原物料之先進先出管控。。產出（Outputs）：貨品標籤。","[生產循環｜運用] 有足夠的保全措施以保護存貨：原物料儲存倉別應明確標示相關資訊（包含但不限於品名、料號、數量與單位），並依照收料順序完成原物料之先進先出管控。（頻率：每日多筆；負責：倉管單位；IUC：1. MES系統
2. ERP系統）",CO106-15,RCM;生產循環;累積範本;去識別範本,2026-08-26 16:28:13
PL-CO106-16,有足夠的保全措施以保護存貨,生產循環,CO-106,倉儲管理作業,製造／生產,製造／生產,實體安全的風險應對措施無效,營運面,,[營運] 實體安全的風險應對措施無效,,,,,有足夠的保全措施以保護存貨,易燃、易爆之危險性原物料應依法令規範標示其危險性質並與其他原物料隔離儲存。,持續,倉管單位,"1. 檢驗好的原物料其標示
2. 待檢驗原物料區域
3. 不良品區與待退貨區
4. 待儲帳倉
5. 化學品倉
6. RMA區
7. 易燃易爆區域",,"1. 倉儲管理程序
2. 成品及半成品儲存條件制訂管理辦法",,"1. 檢驗好的原物料其標示
2. 待檢驗原物料區域
3. 不良品區與待退貨區
4. 待儲帳倉
5. 化學品倉
6. RMA區
7. 易燃易爆區域",,,,,,,人工,預防性 (Preventive),,,,"1. 檢驗好的原物料其標示
2. 待檢驗原物料區域
3. 不良品區與待退貨區
4. 待儲帳倉
5. 化學品倉
6. RMA區
7. 易燃易爆區域",,,"就公司現行生產循環作業，為因應「製造／生產」風險——實體安全的風險應對措施無效（風險三大屬性—財務報導：（未填）；營運：[營運] 實體安全的風險應對措施無效；法令遵循：（未填）；RoMM：（RoMM 分類未填）；重大科目／聲明：（重大科目未填）／（聲明未填）），設計控制目標為「有足夠的保全措施以保護存貨」。由倉管單位以人工方式、採預防性控制取向、屬（類型未填）類型，依持續執行下列控制活動：易燃、易爆之危險性原物料應依法令規範標示其危險性質並與其他原物料隔離儲存。。控制執行時使用之 IUC／制度為「1. 檢驗好的原物料其標示
2. 待檢驗原物料區域
3. 不良品區與待退貨區
4. 待儲帳倉
5. 化學品倉
6. RMA區
7. 易燃易爆區域」。投入（Inputs）：1. 檢驗好的原物料其標示
2. 待檢驗原物料區域
3. 不良品區與待退貨區
4. 待儲帳倉
5. 化學品倉
6. RMA區
7. 易燃易爆區域。覆核／執行步驟（Specific activities）：易燃、易爆之危險性原物料應依法令規範標示其危險性質並與其他原物料隔離儲存。。產出（Outputs）：1. 檢驗好的原物料其標示
2. 待檢驗原物料區域
3. 不良品區與待退貨區
4. 待儲帳倉
5. 化學品倉
6. RMA區
7. 易燃易爆區域。","[生產循環｜製造／生產] 有足夠的保全措施以保護存貨：易燃、易爆之危險性原物料應依法令規範標示其危險性質並與其他原物料隔離儲存。（頻率：持續；負責：倉管單位；IUC：1. 檢驗好的原物料其標示
2. 待檢驗原物料區域
3. 不良品區與待退貨區
4. 待儲帳倉
5. 化學品倉
6. RMA區
7. 易燃易爆區域）",CO106-16,RCM;生產循環;累積範本;去識別範本,2026-08-26 16:28:13
PL-CO106-17,準確執行品管控制,生產循環,CO-106,倉儲管理作業,製造／生產,製造／生產,不適當的品質控制方式,營運面,,[營運] 不適當的品質控制方式,,,,,準確執行品管控制,入庫之製成品應經品管人員驗收合格後始得入庫。,不定期,Refer o CO106-11,Refer o CO106-11,Refer o CO106-11,Refer o CO106-11,Refer o CO106-11,Refer o CO106-11,,,,,,,人工,預防性 (Preventive),,,,Refer o CO106-11,,,就公司現行生產循環作業，為因應「製造／生產」風險——不適當的品質控制方式（風險三大屬性—財務報導：（未填）；營運：[營運] 不適當的品質控制方式；法令遵循：（未填）；RoMM：（RoMM 分類未填）；重大科目／聲明：（重大科目未填）／（聲明未填）），設計控制目標為「準確執行品管控制」。由Refer o CO106-11以人工方式、採預防性控制取向、屬（類型未填）類型，依不定期執行下列控制活動：入庫之製成品應經品管人員驗收合格後始得入庫。。控制執行時使用之 IUC／制度為「Refer o CO106-11」。投入（Inputs）：Refer o CO106-11。覆核／執行步驟（Specific activities）：入庫之製成品應經品管人員驗收合格後始得入庫。。產出（Outputs）：Refer o CO106-11。,[生產循環｜製造／生產] 準確執行品管控制：入庫之製成品應經品管人員驗收合格後始得入庫。（頻率：不定期；負責：Refer o CO106-11；IUC：Refer o CO106-11）,CO106-17,RCM;生產循環;累積範本;去識別範本,2026-08-26 16:28:13
PL-CO106-18,存貨是可銷售的或可使用的，並有適當之保全。,生產循環,CO-106,倉儲管理作業,運用,運用,不適當的地點或無效率的資產運用,營運面,,[營運] 不適當的地點或無效率的資產運用,,,,,存貨是可銷售的或可使用的，並有適當之保全。,應定期分析存貨庫齡。,每月,倉管單位,"1. MES系統
2. ERP系統","1. MES系統
2. ERP系統",倉儲管理程序,,"1. 原物料庫齡報表及分析紀錄
2. 成品庫齡報表及分析紀錄
3. 半成品庫齡報表及分析紀錄
4. 發送予各相關單位確認之Mail
5. 調撥單（INVI08）",,,,,,,人工,偵測性 (Detective),,,,"1. 原物料庫齡報表及分析紀錄
2. 成品庫齡報表及分析紀錄
3. 半成品庫齡報表及分析紀錄
4. 發送予各相關單位確認之Mail
5. 調撥單（INVI08）",,,"就公司現行生產循環作業，為因應「運用」風險——不適當的地點或無效率的資產運用（風險三大屬性—財務報導：（未填）；營運：[營運] 不適當的地點或無效率的資產運用；法令遵循：（未填）；RoMM：（RoMM 分類未填）；重大科目／聲明：（重大科目未填）／（聲明未填）），設計控制目標為「存貨是可銷售的或可使用的，並有適當之保全。」。由倉管單位以人工方式、採偵測性控制取向、屬（類型未填）類型，依每月執行下列控制活動：應定期分析存貨庫齡。。控制執行時使用之 IUC／制度為「1. MES系統
2. ERP系統」。投入（Inputs）：1. MES系統
2. ERP系統。覆核／執行步驟（Specific activities）：應定期分析存貨庫齡。。產出（Outputs）：1. 原物料庫齡報表及分析紀錄
2. 成品庫齡報表及分析紀錄
3. 半成品庫齡報表及分析紀錄
4. 發送予各相關單位確認之Mail
5. 調撥單（INVI08）。","[生產循環｜運用] 存貨是可銷售的或可使用的，並有適當之保全。：應定期分析存貨庫齡。（頻率：每月；負責：倉管單位；IUC：1. MES系統
2. ERP系統）",CO106-18,RCM;生產循環;累積範本;去識別範本,2026-08-26 16:28:13
PL-CO106-19,即時且準確地記錄物料需求,生產循環,CO-106,倉儲管理作業,製造／生產,製造／生產,無效率的倉庫／存貨管理流程,營運面,,[營運] 無效率的倉庫／存貨管理流程,,,,,即時且準確地記錄物料需求,供應商交貨檢附各種文件應齊全，同時必須註明公司地址及採購單號碼做為收貨的辨認依據，應確實清點實際運交數量與進貨單據記載之數量相符。,不定期,Refer o 採購及付款循環 CP105-1,Refer o 採購及付款循環 CP105-1,Refer o 採購及付款循環 CP105-1,Refer o 採購及付款循環 CP105-1,Refer o 採購及付款循環 CP105-1,Refer o 採購及付款循環 CP105-1,,,,,,,人工,預防性 (Preventive),,,,Refer o 採購及付款循環 CP105-1,,,就公司現行生產循環作業，為因應「製造／生產」風險——無效率的倉庫／存貨管理流程（風險三大屬性—財務報導：（未填）；營運：[營運] 無效率的倉庫／存貨管理流程；法令遵循：（未填）；RoMM：（RoMM 分類未填）；重大科目／聲明：（重大科目未填）／（聲明未填）），設計控制目標為「即時且準確地記錄物料需求」。由Refer o 採購及付款循環 CP105-1以人工方式、採預防性控制取向、屬（類型未填）類型，依不定期執行下列控制活動：供應商交貨檢附各種文件應齊全，同時必須註明公司地址及採購單號碼做為收貨的辨認依據，應確實清點實際運交數量與進貨單據記載之數量相符。。控制執行時使用之 IUC／制度為「Refer o 採購及付款循環 CP105-1」。投入（Inputs）：Refer o 採購及付款循環 CP105-1。覆核／執行步驟（Specific activities）：供應商交貨檢附各種文件應齊全，同時必須註明公司地址及採購單號碼做為收貨的辨認依據，應確實清點實際運交數量與進貨單據記載之數量相符。。產出（Outputs）：Refer o 採購及付款循環 CP105-1。,[生產循環｜製造／生產] 即時且準確地記錄物料需求：供應商交貨檢附各種文件應齊全，同時必須註明公司地址及採購單號碼做為收貨的辨認依據，應確實清點實際運交數量與進貨單據記載之數量相符。（頻率：不定期；負責：Refer o 採購及付款循環 CP105-1；IUC：Refer o 採購及付款循環 CP105-1）,CO106-19,RCM;生產循環;累積範本;去識別範本,2026-08-26 16:28:13
PL-CO106-20,即時且準確地記錄物料需求,生產循環,CO-106,倉儲管理作業,流程管理,流程管理,無法追踪資產及相關資訊,營運面,,[營運] 無法追踪資產及相關資訊,,,,,即時且準確地記錄物料需求,若原物料採分批陸續交貨，應確認各批次交貨數量加總與訂購單載明之訂購數量一致，並要求廠商控制原物料的交貨限期。,不定期,Refer o 採購及付款循環 CP105-1,Refer o 採購及付款循環 CP105-1,Refer o 採購及付款循環 CP105-1,Refer o 採購及付款循環 CP105-1,Refer o 採購及付款循環 CP105-1,Refer o 採購及付款循環 CP105-1,,,,,,,人工,預防性 (Preventive),,,,Refer o 採購及付款循環 CP105-1,,,就公司現行生產循環作業，為因應「流程管理」風險——無法追踪資產及相關資訊（風險三大屬性—財務報導：（未填）；營運：[營運] 無法追踪資產及相關資訊；法令遵循：（未填）；RoMM：（RoMM 分類未填）；重大科目／聲明：（重大科目未填）／（聲明未填）），設計控制目標為「即時且準確地記錄物料需求」。由Refer o 採購及付款循環 CP105-1以人工方式、採預防性控制取向、屬（類型未填）類型，依不定期執行下列控制活動：若原物料採分批陸續交貨，應確認各批次交貨數量加總與訂購單載明之訂購數量一致，並要求廠商控制原物料的交貨限期。。控制執行時使用之 IUC／制度為「Refer o 採購及付款循環 CP105-1」。投入（Inputs）：Refer o 採購及付款循環 CP105-1。覆核／執行步驟（Specific activities）：若原物料採分批陸續交貨，應確認各批次交貨數量加總與訂購單載明之訂購數量一致，並要求廠商控制原物料的交貨限期。。產出（Outputs）：Refer o 採購及付款循環 CP105-1。,[生產循環｜流程管理] 即時且準確地記錄物料需求：若原物料採分批陸續交貨，應確認各批次交貨數量加總與訂購單載明之訂購數量一致，並要求廠商控制原物料的交貨限期。（頻率：不定期；負責：Refer o 採購及付款循環 CP105-1；IUC：Refer o 採購及付款循環 CP105-1）,CO106-20,RCM;生產循環;累積範本;去識別範本,2026-08-26 16:28:13
PL-CO106-21,準確執行品管控制,生產循環,CO-106,倉儲管理作業,製造／生產,製造／生產,不適當的品質控制方式,營運面,,[營運] 不適當的品質控制方式,,,,,準確執行品管控制,材料入庫應經品管人員驗收合格後始得入庫。,不定期,Refer o CO107-1,Refer o CO107-1,Refer o CO107-1,Refer o CO107-1,Refer o CO107-1,Refer o CO107-1,,,,,,,人工,預防性 (Preventive),,,,Refer o CO107-1,,,就公司現行生產循環作業，為因應「製造／生產」風險——不適當的品質控制方式（風險三大屬性—財務報導：（未填）；營運：[營運] 不適當的品質控制方式；法令遵循：（未填）；RoMM：（RoMM 分類未填）；重大科目／聲明：（重大科目未填）／（聲明未填）），設計控制目標為「準確執行品管控制」。由Refer o CO107-1以人工方式、採預防性控制取向、屬（類型未填）類型，依不定期執行下列控制活動：材料入庫應經品管人員驗收合格後始得入庫。。控制執行時使用之 IUC／制度為「Refer o CO107-1」。投入（Inputs）：Refer o CO107-1。覆核／執行步驟（Specific activities）：材料入庫應經品管人員驗收合格後始得入庫。。產出（Outputs）：Refer o CO107-1。,[生產循環｜製造／生產] 準確執行品管控制：材料入庫應經品管人員驗收合格後始得入庫。（頻率：不定期；負責：Refer o CO107-1；IUC：Refer o CO107-1）,CO106-21,RCM;生產循環;累積範本;去識別範本,2026-08-26 16:28:13
PL-CO106-22,存貨是可銷售的或可使用的，並有適當之保全。,生產循環,CO-106,倉儲管理作業,運用,運用,不適當的地點或無效率的資產運用,營運面,,[營運] 不適當的地點或無效率的資產運用,,,,,存貨是可銷售的或可使用的，並有適當之保全。,品質不符需退回供應商之原物料應與其他正常原物料作適當區分並暫存退貨區，且權責主管應定期監督以確認是否即時退回予供應商。,不定期,Refer o CO107-1,Refer o CO107-1,Refer o CO107-1,Refer o CO107-1,Refer o CO107-1,Refer o CO107-1,,,,,,,人工,預防性 (Preventive),,,,Refer o CO107-1,,,就公司現行生產循環作業，為因應「運用」風險——不適當的地點或無效率的資產運用（風險三大屬性—財務報導：（未填）；營運：[營運] 不適當的地點或無效率的資產運用；法令遵循：（未填）；RoMM：（RoMM 分類未填）；重大科目／聲明：（重大科目未填）／（聲明未填）），設計控制目標為「存貨是可銷售的或可使用的，並有適當之保全。」。由Refer o CO107-1以人工方式、採預防性控制取向、屬（類型未填）類型，依不定期執行下列控制活動：品質不符需退回供應商之原物料應與其他正常原物料作適當區分並暫存退貨區，且權責主管應定期監督以確認是否即時退回予供應商。。控制執行時使用之 IUC／制度為「Refer o CO107-1」。投入（Inputs）：Refer o CO107-1。覆核／執行步驟（Specific activities）：品質不符需退回供應商之原物料應與其他正常原物料作適當區分並暫存退貨區，且權責主管應定期監督以確認是否即時退回予供應商。。產出（Outputs）：Refer o CO107-1。,[生產循環｜運用] 存貨是可銷售的或可使用的，並有適當之保全。：品質不符需退回供應商之原物料應與其他正常原物料作適當區分並暫存退貨區，且權責主管應定期監督以確認是否即時退回予供應商。（頻率：不定期；負責：Refer o CO107-1；IUC：Refer o CO107-1）,CO106-22,RCM;生產循環;累積範本;去識別範本,2026-08-26 16:28:13
PL-CO106-23,存貨成本或數量調整應經權責主管核准，且需即時及正確的記錄於適當之會計期間。,生產循環,CO-106,倉儲管理作業,資訊安全,資訊安全,無效果／無效率的存取控制,營運面,,[營運] 無效果／無效率的存取控制,,,,,存貨成本或數量調整應經權責主管核准，且需即時及正確的記錄於適當之會計期間。,僅有經授權之人員能新增、修改或刪除系統上的資訊。,持續,倉管單位,ERP系統,ERP系統,,,,,,,,,,自動,預防性 (Preventive),,,,,,,就公司現行生產循環作業，為因應「資訊安全」風險——無效果／無效率的存取控制（風險三大屬性—財務報導：（未填）；營運：[營運] 無效果／無效率的存取控制；法令遵循：（未填）；RoMM：（RoMM 分類未填）；重大科目／聲明：（重大科目未填）／（聲明未填）），設計控制目標為「存貨成本或數量調整應經權責主管核准，且需即時及正確的記錄於適當之會計期間。」。由倉管單位以自動方式、採預防性控制取向、屬（類型未填）類型，依持續執行下列控制活動：僅有經授權之人員能新增、修改或刪除系統上的資訊。。控制執行時使用之 IUC／制度為「ERP系統」。投入（Inputs）：ERP系統。覆核／執行步驟（Specific activities）：僅有經授權之人員能新增、修改或刪除系統上的資訊。。產出（Outputs）：（請補充控制產出／留存軌跡）。,[生產循環｜資訊安全] 存貨成本或數量調整應經權責主管核准，且需即時及正確的記錄於適當之會計期間。：僅有經授權之人員能新增、修改或刪除系統上的資訊。（頻率：持續；負責：倉管單位；IUC：ERP系統）,CO106-23,RCM;生產循環;累積範本;去識別範本,2026-08-26 16:28:13
PL-CO106-24,放行出貨前應確認是否有經核准之訂單。,生產循環,CO-106,倉儲管理作業,設施與設備,設施與設備,資產實體資訊與財務資訊的不一致,報導面,[財務報導] 資產實體資訊與財務資訊的不一致,,,,"製成品,半成品,在製品,物料-包材",,放行出貨前應確認是否有經核准之訂單。,完成包裝後應經權責人員覆核包裝物內容與出貨單及系統數據相符、確認標籤、內盒與外箱完整。,每日多筆,"1. 業務支援單位
2. 倉管單位
3. 生產企劃單位
4. 製造生產單位
5. 品保單位",ERP系統,ERP系統,"1. 倉儲管理程序
2. 成品入庫及出庫管理辦法
3. 成品出貨包裝作業規範",,"1. Delivery note
2. 出貨需求通知Mail
3. 出貨檢驗合格之實體蓋章照片
4. 途程單
5. 出貨檢驗紀錄表
6. 出貨報告",,,,,,,人工,預防性 (Preventive),,,,"1. Delivery note
2. 出貨需求通知Mail
3. 出貨檢驗合格之實體蓋章照片
4. 途程單
5. 出貨檢驗紀錄表
6. 出貨報告",,,"就公司現行生產循環作業，為因應「設施與設備」風險——資產實體資訊與財務資訊的不一致（風險三大屬性—財務報導：[財務報導] 資產實體資訊與財務資訊的不一致；營運：（未填）；法令遵循：（未填）；RoMM：（RoMM 分類未填）；重大科目／聲明：製成品,半成品,在製品,物料-包材／（聲明未填）），設計控制目標為「放行出貨前應確認是否有經核准之訂單。」。由1. 業務支援單位
2. 倉管單位
3. 生產企劃單位
4. 製造生產單位
5. 品保單位以人工方式、採預防性控制取向、屬（類型未填）類型，依每日多筆執行下列控制活動：完成包裝後應經權責人員覆核包裝物內容與出貨單及系統數據相符、確認標籤、內盒與外箱完整。。控制執行時使用之 IUC／制度為「ERP系統」。投入（Inputs）：ERP系統。覆核／執行步驟（Specific activities）：完成包裝後應經權責人員覆核包裝物內容與出貨單及系統數據相符、確認標籤、內盒與外箱完整。。產出（Outputs）：1. Delivery note
2. 出貨需求通知Mail
3. 出貨檢驗合格之實體蓋章照片
4. 途程單
5. 出貨檢驗紀錄表
6. 出貨報告。","[生產循環｜設施與設備] 放行出貨前應確認是否有經核准之訂單。：完成包裝後應經權責人員覆核包裝物內容與出貨單及系統數據相符、確認標籤、內盒與外箱完整。（頻率：每日多筆；負責：1. 業務支援單位
2. 倉管單位
3. 生產企劃單位
4. 製造生產單位
5. 品保單位；IUC：ERP系統）",CO106-24,RCM;生產循環;累積範本;去識別範本,2026-08-26 16:28:13
PL-CO106-25,所有出貨均應正確完整紀錄於適當之會計期間。,生產循環,CO-106,倉儲管理作業,會計,會計,不實的財務資訊,報導面,[財務報導] 不實的財務資訊,,,,"製成品,半成品,在製品,物料-包材,銷貨成本",,所有出貨均應正確完整紀錄於適當之會計期間。,公司應注意所有接近結帳日之出貨，以確保紀錄系歸屬於正確之會計期間。,每月,Refer o 銷售及收款循環 CS107-6,Refer o 銷售及收款循環 CS107-6,Refer o 銷售及收款循環 CS107-6,Refer o 銷售及收款循環 CS107-6,Refer o 銷售及收款循環 CS107-6,Refer o 銷售及收款循環 CS107-6,,,,,,,人工,預防性 (Preventive),,,,Refer o 銷售及收款循環 CS107-6,,,"就公司現行生產循環作業，為因應「會計」風險——不實的財務資訊（風險三大屬性—財務報導：[財務報導] 不實的財務資訊；營運：（未填）；法令遵循：（未填）；RoMM：（RoMM 分類未填）；重大科目／聲明：製成品,半成品,在製品,物料-包材,銷貨成本／（聲明未填）），設計控制目標為「所有出貨均應正確完整紀錄於適當之會計期間。」。由Refer o 銷售及收款循環 CS107-6以人工方式、採預防性控制取向、屬（類型未填）類型，依每月執行下列控制活動：公司應注意所有接近結帳日之出貨，以確保紀錄系歸屬於正確之會計期間。。控制執行時使用之 IUC／制度為「Refer o 銷售及收款循環 CS107-6」。投入（Inputs）：Refer o 銷售及收款循環 CS107-6。覆核／執行步驟（Specific activities）：公司應注意所有接近結帳日之出貨，以確保紀錄系歸屬於正確之會計期間。。產出（Outputs）：Refer o 銷售及收款循環 CS107-6。",[生產循環｜會計] 所有出貨均應正確完整紀錄於適當之會計期間。：公司應注意所有接近結帳日之出貨，以確保紀錄系歸屬於正確之會計期間。（頻率：每月；負責：Refer o 銷售及收款循環 CS107-6；IUC：Refer o 銷售及收款循環 CS107-6）,CO106-25,RCM;生產循環;累積範本;去識別範本,2026-08-26 16:28:13
PL-CO106-26,所有出貨均應正確完整紀錄於適當之會計期間。,生產循環,CO-106,倉儲管理作業,會計,會計,不實的財務資訊,報導面,[財務報導] 不實的財務資訊,,,,銷貨成本,,所有出貨均應正確完整紀錄於適當之會計期間。,訂單輸入、出貨及發票開立的過程應由整合之應用系統執行。出貨及開立發票後可自動更新會計總帳。,持續,Refer o 銷售及收款循環 CS-108-1,Refer o 銷售及收款循環 CS-108-1,Refer o 銷售及收款循環 CS-108-1,Refer o 銷售及收款循環 CS-108-1,Refer o 銷售及收款循環 CS-108-1,Refer o 銷售及收款循環 CS-108-1,,,,,,,自動,預防性 (Preventive),,,,Refer o 銷售及收款循環 CS-108-1,,,就公司現行生產循環作業，為因應「會計」風險——不實的財務資訊（風險三大屬性—財務報導：[財務報導] 不實的財務資訊；營運：（未填）；法令遵循：（未填）；RoMM：（RoMM 分類未填）；重大科目／聲明：銷貨成本／（聲明未填）），設計控制目標為「所有出貨均應正確完整紀錄於適當之會計期間。」。由Refer o 銷售及收款循環 CS-108-1以自動方式、採預防性控制取向、屬（類型未填）類型，依持續執行下列控制活動：訂單輸入、出貨及發票開立的過程應由整合之應用系統執行。出貨及開立發票後可自動更新會計總帳。。控制執行時使用之 IUC／制度為「Refer o 銷售及收款循環 CS-108-1」。投入（Inputs）：Refer o 銷售及收款循環 CS-108-1。覆核／執行步驟（Specific activities）：訂單輸入、出貨及發票開立的過程應由整合之應用系統執行。出貨及開立發票後可自動更新會計總帳。。產出（Outputs）：Refer o 銷售及收款循環 CS-108-1。,[生產循環｜會計] 所有出貨均應正確完整紀錄於適當之會計期間。：訂單輸入、出貨及發票開立的過程應由整合之應用系統執行。出貨及開立發票後可自動更新會計總帳。（頻率：持續；負責：Refer o 銷售及收款循環 CS-108-1；IUC：Refer o 銷售及收款循環 CS-108-1）,CO106-26,RCM;生產循環;累積範本;去識別範本,2026-08-26 16:28:13
PL-CO106-27,存貨成本或數量調整應經權責主管核准，且需即時及正確的記錄於適當之會計期間。,生產循環,CO-106,倉儲管理作業,會計,會計,不實的財務資訊,報導面,[財務報導] 不實的財務資訊,,,,"製成品,半成品,在製品,原料,原料退出,原料折讓,物料-耗材,物料-耗材退出,物料-包材,物料-包材折讓,物料-備品,在途原料,銷貨成本",,存貨成本或數量調整應經權責主管核准，且需即時及正確的記錄於適當之會計期間。,存貨應定期由非負責存貨保管作業之獨立第三人盤點。盤點數應核對至明細帳及會計總帳。若有差異，應立即查詢差異原因，並將處理結果留下完整紀錄，經權責主管核准後，始得進行後續盤盈虧之帳務調整。,每半年／每週,"1. 倉管單位
2. 財務單位
3. 物管單位
4. 製造生產單位",ERP系統,ERP系統,倉儲管理程序,"1. 商業會計法
2. 商業會計處理準則","1. 盤點計畫書
2. 盤點清冊
3. 盤點差異報告
4. 現場倉庫存表
5. 現場倉帳差",,,,,,,人工,偵測性 (Detective),,,,"1. 盤點計畫書
2. 盤點清冊
3. 盤點差異報告
4. 現場倉庫存表
5. 現場倉帳差",,,"就公司現行生產循環作業，為因應「會計」風險——不實的財務資訊（風險三大屬性—財務報導：[財務報導] 不實的財務資訊；營運：（未填）；法令遵循：（未填）；RoMM：（RoMM 分類未填）；重大科目／聲明：製成品,半成品,在製品,原料,原料退出,原料折讓,物料-耗材,物料-耗材退出,物料-包材,物料-包材折讓,物料-備品,在途原料,銷貨成本／（聲明未填）），設計控制目標為「存貨成本或數量調整應經權責主管核准，且需即時及正確的記錄於適當之會計期間。」。由1. 倉管單位
2. 財務單位
3. 物管單位
4. 製造生產單位以人工方式、採偵測性控制取向、屬（類型未填）類型，依每半年/每週執行下列控制活動：存貨應定期由非負責存貨保管作業之獨立第三人盤點。盤點數應核對至明細帳及會計總帳。若有差異，應立即查詢差異原因，並將處理結果留下完整紀錄，經權責主管核准後，始得進行後續盤盈虧之帳務調整。。控制執行時使用之 IUC／制度為「ERP系統」。投入（Inputs）：ERP系統。覆核／執行步驟（Specific activities）：存貨應定期由非負責存貨保管作業之獨立第三人盤點。盤點數應核對至明細帳及會計總帳。若有差異，應立即查詢差異原因，並將處理結果留下完整紀錄，經權責主管核准後，始得進行後續盤盈虧之帳務調整。。產出（Outputs）：1. 盤點計畫書
2. 盤點清冊
3. 盤點差異報告
4. 現場倉庫存表
5. 現場倉帳差。","[生產循環｜會計] 存貨成本或數量調整應經權責主管核准，且需即時及正確的記錄於適當之會計期間。：存貨應定期由非負責存貨保管作業之獨立第三人盤點。盤點數應核對至明細帳及會計總帳。若有差異，應立即查詢差異原因，並將處理結果留下完整紀錄，經權責主管核准後，始得進行後續盤盈虧之帳務調整。（頻率：每半年/每週；負責：1. 倉管單位
2. 財務單位
3. 物管單位
4. 製造生產單位；IUC：ERP系統）",CO106-27,RCM;生產循環;累積範本;去識別範本,2026-08-26 16:28:13
PL-CO106-28,存貨成本或數量調整應經權責主管核准，且需即時及正確的記錄於適當之會計期間。,生產循環,CO-106,倉儲管理作業,流程管理,流程管理,無法追踪資產及相關資訊,營運面,,[營運] 無法追踪資產及相關資訊,,,,,存貨成本或數量調整應經權責主管核准，且需即時及正確的記錄於適當之會計期間。,庫存差異數量調整應經權責主管核准，且調整數量應與原始核准文件相符，以確認數量之調整與實際庫存狀態達成一致。,每月,倉管單位,ERP系統,ERP系統,倉儲管理程序,,倉管單位自行月盤點資料,,,,,,,人工,預防性 (Preventive),,,,倉管單位自行月盤點資料,,,就公司現行生產循環作業，為因應「流程管理」風險——無法追踪資產及相關資訊（風險三大屬性—財務報導：（未填）；營運：[營運] 無法追踪資產及相關資訊；法令遵循：（未填）；RoMM：（RoMM 分類未填）；重大科目／聲明：（重大科目未填）／（聲明未填）），設計控制目標為「存貨成本或數量調整應經權責主管核准，且需即時及正確的記錄於適當之會計期間。」。由倉管單位以人工方式、採預防性控制取向、屬（類型未填）類型，依每月執行下列控制活動：庫存差異數量調整應經權責主管核准，且調整數量應與原始核准文件相符，以確認數量之調整與實際庫存狀態達成一致。。控制執行時使用之 IUC／制度為「ERP系統」。投入（Inputs）：ERP系統。覆核／執行步驟（Specific activities）：庫存差異數量調整應經權責主管核准，且調整數量應與原始核准文件相符，以確認數量之調整與實際庫存狀態達成一致。。產出（Outputs）：倉管單位自行月盤點資料。,[生產循環｜流程管理] 存貨成本或數量調整應經權責主管核准，且需即時及正確的記錄於適當之會計期間。：庫存差異數量調整應經權責主管核准，且調整數量應與原始核准文件相符，以確認數量之調整與實際庫存狀態達成一致。（頻率：每月；負責：倉管單位；IUC：ERP系統）,CO106-28,RCM;生產循環;累積範本;去識別範本,2026-08-26 16:28:13
PL-CO106-29,存貨是可銷售的或可使用的，並有適當之保全。,生產循環,CO-106,倉儲管理作業,採購,採購,物品／原物料請採購品質控管不充足,營運面,,[營運] 物品／原物料請採購品質控管不充足,,,,,存貨是可銷售的或可使用的，並有適當之保全。,存貨於領用、異動及盤點時發現損壞、變質無法出售或過時陳舊，應及時通報權責人員進行後續處理。,不定期,倉管單位,,,"1. 物料管制作業辦法
2. 倉儲管理程序",,,,,,,,,人工,預防性 (Preventive),,,,,,,就公司現行生產循環作業，為因應「採購」風險——物品／原物料請採購品質控管不充足（風險三大屬性—財務報導：（未填）；營運：[營運] 物品／原物料請採購品質控管不充足；法令遵循：（未填）；RoMM：（RoMM 分類未填）；重大科目／聲明：（重大科目未填）／（聲明未填）），設計控制目標為「存貨是可銷售的或可使用的，並有適當之保全。」。由倉管單位以人工方式、採預防性控制取向、屬（類型未填）類型，依不定期執行下列控制活動：存貨於領用、異動及盤點時發現損壞、變質無法出售或過時陳舊，應及時通報權責人員進行後續處理。。控制執行時使用之 IUC／制度為「（未指定 IUC／制度）」。投入（Inputs）：（請補充投入資訊）。覆核／執行步驟（Specific activities）：存貨於領用、異動及盤點時發現損壞、變質無法出售或過時陳舊，應及時通報權責人員進行後續處理。。產出（Outputs）：（請補充控制產出／留存軌跡）。,[生產循環｜採購] 存貨是可銷售的或可使用的，並有適當之保全。：存貨於領用、異動及盤點時發現損壞、變質無法出售或過時陳舊，應及時通報權責人員進行後續處理。（頻率：不定期；負責：倉管單位；IUC：—）,CO106-29,RCM;生產循環;累積範本;去識別範本,2026-08-26 16:28:13
PL-CO107-1,準確執行品管控制,生產循環,CO-107,品質管制作業,採購,採購,物品／原物料請採購品質控管不充足,營運面,,[營運] 物品／原物料請採購品質控管不充足,,,,,準確執行品管控制,應確實依原物料規格加以檢驗後始得投入產線。,每日多筆,"1. 倉管單位
2. 品保單位","1. MES系統
2. ERP系統","1. MES系統
2. ERP系統","1. 檢驗與測試程序
2. 不合格品管制作業程序
3. 抽樣計劃作業規範
4. 矯正與預防措施管制程序
5. MRB物料審查作業程序",,"1. 進貨單
2. 檢驗合格之原物料標示照片
3. IQC檢驗報告
4. 進料檢驗紀錄表
5. 物料鑑審單
6. 進貨待驗明細表及系統發送Mail",,,,,,,人工,預防性 (Preventive),,,,"1. 進貨單
2. 檢驗合格之原物料標示照片
3. IQC檢驗報告
4. 進料檢驗紀錄表
5. 物料鑑審單
6. 進貨待驗明細表及系統發送Mail",,,"就公司現行生產循環作業，為因應「採購」風險——物品／原物料請採購品質控管不充足（風險三大屬性—財務報導：（未填）；營運：[營運] 物品／原物料請採購品質控管不充足；法令遵循：（未填）；RoMM：（RoMM 分類未填）；重大科目／聲明：（重大科目未填）／（聲明未填）），設計控制目標為「準確執行品管控制」。由1. 倉管單位
2. 品保單位以人工方式、採預防性控制取向、屬（類型未填）類型，依每日多筆執行下列控制活動：應確實依原物料規格加以檢驗後始得投入產線。。控制執行時使用之 IUC／制度為「1. MES系統
2. ERP系統」。投入（Inputs）：1. MES系統
2. ERP系統。覆核／執行步驟（Specific activities）：應確實依原物料規格加以檢驗後始得投入產線。。產出（Outputs）：1. 進貨單
2. 檢驗合格之原物料標示照片
3. IQC檢驗報告
4. 進料檢驗紀錄表
5. 物料鑑審單
6. 進貨待驗明細表及系統發送Mail。","[生產循環｜採購] 準確執行品管控制：應確實依原物料規格加以檢驗後始得投入產線。（頻率：每日多筆；負責：1. 倉管單位
2. 品保單位；IUC：1. MES系統
2. ERP系統）",CO107-1,RCM;生產循環;累積範本;去識別範本,2026-08-26 16:28:13
PL-CO107-2,準確執行品管控制,生產循環,CO-107,品質管制作業,製造／生產,製造／生產,無效率的倉庫／存貨管理流程,營運面,,[營運] 無效率的倉庫／存貨管理流程,,,,,準確執行品管控制,不良品退料應皆經品管人員完成檢驗後始退回至庫房。,不定期,Refer o CO107-1,Refer o CO107-1,Refer o CO107-1,Refer o CO107-1,Refer o CO107-1,Refer o CO107-1,,,,,,,人工,預防性 (Preventive),,,,Refer o CO107-1,,,就公司現行生產循環作業，為因應「製造／生產」風險——無效率的倉庫／存貨管理流程（風險三大屬性—財務報導：（未填）；營運：[營運] 無效率的倉庫／存貨管理流程；法令遵循：（未填）；RoMM：（RoMM 分類未填）；重大科目／聲明：（重大科目未填）／（聲明未填）），設計控制目標為「準確執行品管控制」。由Refer o CO107-1以人工方式、採預防性控制取向、屬（類型未填）類型，依不定期執行下列控制活動：不良品退料應皆經品管人員完成檢驗後始退回至庫房。。控制執行時使用之 IUC／制度為「Refer o CO107-1」。投入（Inputs）：Refer o CO107-1。覆核／執行步驟（Specific activities）：不良品退料應皆經品管人員完成檢驗後始退回至庫房。。產出（Outputs）：Refer o CO107-1。,[生產循環｜製造／生產] 準確執行品管控制：不良品退料應皆經品管人員完成檢驗後始退回至庫房。（頻率：不定期；負責：Refer o CO107-1；IUC：Refer o CO107-1）,CO107-2,RCM;生產循環;累積範本;去識別範本,2026-08-26 16:28:13
PL-CO107-3,準確執行品管控制,生產循環,CO-107,品質管制作業,製造／生產,製造／生產,不適當的品質控制方式,營運面,,[營運] 不適當的品質控制方式,,,,,準確執行品管控制,品管人員應確實將品質檢查結果正確記錄於相關系統或記錄表中並經權責主管核准，並且需依相關規定蓋印檢驗日期。,每日多筆,"1. 倉管單位
2. 品保單位",ERP系統,ERP系統,"1. 檢驗與測試程序
2. 不合格品管制作業程序
3. 抽樣計劃作業規範
4. 矯正與預防措施管制程序
5. MRB物料審查作業程序",,"1. 檢驗紀錄表
2. 途程單",,,,,,,人工,預防性 (Preventive),,,,"1. 檢驗紀錄表
2. 途程單",,,"就公司現行生產循環作業，為因應「製造／生產」風險——不適當的品質控制方式（風險三大屬性—財務報導：（未填）；營運：[營運] 不適當的品質控制方式；法令遵循：（未填）；RoMM：（RoMM 分類未填）；重大科目／聲明：（重大科目未填）／（聲明未填）），設計控制目標為「準確執行品管控制」。由1. 倉管單位
2. 品保單位以人工方式、採預防性控制取向、屬（類型未填）類型，依每日多筆執行下列控制活動：品管人員應確實將品質檢查結果正確記錄於相關系統或記錄表中並經權責主管核准，並且需依相關規定蓋印檢驗日期。。控制執行時使用之 IUC／制度為「ERP系統」。投入（Inputs）：ERP系統。覆核／執行步驟（Specific activities）：品管人員應確實將品質檢查結果正確記錄於相關系統或記錄表中並經權責主管核准，並且需依相關規定蓋印檢驗日期。。產出（Outputs）：1. 檢驗紀錄表
2. 途程單。","[生產循環｜製造／生產] 準確執行品管控制：品管人員應確實將品質檢查結果正確記錄於相關系統或記錄表中並經權責主管核准，並且需依相關規定蓋印檢驗日期。（頻率：每日多筆；負責：1. 倉管單位
2. 品保單位；IUC：ERP系統）",CO107-3,RCM;生產循環;累積範本;去識別範本,2026-08-26 16:28:13
PL-CO107-4,準確執行品管控制,生產循環,CO-107,品質管制作業,製造／生產,製造／生產,不適當的品質控制方式,營運面,,[營運] 不適當的品質控制方式,,,,,準確執行品管控制,部門管理人員應依規定抽驗操作人員工作執行情形並留下檢驗紀錄。品質系統稽核小組負責人可因應廠內有關製程加強、品質表現及特別要求的重點調整稽核排程，以確認執行成效，且稽核排程必須即時更新，以符合實際作業。稽核結果之產出需提交高階管理者審視。,不定期,品保單位,QS針對產線人員之稽核／品檢紀錄,,"1. 檢驗與測試程序
2. 不合格品管制作業程序
3. 抽樣計劃作業規範
4. 矯正與預防措施管制程序
5. MRB物料審查作業程序",,QS針對產線人員之稽核／品檢紀錄,,,,,,,人工,預防性 (Preventive),,,,QS針對產線人員之稽核／品檢紀錄,,,就公司現行生產循環作業，為因應「製造／生產」風險——不適當的品質控制方式（風險三大屬性—財務報導：（未填）；營運：[營運] 不適當的品質控制方式；法令遵循：（未填）；RoMM：（RoMM 分類未填）；重大科目／聲明：（重大科目未填）／（聲明未填）），設計控制目標為「準確執行品管控制」。由品保單位以人工方式、採預防性控制取向、屬（類型未填）類型，依不定期執行下列控制活動：部門管理人員應依規定抽驗操作人員工作執行情形並留下檢驗紀錄。品質系統稽核小組負責人可因應廠內有關製程加強、品質表現及特別要求的重點調整稽核排程，以確認執行成效，且稽核排程必須即時更新，以符合實際作業。稽核結果之產出需提交高階管理者審視。。控制執行時使用之 IUC／制度為「QS針對產線人員之稽核／品檢紀錄」。投入（Inputs）：QS針對產線人員之稽核／品檢紀錄。覆核／執行步驟（Specific activities）：部門管理人員應依規定抽驗操作人員工作執行情形並留下檢驗紀錄。品質系統稽核小組負責人可因應廠內有關製程加強、品質表現及特別要求的重點調整稽核排程，以確認執行成效，且稽核排程必須即時更新，以符合實際作業。稽核結果之產出需提交高階管理者審視。。產出（Outputs）：QS針對產線人員之稽核／品檢紀錄。,[生產循環｜製造／生產] 準確執行品管控制：部門管理人員應依規定抽驗操作人員工作執行情形並留下檢驗紀錄。品質系統稽核小組負責人可因應廠內有關製程加強、品質表現及特別要求的重點調整稽核排程，以確認執行成效，且稽核排程必須即時更新，以符合實際作業。稽核結果之產出需提交高階管理者審視。（頻率：不定期；負責：品保單位；IUC：QS針對產線人員之稽核／品檢紀錄）,CO107-4,RCM;生產循環;累積範本;去識別範本,2026-08-26 16:28:13
PL-CO107-5,準確執行品管控制,生產循環,CO-107,品質管制作業,製造／生產,製造／生產,不適當的品質控制方式,營運面,,[營運] 不適當的品質控制方式,,,,,準確執行品管控制,產品規格超過公司規範可容許限度趨勢時，應立即停止生產並執行改善作業。,不定期,品保單位,,,檢驗與測試程序,,,,,,,,,人工,預防性 (Preventive),,,,,,,就公司現行生產循環作業，為因應「製造／生產」風險——不適當的品質控制方式（風險三大屬性—財務報導：（未填）；營運：[營運] 不適當的品質控制方式；法令遵循：（未填）；RoMM：（RoMM 分類未填）；重大科目／聲明：（重大科目未填）／（聲明未填）），設計控制目標為「準確執行品管控制」。由品保單位以人工方式、採預防性控制取向、屬（類型未填）類型，依不定期執行下列控制活動：產品規格超過公司規範可容許限度趨勢時，應立即停止生產並執行改善作業。。控制執行時使用之 IUC／制度為「（未指定 IUC／制度）」。投入（Inputs）：（請補充投入資訊）。覆核／執行步驟（Specific activities）：產品規格超過公司規範可容許限度趨勢時，應立即停止生產並執行改善作業。。產出（Outputs）：（請補充控制產出／留存軌跡）。,[生產循環｜製造／生產] 準確執行品管控制：產品規格超過公司規範可容許限度趨勢時，應立即停止生產並執行改善作業。（頻率：不定期；負責：品保單位；IUC：—）,CO107-5,RCM;生產循環;累積範本;去識別範本,2026-08-26 16:28:13
PL-CO107-6,準確執行品管控制,生產循環,CO-107,品質管制作業,製造／生產,製造／生產,不適當的品質控制方式,營運面,,[營運] 不適當的品質控制方式,,,,,準確執行品管控制,品檢人員應定期依照量具儀器校正程序規範定期執行校正並留下校正紀錄作為產品檢驗異常之追蹤依據。,不定期,品保單位,"1. 儀器履歷表
2. 儀器校驗紀錄表",,量測儀器管理程序,,"1. 儀器履歷表
2. 儀器校驗紀錄表",,,,,,,人工,預防性 (Preventive),,,,"1. 儀器履歷表
2. 儀器校驗紀錄表",,,"就公司現行生產循環作業，為因應「製造／生產」風險——不適當的品質控制方式（風險三大屬性—財務報導：（未填）；營運：[營運] 不適當的品質控制方式；法令遵循：（未填）；RoMM：（RoMM 分類未填）；重大科目／聲明：（重大科目未填）／（聲明未填）），設計控制目標為「準確執行品管控制」。由品保單位以人工方式、採預防性控制取向、屬（類型未填）類型，依不定期執行下列控制活動：品檢人員應定期依照量具儀器校正程序規範定期執行校正並留下校正紀錄作為產品檢驗異常之追蹤依據。。控制執行時使用之 IUC／制度為「1. 儀器履歷表
2. 儀器校驗紀錄表」。投入（Inputs）：1. 儀器履歷表
2. 儀器校驗紀錄表。覆核／執行步驟（Specific activities）：品檢人員應定期依照量具儀器校正程序規範定期執行校正並留下校正紀錄作為產品檢驗異常之追蹤依據。。產出（Outputs）：1. 儀器履歷表
2. 儀器校驗紀錄表。","[生產循環｜製造／生產] 準確執行品管控制：品檢人員應定期依照量具儀器校正程序規範定期執行校正並留下校正紀錄作為產品檢驗異常之追蹤依據。（頻率：不定期；負責：品保單位；IUC：1. 儀器履歷表
2. 儀器校驗紀錄表）",CO107-6,RCM;生產循環;累積範本;去識別範本,2026-08-26 16:28:13
PL-CO107-7,準確執行品管控制,生產循環,CO-107,品質管制作業,製造／生產,製造／生產,不適當的品質控制方式,營運面,,[營運] 不適當的品質控制方式,,,,,準確執行品管控制,在製品抽驗不合格者，應協調相關單位判斷或分析不良原因，並依分析結果調整製程設備或執行相關改善措施並將執行過程留下紀錄。,不定期,品保單位,"1. 廠內品質異常處理單
2. 物料鑑審單",,"1. 檢驗與測試程序
2. 不合格品管制作業程序
3. 抽樣計劃作業規範
4. 矯正與預防措施管制程序
5. MRB物料審查作業程序",,"1. 廠內品質異常處理單
2. 物料鑑審單",,,,,,,人工,預防性 (Preventive),,,,"1. 廠內品質異常處理單
2. 物料鑑審單",,,"就公司現行生產循環作業，為因應「製造／生產」風險——不適當的品質控制方式（風險三大屬性—財務報導：（未填）；營運：[營運] 不適當的品質控制方式；法令遵循：（未填）；RoMM：（RoMM 分類未填）；重大科目／聲明：（重大科目未填）／（聲明未填）），設計控制目標為「準確執行品管控制」。由品保單位以人工方式、採預防性控制取向、屬（類型未填）類型，依不定期執行下列控制活動：在製品抽驗不合格者，應協調相關單位判斷或分析不良原因，並依分析結果調整製程設備或執行相關改善措施並將執行過程留下紀錄。。控制執行時使用之 IUC／制度為「1. 廠內品質異常處理單
2. 物料鑑審單」。投入（Inputs）：1. 廠內品質異常處理單
2. 物料鑑審單。覆核／執行步驟（Specific activities）：在製品抽驗不合格者，應協調相關單位判斷或分析不良原因，並依分析結果調整製程設備或執行相關改善措施並將執行過程留下紀錄。。產出（Outputs）：1. 廠內品質異常處理單
2. 物料鑑審單。","[生產循環｜製造／生產] 準確執行品管控制：在製品抽驗不合格者，應協調相關單位判斷或分析不良原因，並依分析結果調整製程設備或執行相關改善措施並將執行過程留下紀錄。（頻率：不定期；負責：品保單位；IUC：1. 廠內品質異常處理單
2. 物料鑑審單）",CO107-7,RCM;生產循環;累積範本;去識別範本,2026-08-26 16:28:13
PL-CO107-8,準確執行品管控制,生產循環,CO-107,品質管制作業,製造／生產,製造／生產,無效率的倉庫／存貨管理流程,營運面,,[營運] 無效率的倉庫／存貨管理流程,,,,,準確執行品管控制,不合格品應依退庫程序退回倉庫處理，若造成遺失，應立即處理，並追究相關單位責任。,不定期,品保單位,廠內品質異常處理單,,"1. 製程稽核
2. 製程管制
3. 抽樣檢驗標準
4. 出貨品質管制程序",,廠內品質異常處理單,,,,,,,人工,預防性 (Preventive),,,,廠內品質異常處理單,,,就公司現行生產循環作業，為因應「製造／生產」風險——無效率的倉庫／存貨管理流程（風險三大屬性—財務報導：（未填）；營運：[營運] 無效率的倉庫／存貨管理流程；法令遵循：（未填）；RoMM：（RoMM 分類未填）；重大科目／聲明：（重大科目未填）／（聲明未填）），設計控制目標為「準確執行品管控制」。由品保單位以人工方式、採預防性控制取向、屬（類型未填）類型，依不定期執行下列控制活動：不合格品應依退庫程序退回倉庫處理，若造成遺失，應立即處理，並追究相關單位責任。。控制執行時使用之 IUC／制度為「廠內品質異常處理單」。投入（Inputs）：廠內品質異常處理單。覆核／執行步驟（Specific activities）：不合格品應依退庫程序退回倉庫處理，若造成遺失，應立即處理，並追究相關單位責任。。產出（Outputs）：廠內品質異常處理單。,[生產循環｜製造／生產] 準確執行品管控制：不合格品應依退庫程序退回倉庫處理，若造成遺失，應立即處理，並追究相關單位責任。（頻率：不定期；負責：品保單位；IUC：廠內品質異常處理單）,CO107-8,RCM;生產循環;累積範本;去識別範本,2026-08-26 16:28:13
PL-CO108-1,依據規範執行報廢程序,生產循環,CO-108,下腳料及廢棄物管理（含存貨報廢）作業,減少廢料與閉路式生產,減少廢料與閉路式生產,廢料處理／回收／報廢不適當,營運面,,[營運] 廢料處理／回收／報廢不適當,,,,,依據規範執行報廢程序,庫存品超過一年沒有領料、無料號者、或者品質有瑕疵需處置時，應經檢驗員檢查認可且填具相關處置單據後，呈相關權責主管核准後始得執行相關程序。,每半年,"1. 倉管單位
2. 財務單位
3. 職安單位","1. MES系統
2. ERP系統","1. MES系統
2. ERP系統",報廢作業管理辦法,,"1. 待報廢明細表
2. 寄予相關單位確認報廢明細之Mail
3. 報廢簽呈
4. 報廢除帳單（INVI05）
5. 財務單位通知可除帳之Mail
6. 倉管通知職安進行清運之Mail",,,,,,,人工,預防性 (Preventive),,,,"1. 待報廢明細表
2. 寄予相關單位確認報廢明細之Mail
3. 報廢簽呈
4. 報廢除帳單（INVI05）
5. 財務單位通知可除帳之Mail
6. 倉管通知職安進行清運之Mail",,,"就公司現行生產循環作業，為因應「減少廢料與閉路式生產」風險——廢料處理／回收／報廢不適當（風險三大屬性—財務報導：（未填）；營運：[營運] 廢料處理／回收／報廢不適當；法令遵循：（未填）；RoMM：（RoMM 分類未填）；重大科目／聲明：（重大科目未填）／（聲明未填）），設計控制目標為「依據規範執行報廢程序」。由1. 倉管單位
2. 財務單位
3. 職安單位以人工方式、採預防性控制取向、屬（類型未填）類型，依每半年執行下列控制活動：庫存品超過一年沒有領料、無料號者、或者品質有瑕疵需處置時，應經檢驗員檢查認可且填具相關處置單據後，呈相關權責主管核准後始得執行相關程序。。控制執行時使用之 IUC／制度為「1. MES系統
2. ERP系統」。投入（Inputs）：1. MES系統
2. ERP系統。覆核／執行步驟（Specific activities）：庫存品超過一年沒有領料、無料號者、或者品質有瑕疵需處置時，應經檢驗員檢查認可且填具相關處置單據後，呈相關權責主管核准後始得執行相關程序。。產出（Outputs）：1. 待報廢明細表
2. 寄予相關單位確認報廢明細之Mail
3. 報廢簽呈
4. 報廢除帳單（INVI05）
5. 財務單位通知可除帳之Mail
6. 倉管通知職安進行清運之Mail。","[生產循環｜減少廢料與閉路式生產] 依據規範執行報廢程序：庫存品超過一年沒有領料、無料號者、或者品質有瑕疵需處置時，應經檢驗員檢查認可且填具相關處置單據後，呈相關權責主管核准後始得執行相關程序。（頻率：每半年；負責：1. 倉管單位
2. 財務單位
3. 職安單位；IUC：1. MES系統
2. ERP系統）",CO108-1,RCM;生產循環;累積範本;去識別範本,2026-08-26 16:28:13
PL-CO108-2,依據規範執行報廢程序,生產循環,CO-108,下腳料及廢棄物管理（含存貨報廢）作業,製造／生產,製造／生產,無效率的倉庫／存貨管理流程,營運面,,[營運] 無效率的倉庫／存貨管理流程,,,,,依據規範執行報廢程序,待報廢存貨、下腳料及廢棄物應儲存於專屬區域，並定期巡檢。,每日,職安單位,"1. 廢棄物貯存區域及標示照片
2. 廢棄物暫存區檢查表",,廢棄物管理辦法,廢棄物清理法,"1. 廢棄物貯存區域及標示照片
2. 廢棄物暫存區檢查表",,,,,,,人工,預防性 (Preventive),,,,"1. 廢棄物貯存區域及標示照片
2. 廢棄物暫存區檢查表",,,"就公司現行生產循環作業，為因應「製造／生產」風險——無效率的倉庫／存貨管理流程（風險三大屬性—財務報導：（未填）；營運：[營運] 無效率的倉庫／存貨管理流程；法令遵循：（未填）；RoMM：（RoMM 分類未填）；重大科目／聲明：（重大科目未填）／（聲明未填）），設計控制目標為「依據規範執行報廢程序」。由職安單位以人工方式、採預防性控制取向、屬（類型未填）類型，依每日執行下列控制活動：待報廢存貨、下腳料及廢棄物應儲存於專屬區域，並定期巡檢。。控制執行時使用之 IUC／制度為「1. 廢棄物貯存區域及標示照片
2. 廢棄物暫存區檢查表」。投入（Inputs）：1. 廢棄物貯存區域及標示照片
2. 廢棄物暫存區檢查表。覆核／執行步驟（Specific activities）：待報廢存貨、下腳料及廢棄物應儲存於專屬區域，並定期巡檢。。產出（Outputs）：1. 廢棄物貯存區域及標示照片
2. 廢棄物暫存區檢查表。","[生產循環｜製造／生產] 依據規範執行報廢程序：待報廢存貨、下腳料及廢棄物應儲存於專屬區域，並定期巡檢。（頻率：每日；負責：職安單位；IUC：1. 廢棄物貯存區域及標示照片
2. 廢棄物暫存區檢查表）",CO108-2,RCM;生產循環;累積範本;去識別範本,2026-08-26 16:28:13
PL-CO108-3,依據規範執行報廢程序,生產循環,CO-108,下腳料及廢棄物管理（含存貨報廢）作業,減少廢料與閉路式生產,減少廢料與閉路式生產,廢料處理／回收／報廢不適當,營運面,,[營運] 廢料處理／回收／報廢不適當,,,,,依據規範執行報廢程序,廢棄物儲放應依照事業廢棄物種類貼上標籤，標籤上必須注明內容物以及其敘述。,持續,職安單位,廢棄物貯存區域及標示照片,,廢棄物管理辦法,廢棄物清理法,廢棄物貯存區域及標示照片,,,,,,,人工,預防性 (Preventive),,,,廢棄物貯存區域及標示照片,,,就公司現行生產循環作業，為因應「減少廢料與閉路式生產」風險——廢料處理／回收／報廢不適當（風險三大屬性—財務報導：（未填）；營運：[營運] 廢料處理／回收／報廢不適當；法令遵循：（未填）；RoMM：（RoMM 分類未填）；重大科目／聲明：（重大科目未填）／（聲明未填）），設計控制目標為「依據規範執行報廢程序」。由職安單位以人工方式、採預防性控制取向、屬（類型未填）類型，依持續執行下列控制活動：廢棄物儲放應依照事業廢棄物種類貼上標籤，標籤上必須注明內容物以及其敘述。。控制執行時使用之 IUC／制度為「廢棄物貯存區域及標示照片」。投入（Inputs）：廢棄物貯存區域及標示照片。覆核／執行步驟（Specific activities）：廢棄物儲放應依照事業廢棄物種類貼上標籤，標籤上必須注明內容物以及其敘述。。產出（Outputs）：廢棄物貯存區域及標示照片。,[生產循環｜減少廢料與閉路式生產] 依據規範執行報廢程序：廢棄物儲放應依照事業廢棄物種類貼上標籤，標籤上必須注明內容物以及其敘述。（頻率：持續；負責：職安單位；IUC：廢棄物貯存區域及標示照片）,CO108-3,RCM;生產循環;累積範本;去識別範本,2026-08-26 16:28:13
PL-CO108-4,依據規範執行報廢程序,生產循環,CO-108,下腳料及廢棄物管理（含存貨報廢）作業,減少廢料與閉路式生產,減少廢料與閉路式生產,未遵循廢料管理法律及法規,遵循面,,,[法令遵循] 未遵循廢料管理法律及法規,,,,依據規範執行報廢程序,存貨報廢、下腳料出售及廢棄物清運處理應依法委託合格廠商進行相關處置。,不定期,職安單位,"1. 清運廠商之處理許可證
2. 有價廢料重量紀錄表
3. 無價廢料重量紀錄表
4. 物品出入廠放行單
5. 事業廢棄物委託共同處理管制遞送三聯單
6. 廢棄物清除紀錄表
7. 廢棄物追蹤處理查核表",,廢棄物管理辦法,廢棄物清理法,"1. 清運廠商之處理許可證
2. 有價廢料重量紀錄表
3. 無價廢料重量紀錄表
4. 物品出入廠放行單
5. 事業廢棄物委託共同處理管制遞送三聯單
6. 廢棄物清除紀錄表
7. 廢棄物追蹤處理查核表",,,,,,,人工,預防性 (Preventive),,,,"1. 清運廠商之處理許可證
2. 有價廢料重量紀錄表
3. 無價廢料重量紀錄表
4. 物品出入廠放行單
5. 事業廢棄物委託共同處理管制遞送三聯單
6. 廢棄物清除紀錄表
7. 廢棄物追蹤處理查核表",,,"就公司現行生產循環作業，為因應「減少廢料與閉路式生產」風險——未遵循廢料管理法律及法規（風險三大屬性—財務報導：（未填）；營運：（未填）；法令遵循：[法令遵循] 未遵循廢料管理法律及法規；RoMM：（RoMM 分類未填）；重大科目／聲明：（重大科目未填）／（聲明未填）），設計控制目標為「依據規範執行報廢程序」。由職安單位以人工方式、採預防性控制取向、屬（類型未填）類型，依不定期執行下列控制活動：存貨報廢、下腳料出售及廢棄物清運處理應依法委託合格廠商進行相關處置。。控制執行時使用之 IUC／制度為「1. 清運廠商之處理許可證
2. 有價廢料重量紀錄表
3. 無價廢料重量紀錄表
4. 物品出入廠放行單
5. 事業廢棄物委託共同處理管制遞送三聯單
6. 廢棄物清除紀錄表
7. 廢棄物追蹤處理查核表」。投入（Inputs）：1. 清運廠商之處理許可證
2. 有價廢料重量紀錄表
3. 無價廢料重量紀錄表
4. 物品出入廠放行單
5. 事業廢棄物委託共同處理管制遞送三聯單
6. 廢棄物清除紀錄表
7. 廢棄物追蹤處理查核表。覆核／執行步驟（Specific activities）：存貨報廢、下腳料出售及廢棄物清運處理應依法委託合格廠商進行相關處置。。產出（Outputs）：1. 清運廠商之處理許可證
2. 有價廢料重量紀錄表
3. 無價廢料重量紀錄表
4. 物品出入廠放行單
5. 事業廢棄物委託共同處理管制遞送三聯單
6. 廢棄物清除紀錄表
7. 廢棄物追蹤處理查核表。","[生產循環｜減少廢料與閉路式生產] 依據規範執行報廢程序：存貨報廢、下腳料出售及廢棄物清運處理應依法委託合格廠商進行相關處置。（頻率：不定期；負責：職安單位；IUC：1. 清運廠商之處理許可證
2. 有價廢料重量紀錄表
3. 無價廢料重量紀錄表
4. 物品出入廠放行單
5. 事業廢棄物委託共同處理管制遞送三聯單
6. 廢棄物清除紀錄表
7. 廢棄物追蹤處理查核表）",CO108-4,RCM;生產循環;累積範本;去識別範本,2026-08-26 16:28:13
PL-CO108-5,依據規範執行報廢程序,生產循環,CO-108,下腳料及廢棄物管理（含存貨報廢）作業,法定報告,法定報告,未能確保法定要求申報資料之正確性,遵循面,,,[法令遵循] 未能確保法定要求申報資料之正確性,,,,依據規範執行報廢程序,公司於加工出口區銷毀廢品、下腳時，應依據相關法規備妥申請文件，並經權責主管核准後送主管機關取得核可。,,,,,,,,,,,,,,人工,預防性 (Preventive),,,,,,,就公司現行生產循環作業，為因應「法定報告」風險——未能確保法定要求申報資料之正確性（風險三大屬性—財務報導：（未填）；營運：（未填）；法令遵循：[法令遵循] 未能確保法定要求申報資料之正確性；RoMM：（RoMM 分類未填）；重大科目／聲明：（重大科目未填）／（聲明未填）），設計控制目標為「依據規範執行報廢程序」。由（負責單位未填）以人工方式、採預防性控制取向、屬（類型未填）類型，依（頻率未填）執行下列控制活動：公司於加工出口區銷毀廢品、下腳時，應依據相關法規備妥申請文件，並經權責主管核准後送主管機關取得核可。。控制執行時使用之 IUC／制度為「（未指定 IUC／制度）」。投入（Inputs）：（請補充投入資訊）。覆核／執行步驟（Specific activities）：公司於加工出口區銷毀廢品、下腳時，應依據相關法規備妥申請文件，並經權責主管核准後送主管機關取得核可。。產出（Outputs）：（請補充控制產出／留存軌跡）。,[生產循環｜法定報告] 依據規範執行報廢程序：公司於加工出口區銷毀廢品、下腳時，應依據相關法規備妥申請文件，並經權責主管核准後送主管機關取得核可。（頻率：—；負責：—；IUC：—）,CO108-5,RCM;生產循環;累積範本;去識別範本,2026-08-26 16:28:13
PL-CO108-6,依據規範執行環境保護措施,生產循環,CO-108,下腳料及廢棄物管理（含存貨報廢）作業,環保、健康與安全,環保、健康與安全,缺乏符合環保、健康與安全（EH&S）之相關政策與程序,遵循面,,,[法令遵循] 缺乏符合環保、健康與安全（EH&S）之相關政策與程序,,,,依據規範執行環境保護措施,公司應依據化學品相關法規訂定運送毒性化學物或廢棄物之相關規範，並確認環保法定文件，皆已由權責主管及環保機關核准及完成申報作業後，始得清運。,每月／不定期,職安單位,"1. 具健康危害之化學品分級管理清單
2. 危害性化學品清單
3. 安全資料表
4. 危害化學物品標示之照片
8. 針對化學品宣導之相關教育訓練紀錄",,"1. 環安衛作業管制程序
2. 環安衛監督與量測作業程序
3. 化學品分級管理作業規範
4. 危害性化學品管理辦法","1. 毒性及關注化學物質管理法
2. 廢棄物清理法","1. 具健康危害之化學品分級管理清單
2. 危害性化學品清單
3. 安全資料表
4. 危害化學物品標示之照片
8. 針對化學品宣導之相關教育訓練紀錄",,,,,,,人工,預防性 (Preventive),,,,"1. 具健康危害之化學品分級管理清單
2. 危害性化學品清單
3. 安全資料表
4. 危害化學物品標示之照片
8. 針對化學品宣導之相關教育訓練紀錄",,,"就公司現行生產循環作業，為因應「環保、健康與安全」風險——缺乏符合環保、健康與安全（EH&S）之相關政策與程序（風險三大屬性—財務報導：（未填）；營運：（未填）；法令遵循：[法令遵循] 缺乏符合環保、健康與安全（EH&S）之相關政策與程序；RoMM：（RoMM 分類未填）；重大科目／聲明：（重大科目未填）／（聲明未填）），設計控制目標為「依據規範執行環境保護措施」。由職安單位以人工方式、採預防性控制取向、屬（類型未填）類型，依每月、
不定期執行下列控制活動：公司應依據化學品相關法規訂定運送毒性化學物或廢棄物之相關規範，並確認環保法定文件，皆已由權責主管及環保機關核准及完成申報作業後，始得清運。。控制執行時使用之 IUC／制度為「1. 具健康危害之化學品分級管理清單
2. 危害性化學品清單
3. 安全資料表
4. 危害化學物品標示之照片
8. 針對化學品宣導之相關教育訓練紀錄」。投入（Inputs）：1. 具健康危害之化學品分級管理清單
2. 危害性化學品清單
3. 安全資料表
4. 危害化學物品標示之照片
8. 針對化學品宣導之相關教育訓練紀錄。覆核／執行步驟（Specific activities）：公司應依據化學品相關法規訂定運送毒性化學物或廢棄物之相關規範，並確認環保法定文件，皆已由權責主管及環保機關核准及完成申報作業後，始得清運。。產出（Outputs）：1. 具健康危害之化學品分級管理清單
2. 危害性化學品清單
3. 安全資料表
4. 危害化學物品標示之照片
8. 針對化學品宣導之相關教育訓練紀錄。","[生產循環｜環保、健康與安全] 依據規範執行環境保護措施：公司應依據化學品相關法規訂定運送毒性化學物或廢棄物之相關規範，並確認環保法定文件，皆已由權責主管及環保機關核准及完成申報作業後，始得清運。（頻率：每月、
不定期；負責：職安單位；IUC：1. 具健康危害之化學品分級管理清單
2. 危害性化學品清單
3. 安全資料表
4. 危害化學物品標示之照片
8. 針對化學品宣導之相關教育訓練紀錄）",CO108-6,RCM;生產循環;累積範本;去識別範本,2026-08-26 16:28:13
PL-CO108-7,依據規範執行環境保護措施,生產循環,CO-108,下腳料及廢棄物管理（含存貨報廢）作業,減少廢料與閉路式生產,減少廢料與閉路式生產,未遵循廢料管理法律及法規,遵循面,,,[法令遵循] 未遵循廢料管理法律及法規,,,,依據規範執行環境保護措施,公司應定期執行噪音及有害事業廢棄物檢測工作，並妥善保存檢測之文件。當發生異常狀況時，應立即處理。,每年,職安單位,廢棄物檢測報告,,廢棄物管理辦法,"1. 廢棄物清理法
2. 噪音管制法",廢棄物檢測報告,,,,,,,人工,預防性 (Preventive),,,,廢棄物檢測報告,,,就公司現行生產循環作業，為因應「減少廢料與閉路式生產」風險——未遵循廢料管理法律及法規（風險三大屬性—財務報導：（未填）；營運：（未填）；法令遵循：[法令遵循] 未遵循廢料管理法律及法規；RoMM：（RoMM 分類未填）；重大科目／聲明：（重大科目未填）／（聲明未填）），設計控制目標為「依據規範執行環境保護措施」。由職安單位以人工方式、採預防性控制取向、屬（類型未填）類型，依每年執行下列控制活動：公司應定期執行噪音及有害事業廢棄物檢測工作，並妥善保存檢測之文件。當發生異常狀況時，應立即處理。。控制執行時使用之 IUC／制度為「廢棄物檢測報告」。投入（Inputs）：廢棄物檢測報告。覆核／執行步驟（Specific activities）：公司應定期執行噪音及有害事業廢棄物檢測工作，並妥善保存檢測之文件。當發生異常狀況時，應立即處理。。產出（Outputs）：廢棄物檢測報告。,[生產循環｜減少廢料與閉路式生產] 依據規範執行環境保護措施：公司應定期執行噪音及有害事業廢棄物檢測工作，並妥善保存檢測之文件。當發生異常狀況時，應立即處理。（頻率：每年；負責：職安單位；IUC：廢棄物檢測報告）,CO108-7,RCM;生產循環;累積範本;去識別範本,2026-08-26 16:28:13
PL-CO108-8,依據規範執行環境保護措施,生產循環,CO-108,下腳料及廢棄物管理（含存貨報廢）作業,環保、健康與安全,環保、健康與安全,缺乏符合環保、健康與安全（EH&S）之相關政策與程序,遵循面,,,[法令遵循] 缺乏符合環保、健康與安全（EH&S）之相關政策與程序,,,,依據規範執行環境保護措施,公司應針對各項污染防治工作訂定相關程序，當發生異常狀況時，相關權責單位應啟動應變機制，並經適當核准後通知相關主管機關。,不定期,職安單位,"環安衛不符合事項處理告表
環安衛不符合事項處理登記表",,"1. 環安衛不符合及矯正措施作業程序
2. 廢氣處理與監控管理辦法
3. 廢水處理與監控管理辦法
4. 毒性化學物質管理辦法","1. 空氣污染防制法
2. 水污染防治法
3. 土壤及地下水污染整治法
4. 毒性及關注化學物質管理法
5. 環境影響評估法","環安衛不符合事項處理告表
環安衛不符合事項處理登記表",,,,,,,人工,預防性 (Preventive),,,,"環安衛不符合事項處理告表
環安衛不符合事項處理登記表",,,"就公司現行生產循環作業，為因應「環保、健康與安全」風險——缺乏符合環保、健康與安全（EH&S）之相關政策與程序（風險三大屬性—財務報導：（未填）；營運：（未填）；法令遵循：[法令遵循] 缺乏符合環保、健康與安全（EH&S）之相關政策與程序；RoMM：（RoMM 分類未填）；重大科目／聲明：（重大科目未填）／（聲明未填）），設計控制目標為「依據規範執行環境保護措施」。由職安單位以人工方式、採預防性控制取向、屬（類型未填）類型，依不定期執行下列控制活動：公司應針對各項污染防治工作訂定相關程序，當發生異常狀況時，相關權責單位應啟動應變機制，並經適當核准後通知相關主管機關。。控制執行時使用之 IUC／制度為「環安衛不符合事項處理告表
環安衛不符合事項處理登記表」。投入（Inputs）：環安衛不符合事項處理告表
環安衛不符合事項處理登記表。覆核／執行步驟（Specific activities）：公司應針對各項污染防治工作訂定相關程序，當發生異常狀況時，相關權責單位應啟動應變機制，並經適當核准後通知相關主管機關。。產出（Outputs）：環安衛不符合事項處理告表
環安衛不符合事項處理登記表。","[生產循環｜環保、健康與安全] 依據規範執行環境保護措施：公司應針對各項污染防治工作訂定相關程序，當發生異常狀況時，相關權責單位應啟動應變機制，並經適當核准後通知相關主管機關。（頻率：不定期；負責：職安單位；IUC：環安衛不符合事項處理告表
環安衛不符合事項處理登記表）",CO108-8,RCM;生產循環;累積範本;去識別範本,2026-08-26 16:28:13
PL-CO108-9,依據規範執行環境保護措施,生產循環,CO-108,下腳料及廢棄物管理（含存貨報廢）作業,法定報告,法定報告,未能確保法定要求申報資料之正確性,遵循面,,,[法令遵循] 未能確保法定要求申報資料之正確性,,,,依據規範執行環境保護措施,若新產生未列管之廢棄物符合主管機關認定標準時，應依照廢棄物清理法規範之程序報請主管機關核准後始得進行清運。,每月／不定期,職安單位,"1. 事業廢棄物清理計畫書
2. 廢棄物申報網頁畫面",,廢棄物管理辦法,廢棄物清理法,"1. 事業廢棄物清理計畫書
2. 廢棄物申報網頁畫面",,,,,,,人工,預防性 (Preventive),,,,"1. 事業廢棄物清理計畫書
2. 廢棄物申報網頁畫面",,,"就公司現行生產循環作業，為因應「法定報告」風險——未能確保法定要求申報資料之正確性（風險三大屬性—財務報導：（未填）；營運：（未填）；法令遵循：[法令遵循] 未能確保法定要求申報資料之正確性；RoMM：（RoMM 分類未填）；重大科目／聲明：（重大科目未填）／（聲明未填）），設計控制目標為「依據規範執行環境保護措施」。由職安單位以人工方式、採預防性控制取向、屬（類型未填）類型，依每月／不定期執行下列控制活動：若新產生未列管之廢棄物符合主管機關認定標準時，應依照廢棄物清理法規範之程序報請主管機關核准後始得進行清運。。控制執行時使用之 IUC／制度為「1. 事業廢棄物清理計畫書
2. 廢棄物申報網頁畫面」。投入（Inputs）：1. 事業廢棄物清理計畫書
2. 廢棄物申報網頁畫面。覆核／執行步驟（Specific activities）：若新產生未列管之廢棄物符合主管機關認定標準時，應依照廢棄物清理法規範之程序報請主管機關核准後始得進行清運。。產出（Outputs）：1. 事業廢棄物清理計畫書
2. 廢棄物申報網頁畫面。","[生產循環｜法定報告] 依據規範執行環境保護措施：若新產生未列管之廢棄物符合主管機關認定標準時，應依照廢棄物清理法規範之程序報請主管機關核准後始得進行清運。（頻率：每月／不定期；負責：職安單位；IUC：1. 事業廢棄物清理計畫書
2. 廢棄物申報網頁畫面）",CO108-9,RCM;生產循環;累積範本;去識別範本,2026-08-26 16:28:13
PL-CO108-10,依據規範執行環境保護措施,生產循環,CO-108,下腳料及廢棄物管理（含存貨報廢）作業,減少廢料與閉路式生產,減少廢料與閉路式生產,廢料處理／回收／報廢不適當,營運面,,[營運] 廢料處理／回收／報廢不適當,,,,,依據規範執行環境保護措施,應依據空氣污染、水污染、廢棄物清理、毒性化學物質管理及噪音管制等環境保護法規備妥相關申請文件並經權責主管核准後送主管機關取得核可。,每半年,職安單位,"1. 廢氣委外檢測報告
2. 水質檢測報告",,"1. 廢氣處理與監控管理辦法
2. 廢水處理與監控管理辦法
3. 毒性化學物質管理辦法","1. 空氣污染防制法
2. 水污染防治法
3. 廢棄物清理法
4. 毒性及關注化學物質管理法","1. 廢氣委外檢測報告
2. 水質檢測報告",,,,,,,人工,預防性 (Preventive),,,,"1. 廢氣委外檢測報告
2. 水質檢測報告",,,"就公司現行生產循環作業，為因應「減少廢料與閉路式生產」風險——廢料處理／回收／報廢不適當（風險三大屬性—財務報導：（未填）；營運：[營運] 廢料處理／回收／報廢不適當；法令遵循：（未填）；RoMM：（RoMM 分類未填）；重大科目／聲明：（重大科目未填）／（聲明未填）），設計控制目標為「依據規範執行環境保護措施」。由職安單位以人工方式、採預防性控制取向、屬（類型未填）類型，依每半年執行下列控制活動：應依據空氣污染、水污染、廢棄物清理、毒性化學物質管理及噪音管制等環境保護法規備妥相關申請文件並經權責主管核准後送主管機關取得核可。。控制執行時使用之 IUC／制度為「1. 廢氣委外檢測報告
2. 水質檢測報告」。投入（Inputs）：1. 廢氣委外檢測報告
2. 水質檢測報告。覆核／執行步驟（Specific activities）：應依據空氣污染、水污染、廢棄物清理、毒性化學物質管理及噪音管制等環境保護法規備妥相關申請文件並經權責主管核准後送主管機關取得核可。。產出（Outputs）：1. 廢氣委外檢測報告
2. 水質檢測報告。","[生產循環｜減少廢料與閉路式生產] 依據規範執行環境保護措施：應依據空氣污染、水污染、廢棄物清理、毒性化學物質管理及噪音管制等環境保護法規備妥相關申請文件並經權責主管核准後送主管機關取得核可。（頻率：每半年；負責：職安單位；IUC：1. 廢氣委外檢測報告
2. 水質檢測報告）",CO108-10,RCM;生產循環;累積範本;去識別範本,2026-08-26 16:28:13
PL-CO109-1,執行設備維護以達到生產程序規範,生產循環,CO-109,保養維修作業,運用,運用,未及時維修廠房與機器設備,營運面,,[營運] 未及時維修廠房與機器設備,,,,,執行設備維護以達到生產程序規範,應確保支援生產所需要的所有設備（製造工具、設施設備）制定保養計劃，依照保養計畫規劃之期程，定期進行維護保養且留下保養紀錄，保養紀錄應經權責主管定期檢視與覆核。,每日／每月／每季／每年,"製造工程單位
製造生產單位","1. 設備操作及保養SOP
2. 設備日常保養紀錄表
3. 設備定期保養紀錄表
4. 設備履歷表
5. 設備異常分析報告",,設備與治工具管理作業程序,,"1. 設備操作及保養SOP
2. 設備日常保養紀錄表
3. 設備定期保養紀錄表
4. 設備履歷表
5. 設備異常分析報告",,,,,,,人工,預防性 (Preventive),,,,"1. 設備操作及保養SOP
2. 設備日常保養紀錄表
3. 設備定期保養紀錄表
4. 設備履歷表
5. 設備異常分析報告",,,"就公司現行生產循環作業，為因應「運用」風險——未及時維修廠房與機器設備（風險三大屬性—財務報導：（未填）；營運：[營運] 未及時維修廠房與機器設備；法令遵循：（未填）；RoMM：（RoMM 分類未填）；重大科目／聲明：（重大科目未填）／（聲明未填）），設計控制目標為「執行設備維護以達到生產程序規範」。由製造工程單位
製造生產單位以人工方式、採預防性控制取向、屬（類型未填）類型，依每日／每月／每季／每年執行下列控制活動：應確保支援生產所需要的所有設備（製造工具、設施設備）制定保養計劃，依照保養計畫規劃之期程，定期進行維護保養且留下保養紀錄，保養紀錄應經權責主管定期檢視與覆核。。控制執行時使用之 IUC／制度為「1. 設備操作及保養SOP
2. 設備日常保養紀錄表
3. 設備定期保養紀錄表
4. 設備履歷表
5. 設備異常分析報告」。投入（Inputs）：1. 設備操作及保養SOP
2. 設備日常保養紀錄表
3. 設備定期保養紀錄表
4. 設備履歷表
5. 設備異常分析報告。覆核／執行步驟（Specific activities）：應確保支援生產所需要的所有設備（製造工具、設施設備）制定保養計劃，依照保養計畫規劃之期程，定期進行維護保養且留下保養紀錄，保養紀錄應經權責主管定期檢視與覆核。。產出（Outputs）：1. 設備操作及保養SOP
2. 設備日常保養紀錄表
3. 設備定期保養紀錄表
4. 設備履歷表
5. 設備異常分析報告。","[生產循環｜運用] 執行設備維護以達到生產程序規範：應確保支援生產所需要的所有設備（製造工具、設施設備）制定保養計劃，依照保養計畫規劃之期程，定期進行維護保養且留下保養紀錄，保養紀錄應經權責主管定期檢視與覆核。（頻率：每日／每月／每季／每年；負責：製造工程單位
製造生產單位；IUC：1. 設備操作及保養SOP
2. 設備日常保養紀錄表
3. 設備定期保養紀錄表
4. 設備履歷表
5. 設備異常分析報告）",CO109-1,RCM;生產循環;累積範本;去識別範本,2026-08-26 16:28:13
PL-CO109-2,執行設備維護以達到生產程序規範,生產循環,CO-109,保養維修作業,運用,運用,未及時維修廠房與機器設備,營運面,,[營運] 未及時維修廠房與機器設備,,,,,執行設備維護以達到生產程序規範,機械設備之各項保養維護工作應建立保養標準。,每年／每日／每月,廠務工程單位,"1. 廠務設備保養計畫表
2. 每月點檢表
3. 每日點檢表（U3-002-Ａ）
4. 廠務系統及設備機歷表
5. 異常事故報告表
6. 各項廠務設備操作SOP",,廠務設施系統管理程序,,"1. 廠務設備保養計畫表
2. 每月點檢表
3. 每日點檢表（U3-002-Ａ）
4. 廠務系統及設備機歷表
5. 異常事故報告表
6. 各項廠務設備操作SOP",,,,,,,人工,預防性 (Preventive),,,,"1. 廠務設備保養計畫表
2. 每月點檢表
3. 每日點檢表（U3-002-Ａ）
4. 廠務系統及設備機歷表
5. 異常事故報告表
6. 各項廠務設備操作SOP",,,"就公司現行生產循環作業，為因應「運用」風險——未及時維修廠房與機器設備（風險三大屬性—財務報導：（未填）；營運：[營運] 未及時維修廠房與機器設備；法令遵循：（未填）；RoMM：（RoMM 分類未填）；重大科目／聲明：（重大科目未填）／（聲明未填）），設計控制目標為「執行設備維護以達到生產程序規範」。由廠務工程單位以人工方式、採預防性控制取向、屬（類型未填）類型，依每年／每日／每月執行下列控制活動：機械設備之各項保養維護工作應建立保養標準。。控制執行時使用之 IUC／制度為「1. 廠務設備保養計畫表
2. 每月點檢表
3. 每日點檢表（U3-002-Ａ）
4. 廠務系統及設備機歷表
5. 異常事故報告表
6. 各項廠務設備操作SOP」。投入（Inputs）：1. 廠務設備保養計畫表
2. 每月點檢表
3. 每日點檢表（U3-002-Ａ）
4. 廠務系統及設備機歷表
5. 異常事故報告表
6. 各項廠務設備操作SOP。覆核／執行步驟（Specific activities）：機械設備之各項保養維護工作應建立保養標準。。產出（Outputs）：1. 廠務設備保養計畫表
2. 每月點檢表
3. 每日點檢表（U3-002-Ａ）
4. 廠務系統及設備機歷表
5. 異常事故報告表
6. 各項廠務設備操作SOP。","[生產循環｜運用] 執行設備維護以達到生產程序規範：機械設備之各項保養維護工作應建立保養標準。（頻率：每年／每日／每月；負責：廠務工程單位；IUC：1. 廠務設備保養計畫表
2. 每月點檢表
3. 每日點檢表（U3-002-Ａ）
4. 廠務系統及設備機歷表
5. 異常事故報告表
6. 各項廠務設備操作SOP）",CO109-2,RCM;生產循環;累積範本;去識別範本,2026-08-26 16:28:13
PL-CO109-3,執行設備維護以達到生產程序規範,生產循環,CO-109,保養維修作業,運用,運用,未及時維修廠房與機器設備,營運面,,[營運] 未及時維修廠房與機器設備,,,,,執行設備維護以達到生產程序規範,有關機器設備之修護應登記於維修紀錄卡或即時於維修系統留下維修歷程紀錄。,不定期,"1. 製造工程單位
2. 廠務工程單位","1. 設備履歷表
2. 設備異常分析報告
3. 廠務系統及設備機歷表
4. 異常事故報告表",,"1. 設備與治工具管理作業程序
2. 廠務設施系統管理程序",,"1. 設備履歷表
2. 設備異常分析報告
3. 廠務系統及設備機歷表
4. 異常事故報告表",,,,,,,人工,預防性 (Preventive),,,,"1. 設備履歷表
2. 設備異常分析報告
3. 廠務系統及設備機歷表
4. 異常事故報告表",,,"就公司現行生產循環作業，為因應「運用」風險——未及時維修廠房與機器設備（風險三大屬性—財務報導：（未填）；營運：[營運] 未及時維修廠房與機器設備；法令遵循：（未填）；RoMM：（RoMM 分類未填）；重大科目／聲明：（重大科目未填）／（聲明未填）），設計控制目標為「執行設備維護以達到生產程序規範」。由1. 製造工程單位
2. 廠務工程單位以人工方式、採預防性控制取向、屬（類型未填）類型，依不定期執行下列控制活動：有關機器設備之修護應登記於維修紀錄卡或即時於維修系統留下維修歷程紀錄。。控制執行時使用之 IUC／制度為「1. 設備履歷表
2. 設備異常分析報告
3. 廠務系統及設備機歷表
4. 異常事故報告表」。投入（Inputs）：1. 設備履歷表
2. 設備異常分析報告
3. 廠務系統及設備機歷表
4. 異常事故報告表。覆核／執行步驟（Specific activities）：有關機器設備之修護應登記於維修紀錄卡或即時於維修系統留下維修歷程紀錄。。產出（Outputs）：1. 設備履歷表
2. 設備異常分析報告
3. 廠務系統及設備機歷表
4. 異常事故報告表。","[生產循環｜運用] 執行設備維護以達到生產程序規範：有關機器設備之修護應登記於維修紀錄卡或即時於維修系統留下維修歷程紀錄。（頻率：不定期；負責：1. 製造工程單位
2. 廠務工程單位；IUC：1. 設備履歷表
2. 設備異常分析報告
3. 廠務系統及設備機歷表
4. 異常事故報告表）",CO109-3,RCM;生產循環;累積範本;去識別範本,2026-08-26 16:28:13
PL-CO109-4,執行設備維護以達到生產程序規範,生產循環,CO-109,保養維修作業,運用,運用,未及時維修廠房與機器設備,營運面,,[營運] 未及時維修廠房與機器設備,,,,,執行設備維護以達到生產程序規範,應定期分析設備故障原因，提出改進措施。,不定期,Refer o CO-109-3,Refer o CO-109-3,Refer o CO-109-3,Refer o CO-109-3,Refer o CO-109-3,Refer o CO-109-3,,,,,,,人工,預防性 (Preventive),,,,Refer o CO-109-3,,,就公司現行生產循環作業，為因應「運用」風險——未及時維修廠房與機器設備（風險三大屬性—財務報導：（未填）；營運：[營運] 未及時維修廠房與機器設備；法令遵循：（未填）；RoMM：（RoMM 分類未填）；重大科目／聲明：（重大科目未填）／（聲明未填）），設計控制目標為「執行設備維護以達到生產程序規範」。由Refer o CO-109-3以人工方式、採預防性控制取向、屬（類型未填）類型，依不定期執行下列控制活動：應定期分析設備故障原因，提出改進措施。。控制執行時使用之 IUC／制度為「Refer o CO-109-3」。投入（Inputs）：Refer o CO-109-3。覆核／執行步驟（Specific activities）：應定期分析設備故障原因，提出改進措施。。產出（Outputs）：Refer o CO-109-3。,[生產循環｜運用] 執行設備維護以達到生產程序規範：應定期分析設備故障原因，提出改進措施。（頻率：不定期；負責：Refer o CO-109-3；IUC：Refer o CO-109-3）,CO109-4,RCM;生產循環;累積範本;去識別範本,2026-08-26 16:28:13
PL-CO110-1,適當地推行職業健康及安全的相關活動,生產循環,CO-110,職業安全衛生管理作業,環保、健康與安全,環保、健康與安全,缺乏符合環保、健康與安全（EH&S）之相關政策與程序,遵循面,,,[法令遵循] 缺乏符合環保、健康與安全（EH&S）之相關政策與程序,,,,適當地推行職業健康及安全的相關活動,公司應根據母性保護相關法規保護懷孕員工。公司得知員工懷孕後應提供必要的保護及福利措施，不得操作危險機台。,不定期,職安單位,"1. 妊娠及分娩後勞工之健康危害評估及工作適性安排建議表
2. 女性勞工母性健康風險評估表",,"1. 女性勞工母性健康保護作業規範
2. 醫務室暨哺（集）乳室管理辦法",職業安全衛生法,"1. 妊娠及分娩後勞工之健康危害評估及工作適性安排建議表
2. 女性勞工母性健康風險評估表",,,,,,,人工,預防性 (Preventive),,,,"1. 妊娠及分娩後勞工之健康危害評估及工作適性安排建議表
2. 女性勞工母性健康風險評估表",,,"就公司現行生產循環作業，為因應「環保、健康與安全」風險——缺乏符合環保、健康與安全（EH&S）之相關政策與程序（風險三大屬性—財務報導：（未填）；營運：（未填）；法令遵循：[法令遵循] 缺乏符合環保、健康與安全（EH&S）之相關政策與程序；RoMM：（RoMM 分類未填）；重大科目／聲明：（重大科目未填）／（聲明未填）），設計控制目標為「適當地推行職業健康及安全的相關活動」。由職安單位以人工方式、採預防性控制取向、屬（類型未填）類型，依不定期執行下列控制活動：公司應根據母性保護相關法規保護懷孕員工。公司得知員工懷孕後應提供必要的保護及福利措施，不得操作危險機台。。控制執行時使用之 IUC／制度為「1. 妊娠及分娩後勞工之健康危害評估及工作適性安排建議表
2. 女性勞工母性健康風險評估表」。投入（Inputs）：1. 妊娠及分娩後勞工之健康危害評估及工作適性安排建議表
2. 女性勞工母性健康風險評估表。覆核／執行步驟（Specific activities）：公司應根據母性保護相關法規保護懷孕員工。公司得知員工懷孕後應提供必要的保護及福利措施，不得操作危險機台。。產出（Outputs）：1. 妊娠及分娩後勞工之健康危害評估及工作適性安排建議表
2. 女性勞工母性健康風險評估表。","[生產循環｜環保、健康與安全] 適當地推行職業健康及安全的相關活動：公司應根據母性保護相關法規保護懷孕員工。公司得知員工懷孕後應提供必要的保護及福利措施，不得操作危險機台。（頻率：不定期；負責：職安單位；IUC：1. 妊娠及分娩後勞工之健康危害評估及工作適性安排建議表
2. 女性勞工母性健康風險評估表）",CO110-1,RCM;生產循環;累積範本;去識別範本,2026-08-26 16:28:13
PL-CO110-2,適當地推行職業健康及安全的相關活動,生產循環,CO-110,職業安全衛生管理作業,個人安全,個人安全,不適當的個人安全保護措施,營運面,,[營運] 不適當的個人安全保護措施,,,,,適當地推行職業健康及安全的相關活動,公司應設置安全衛生管理組織，並訂定職業安全衛生管理計畫，以管理及維護相關法規之作業。,每年,職安單位,"1. 環安衛目標、標的與管理方案
2. 環安衛管理方案執行進度表",,"1. 環安衛不符合及矯正措施作業程序
2. 環安衛作業管制程序
3. 環安衛法規及鑑別作業程序
4. 環安衛目標、標的與管理方案作業程序
5. 環安衛溝通作業程序
6. 環安衛監督與量測作業程序
7. 環安衛稽核巡檢程序
8. 環安衛風險評估程序
9. 環安衛作業環境監測規範
10. 勞工健康保護作業規範
11. 環安衛作業變更影響評估辦法
12. 作業環境管理辦法",職業安全衛生法,"1. 環安衛目標、標的與管理方案
2. 環安衛管理方案執行進度表",,,,,,,人工,預防性 (Preventive),,,,"1. 環安衛目標、標的與管理方案
2. 環安衛管理方案執行進度表",,,"就公司現行生產循環作業，為因應「個人安全」風險——不適當的個人安全保護措施（風險三大屬性—財務報導：（未填）；營運：[營運] 不適當的個人安全保護措施；法令遵循：（未填）；RoMM：（RoMM 分類未填）；重大科目／聲明：（重大科目未填）／（聲明未填）），設計控制目標為「適當地推行職業健康及安全的相關活動」。由職安單位以人工方式、採預防性控制取向、屬（類型未填）類型，依每年執行下列控制活動：公司應設置安全衛生管理組織，並訂定職業安全衛生管理計畫，以管理及維護相關法規之作業。。控制執行時使用之 IUC／制度為「1. 環安衛目標、標的與管理方案
2. 環安衛管理方案執行進度表」。投入（Inputs）：1. 環安衛目標、標的與管理方案
2. 環安衛管理方案執行進度表。覆核／執行步驟（Specific activities）：公司應設置安全衛生管理組織，並訂定職業安全衛生管理計畫，以管理及維護相關法規之作業。。產出（Outputs）：1. 環安衛目標、標的與管理方案
2. 環安衛管理方案執行進度表。","[生產循環｜個人安全] 適當地推行職業健康及安全的相關活動：公司應設置安全衛生管理組織，並訂定職業安全衛生管理計畫，以管理及維護相關法規之作業。（頻率：每年；負責：職安單位；IUC：1. 環安衛目標、標的與管理方案
2. 環安衛管理方案執行進度表）",CO110-2,RCM;生產循環;累積範本;去識別範本,2026-08-26 16:28:13
PL-CO110-3,準確且有效地掌控緊急狀況,生產循環,CO-110,職業安全衛生管理作業,個人安全,個人安全,缺乏定期覆核、溝通及與落實健康與安全政策的適當程序,營運面,,[營運] 缺乏定期覆核、溝通及與落實健康與安全政策的適當程序,,,,,準確且有效地掌控緊急狀況,應皆按年度教育訓練規劃進行安全衛生教育訓練及人員意外事故處理之演練，以確保同仁瞭解廠內異常事故之緊急應變程序。,每年,"1. 職安單位
2. 廠務單位","1. 年度教育訓練計劃表
2. 員工教育訓練簽到及考核表
3. 溝通協調事項登入表
4. 職安單位、廠務人員之環安衛相關管理證照、證書",,環安衛溝通作業程序,職業安全衛生法,"1. 年度教育訓練計劃表
2. 員工教育訓練簽到及考核表
3. 溝通協調事項登入表
4. 職安單位、廠務人員之環安衛相關管理證照、證書",,,,,,,人工,預防性 (Preventive),,,,"1. 年度教育訓練計劃表
2. 員工教育訓練簽到及考核表
3. 溝通協調事項登入表
4. 職安單位、廠務人員之環安衛相關管理證照、證書",,,"就公司現行生產循環作業，為因應「個人安全」風險——缺乏定期覆核、溝通及與落實健康與安全政策的適當程序（風險三大屬性—財務報導：（未填）；營運：[營運] 缺乏定期覆核、溝通及與落實健康與安全政策的適當程序；法令遵循：（未填）；RoMM：（RoMM 分類未填）；重大科目／聲明：（重大科目未填）／（聲明未填）），設計控制目標為「準確且有效地掌控緊急狀況」。由1. 職安單位
2. 廠務單位以人工方式、採預防性控制取向、屬（類型未填）類型，依每年執行下列控制活動：應皆按年度教育訓練規劃進行安全衛生教育訓練及人員意外事故處理之演練，以確保同仁瞭解廠內異常事故之緊急應變程序。。控制執行時使用之 IUC／制度為「1. 年度教育訓練計劃表
2. 員工教育訓練簽到及考核表
3. 溝通協調事項登入表
4. 職安單位、廠務人員之環安衛相關管理證照、證書」。投入（Inputs）：1. 年度教育訓練計劃表
2. 員工教育訓練簽到及考核表
3. 溝通協調事項登入表
4. 職安單位、廠務人員之環安衛相關管理證照、證書。覆核／執行步驟（Specific activities）：應皆按年度教育訓練規劃進行安全衛生教育訓練及人員意外事故處理之演練，以確保同仁瞭解廠內異常事故之緊急應變程序。。產出（Outputs）：1. 年度教育訓練計劃表
2. 員工教育訓練簽到及考核表
3. 溝通協調事項登入表
4. 職安單位、廠務人員之環安衛相關管理證照、證書。","[生產循環｜個人安全] 準確且有效地掌控緊急狀況：應皆按年度教育訓練規劃進行安全衛生教育訓練及人員意外事故處理之演練，以確保同仁瞭解廠內異常事故之緊急應變程序。（頻率：每年；負責：1. 職安單位
2. 廠務單位；IUC：1. 年度教育訓練計劃表
2. 員工教育訓練簽到及考核表
3. 溝通協調事項登入表
4. 職安單位、廠務人員之環安衛相關管理證照、證書）",CO110-3,RCM;生產循環;累積範本;去識別範本,2026-08-26 16:28:13
PL-CO110-4,適當地推行職業健康及安全的相關活動,生產循環,CO-110,職業安全衛生管理作業,環保、健康與安全,環保、健康與安全,缺乏環保、健康與安全法規之意識,遵循面,,,[法令遵循] 缺乏環保、健康與安全法規之意識,,,,適當地推行職業健康及安全的相關活動,應定期進行全廠區的作業巡視，確保員工依據工作安全守則項目等相關規定，執行作業。,不定期,職安單位,"1. 自動檢查及安全衛生稽核
2. 環安衛不符合事項處理報告表",,環安衛不符合及矯正措施作業程序,職業安全衛生法,"1. 自動檢查及安全衛生稽核
2. 環安衛不符合事項處理報告表",,,,,,,人工,預防性 (Preventive),,,,"1. 自動檢查及安全衛生稽核
2. 環安衛不符合事項處理報告表",,,"就公司現行生產循環作業，為因應「環保、健康與安全」風險——缺乏環保、健康與安全法規之意識（風險三大屬性—財務報導：（未填）；營運：（未填）；法令遵循：[法令遵循] 缺乏環保、健康與安全法規之意識；RoMM：（RoMM 分類未填）；重大科目／聲明：（重大科目未填）／（聲明未填）），設計控制目標為「適當地推行職業健康及安全的相關活動」。由職安單位以人工方式、採預防性控制取向、屬（類型未填）類型，依不定期執行下列控制活動：應定期進行全廠區的作業巡視，確保員工依據工作安全守則項目等相關規定，執行作業。。控制執行時使用之 IUC／制度為「1. 自動檢查及安全衛生稽核
2. 環安衛不符合事項處理報告表」。投入（Inputs）：1. 自動檢查及安全衛生稽核
2. 環安衛不符合事項處理報告表。覆核／執行步驟（Specific activities）：應定期進行全廠區的作業巡視，確保員工依據工作安全守則項目等相關規定，執行作業。。產出（Outputs）：1. 自動檢查及安全衛生稽核
2. 環安衛不符合事項處理報告表。","[生產循環｜環保、健康與安全] 適當地推行職業健康及安全的相關活動：應定期進行全廠區的作業巡視，確保員工依據工作安全守則項目等相關規定，執行作業。（頻率：不定期；負責：職安單位；IUC：1. 自動檢查及安全衛生稽核
2. 環安衛不符合事項處理報告表）",CO110-4,RCM;生產循環;累積範本;去識別範本,2026-08-26 16:28:13
PL-CO110-5,適當地推行職業健康及安全的相關活動,生產循環,CO-110,職業安全衛生管理作業,環保、健康與安全,環保、健康與安全,未依法令規定設計工作環境保護安全程序,遵循面,,,[法令遵循] 未依法令規定設計工作環境保護安全程序,,,,適當地推行職業健康及安全的相關活動,公司應依職業安全衛生相關法規定期進行作業環境監測並將監測計畫與結果呈權責主管核准後，向主管機關通報。,每半年,職安單位,作業環境監測報告書,,"1. 環安衛作業管制程序
2. 環安衛監督與量測作業程序
3. 環安衛作業環境監測規範
4. 環安衛作業變更影響評估辦法
5. 勞工健康保護作業規範",職業安全衛生法,作業環境監測報告書,,,,,,,人工,預防性 (Preventive),,,,作業環境監測報告書,,,就公司現行生產循環作業，為因應「環保、健康與安全」風險——未依法令規定設計工作環境保護安全程序（風險三大屬性—財務報導：（未填）；營運：（未填）；法令遵循：[法令遵循] 未依法令規定設計工作環境保護安全程序；RoMM：（RoMM 分類未填）；重大科目／聲明：（重大科目未填）／（聲明未填）），設計控制目標為「適當地推行職業健康及安全的相關活動」。由職安單位以人工方式、採預防性控制取向、屬（類型未填）類型，依每半年執行下列控制活動：公司應依職業安全衛生相關法規定期進行作業環境監測並將監測計畫與結果呈權責主管核准後，向主管機關通報。。控制執行時使用之 IUC／制度為「作業環境監測報告書」。投入（Inputs）：作業環境監測報告書。覆核／執行步驟（Specific activities）：公司應依職業安全衛生相關法規定期進行作業環境監測並將監測計畫與結果呈權責主管核准後，向主管機關通報。。產出（Outputs）：作業環境監測報告書。,[生產循環｜環保、健康與安全] 適當地推行職業健康及安全的相關活動：公司應依職業安全衛生相關法規定期進行作業環境監測並將監測計畫與結果呈權責主管核准後，向主管機關通報。（頻率：每半年；負責：職安單位；IUC：作業環境監測報告書）,CO110-5,RCM;生產循環;累積範本;去識別範本,2026-08-26 16:28:13
PL-CO110-6,適當地推行職業健康及安全的相關活動,生產循環,CO-110,職業安全衛生管理作業,個人安全,個人安全,缺乏定期覆核、溝通及與落實健康與安全政策的適當程序,營運面,,[營運] 缺乏定期覆核、溝通及與落實健康與安全政策的適當程序,,,,,適當地推行職業健康及安全的相關活動,如遇異常狀況或事故，相關單位應依照事故通報及調查之相關規範執行事故處置。,不定期,"1. 職安單位
2. 行政單位","1.緊急應變報告書
2.工安事故調查報告表
3.交通公傷之職業災害原因檢討報告表
4.廠內公傷之職業災害原因檢討報告表
5.職災及傷病復工評估表",,"1. 緊急應變措施管理辦法
2. 事故處理及調查作業規範","1. 職業安全衛生法
2. 職業災害勞工保護法","1.緊急應變報告書
2.工安事故調查報告表
3.交通公傷之職業災害原因檢討報告表
4.廠內公傷之職業災害原因檢討報告表
5.職災及傷病復工評估表",,,,,,,人工,預防性 (Preventive),,,,"1.緊急應變報告書
2.工安事故調查報告表
3.交通公傷之職業災害原因檢討報告表
4.廠內公傷之職業災害原因檢討報告表
5.職災及傷病復工評估表",,,"就公司現行生產循環作業，為因應「個人安全」風險——缺乏定期覆核、溝通及與落實健康與安全政策的適當程序（風險三大屬性—財務報導：（未填）；營運：[營運] 缺乏定期覆核、溝通及與落實健康與安全政策的適當程序；法令遵循：（未填）；RoMM：（RoMM 分類未填）；重大科目／聲明：（重大科目未填）／（聲明未填）），設計控制目標為「適當地推行職業健康及安全的相關活動」。由1. 職安單位
2. 行政單位以人工方式、採預防性控制取向、屬（類型未填）類型，依不定期執行下列控制活動：如遇異常狀況或事故，相關單位應依照事故通報及調查之相關規範執行事故處置。。控制執行時使用之 IUC／制度為「1.緊急應變報告書
2.工安事故調查報告表
3.交通公傷之職業災害原因檢討報告表
4.廠內公傷之職業災害原因檢討報告表
5.職災及傷病復工評估表」。投入（Inputs）：1.緊急應變報告書
2.工安事故調查報告表
3.交通公傷之職業災害原因檢討報告表
4.廠內公傷之職業災害原因檢討報告表
5.職災及傷病復工評估表。覆核／執行步驟（Specific activities）：如遇異常狀況或事故，相關單位應依照事故通報及調查之相關規範執行事故處置。。產出（Outputs）：1.緊急應變報告書
2.工安事故調查報告表
3.交通公傷之職業災害原因檢討報告表
4.廠內公傷之職業災害原因檢討報告表
5.職災及傷病復工評估表。","[生產循環｜個人安全] 適當地推行職業健康及安全的相關活動：如遇異常狀況或事故，相關單位應依照事故通報及調查之相關規範執行事故處置。（頻率：不定期；負責：1. 職安單位
2. 行政單位；IUC：1.緊急應變報告書
2.工安事故調查報告表
3.交通公傷之職業災害原因檢討報告表
4.廠內公傷之職業災害原因檢討報告表
5.職災及傷病復工評估表）",CO110-6,RCM;生產循環;累積範本;去識別範本,2026-08-26 16:28:13
PL-CO110-7,適當地推行職業健康及安全的相關活動,生產循環,CO-110,職業安全衛生管理作業,個人安全,個人安全,不適當的個人安全保護措施,營運面,,[營運] 不適當的個人安全保護措施,,,,,適當地推行職業健康及安全的相關活動,員工於執行各項作業時應依作業特性配戴適當之個人防護具。,持續,職安單位,環安衛作業管制程序,,環安衛作業管制程序,職業安全衛生法,環安衛作業管制程序,,,,,,,人工,預防性 (Preventive),,,,環安衛作業管制程序,,,就公司現行生產循環作業，為因應「個人安全」風險——不適當的個人安全保護措施（風險三大屬性—財務報導：（未填）；營運：[營運] 不適當的個人安全保護措施；法令遵循：（未填）；RoMM：（RoMM 分類未填）；重大科目／聲明：（重大科目未填）／（聲明未填）），設計控制目標為「適當地推行職業健康及安全的相關活動」。由職安單位以人工方式、採預防性控制取向、屬（類型未填）類型，依持續執行下列控制活動：員工於執行各項作業時應依作業特性配戴適當之個人防護具。。控制執行時使用之 IUC／制度為「環安衛作業管制程序」。投入（Inputs）：環安衛作業管制程序。覆核／執行步驟（Specific activities）：員工於執行各項作業時應依作業特性配戴適當之個人防護具。。產出（Outputs）：環安衛作業管制程序。,[生產循環｜個人安全] 適當地推行職業健康及安全的相關活動：員工於執行各項作業時應依作業特性配戴適當之個人防護具。（頻率：持續；負責：職安單位；IUC：環安衛作業管制程序）,CO110-7,RCM;生產循環;累積範本;去識別範本,2026-08-26 16:28:13
PL-CO110-8,適當地推行職業健康及安全的相關活動,生產循環,CO-110,職業安全衛生管理作業,法定報告,法定報告,未能確保法定要求申報資料之正確性,遵循面,,,[法令遵循] 未能確保法定要求申報資料之正確性,,,,適當地推行職業健康及安全的相關活動,提供安全衛生教育訓練之訓練單位資格與條件應符合相關職業安全衛生法規定，並依法送經主管機關核可。,每年,,,,,,,,,,,,,人工,預防性 (Preventive),,,,,,,就公司現行生產循環作業，為因應「法定報告」風險——未能確保法定要求申報資料之正確性（風險三大屬性—財務報導：（未填）；營運：（未填）；法令遵循：[法令遵循] 未能確保法定要求申報資料之正確性；RoMM：（RoMM 分類未填）；重大科目／聲明：（重大科目未填）／（聲明未填）），設計控制目標為「適當地推行職業健康及安全的相關活動」。由（負責單位未填）以人工方式、採預防性控制取向、屬（類型未填）類型，依每年執行下列控制活動：提供安全衛生教育訓練之訓練單位資格與條件應符合相關職業安全衛生法規定，並依法送經主管機關核可。。控制執行時使用之 IUC／制度為「（未指定 IUC／制度）」。投入（Inputs）：（請補充投入資訊）。覆核／執行步驟（Specific activities）：提供安全衛生教育訓練之訓練單位資格與條件應符合相關職業安全衛生法規定，並依法送經主管機關核可。。產出（Outputs）：（請補充控制產出／留存軌跡）。,[生產循環｜法定報告] 適當地推行職業健康及安全的相關活動：提供安全衛生教育訓練之訓練單位資格與條件應符合相關職業安全衛生法規定，並依法送經主管機關核可。（頻率：每年；負責：—；IUC：—）,CO110-8,RCM;生產循環;累積範本;去識別範本,2026-08-26 16:28:13
PL-CO111-1,所有與生產相關之直接及間接費用已正確的記錄為生產成本，並記錄於適當的會計期間。,生產循環,CO-111,生產成本作業,會計,會計,未準確計算銷貨成本且未完整的留下資訊,報導面,[財務報導] 未準確計算銷貨成本且未完整的留下資訊,,,,銷貨成本,,所有與生產相關之直接及間接費用已正確的記錄為生產成本，並記錄於適當的會計期間。,查核直接材料、間接材料成本之計算，應符合公司會計制度之規定辦理。,持續,財務單位,ERP系統,ERP系統,會計制度,"1. 商業會計法
2. 商業會計處理準則
3. 國際會計準則",會計制度,,,,,,,人工,預防性 (Preventive),,,,會計制度,,,就公司現行生產循環作業，為因應「會計」風險——未準確計算銷貨成本且未完整的留下資訊（風險三大屬性—財務報導：[財務報導] 未準確計算銷貨成本且未完整的留下資訊；營運：（未填）；法令遵循：（未填）；RoMM：（RoMM 分類未填）；重大科目／聲明：銷貨成本／（聲明未填）），設計控制目標為「所有與生產相關之直接及間接費用已正確的記錄為生產成本，並記錄於適當的會計期間。」。由財務單位以人工方式、採預防性控制取向、屬（類型未填）類型，依持續執行下列控制活動：查核直接材料、間接材料成本之計算，應符合公司會計制度之規定辦理。。控制執行時使用之 IUC／制度為「ERP系統」。投入（Inputs）：ERP系統。覆核／執行步驟（Specific activities）：查核直接材料、間接材料成本之計算，應符合公司會計制度之規定辦理。。產出（Outputs）：會計制度。,[生產循環｜會計] 所有與生產相關之直接及間接費用已正確的記錄為生產成本，並記錄於適當的會計期間。：查核直接材料、間接材料成本之計算，應符合公司會計制度之規定辦理。（頻率：持續；負責：財務單位；IUC：ERP系統）,CO111-1,RCM;生產循環;累積範本;去識別範本,2026-08-26 16:28:13
PL-CO111-2,所有與生產相關之直接及間接費用已正確的記錄為生產成本，並記錄於適當的會計期間。,生產循環,CO-111,生產成本作業,會計,會計,會計估計或計提方式缺乏適當性,報導面,[財務報導] 會計估計或計提方式缺乏適當性,,,,銷貨成本,,所有與生產相關之直接及間接費用已正確的記錄為生產成本，並記錄於適當的會計期間。,當使用實際成本計價時，原料、人工及製造費用之相關成本應可核對至原始紀錄。,每月,會計單位,"1. MES系統
2. ERP系統","1. MES系統
2. ERP系統",會計制度,"1. 商業會計法
2. 商業會計處理準則
3. 國際會計準則",成本分析報表,,,,,,,人工,預防性 (Preventive),,,,成本分析報表,,,"就公司現行生產循環作業，為因應「會計」風險——會計估計或計提方式缺乏適當性（風險三大屬性—財務報導：[財務報導] 會計估計或計提方式缺乏適當性；營運：（未填）；法令遵循：（未填）；RoMM：（RoMM 分類未填）；重大科目／聲明：銷貨成本／（聲明未填）），設計控制目標為「所有與生產相關之直接及間接費用已正確的記錄為生產成本，並記錄於適當的會計期間。」。由會計單位以人工方式、採預防性控制取向、屬（類型未填）類型，依每月執行下列控制活動：當使用實際成本計價時，原料、人工及製造費用之相關成本應可核對至原始紀錄。。控制執行時使用之 IUC／制度為「1. MES系統
2. ERP系統」。投入（Inputs）：1. MES系統
2. ERP系統。覆核／執行步驟（Specific activities）：當使用實際成本計價時，原料、人工及製造費用之相關成本應可核對至原始紀錄。。產出（Outputs）：成本分析報表。","[生產循環｜會計] 所有與生產相關之直接及間接費用已正確的記錄為生產成本，並記錄於適當的會計期間。：當使用實際成本計價時，原料、人工及製造費用之相關成本應可核對至原始紀錄。（頻率：每月；負責：會計單位；IUC：1. MES系統
2. ERP系統）",CO111-2,RCM;生產循環;累積範本;去識別範本,2026-08-26 16:28:13
PL-CO111-3,所有與生產相關之直接及間接費用已正確的記錄為生產成本，並記錄於適當的會計期間。,生產循環,CO-111,生產成本作業,會計,會計,對會計分錄的控制不足,報導面,[財務報導] 對會計分錄的控制不足,,,,銷貨成本,,所有與生產相關之直接及間接費用已正確的記錄為生產成本，並記錄於適當的會計期間。,ERP系統之總帳科目指派設定應能確保出貨金額可過至適當之銷貨成本科目。,持續,財務單位,ERP系統,ERP系統,,,,,,,,,,自動,預防性 (Preventive),,,,,,,就公司現行生產循環作業，為因應「會計」風險——對會計分錄的控制不足（風險三大屬性—財務報導：[財務報導] 對會計分錄的控制不足；營運：（未填）；法令遵循：（未填）；RoMM：（RoMM 分類未填）；重大科目／聲明：銷貨成本／（聲明未填）），設計控制目標為「所有與生產相關之直接及間接費用已正確的記錄為生產成本，並記錄於適當的會計期間。」。由財務單位以自動方式、採預防性控制取向、屬（類型未填）類型，依持續執行下列控制活動：ERP系統之總帳科目指派設定應能確保出貨金額可過至適當之銷貨成本科目。。控制執行時使用之 IUC／制度為「ERP系統」。投入（Inputs）：ERP系統。覆核／執行步驟（Specific activities）：ERP系統之總帳科目指派設定應能確保出貨金額可過至適當之銷貨成本科目。。產出（Outputs）：（請補充控制產出／留存軌跡）。,[生產循環｜會計] 所有與生產相關之直接及間接費用已正確的記錄為生產成本，並記錄於適當的會計期間。：ERP系統之總帳科目指派設定應能確保出貨金額可過至適當之銷貨成本科目。（頻率：持續；負責：財務單位；IUC：ERP系統）,CO111-3,RCM;生產循環;累積範本;去識別範本,2026-08-26 16:28:13
PL-CO112-1,所有與生產相關之直接及間接費用已正確的記錄為生產成本，並記錄於適當的會計期間。,生產循環,CO-112,差異分析作業,規劃,規劃,不正確的成本考量因素,報導面,[財務報導] 不正確的成本考量因素,,,,銷貨成本,,所有與生產相關之直接及間接費用已正確的記錄為生產成本，並記錄於適當的會計期間。,製造成本之計算方法及程序應符合公司訂定之會計制度。,持續,Refer o CO-111-1 & CO-111-2,Refer o CO-111-1 & CO-111-2,Refer o CO-111-1 & CO-111-2,Refer o CO-111-1 & CO-111-2,Refer o CO-111-1 & CO-111-2,Refer o CO-111-1 & CO-111-2,,,,,,,人工,預防性 (Preventive),,,,Refer o CO-111-1 & CO-111-2,,,就公司現行生產循環作業，為因應「規劃」風險——不正確的成本考量因素（風險三大屬性—財務報導：[財務報導] 不正確的成本考量因素；營運：（未填）；法令遵循：（未填）；RoMM：（RoMM 分類未填）；重大科目／聲明：銷貨成本／（聲明未填）），設計控制目標為「所有與生產相關之直接及間接費用已正確的記錄為生產成本，並記錄於適當的會計期間。」。由Refer o CO-111-1 & CO-111-2以人工方式、採預防性控制取向、屬（類型未填）類型，依持續執行下列控制活動：製造成本之計算方法及程序應符合公司訂定之會計制度。。控制執行時使用之 IUC／制度為「Refer o CO-111-1 & CO-111-2」。投入（Inputs）：Refer o CO-111-1 & CO-111-2。覆核／執行步驟（Specific activities）：製造成本之計算方法及程序應符合公司訂定之會計制度。。產出（Outputs）：Refer o CO-111-1 & CO-111-2。,[生產循環｜規劃] 所有與生產相關之直接及間接費用已正確的記錄為生產成本，並記錄於適當的會計期間。：製造成本之計算方法及程序應符合公司訂定之會計制度。（頻率：持續；負責：Refer o CO-111-1 & CO-111-2；IUC：Refer o CO-111-1 & CO-111-2）,CO112-1,RCM;生產循環;累積範本;去識別範本,2026-08-26 16:28:13
PL-CO112-2,所有與生產相關之直接及間接費用已正確的記錄為生產成本，並記錄於適當的會計期間。,生產循環,CO-112,差異分析作業,規劃,規劃,不正確的成本考量因素,報導面,[財務報導] 不正確的成本考量因素,,,,"原料,原料退出,原料折讓,在途原料,備抵存貨跌價,銷貨成本",,所有與生產相關之直接及間接費用已正確的記錄為生產成本，並記錄於適當的會計期間。,原材料之評價基礎應按照會計準則辦理。,每月,財務單位,ERP系統,ERP系統,會計制度,"1. 商業會計法
2. 商業會計處理準則
3. 國際會計準則","1. 存貨評價入帳傳票
2. 存貨評價計算檔案",,,,,,,人工,預防性 (Preventive),,,,"1. 存貨評價入帳傳票
2. 存貨評價計算檔案",,,"就公司現行生產循環作業，為因應「規劃」風險——不正確的成本考量因素（風險三大屬性—財務報導：[財務報導] 不正確的成本考量因素；營運：（未填）；法令遵循：（未填）；RoMM：（RoMM 分類未填）；重大科目／聲明：原料,原料退出,原料折讓,在途原料,備抵存貨跌價,銷貨成本／（聲明未填）），設計控制目標為「所有與生產相關之直接及間接費用已正確的記錄為生產成本，並記錄於適當的會計期間。」。由財務單位以人工方式、採預防性控制取向、屬（類型未填）類型，依每月執行下列控制活動：原材料之評價基礎應按照會計準則辦理。。控制執行時使用之 IUC／制度為「ERP系統」。投入（Inputs）：ERP系統。覆核／執行步驟（Specific activities）：原材料之評價基礎應按照會計準則辦理。。產出（Outputs）：1. 存貨評價入帳傳票
2. 存貨評價計算檔案。",[生產循環｜規劃] 所有與生產相關之直接及間接費用已正確的記錄為生產成本，並記錄於適當的會計期間。：原材料之評價基礎應按照會計準則辦理。（頻率：每月；負責：財務單位；IUC：ERP系統）,CO112-2,RCM;生產循環;累積範本;去識別範本,2026-08-26 16:28:13
PL-CO112-3,所有與生產相關之直接及間接費用已正確的記錄為生產成本，並記錄於適當的會計期間。,生產循環,CO-112,差異分析作業,會計準則及政策遵循,會計準則及政策遵循,無法監督與落實準則,營運面,,[營運] 無法監督與落實準則,,,,,所有與生產相關之直接及間接費用已正確的記錄為生產成本，並記錄於適當的會計期間。,成本計算基礎前後應一致。,持續,財務單位,ERP系統,ERP系統,會計制度,"1. 商業會計法
2. 商業會計處理準則
3. 國際會計準則",,,,,,,,人工,預防性 (Preventive),,,,,,,就公司現行生產循環作業，為因應「會計準則及政策遵循」風險——無法監督與落實準則（風險三大屬性—財務報導：（未填）；營運：[營運] 無法監督與落實準則；法令遵循：（未填）；RoMM：（RoMM 分類未填）；重大科目／聲明：（重大科目未填）／（聲明未填）），設計控制目標為「所有與生產相關之直接及間接費用已正確的記錄為生產成本，並記錄於適當的會計期間。」。由財務單位以人工方式、採預防性控制取向、屬（類型未填）類型，依持續執行下列控制活動：成本計算基礎前後應一致。。控制執行時使用之 IUC／制度為「ERP系統」。投入（Inputs）：ERP系統。覆核／執行步驟（Specific activities）：成本計算基礎前後應一致。。產出（Outputs）：（請補充控制產出／留存軌跡）。,[生產循環｜會計準則及政策遵循] 所有與生產相關之直接及間接費用已正確的記錄為生產成本，並記錄於適當的會計期間。：成本計算基礎前後應一致。（頻率：持續；負責：財務單位；IUC：ERP系統）,CO112-3,RCM;生產循環;累積範本;去識別範本,2026-08-26 16:28:13
PL-CO112-4,所有與生產相關之直接及間接費用已正確的記錄為生產成本，並記錄於適當的會計期間。,生產循環,CO-112,差異分析作業,會計,會計,未準確計算銷貨成本且未完整的留下資訊,報導面,[財務報導] 未準確計算銷貨成本且未完整的留下資訊,,,,銷貨成本,,所有與生產相關之直接及間接費用已正確的記錄為生產成本，並記錄於適當的會計期間。,在標準成本制下，權責主管應核准標準成本，並覆核實際成本與標準成本之間的差異。重大之差異應予調查，若需調整成本應經權責主管的核准。,每月,"1. 財務單位
2. IE工程單位
3. 運營單位",ERP系統,ERP系統,"1. 會計制度
2. 製造費用管制管理辦法
3. 銷售損益分析作業管理辦法","1. 商業會計法
2. 商業會計處理準則
3. 國際會計準則","1. 進貨單價異常表及採購單位回覆確認之Mail
2. 製造人員工時月報
3. 製造費用管制分析報告
4. 標準成本與實際成本差異分析文件
5. 差異分析覆核紀錄",,,,,,,人工,偵測性 (Detective),,,,"1. 進貨單價異常表及採購單位回覆確認之Mail
2. 製造人員工時月報
3. 製造費用管制分析報告
4. 標準成本與實際成本差異分析文件
5. 差異分析覆核紀錄",,,"就公司現行生產循環作業，為因應「會計」風險——未準確計算銷貨成本且未完整的留下資訊（風險三大屬性—財務報導：[財務報導] 未準確計算銷貨成本且未完整的留下資訊；營運：（未填）；法令遵循：（未填）；RoMM：（RoMM 分類未填）；重大科目／聲明：銷貨成本／（聲明未填）），設計控制目標為「所有與生產相關之直接及間接費用已正確的記錄為生產成本，並記錄於適當的會計期間。」。由1. 財務單位
2. IE工程單位
3. 運營單位以人工方式、採偵測性控制取向、屬（類型未填）類型，依每月執行下列控制活動：在標準成本制下，權責主管應核准標準成本，並覆核實際成本與標準成本之間的差異。重大之差異應予調查，若需調整成本應經權責主管的核准。。控制執行時使用之 IUC／制度為「ERP系統」。投入（Inputs）：ERP系統。覆核／執行步驟（Specific activities）：在標準成本制下，權責主管應核准標準成本，並覆核實際成本與標準成本之間的差異。重大之差異應予調查，若需調整成本應經權責主管的核准。。產出（Outputs）：1. 進貨單價異常表及採購單位回覆確認之Mail
2. 製造人員工時月報
3. 製造費用管制分析報告
4. 標準成本與實際成本差異分析文件
5. 差異分析覆核紀錄。","[生產循環｜會計] 所有與生產相關之直接及間接費用已正確的記錄為生產成本，並記錄於適當的會計期間。：在標準成本制下，權責主管應核准標準成本，並覆核實際成本與標準成本之間的差異。重大之差異應予調查，若需調整成本應經權責主管的核准。（頻率：每月；負責：1. 財務單位
2. IE工程單位
3. 運營單位；IUC：ERP系統）",CO112-4,RCM;生產循環;累積範本;去識別範本,2026-08-26 16:28:13
PL-CO113-1,準確且有效地掌控緊急狀況,生產循環,CO-113,環境保護管理作業,永續經營策略,永續經營策略,在營運上缺乏永續經營的考量,營運面,,[營運] 在營運上缺乏永續經營的考量,,,,,準確且有效地掌控緊急狀況,應定期實施緊急應變演練，確保同仁能正確處理各項防治工作，避免污染事件發生。,每年,職安單位,"1. 年度教育訓練計劃表
2. 員工教育訓練簽到及考核表",,"1. 緊急應變措施管理辦法
2. 事故處理及調查作業規範","1. 空氣污染防制法
2. 水污染防治法
3. 土壤及地下水污染整治法
4. 毒性及關注化學物質管理法","1. 年度教育訓練計劃表
2. 員工教育訓練簽到及考核表",,,,,,,人工,預防性 (Preventive),,,,"1. 年度教育訓練計劃表
2. 員工教育訓練簽到及考核表",,,"就公司現行生產循環作業，為因應「永續經營策略」風險——在營運上缺乏永續經營的考量（風險三大屬性—財務報導：（未填）；營運：[營運] 在營運上缺乏永續經營的考量；法令遵循：（未填）；RoMM：（RoMM 分類未填）；重大科目／聲明：（重大科目未填）／（聲明未填）），設計控制目標為「準確且有效地掌控緊急狀況」。由職安單位以人工方式、採預防性控制取向、屬（類型未填）類型，依每年執行下列控制活動：應定期實施緊急應變演練，確保同仁能正確處理各項防治工作，避免污染事件發生。。控制執行時使用之 IUC／制度為「1. 年度教育訓練計劃表
2. 員工教育訓練簽到及考核表」。投入（Inputs）：1. 年度教育訓練計劃表
2. 員工教育訓練簽到及考核表。覆核／執行步驟（Specific activities）：應定期實施緊急應變演練，確保同仁能正確處理各項防治工作，避免污染事件發生。。產出（Outputs）：1. 年度教育訓練計劃表
2. 員工教育訓練簽到及考核表。","[生產循環｜永續經營策略] 準確且有效地掌控緊急狀況：應定期實施緊急應變演練，確保同仁能正確處理各項防治工作，避免污染事件發生。（頻率：每年；負責：職安單位；IUC：1. 年度教育訓練計劃表
2. 員工教育訓練簽到及考核表）",CO113-1,RCM;生產循環;累積範本;去識別範本,2026-08-26 16:28:13
PL-CO113-2,根據規範執行環境保護措施,生產循環,CO-113,環境保護管理作業,溝通與訓練,溝通與訓練,未能與員工就法令遵循相關議題持續溝通，及培養員工對法律之意識,遵循面,,,[法令遵循] 未能與員工就法令遵循相關議題持續溝通，及培養員工對法律之意識,,,,根據規範執行環境保護措施,各部門應落實環保法規教育宣導，建立同仁守法觀念。,每季,職安單位,"1. 環安衛法規查核表
2. 環安衛法規清單
3. 環安衛目標、標的與管理方案",,環安衛溝通作業程序,環境教育法,"1. 環安衛法規查核表
2. 環安衛法規清單
3. 環安衛目標、標的與管理方案",,,,,,,人工,預防性 (Preventive),,,,"1. 環安衛法規查核表
2. 環安衛法規清單
3. 環安衛目標、標的與管理方案",,,"就公司現行生產循環作業，為因應「溝通與訓練」風險——未能與員工就法令遵循相關議題持續溝通，及培養員工對法律之意識（風險三大屬性—財務報導：（未填）；營運：（未填）；法令遵循：[法令遵循] 未能與員工就法令遵循相關議題持續溝通，及培養員工對法律之意識；RoMM：（RoMM 分類未填）；重大科目／聲明：（重大科目未填）／（聲明未填）），設計控制目標為「根據規範執行環境保護措施」。由職安單位以人工方式、採預防性控制取向、屬（類型未填）類型，依每季執行下列控制活動：各部門應落實環保法規教育宣導，建立同仁守法觀念。。控制執行時使用之 IUC／制度為「1. 環安衛法規查核表
2. 環安衛法規清單
3. 環安衛目標、標的與管理方案」。投入（Inputs）：1. 環安衛法規查核表
2. 環安衛法規清單
3. 環安衛目標、標的與管理方案。覆核／執行步驟（Specific activities）：各部門應落實環保法規教育宣導，建立同仁守法觀念。。產出（Outputs）：1. 環安衛法規查核表
2. 環安衛法規清單
3. 環安衛目標、標的與管理方案。","[生產循環｜溝通與訓練] 根據規範執行環境保護措施：各部門應落實環保法規教育宣導，建立同仁守法觀念。（頻率：每季；負責：職安單位；IUC：1. 環安衛法規查核表
2. 環安衛法規清單
3. 環安衛目標、標的與管理方案）",CO113-2,RCM;生產循環;累積範本;去識別範本,2026-08-26 16:28:13
PL-CO113-3,根據規範執行環境保護措施,生產循環,CO-113,環境保護管理作業,環保、健康與安全,環保、健康與安全,缺乏符合環保、健康與安全（EH&S）之相關政策與程序,遵循面,,,[法令遵循] 缺乏符合環保、健康與安全（EH&S）之相關政策與程序,,,,根據規範執行環境保護措施,應依國際性認證標準執行環境保護業務，操作及維護保養相關設備。,每季,職安單位,"1. 內部稽核計畫表
2. 管理審查會議紀錄
3. 環安衛不符合事項處理告表
4. 環安衛不符合事項處理登記表",,"1. 環安衛不符合及矯正措施作業程序
2. 環安衛稽核巡檢程序",,"1. 內部稽核計畫表
2. 管理審查會議紀錄
3. 環安衛不符合事項處理告表
4. 環安衛不符合事項處理登記表",,,,,,,人工,預防性 (Preventive),,,,"1. 內部稽核計畫表
2. 管理審查會議紀錄
3. 環安衛不符合事項處理告表
4. 環安衛不符合事項處理登記表",,,"就公司現行生產循環作業，為因應「環保、健康與安全」風險——缺乏符合環保、健康與安全（EH&S）之相關政策與程序（風險三大屬性—財務報導：（未填）；營運：（未填）；法令遵循：[法令遵循] 缺乏符合環保、健康與安全（EH&S）之相關政策與程序；RoMM：（RoMM 分類未填）；重大科目／聲明：（重大科目未填）／（聲明未填）），設計控制目標為「根據規範執行環境保護措施」。由職安單位以人工方式、採預防性控制取向、屬（類型未填）類型，依每季執行下列控制活動：應依國際性認證標準執行環境保護業務，操作及維護保養相關設備。。控制執行時使用之 IUC／制度為「1. 內部稽核計畫表
2. 管理審查會議紀錄
3. 環安衛不符合事項處理告表
4. 環安衛不符合事項處理登記表」。投入（Inputs）：1. 內部稽核計畫表
2. 管理審查會議紀錄
3. 環安衛不符合事項處理告表
4. 環安衛不符合事項處理登記表。覆核／執行步驟（Specific activities）：應依國際性認證標準執行環境保護業務，操作及維護保養相關設備。。產出（Outputs）：1. 內部稽核計畫表
2. 管理審查會議紀錄
3. 環安衛不符合事項處理告表
4. 環安衛不符合事項處理登記表。","[生產循環｜環保、健康與安全] 根據規範執行環境保護措施：應依國際性認證標準執行環境保護業務，操作及維護保養相關設備。（頻率：每季；負責：職安單位；IUC：1. 內部稽核計畫表
2. 管理審查會議紀錄
3. 環安衛不符合事項處理告表
4. 環安衛不符合事項處理登記表）",CO113-3,RCM;生產循環;累積範本;去識別範本,2026-08-26 16:28:13
PL-CO113-4,根據規範執行環境保護措施,生產循環,CO-113,環境保護管理作業,氣候變化,氣候變化,未遵循溫室效應氣體排放的相關法律與法規,遵循面,,,[法令遵循] 未遵循溫室效應氣體排放的相關法律與法規,,,,根據規範執行環境保護措施,公司排放之空氣污染物，應符合相關法規，並妥善保存檢測之文件。,每日／每月,"1. 職安單位
2. 廠務工程單位","1. 廢氣系統每日點檢表
2. 製程廢氣系統每月點檢表",,"1. 環安衛不符合及矯正措施作業程序
2. 環安衛作業管制程序
3. 溫室氣體管理程序
4. 廢氣處理與監控管理辦法","1. 空氣污染防治法
2. 溫室氣體減量及管理法","1. 廢氣系統每日點檢表
2. 製程廢氣系統每月點檢表",,,,,,,人工,預防性 (Preventive),,,,"1. 廢氣系統每日點檢表
2. 製程廢氣系統每月點檢表",,,"就公司現行生產循環作業，為因應「氣候變化」風險——未遵循溫室效應氣體排放的相關法律與法規（風險三大屬性—財務報導：（未填）；營運：（未填）；法令遵循：[法令遵循] 未遵循溫室效應氣體排放的相關法律與法規；RoMM：（RoMM 分類未填）；重大科目／聲明：（重大科目未填）／（聲明未填）），設計控制目標為「根據規範執行環境保護措施」。由1. 職安單位
2. 廠務工程單位以人工方式、採預防性控制取向、屬（類型未填）類型，依每日／每月執行下列控制活動：公司排放之空氣污染物，應符合相關法規，並妥善保存檢測之文件。。控制執行時使用之 IUC／制度為「1. 廢氣系統每日點檢表
2. 製程廢氣系統每月點檢表」。投入（Inputs）：1. 廢氣系統每日點檢表
2. 製程廢氣系統每月點檢表。覆核／執行步驟（Specific activities）：公司排放之空氣污染物，應符合相關法規，並妥善保存檢測之文件。。產出（Outputs）：1. 廢氣系統每日點檢表
2. 製程廢氣系統每月點檢表。","[生產循環｜氣候變化] 根據規範執行環境保護措施：公司排放之空氣污染物，應符合相關法規，並妥善保存檢測之文件。（頻率：每日／每月；負責：1. 職安單位
2. 廠務工程單位；IUC：1. 廢氣系統每日點檢表
2. 製程廢氣系統每月點檢表）",CO113-4,RCM;生產循環;累積範本;去識別範本,2026-08-26 16:28:13
PL-CO113-5,根據規範執行環境保護措施,生產循環,CO-113,環境保護管理作業,永續水質,永續水質,未遵循水資源相關法規,遵循面,,,[法令遵循] 未遵循水資源相關法規,,,,根據規範執行環境保護措施,公司排放之廢（污）水應符合相關法規，並妥善保存檢測之文件。,每日／每週,"1. 職安單位
2. 廠務工程單位","1. 廢水系統每日點檢表
2. 給水系統每日點檢表
3. 製程用水每日點檢表
4. 雨水溝每週定期檢查表",,"1. 環安衛不符合及矯正措施作業程
2. 環安衛作業管制程序
3. 廢水處理與監控管理辦法","1. 水污染防治法
2. 土壤及地下水污染整治法","1. 廢水系統每日點檢表
2. 給水系統每日點檢表
3. 製程用水每日點檢表
4. 雨水溝每週定期檢查表",,,,,,,人工,預防性 (Preventive),,,,"1. 廢水系統每日點檢表
2. 給水系統每日點檢表
3. 製程用水每日點檢表
4. 雨水溝每週定期檢查表",,,"就公司現行生產循環作業，為因應「永續水質」風險——未遵循水資源相關法規（風險三大屬性—財務報導：（未填）；營運：（未填）；法令遵循：[法令遵循] 未遵循水資源相關法規；RoMM：（RoMM 分類未填）；重大科目／聲明：（重大科目未填）／（聲明未填）），設計控制目標為「根據規範執行環境保護措施」。由1. 職安單位
2. 廠務工程單位以人工方式、採預防性控制取向、屬（類型未填）類型，依每日／每週執行下列控制活動：公司排放之廢（污）水應符合相關法規，並妥善保存檢測之文件。。控制執行時使用之 IUC／制度為「1. 廢水系統每日點檢表
2. 給水系統每日點檢表
3. 製程用水每日點檢表
4. 雨水溝每週定期檢查表」。投入（Inputs）：1. 廢水系統每日點檢表
2. 給水系統每日點檢表
3. 製程用水每日點檢表
4. 雨水溝每週定期檢查表。覆核／執行步驟（Specific activities）：公司排放之廢（污）水應符合相關法規，並妥善保存檢測之文件。。產出（Outputs）：1. 廢水系統每日點檢表
2. 給水系統每日點檢表
3. 製程用水每日點檢表
4. 雨水溝每週定期檢查表。","[生產循環｜永續水質] 根據規範執行環境保護措施：公司排放之廢（污）水應符合相關法規，並妥善保存檢測之文件。（頻率：每日／每週；負責：1. 職安單位
2. 廠務工程單位；IUC：1. 廢水系統每日點檢表
2. 給水系統每日點檢表
3. 製程用水每日點檢表
4. 雨水溝每週定期檢查表）",CO113-5,RCM;生產循環;累積範本;去識別範本,2026-08-26 16:28:13
PL-CO113-6,根據規範執行環境保護措施,生產循環,CO-113,環境保護管理作業,永續水質,永續水質,未遵循水資源相關法規,遵循面,,,[法令遵循] 未遵循水資源相關法規,,,,根據規範執行環境保護措施,應依據環境保護相關法規擬定風險評估報告或相關應對程序等文件，並經權責主管核准後保管，供主管機關備查。,每年,"1. 職安單位
2. 品保單位
3. 製造生產單位","1. 環境考量面鑑別分析表
2. 安全衛生危害鑑別風險評估表",,環安衛風險評估程序,"1. 空氣污染防制法
2. 水污染防治法
3. 土壤及地下水污染整治法
4. 毒性及關注化學物質管理法","1. 環境考量面鑑別分析表
2. 安全衛生危害鑑別風險評估表",,,,,,,人工,預防性 (Preventive),,,,"1. 環境考量面鑑別分析表
2. 安全衛生危害鑑別風險評估表",,,"就公司現行生產循環作業，為因應「永續水質」風險——未遵循水資源相關法規（風險三大屬性—財務報導：（未填）；營運：（未填）；法令遵循：[法令遵循] 未遵循水資源相關法規；RoMM：（RoMM 分類未填）；重大科目／聲明：（重大科目未填）／（聲明未填）），設計控制目標為「根據規範執行環境保護措施」。由1. 職安單位
2. 品保單位
3. 製造生產單位以人工方式、採預防性控制取向、屬（類型未填）類型，依每年執行下列控制活動：應依據環境保護相關法規擬定風險評估報告或相關應對程序等文件，並經權責主管核准後保管，供主管機關備查。。控制執行時使用之 IUC／制度為「1. 環境考量面鑑別分析表
2. 安全衛生危害鑑別風險評估表」。投入（Inputs）：1. 環境考量面鑑別分析表
2. 安全衛生危害鑑別風險評估表。覆核／執行步驟（Specific activities）：應依據環境保護相關法規擬定風險評估報告或相關應對程序等文件，並經權責主管核准後保管，供主管機關備查。。產出（Outputs）：1. 環境考量面鑑別分析表
2. 安全衛生危害鑑別風險評估表。","[生產循環｜永續水質] 根據規範執行環境保護措施：應依據環境保護相關法規擬定風險評估報告或相關應對程序等文件，並經權責主管核准後保管，供主管機關備查。（頻率：每年；負責：1. 職安單位
2. 品保單位
3. 製造生產單位；IUC：1. 環境考量面鑑別分析表
2. 安全衛生危害鑑別風險評估表）",CO113-6,RCM;生產循環;累積範本;去識別範本,2026-08-26 16:28:13
PL-CO113-7,根據規範執行環境保護措施,生產循環,CO-113,環境保護管理作業,法律和法規遵循,法律和法規遵循,針對法令遵循的實施與執行未有監督機制,遵循面,,,[法令遵循] 針對法令遵循的實施與執行未有監督機制,,,,根據規範執行環境保護措施,公司應設置室毒性化學物質專業技術管理人員，毒性化學物質之污染防制、危害預防及應變等相關作業，該專責人員應根據主管機關之規定取得資格。,每月,職安單位,"1. 毒性化學物質之使用許可證
2. 毒性化學物質運作紀錄表
3. 毒性化學物質運作之申報系統畫面",,毒性化學物質管理辦法,毒性及關注化學物質管理法,"1. 毒性化學物質之使用許可證
2. 毒性化學物質運作紀錄表
3. 毒性化學物質運作之申報系統畫面",,,,,,,人工,預防性 (Preventive),,,,"1. 毒性化學物質之使用許可證
2. 毒性化學物質運作紀錄表
3. 毒性化學物質運作之申報系統畫面",,,"就公司現行生產循環作業，為因應「法律和法規遵循」風險——針對法令遵循的實施與執行未有監督機制（風險三大屬性—財務報導：（未填）；營運：（未填）；法令遵循：[法令遵循] 針對法令遵循的實施與執行未有監督機制；RoMM：（RoMM 分類未填）；重大科目／聲明：（重大科目未填）／（聲明未填）），設計控制目標為「根據規範執行環境保護措施」。由職安單位以人工方式、採預防性控制取向、屬（類型未填）類型，依每月執行下列控制活動：公司應設置室毒性化學物質專業技術管理人員，毒性化學物質之污染防制、危害預防及應變等相關作業，該專責人員應根據主管機關之規定取得資格。。控制執行時使用之 IUC／制度為「1. 毒性化學物質之使用許可證
2. 毒性化學物質運作紀錄表
3. 毒性化學物質運作之申報系統畫面」。投入（Inputs）：1. 毒性化學物質之使用許可證
2. 毒性化學物質運作紀錄表
3. 毒性化學物質運作之申報系統畫面。覆核／執行步驟（Specific activities）：公司應設置室毒性化學物質專業技術管理人員，毒性化學物質之污染防制、危害預防及應變等相關作業，該專責人員應根據主管機關之規定取得資格。。產出（Outputs）：1. 毒性化學物質之使用許可證
2. 毒性化學物質運作紀錄表
3. 毒性化學物質運作之申報系統畫面。","[生產循環｜法律和法規遵循] 根據規範執行環境保護措施：公司應設置室毒性化學物質專業技術管理人員，毒性化學物質之污染防制、危害預防及應變等相關作業，該專責人員應根據主管機關之規定取得資格。（頻率：每月；負責：職安單位；IUC：1. 毒性化學物質之使用許可證
2. 毒性化學物質運作紀錄表
3. 毒性化學物質運作之申報系統畫面）",CO113-7,RCM;生產循環;累積範本;去識別範本,2026-08-26 16:28:13
PL-CO113-8,根據規範執行環境保護措施,生產循環,CO-113,環境保護管理作業,法定報告,法定報告,未能確保法定要求申報資料之正確性,遵循面,,,[法令遵循] 未能確保法定要求申報資料之正確性,,,,根據規範執行環境保護措施,公司設立新工廠時應依據相關辦法擬定環境影響說明書或環境影響評估報告書等相關應對程序之文件，並經權責主管核准後送主管機關取得核可。,不定期,職安單位,環安衛作業變更管制表,,環安衛作業變更影響評估辦法,環境影響評估法,環安衛作業變更管制表,,,,,,,人工,預防性 (Preventive),,,,環安衛作業變更管制表,,,就公司現行生產循環作業，為因應「法定報告」風險——未能確保法定要求申報資料之正確性（風險三大屬性—財務報導：（未填）；營運：（未填）；法令遵循：[法令遵循] 未能確保法定要求申報資料之正確性；RoMM：（RoMM 分類未填）；重大科目／聲明：（重大科目未填）／（聲明未填）），設計控制目標為「根據規範執行環境保護措施」。由職安單位以人工方式、採預防性控制取向、屬（類型未填）類型，依不定期執行下列控制活動：公司設立新工廠時應依據相關辦法擬定環境影響說明書或環境影響評估報告書等相關應對程序之文件，並經權責主管核准後送主管機關取得核可。。控制執行時使用之 IUC／制度為「環安衛作業變更管制表」。投入（Inputs）：環安衛作業變更管制表。覆核／執行步驟（Specific activities）：公司設立新工廠時應依據相關辦法擬定環境影響說明書或環境影響評估報告書等相關應對程序之文件，並經權責主管核准後送主管機關取得核可。。產出（Outputs）：環安衛作業變更管制表。,[生產循環｜法定報告] 根據規範執行環境保護措施：公司設立新工廠時應依據相關辦法擬定環境影響說明書或環境影響評估報告書等相關應對程序之文件，並經權責主管核准後送主管機關取得核可。（頻率：不定期；負責：職安單位；IUC：環安衛作業變更管制表）,CO113-8,RCM;生產循環;累積範本;去識別範本,2026-08-26 16:28:13
PL-CO113-9,根據規範執行環境保護措施,生產循環,CO-113,環境保護管理作業,永續水質,永續水質,未遵循水資源相關法規,遵循面,,,[法令遵循] 未遵循水資源相關法規,,,,根據規範執行環境保護措施,各項污染防治工作應定期執行檢測工作，並經權責主管核准後依相關規定向主管機關申報。,每季／每半年,職安單位,"1. 廢氣委外檢測報告
2. 水質檢測報告",,"1. 廢氣處理與監控管理辦法
2. 廢水處理與監控管理辦法","1. 空氣污染防制法
2. 水污染防治法
3. 土壤及地下水污染整治法","1. 廢氣委外檢測報告
2. 水質檢測報告",,,,,,,人工,預防性 (Preventive),,,,"1. 廢氣委外檢測報告
2. 水質檢測報告",,,"就公司現行生產循環作業，為因應「永續水質」風險——未遵循水資源相關法規（風險三大屬性—財務報導：（未填）；營運：（未填）；法令遵循：[法令遵循] 未遵循水資源相關法規；RoMM：（RoMM 分類未填）；重大科目／聲明：（重大科目未填）／（聲明未填）），設計控制目標為「根據規範執行環境保護措施」。由職安單位以人工方式、採預防性控制取向、屬（類型未填）類型，依每季／每半年執行下列控制活動：各項污染防治工作應定期執行檢測工作，並經權責主管核准後依相關規定向主管機關申報。。控制執行時使用之 IUC／制度為「1. 廢氣委外檢測報告
2. 水質檢測報告」。投入（Inputs）：1. 廢氣委外檢測報告
2. 水質檢測報告。覆核／執行步驟（Specific activities）：各項污染防治工作應定期執行檢測工作，並經權責主管核准後依相關規定向主管機關申報。。產出（Outputs）：1. 廢氣委外檢測報告
2. 水質檢測報告。","[生產循環｜永續水質] 根據規範執行環境保護措施：各項污染防治工作應定期執行檢測工作，並經權責主管核准後依相關規定向主管機關申報。（頻率：每季／每半年；負責：職安單位；IUC：1. 廢氣委外檢測報告
2. 水質檢測報告）",CO113-9,RCM;生產循環;累積範本;去識別範本,2026-08-26 16:28:13
PL-CO113-10,根據規範執行環境保護措施,生產循環,CO-113,環境保護管理作業,永續經營策略,永續經營策略,在營運上缺乏永續經營的考量,營運面,,[營運] 在營運上缺乏永續經營的考量,,,,,根據規範執行環境保護措施,各項污染防治工作經比對標準值發現產生異常時，產生危害物質單位應立即通知權責單位、並啟動處置機制，並針對處置結果判斷是否應啟動緊急應變計畫來進行異常狀況排除。,不定期,職安單位,"環安衛不符合事項處理告表
環安衛不符合事項處理登記表",,"1. 環安衛不符合及矯正措施作業程序
2. 廢氣處理與監控管理辦法
3. 廢水處理與監控管理辦法
4. 毒性化學物質管理辦法","1. 空氣污染防制法
2. 水污染防治法
3. 土壤及地下水污染整治法
4. 毒性及關注化學物質管理法
5. 環境影響評估法","環安衛不符合事項處理告表
環安衛不符合事項處理登記表",,,,,,,人工,預防性 (Preventive),,,,"環安衛不符合事項處理告表
環安衛不符合事項處理登記表",,,"就公司現行生產循環作業，為因應「永續經營策略」風險——在營運上缺乏永續經營的考量（風險三大屬性—財務報導：（未填）；營運：[營運] 在營運上缺乏永續經營的考量；法令遵循：（未填）；RoMM：（RoMM 分類未填）；重大科目／聲明：（重大科目未填）／（聲明未填）），設計控制目標為「根據規範執行環境保護措施」。由職安單位以人工方式、採預防性控制取向、屬（類型未填）類型，依不定期執行下列控制活動：各項污染防治工作經比對標準值發現產生異常時，產生危害物質單位應立即通知權責單位、並啟動處置機制，並針對處置結果判斷是否應啟動緊急應變計畫來進行異常狀況排除。。控制執行時使用之 IUC／制度為「環安衛不符合事項處理告表
環安衛不符合事項處理登記表」。投入（Inputs）：環安衛不符合事項處理告表
環安衛不符合事項處理登記表。覆核／執行步驟（Specific activities）：各項污染防治工作經比對標準值發現產生異常時，產生危害物質單位應立即通知權責單位、並啟動處置機制，並針對處置結果判斷是否應啟動緊急應變計畫來進行異常狀況排除。。產出（Outputs）：環安衛不符合事項處理告表
環安衛不符合事項處理登記表。","[生產循環｜永續經營策略] 根據規範執行環境保護措施：各項污染防治工作經比對標準值發現產生異常時，產生危害物質單位應立即通知權責單位、並啟動處置機制，並針對處置結果判斷是否應啟動緊急應變計畫來進行異常狀況排除。（頻率：不定期；負責：職安單位；IUC：環安衛不符合事項處理告表
環安衛不符合事項處理登記表）",CO113-10,RCM;生產循環;累積範本;去識別範本,2026-08-26 16:28:13
PL-CO114-1,適當地推行職業健康及安全的相關活動,生產循環,CO-114,製程安全控管作業,個人安全,個人安全,缺乏定期覆核、溝通及與落實健康與安全政策的適當程序,營運面,,[營運] 缺乏定期覆核、溝通及與落實健康與安全政策的適當程序,,,,,適當地推行職業健康及安全的相關活動,設備更新、製程改善、規章制度增（修）訂時應對員工進行教育訓練。新進及回廠員工於獨立操作機台執行生產工作前，必須具備該工作站有效之受證資格。,不定期,Refer o CO105-3,Refer o CO105-3,Refer o CO105-3,Refer o CO105-3,Refer o CO105-3,Refer o CO105-3,,,,,,,人工,預防性 (Preventive),,,,Refer o CO105-3,,,就公司現行生產循環作業，為因應「個人安全」風險——缺乏定期覆核、溝通及與落實健康與安全政策的適當程序（風險三大屬性—財務報導：（未填）；營運：[營運] 缺乏定期覆核、溝通及與落實健康與安全政策的適當程序；法令遵循：（未填）；RoMM：（RoMM 分類未填）；重大科目／聲明：（重大科目未填）／（聲明未填）），設計控制目標為「適當地推行職業健康及安全的相關活動」。由Refer o CO105-3以人工方式、採預防性控制取向、屬（類型未填）類型，依不定期執行下列控制活動：設備更新、製程改善、規章制度增（修）訂時應對員工進行教育訓練。新進及回廠員工於獨立操作機台執行生產工作前，必須具備該工作站有效之受證資格。。控制執行時使用之 IUC／制度為「Refer o CO105-3」。投入（Inputs）：Refer o CO105-3。覆核／執行步驟（Specific activities）：設備更新、製程改善、規章制度增（修）訂時應對員工進行教育訓練。新進及回廠員工於獨立操作機台執行生產工作前，必須具備該工作站有效之受證資格。。產出（Outputs）：Refer o CO105-3。,[生產循環｜個人安全] 適當地推行職業健康及安全的相關活動：設備更新、製程改善、規章制度增（修）訂時應對員工進行教育訓練。新進及回廠員工於獨立操作機台執行生產工作前，必須具備該工作站有效之受證資格。（頻率：不定期；負責：Refer o CO105-3；IUC：Refer o CO105-3）,CO114-1,RCM;生產循環;累積範本;去識別範本,2026-08-26 16:28:13
PL-CO114-2,適當地推行職業健康及安全的相關活動,生產循環,CO-114,製程安全控管作業,個人安全,個人安全,不適當的個人安全保護措施,營運面,,[營運] 不適當的個人安全保護措施,,,,,適當地推行職業健康及安全的相關活動,各項製程安全資訊，應放置於工作環境明顯處、資料變更時應留下更新資訊。,持續,職安單位,安全標示照片,,作業環境管理辦法,職業安全衛生法,安全標示照片,,,,,,,人工,預防性 (Preventive),,,,安全標示照片,,,就公司現行生產循環作業，為因應「個人安全」風險——不適當的個人安全保護措施（風險三大屬性—財務報導：（未填）；營運：[營運] 不適當的個人安全保護措施；法令遵循：（未填）；RoMM：（RoMM 分類未填）；重大科目／聲明：（重大科目未填）／（聲明未填）），設計控制目標為「適當地推行職業健康及安全的相關活動」。由職安單位以人工方式、採預防性控制取向、屬（類型未填）類型，依持續執行下列控制活動：各項製程安全資訊，應放置於工作環境明顯處、資料變更時應留下更新資訊。。控制執行時使用之 IUC／制度為「安全標示照片」。投入（Inputs）：安全標示照片。覆核／執行步驟（Specific activities）：各項製程安全資訊，應放置於工作環境明顯處、資料變更時應留下更新資訊。。產出（Outputs）：安全標示照片。,[生產循環｜個人安全] 適當地推行職業健康及安全的相關活動：各項製程安全資訊，應放置於工作環境明顯處、資料變更時應留下更新資訊。（頻率：持續；負責：職安單位；IUC：安全標示照片）,CO114-2,RCM;生產循環;累積範本;去識別範本,2026-08-26 16:28:13
PL-CO114-3,適當地推行職業健康及安全的相關活動,生產循環,CO-114,製程安全控管作業,個人安全,個人安全,不適當的個人安全保護措施,營運面,,[營運] 不適當的個人安全保護措施,,,,,適當地推行職業健康及安全的相關活動,應針對工作場所各項生產設備及工作環境完成危害分析評估，並根據5S活動指導進行工作環境的改善並出具報告。,每雙週,IE工程單位,"1. 5S稽核項目列表
2. 5S稽核改善紀錄表",,5S作業管理辦法,職業安全衛生法,"1. 5S稽核項目列表
2. 5S稽核改善紀錄表",,,,,,,人工,預防性 (Preventive),,,,"1. 5S稽核項目列表
2. 5S稽核改善紀錄表",,,"就公司現行生產循環作業，為因應「個人安全」風險——不適當的個人安全保護措施（風險三大屬性—財務報導：（未填）；營運：[營運] 不適當的個人安全保護措施；法令遵循：（未填）；RoMM：（RoMM 分類未填）；重大科目／聲明：（重大科目未填）／（聲明未填）），設計控制目標為「適當地推行職業健康及安全的相關活動」。由IE工程單位以人工方式、採預防性控制取向、屬（類型未填）類型，依每雙週執行下列控制活動：應針對工作場所各項生產設備及工作環境完成危害分析評估，並根據5S活動指導進行工作環境的改善並出具報告。。控制執行時使用之 IUC／制度為「1. 5S稽核項目列表
2. 5S稽核改善紀錄表」。投入（Inputs）：1. 5S稽核項目列表
2. 5S稽核改善紀錄表。覆核／執行步驟（Specific activities）：應針對工作場所各項生產設備及工作環境完成危害分析評估，並根據5S活動指導進行工作環境的改善並出具報告。。產出（Outputs）：1. 5S稽核項目列表
2. 5S稽核改善紀錄表。","[生產循環｜個人安全] 適當地推行職業健康及安全的相關活動：應針對工作場所各項生產設備及工作環境完成危害分析評估，並根據5S活動指導進行工作環境的改善並出具報告。（頻率：每雙週；負責：IE工程單位；IUC：1. 5S稽核項目列表
2. 5S稽核改善紀錄表）",CO114-3,RCM;生產循環;累積範本;去識別範本,2026-08-26 16:28:13
PL-CO114-4,適當地推行職業健康及安全的相關活動,生產循環,CO-114,製程安全控管作業,個人安全,個人安全,不適當的個人安全保護措施,營運面,,[營運] 不適當的個人安全保護措施,,,,,適當地推行職業健康及安全的相關活動,應制訂年度設備檢查計劃，針對生產設備實施安全性檢查。,每月,Refer o CO109-1 & CO109-2,Refer o CO109-1 & CO109-2,Refer o CO109-1 & CO109-2,Refer o CO109-1 & CO109-2,Refer o CO109-1 & CO109-2,Refer o CO109-1 & CO109-2,,,,,,,人工,預防性 (Preventive),,,,Refer o CO109-1 & CO109-2,,,就公司現行生產循環作業，為因應「個人安全」風險——不適當的個人安全保護措施（風險三大屬性—財務報導：（未填）；營運：[營運] 不適當的個人安全保護措施；法令遵循：（未填）；RoMM：（RoMM 分類未填）；重大科目／聲明：（重大科目未填）／（聲明未填）），設計控制目標為「適當地推行職業健康及安全的相關活動」。由Refer o CO109-1 & CO109-2以人工方式、採預防性控制取向、屬（類型未填）類型，依每月執行下列控制活動：應制訂年度設備檢查計劃，針對生產設備實施安全性檢查。。控制執行時使用之 IUC／制度為「Refer o CO109-1 & CO109-2」。投入（Inputs）：Refer o CO109-1 & CO109-2。覆核／執行步驟（Specific activities）：應制訂年度設備檢查計劃，針對生產設備實施安全性檢查。。產出（Outputs）：Refer o CO109-1 & CO109-2。,[生產循環｜個人安全] 適當地推行職業健康及安全的相關活動：應制訂年度設備檢查計劃，針對生產設備實施安全性檢查。（頻率：每月；負責：Refer o CO109-1 & CO109-2；IUC：Refer o CO109-1 & CO109-2）,CO114-4,RCM;生產循環;累積範本;去識別範本,2026-08-26 16:28:13
PL-CO115-1,新增或修改物料主檔應經過權責主管核准，並且所有經核准之有效新增修改申請，皆應被正確且即時輸入系統處理。,生產循環,CO-115,物料主檔管理作業,檔案紀錄管理,檔案紀錄管理,資料不實,報導面,[財務報導] 資料不實,,,,"製成品,半成品,在製品,原料,物料-耗材,物料-包材,物料-備品,銷貨成本",,新增或修改物料主檔應經過權責主管核准，並且所有經核准之有效新增修改申請，皆應被正確且即時輸入系統處理。,申請新增物料主檔應留存書面紀錄；權責主管應定期覆核以確保所有之新增申請皆經即時處理。,不定期,"1. 製造工程單位
2. 系統工程單位
3. 研發單位
4. 物管單位
5. 產品工程單位","1. 流程管理系統系統
2. MES系統
2. ERP系統","1. 流程管理系統系統
2. MES系統
2. ERP系統","1. 固定資產管理辦法
2. 料號編碼管理辦法
3. 設備與治工具管理作業程序
4. 產品編碼原則",,料號申請單,,,,,,,人工,預防性 (Preventive),,,,料號申請單,,,"就公司現行生產循環作業，為因應「檔案紀錄管理」風險——資料不實（風險三大屬性—財務報導：[財務報導] 資料不實；營運：（未填）；法令遵循：（未填）；RoMM：（RoMM 分類未填）；重大科目／聲明：製成品,半成品,在製品,原料,物料-耗材,物料-包材,物料-備品,銷貨成本／（聲明未填）），設計控制目標為「新增或修改物料主檔應經過權責主管核准，並且所有經核准之有效新增修改申請，皆應被正確且即時輸入系統處理。」。由1. 製造工程單位
2. 系統工程單位
3. 研發單位
4. 物管單位
5. 產品工程單位以人工方式、採預防性控制取向、屬（類型未填）類型，依不定期執行下列控制活動：申請新增物料主檔應留存書面紀錄；權責主管應定期覆核以確保所有之新增申請皆經即時處理。。控制執行時使用之 IUC／制度為「1. 流程管理系統系統
2. MES系統
2. ERP系統」。投入（Inputs）：1. 流程管理系統系統
2. MES系統
2. ERP系統。覆核／執行步驟（Specific activities）：申請新增物料主檔應留存書面紀錄；權責主管應定期覆核以確保所有之新增申請皆經即時處理。。產出（Outputs）：料號申請單。","[生產循環｜檔案紀錄管理] 新增或修改物料主檔應經過權責主管核准，並且所有經核准之有效新增修改申請，皆應被正確且即時輸入系統處理。：申請新增物料主檔應留存書面紀錄；權責主管應定期覆核以確保所有之新增申請皆經即時處理。（頻率：不定期；負責：1. 製造工程單位
2. 系統工程單位
3. 研發單位
4. 物管單位
5. 產品工程單位；IUC：1. 流程管理系統系統
2. MES系統
2. ERP系統）",CO115-1,RCM;生產循環;累積範本;去識別範本,2026-08-26 16:28:13
PL-CO115-2,新增或修改物料主檔應經過權責主管核准，並且所有經核准之有效新增修改申請，皆應被正確且即時輸入系統處理。,生產循環,CO-115,物料主檔管理作業,流程管理,流程管理,無法追踪資產及相關資訊,營運面,,[營運] 無法追踪資產及相關資訊,,,,,新增或修改物料主檔應經過權責主管核准，並且所有經核准之有效新增修改申請，皆應被正確且即時輸入系統處理。,權責主管應定期覆核原物料主檔之正確性，確保主檔於未來期間持續有效。,每半年,物料小組,"1. MES系統
2. ERP系統","1. MES系統
2. ERP系統","1. 固定資產管理辦法
2. 料號編碼管理辦法
3. 設備與治工具管理作業程序
4. 產品編碼原則",,物料主檔清單,,,,,,,人工,偵測性 (Detective),,,,物料主檔清單,,,"就公司現行生產循環作業，為因應「流程管理」風險——無法追踪資產及相關資訊（風險三大屬性—財務報導：（未填）；營運：[營運] 無法追踪資產及相關資訊；法令遵循：（未填）；RoMM：（RoMM 分類未填）；重大科目／聲明：（重大科目未填）／（聲明未填）），設計控制目標為「新增或修改物料主檔應經過權責主管核准，並且所有經核准之有效新增修改申請，皆應被正確且即時輸入系統處理。」。由物料小組以人工方式、採偵測性控制取向、屬（類型未填）類型，依每半年執行下列控制活動：權責主管應定期覆核原物料主檔之正確性，確保主檔於未來期間持續有效。。控制執行時使用之 IUC／制度為「1. MES系統
2. ERP系統」。投入（Inputs）：1. MES系統
2. ERP系統。覆核／執行步驟（Specific activities）：權責主管應定期覆核原物料主檔之正確性，確保主檔於未來期間持續有效。。產出（Outputs）：物料主檔清單。","[生產循環｜流程管理] 新增或修改物料主檔應經過權責主管核准，並且所有經核准之有效新增修改申請，皆應被正確且即時輸入系統處理。：權責主管應定期覆核原物料主檔之正確性，確保主檔於未來期間持續有效。（頻率：每半年；負責：物料小組；IUC：1. MES系統
2. ERP系統）",CO115-2,RCM;生產循環;累積範本;去識別範本,2026-08-26 16:28:13
PL-CO115-3,新增或修改物料主檔應經過權責主管核准，並且所有經核准之有效新增修改申請，皆應被正確且即時輸入系統處理。,生產循環,CO-115,物料主檔管理作業,流程管理,流程管理,無法追踪資產及相關資訊,營運面,,[營運] 無法追踪資產及相關資訊,,,,,新增或修改物料主檔應經過權責主管核准，並且所有經核准之有效新增修改申請，皆應被正確且即時輸入系統處理。,物料主檔變動紀錄應核對至原始授權文件，以確認資料更改是否正確。,不定期,"1. 製造工程單位
2. 系統工程單位
3. 研發單位
4. 物管單位
5. 產品工程單位","1. 流程管理系統系統
2. MES系統
2. ERP系統","1. 流程管理系統系統
2. MES系統
2. ERP系統","1. 固定資產管理辦法
2. 料號編碼管理辦法
3. 設備與治工具管理作業程序
4. 產品編碼原則",,料號申請單,,,,,,,人工,預防性 (Preventive),,,,料號申請單,,,"就公司現行生產循環作業，為因應「流程管理」風險——無法追踪資產及相關資訊（風險三大屬性—財務報導：（未填）；營運：[營運] 無法追踪資產及相關資訊；法令遵循：（未填）；RoMM：（RoMM 分類未填）；重大科目／聲明：（重大科目未填）／（聲明未填）），設計控制目標為「新增或修改物料主檔應經過權責主管核准，並且所有經核准之有效新增修改申請，皆應被正確且即時輸入系統處理。」。由1. 製造工程單位
2. 系統工程單位
3. 研發單位
4. 物管單位
5. 產品工程單位以人工方式、採預防性控制取向、屬（類型未填）類型，依不定期執行下列控制活動：物料主檔變動紀錄應核對至原始授權文件，以確認資料更改是否正確。。控制執行時使用之 IUC／制度為「1. 流程管理系統系統
2. MES系統
2. ERP系統」。投入（Inputs）：1. 流程管理系統系統
2. MES系統
2. ERP系統。覆核／執行步驟（Specific activities）：物料主檔變動紀錄應核對至原始授權文件，以確認資料更改是否正確。。產出（Outputs）：料號申請單。","[生產循環｜流程管理] 新增或修改物料主檔應經過權責主管核准，並且所有經核准之有效新增修改申請，皆應被正確且即時輸入系統處理。：物料主檔變動紀錄應核對至原始授權文件，以確認資料更改是否正確。（頻率：不定期；負責：1. 製造工程單位
2. 系統工程單位
3. 研發單位
4. 物管單位
5. 產品工程單位；IUC：1. 流程管理系統系統
2. MES系統
2. ERP系統）",CO115-3,RCM;生產循環;累積範本;去識別範本,2026-08-26 16:28:13
PL-CO115-4,新增或修改物料主檔應經過權責主管核准，並且所有經核准之有效新增修改申請，皆應被正確且即時輸入系統處理。,生產循環,CO-115,物料主檔管理作業,資訊安全,資訊安全,無效果／無效率的存取控制,營運面,,[營運] 無效果／無效率的存取控制,,,,,新增或修改物料主檔應經過權責主管核准，並且所有經核准之有效新增修改申請，皆應被正確且即時輸入系統處理。,負責維護物料主檔之人員應經過權責主管之適當授權，並將其權限設定於應用系統中。,持續,"1. 生管單位
2. 物管單位
3. 倉管單位
4. 採購單位
5. 財務單位
6. 業務支援單位",ERP系統,ERP系統,,,,,,,,,,自動,預防性 (Preventive),,,,,,,"就公司現行生產循環作業，為因應「資訊安全」風險——無效果／無效率的存取控制（風險三大屬性—財務報導：（未填）；營運：[營運] 無效果／無效率的存取控制；法令遵循：（未填）；RoMM：（RoMM 分類未填）；重大科目／聲明：（重大科目未填）／（聲明未填）），設計控制目標為「新增或修改物料主檔應經過權責主管核准，並且所有經核准之有效新增修改申請，皆應被正確且即時輸入系統處理。」。由1. 生管單位
2. 物管單位
3. 倉管單位
4. 採購單位
5. 財務單位
6. 業務支援單位以自動方式、採預防性控制取向、屬（類型未填）類型，依持續執行下列控制活動：負責維護物料主檔之人員應經過權責主管之適當授權，並將其權限設定於應用系統中。。控制執行時使用之 IUC／制度為「ERP系統」。投入（Inputs）：ERP系統。覆核／執行步驟（Specific activities）：負責維護物料主檔之人員應經過權責主管之適當授權，並將其權限設定於應用系統中。。產出（Outputs）：（請補充控制產出／留存軌跡）。","[生產循環｜資訊安全] 新增或修改物料主檔應經過權責主管核准，並且所有經核准之有效新增修改申請，皆應被正確且即時輸入系統處理。：負責維護物料主檔之人員應經過權責主管之適當授權，並將其權限設定於應用系統中。（頻率：持續；負責：1. 生管單位
2. 物管單位
3. 倉管單位
4. 採購單位
5. 財務單位
6. 業務支援單位；IUC：ERP系統）",CO115-4,RCM;生產循環;累積範本;去識別範本,2026-08-26 16:28:13
PL-CD101-1,研發符合客戶需求及市場趨勢之產品,研發循環,CD-101,基礎及應用研究作業,創新,創新,因缺乏創新而無法維持或改善市場佔有率,營運面,,[營運] 因缺乏創新而無法維持或改善市場佔有率,,,,,研發符合客戶需求及市場趨勢之產品,研發相關部門應依據客戶需求、產業與市場趨勢定期執行市場及客戶需求分析。,不定期,"1. 事業開發單位
2. 產品工程單位","1. 客戶需求Mail
2. Voice of Customer",,專案前期管理辦法,,"1. 客戶需求Mail
2. Voice of Customer",,,,,,,人工,預防性 (Preventive),,,,"1. 客戶需求Mail
2. Voice of Customer",,,"就公司現行研發循環作業，為因應「創新」風險——因缺乏創新而無法維持或改善市場佔有率（風險三大屬性—財務報導：（未填）；營運：[營運] 因缺乏創新而無法維持或改善市場佔有率；法令遵循：（未填）；RoMM：（RoMM 分類未填）；重大科目／聲明：（重大科目未填）／（聲明未填）），設計控制目標為「研發符合客戶需求及市場趨勢之產品」。由1. 事業開發單位
2. 產品工程單位以人工方式、採預防性控制取向、屬（類型未填）類型，依不定期執行下列控制活動：研發相關部門應依據客戶需求、產業與市場趨勢定期執行市場及客戶需求分析。。控制執行時使用之 IUC／制度為「1. 客戶需求Mail
2. Voice of Customer」。投入（Inputs）：1. 客戶需求Mail
2. Voice of Customer。覆核／執行步驟（Specific activities）：研發相關部門應依據客戶需求、產業與市場趨勢定期執行市場及客戶需求分析。。產出（Outputs）：1. 客戶需求Mail
2. Voice of Customer。","[研發循環｜創新] 研發符合客戶需求及市場趨勢之產品：研發相關部門應依據客戶需求、產業與市場趨勢定期執行市場及客戶需求分析。（頻率：不定期；負責：1. 事業開發單位
2. 產品工程單位；IUC：1. 客戶需求Mail
2. Voice of Customer）",CD101-1,RCM;研發循環;累積範本;去識別範本,2026-08-26 16:28:14
PL-CD101-2,研發符合客戶需求及市場趨勢之產品,研發循環,CD-101,基礎及應用研究作業,政策與程序,政策與程序,未能制定適當的政策和程序,營運面,,[營運] 未能制定適當的政策和程序,,,,,研發符合客戶需求及市場趨勢之產品,公司應訂定提案審查程序、提案申請書及獎勵措施，並讓員工充分瞭解，以鼓勵所有員工參與提案。,持續,專利單位,,,"1. 專利獎金管理辦法
2. 專利新案申請管理辦法",,,,,,,,,人工,預防性 (Preventive),,,,,,,就公司現行研發循環作業，為因應「政策與程序」風險——未能制定適當的政策和程序（風險三大屬性—財務報導：（未填）；營運：[營運] 未能制定適當的政策和程序；法令遵循：（未填）；RoMM：（RoMM 分類未填）；重大科目／聲明：（重大科目未填）／（聲明未填）），設計控制目標為「研發符合客戶需求及市場趨勢之產品」。由專利單位以人工方式、採預防性控制取向、屬（類型未填）類型，依持續執行下列控制活動：公司應訂定提案審查程序、提案申請書及獎勵措施，並讓員工充分瞭解，以鼓勵所有員工參與提案。。控制執行時使用之 IUC／制度為「（未指定 IUC／制度）」。投入（Inputs）：（請補充投入資訊）。覆核／執行步驟（Specific activities）：公司應訂定提案審查程序、提案申請書及獎勵措施，並讓員工充分瞭解，以鼓勵所有員工參與提案。。產出（Outputs）：（請補充控制產出／留存軌跡）。,[研發循環｜政策與程序] 研發符合客戶需求及市場趨勢之產品：公司應訂定提案審查程序、提案申請書及獎勵措施，並讓員工充分瞭解，以鼓勵所有員工參與提案。（頻率：持續；負責：專利單位；IUC：—）,CD101-2,RCM;研發循環;累積範本;去識別範本,2026-08-26 16:28:14
PL-CD101-3,研發提案獎勵符合公司規範及經適當核准,研發循環,CD-101,基礎及應用研究作業,報酬／表現績效獎勵／一致性,報酬／表現績效獎勵／一致性,獎勵因素與實際報酬不一致,營運面,,[營運] 獎勵因素與實際報酬不一致,,,,,研發提案獎勵符合公司規範及經適當核准,提案獎勵之申請應依據相關規定並經權責主管核准後，始可發放予員工。,不定期,"1. 專利單位
2. 人資單位",專利獎金申請表,,專利獎金管理辦法,,專利獎金申請表,,,,,,,人工,預防性 (Preventive),,,,專利獎金申請表,,,"就公司現行研發循環作業，為因應「報酬／表現績效獎勵／一致性」風險——獎勵因素與實際報酬不一致（風險三大屬性—財務報導：（未填）；營運：[營運] 獎勵因素與實際報酬不一致；法令遵循：（未填）；RoMM：（RoMM 分類未填）；重大科目／聲明：（重大科目未填）／（聲明未填）），設計控制目標為「研發提案獎勵符合公司規範及經適當核准」。由1. 專利單位
2. 人資單位以人工方式、採預防性控制取向、屬（類型未填）類型，依不定期執行下列控制活動：提案獎勵之申請應依據相關規定並經權責主管核准後，始可發放予員工。。控制執行時使用之 IUC／制度為「專利獎金申請表」。投入（Inputs）：專利獎金申請表。覆核／執行步驟（Specific activities）：提案獎勵之申請應依據相關規定並經權責主管核准後，始可發放予員工。。產出（Outputs）：專利獎金申請表。","[研發循環｜報酬／表現績效獎勵／一致性] 研發提案獎勵符合公司規範及經適當核准：提案獎勵之申請應依據相關規定並經權責主管核准後，始可發放予員工。（頻率：不定期；負責：1. 專利單位
2. 人資單位；IUC：專利獎金申請表）",CD101-3,RCM;研發循環;累積範本;去識別範本,2026-08-26 16:28:14
PL-CD101-4,可行的產品開發程序,研發循環,CD-101,基礎及應用研究作業,製造／生產,製造／生產,對新產品的技術評估不適當,營運面,,[營運] 對新產品的技術評估不適當,,,,,可行的產品開發程序,公司應針對新產品開發執行可行性、成本及風險評估，並進行專利檢索作業，以避免智慧財產糾紛或侵權訴訟之情況。其評估結果應經相關人員確認，並經權責主管核准後始可進行產品開發。,不定期,"1. 事業開發單位
2. 產品工程單位
3. 專利單位","1. 專利相關申請需求表
2. 初步相關前案檢索報告
3. 專利侵權評估書",,"1. 專案前期管理辦法
2. 專利檢索申請管理辦法
3. 專利迴避設計申請管理辦法
4. 專利侵權比對申請管理辦法",專利相關法規,"1. 專利相關申請需求表
2. 初步相關前案檢索報告
3. 專利侵權評估書",,,,,,,人工,預防性 (Preventive),,,,"1. 專利相關申請需求表
2. 初步相關前案檢索報告
3. 專利侵權評估書",,,"就公司現行研發循環作業，為因應「製造／生產」風險——對新產品的技術評估不適當（風險三大屬性—財務報導：（未填）；營運：[營運] 對新產品的技術評估不適當；法令遵循：（未填）；RoMM：（RoMM 分類未填）；重大科目／聲明：（重大科目未填）／（聲明未填）），設計控制目標為「可行的產品開發程序」。由1. 事業開發單位
2. 產品工程單位
3. 專利單位以人工方式、採預防性控制取向、屬（類型未填）類型，依不定期執行下列控制活動：公司應針對新產品開發執行可行性、成本及風險評估，並進行專利檢索作業，以避免智慧財產糾紛或侵權訴訟之情況。其評估結果應經相關人員確認，並經權責主管核准後始可進行產品開發。。控制執行時使用之 IUC／制度為「1. 專利相關申請需求表
2. 初步相關前案檢索報告
3. 專利侵權評估書」。投入（Inputs）：1. 專利相關申請需求表
2. 初步相關前案檢索報告
3. 專利侵權評估書。覆核／執行步驟（Specific activities）：公司應針對新產品開發執行可行性、成本及風險評估，並進行專利檢索作業，以避免智慧財產糾紛或侵權訴訟之情況。其評估結果應經相關人員確認，並經權責主管核准後始可進行產品開發。。產出（Outputs）：1. 專利相關申請需求表
2. 初步相關前案檢索報告
3. 專利侵權評估書。","[研發循環｜製造／生產] 可行的產品開發程序：公司應針對新產品開發執行可行性、成本及風險評估，並進行專利檢索作業，以避免智慧財產糾紛或侵權訴訟之情況。其評估結果應經相關人員確認，並經權責主管核准後始可進行產品開發。（頻率：不定期；負責：1. 事業開發單位
2. 產品工程單位
3. 專利單位；IUC：1. 專利相關申請需求表
2. 初步相關前案檢索報告
3. 專利侵權評估書）",CD101-4,RCM;研發循環;累積範本;去識別範本,2026-08-26 16:28:14
PL-CD101-5,遵守智慧財產權相關法令規範,研發循環,CD-101,基礎及應用研究作業,無形資產,無形資產,侵犯他人之智慧財產權／版權／商標,遵循面,,,[法令遵循] 侵犯他人之智慧財產權／版權／商標,,,,遵守智慧財產權相關法令規範,針對使用特定第三方於技術轉移之新產品開發部分，智慧財產權管理單位應進行專利檢索，以確認無侵犯他人智慧財產權之情事。,不定期,專利單位,"1. 專利相關申請需求表
2. 初步相關前案檢索報告",,專利檢索申請管理辦法,專利相關法規,"1. 專利相關申請需求表
2. 初步相關前案檢索報告",,,,,,,人工,預防性 (Preventive),,,,"1. 專利相關申請需求表
2. 初步相關前案檢索報告",,,"就公司現行研發循環作業，為因應「無形資產」風險——侵犯他人之智慧財產權／版權／商標（風險三大屬性—財務報導：（未填）；營運：（未填）；法令遵循：[法令遵循] 侵犯他人之智慧財產權／版權／商標；RoMM：（RoMM 分類未填）；重大科目／聲明：（重大科目未填）／（聲明未填）），設計控制目標為「遵守智慧財產權相關法令規範」。由專利單位以人工方式、採預防性控制取向、屬（類型未填）類型，依不定期執行下列控制活動：針對使用特定第三方於技術轉移之新產品開發部分，智慧財產權管理單位應進行專利檢索，以確認無侵犯他人智慧財產權之情事。。控制執行時使用之 IUC／制度為「1. 專利相關申請需求表
2. 初步相關前案檢索報告」。投入（Inputs）：1. 專利相關申請需求表
2. 初步相關前案檢索報告。覆核／執行步驟（Specific activities）：針對使用特定第三方於技術轉移之新產品開發部分，智慧財產權管理單位應進行專利檢索，以確認無侵犯他人智慧財產權之情事。。產出（Outputs）：1. 專利相關申請需求表
2. 初步相關前案檢索報告。","[研發循環｜無形資產] 遵守智慧財產權相關法令規範：針對使用特定第三方於技術轉移之新產品開發部分，智慧財產權管理單位應進行專利檢索，以確認無侵犯他人智慧財產權之情事。（頻率：不定期；負責：專利單位；IUC：1. 專利相關申請需求表
2. 初步相關前案檢索報告）",CD101-5,RCM;研發循環;累積範本;去識別範本,2026-08-26 16:28:14
PL-CD102-1,適當監控研發進度,研發循環,CD-102,產品設計及技術研發作業,創新、研究和開發,創新、研究和開發,無效的新產品開發流程,營運面,,[營運] 無效的新產品開發流程,,,,,適當監控研發進度,研發進度應由專人定期監督控管。研發如遇進度落後應即時採取補救措施予以修正改善，其補救措施若無效，應重新執行適當評估。,不定期,"1. 事業開發處
2. APQP跨功能小組",APQP產品階段點檢表,,先期產品品質規劃程序,,APQP產品階段點檢表,,,,,,,人工,偵測性 (Detective),,,,APQP產品階段點檢表,,,"就公司現行研發循環作業，為因應「創新、研究和開發」風險——無效的新產品開發流程（風險三大屬性—財務報導：（未填）；營運：[營運] 無效的新產品開發流程；法令遵循：（未填）；RoMM：（RoMM 分類未填）；重大科目／聲明：（重大科目未填）／（聲明未填）），設計控制目標為「適當監控研發進度」。由1. 事業開發處
2. APQP跨功能小組以人工方式、採偵測性控制取向、屬（類型未填）類型，依不定期執行下列控制活動：研發進度應由專人定期監督控管。研發如遇進度落後應即時採取補救措施予以修正改善，其補救措施若無效，應重新執行適當評估。。控制執行時使用之 IUC／制度為「APQP產品階段點檢表」。投入（Inputs）：APQP產品階段點檢表。覆核／執行步驟（Specific activities）：研發進度應由專人定期監督控管。研發如遇進度落後應即時採取補救措施予以修正改善，其補救措施若無效，應重新執行適當評估。。產出（Outputs）：APQP產品階段點檢表。","[研發循環｜創新、研究和開發] 適當監控研發進度：研發進度應由專人定期監督控管。研發如遇進度落後應即時採取補救措施予以修正改善，其補救措施若無效，應重新執行適當評估。（頻率：不定期；負責：1. 事業開發處
2. APQP跨功能小組；IUC：APQP產品階段點檢表）",CD102-1,RCM;研發循環;累積範本;去識別範本,2026-08-26 16:28:14
PL-CD102-2,有效的產品試作及測試,研發循環,CD-102,產品設計及技術研發作業,製造／生產,製造／生產,對新產品的技術評估不適當,營運面,,[營運] 對新產品的技術評估不適當,,,,,有效的產品試作及測試,針對雛型產品之設計，應建立雛型產品管制計畫，並進行設計失效模式影響分析，並於會議中經權責主管檢視核准後，始可進行產品試作與測試作業。,不定期,"1. 事業開發處
2. 產品工程單位
3. 工程整合單位
4. 經管單位
4. 製程整合單位
5. 製程單位
6. 品保單位
7. APQP跨功能小組","1. Voice of Customer
2. Proposal
3. 製造流程圖
4. 產品設計規劃表
5. BOM表
5. 費用評估表
6. 效益分析
7. 品質規劃小組
8. 矩陣功能組織表
9. 製造可行性評估表
10. 管制特性一覽表
11. 產品保證計劃
12. 新產品開發計劃日程表
13. 品質規劃時程表
14. 設備、工模具、設施需求清單表
15. 量具及試驗設備需求清單表
16. 產品規格書
17. 產品設計規格書
18. 圖面
19. 產品模治具清冊
20. 生產參數標準
21. 檢驗規格標準
22. 開發製造可行性承諾
23. 可靠度測試計劃
24. 安全性測試計劃
25. APQP產品階段點檢表
26. 產品階段總覽表
27. APQP專案會議記錄",,"1. 先期產品品質規劃程序
2. 失效模式與效應分析作業標準
3. 量測系統分析程序
4. 可靠度試驗管理程序
5. 檢驗與測試程序",,"1. Voice of Customer
2. Proposal
3. 製造流程圖
4. 產品設計規劃表
5. BOM表
5. 費用評估表
6. 效益分析
7. 品質規劃小組
8. 矩陣功能組織表
9. 製造可行性評估表
10. 管制特性一覽表
11. 產品保證計劃
12. 新產品開發計劃日程表
13. 品質規劃時程表
14. 設備、工模具、設施需求清單表
15. 量具及試驗設備需求清單表
16. 產品規格書
17. 產品設計規格書
18. 圖面
19. 產品模治具清冊
20. 生產參數標準
21. 檢驗規格標準
22. 開發製造可行性承諾
23. 可靠度測試計劃
24. 安全性測試計劃
25. APQP產品階段點檢表
26. 產品階段總覽表
27. APQP專案會議記錄",,,,,,,人工,預防性 (Preventive),,,,"1. Voice of Customer
2. Proposal
3. 製造流程圖
4. 產品設計規劃表
5. BOM表
5. 費用評估表
6. 效益分析
7. 品質規劃小組
8. 矩陣功能組織表
9. 製造可行性評估表
10. 管制特性一覽表
11. 產品保證計劃
12. 新產品開發計劃日程表
13. 品質規劃時程表
14. 設備、工模具、設施需求清單表
15. 量具及試驗設備需求清單表
16. 產品規格書
17. 產品設計規格書
18. 圖面
19. 產品模治具清冊
20. 生產參數標準
21. 檢驗規格標準
22. 開發製造可行性承諾
23. 可靠度測試計劃
24. 安全性測試計劃
25. APQP產品階段點檢表
26. 產品階段總覽表
27. APQP專案會議記錄",,,"就公司現行研發循環作業，為因應「製造／生產」風險——對新產品的技術評估不適當（風險三大屬性—財務報導：（未填）；營運：[營運] 對新產品的技術評估不適當；法令遵循：（未填）；RoMM：（RoMM 分類未填）；重大科目／聲明：（重大科目未填）／（聲明未填）），設計控制目標為「有效的產品試作及測試」。由1. 事業開發處
2. 產品工程單位
3. 工程整合單位
4. 經管單位
4. 製程整合單位
5. 製程單位
6. 品保單位
7. APQP跨功能小組以人工方式、採預防性控制取向、屬（類型未填）類型，依不定期執行下列控制活動：針對雛型產品之設計，應建立雛型產品管制計畫，並進行設計失效模式影響分析，並於會議中經權責主管檢視核准後，始可進行產品試作與測試作業。。控制執行時使用之 IUC／制度為「1. Voice of Customer
2. Proposal
3. 製造流程圖
4. 產品設計規劃表
5. BOM表
5. 費用評估表
6. 效益分析
7. 品質規劃小組
8. 矩陣功能組織表
9. 製造可行性評估表
10. 管制特性一覽表
11. 產品保證計劃
12. 新產品開發計劃日程表
13. 品質規劃時程表
14. 設備、工模具、設施需求清單表
15. 量具及試驗設備需求清單表
16. 產品規格書
17. 產品設計規格書
18. 圖面
19. 產品模治具清冊
20. 生產參數標準
21. 檢驗規格標準
22. 開發製造可行性承諾
23. 可靠度測試計劃
24. 安全性測試計劃
25. APQP產品階段點檢表
26. 產品階段總覽表
27. APQP專案會議記錄」。投入（Inputs）：1. Voice of Customer
2. Proposal
3. 製造流程圖
4. 產品設計規劃表
5. BOM表
5. 費用評估表
6. 效益分析
7. 品質規劃小組
8. 矩陣功能組織表
9. 製造可行性評估表
10. 管制特性一覽表
11. 產品保證計劃
12. 新產品開發計劃日程表
13. 品質規劃時程表
14. 設備、工模具、設施需求清單表
15. 量具及試驗設備需求清單表
16. 產品規格書
17. 產品設計規格書
18. 圖面
19. 產品模治具清冊
20. 生產參數標準
21. 檢驗規格標準
22. 開發製造可行性承諾
23. 可靠度測試計劃
24. 安全性測試計劃
25. APQP產品階段點檢表
26. 產品階段總覽表
27. APQP專案會議記錄。覆核／執行步驟（Specific activities）：針對雛型產品之設計，應建立雛型產品管制計畫，並進行設計失效模式影響分析，並於會議中經權責主管檢視核准後，始可進行產品試作與測試作業。。產出（Outputs）：1. Voice of Customer
2. Proposal
3. 製造流程圖
4. 產品設計規劃表
5. BOM表
5. 費用評估表
6. 效益分析
7. 品質規劃小組
8. 矩陣功能組織表
9. 製造可行性評估表
10. 管制特性一覽表
11. 產品保證計劃
12. 新產品開發計劃日程表
13. 品質規劃時程表
14. 設備、工模具、設施需求清單表
15. 量具及試驗設備需求清單表
16. 產品規格書
17. 產品設計規格書
18. 圖面
19. 產品模治具清冊
20. 生產參數標準
21. 檢驗規格標準
22. 開發製造可行性承諾
23. 可靠度測試計劃
24. 安全性測試計劃
25. APQP產品階段點檢表
26. 產品階段總覽表
27. APQP專案會議記錄。","[研發循環｜製造／生產] 有效的產品試作及測試：針對雛型產品之設計，應建立雛型產品管制計畫，並進行設計失效模式影響分析，並於會議中經權責主管檢視核准後，始可進行產品試作與測試作業。（頻率：不定期；負責：1. 事業開發處
2. 產品工程單位
3. 工程整合單位
4. 經管單位
4. 製程整合單位
5. 製程單位
6. 品保單位
7. APQP跨功能小組；IUC：1. Voice of Customer
2. Proposal
3. 製造流程圖
4. 產品設計規劃表
5. BOM表
5. 費用評估表
6. 效益分析
7. 品質規劃小組
8. 矩陣功能組織表
9. 製造可行性評估表
10. 管制特性一覽表
11. 產品保證計劃
12. 新產品開發計劃日程表
13. 品質規劃時程表
14. 設備、工模具、設施需求清單表
15. 量具及試驗設備需求清單表
16. 產品規格書
17. 產品設計規格書
18. 圖面
19. 產品模治具清冊
20. 生產參數標準
21. 檢驗規格標準
22. 開發製造可行性承諾
23. 可靠度測試計劃
24. 安全性測試計劃
25. APQP產品階段點檢表
26. 產品階段總覽表
27. APQP專案會議記錄）",CD102-2,RCM;研發循環;累積範本;去識別範本,2026-08-26 16:28:14
PL-CD103-1,有效的產品試作及測試,研發循環,CD-103,產品試作與測試作業,製造／生產,製造／生產,貧乏的工程設計與未標準化的作業程序,營運面,,[營運] 貧乏的工程設計與未標準化的作業程序,,,,,有效的產品試作及測試,產品試作階段之執行應包含產品試作所需製程能力評估計劃、可靠性評估及製程失效模式影響分析等工作。,不定期,"1. 事業開發處
2. 生管單位
3. 工程整合單位
4. 製程單位
5. 製造單位
6. 品保單位
7. APQP跨功能小組","1. 途程單（樣品）
2. PFMEA失效模式效應分析
3. 設備機台保養計畫表
4. 防誤一覽表
5. 生產參數標準
6. 檢驗規格標準
7. 檢驗記錄
8. MSA測試計劃
9. 可靠度測試報告
10. 安全性測試報告
11. 出貨報告（Certificate Of Analysis）
12. APQP產品階段點檢表
13. 產品階段總覽表
14. APQP專案會議記錄",,"1. 先期產品品質規劃程序
2. 失效模式與效應分析作業標準
3. 量測系統分析程序
4. 可靠度試驗管理程序
5. 檢驗與測試程序
6. 矯正與預防措施管制程序
7. 材料承認作業程序",,"1. 途程單（樣品）
2. PFMEA失效模式效應分析
3. 設備機台保養計畫表
4. 防誤一覽表
5. 生產參數標準
6. 檢驗規格標準
7. 檢驗記錄
8. MSA測試計劃
9. 可靠度測試報告
10. 安全性測試報告
11. 出貨報告（Certificate Of Analysis）
12. APQP產品階段點檢表
13. 產品階段總覽表
14. APQP專案會議記錄",,,,,,,人工,預防性 (Preventive),,,,"1. 途程單（樣品）
2. PFMEA失效模式效應分析
3. 設備機台保養計畫表
4. 防誤一覽表
5. 生產參數標準
6. 檢驗規格標準
7. 檢驗記錄
8. MSA測試計劃
9. 可靠度測試報告
10. 安全性測試報告
11. 出貨報告（Certificate Of Analysis）
12. APQP產品階段點檢表
13. 產品階段總覽表
14. APQP專案會議記錄",,,"就公司現行研發循環作業，為因應「製造／生產」風險——貧乏的工程設計與未標準化的作業程序（風險三大屬性—財務報導：（未填）；營運：[營運] 貧乏的工程設計與未標準化的作業程序；法令遵循：（未填）；RoMM：（RoMM 分類未填）；重大科目／聲明：（重大科目未填）／（聲明未填）），設計控制目標為「有效的產品試作及測試」。由1. 事業開發處
2. 生管單位
3. 工程整合單位
4. 製程單位
5. 製造單位
6. 品保單位
7. APQP跨功能小組以人工方式、採預防性控制取向、屬（類型未填）類型，依不定期執行下列控制活動：產品試作階段之執行應包含產品試作所需製程能力評估計劃、可靠性評估及製程失效模式影響分析等工作。。控制執行時使用之 IUC／制度為「1. 途程單（樣品）
2. PFMEA失效模式效應分析
3. 設備機台保養計畫表
4. 防誤一覽表
5. 生產參數標準
6. 檢驗規格標準
7. 檢驗記錄
8. MSA測試計劃
9. 可靠度測試報告
10. 安全性測試報告
11. 出貨報告（Certificate Of Analysis）
12. APQP產品階段點檢表
13. 產品階段總覽表
14. APQP專案會議記錄」。投入（Inputs）：1. 途程單（樣品）
2. PFMEA失效模式效應分析
3. 設備機台保養計畫表
4. 防誤一覽表
5. 生產參數標準
6. 檢驗規格標準
7. 檢驗記錄
8. MSA測試計劃
9. 可靠度測試報告
10. 安全性測試報告
11. 出貨報告（Certificate Of Analysis）
12. APQP產品階段點檢表
13. 產品階段總覽表
14. APQP專案會議記錄。覆核／執行步驟（Specific activities）：產品試作階段之執行應包含產品試作所需製程能力評估計劃、可靠性評估及製程失效模式影響分析等工作。。產出（Outputs）：1. 途程單（樣品）
2. PFMEA失效模式效應分析
3. 設備機台保養計畫表
4. 防誤一覽表
5. 生產參數標準
6. 檢驗規格標準
7. 檢驗記錄
8. MSA測試計劃
9. 可靠度測試報告
10. 安全性測試報告
11. 出貨報告（Certificate Of Analysis）
12. APQP產品階段點檢表
13. 產品階段總覽表
14. APQP專案會議記錄。","[研發循環｜製造／生產] 有效的產品試作及測試：產品試作階段之執行應包含產品試作所需製程能力評估計劃、可靠性評估及製程失效模式影響分析等工作。（頻率：不定期；負責：1. 事業開發處
2. 生管單位
3. 工程整合單位
4. 製程單位
5. 製造單位
6. 品保單位
7. APQP跨功能小組；IUC：1. 途程單（樣品）
2. PFMEA失效模式效應分析
3. 設備機台保養計畫表
4. 防誤一覽表
5. 生產參數標準
6. 檢驗規格標準
7. 檢驗記錄
8. MSA測試計劃
9. 可靠度測試報告
10. 安全性測試報告
11. 出貨報告（Certificate Of Analysis）
12. APQP產品階段點檢表
13. 產品階段總覽表
14. APQP專案會議記錄）",CD103-1,RCM;研發循環;累積範本;去識別範本,2026-08-26 16:28:14
PL-CD103-2,有效的產品試作及測試,研發循環,CD-103,產品試作與測試作業,製造／生產,製造／生產,貧乏的工程設計與未標準化的作業程序,營運面,,[營運] 貧乏的工程設計與未標準化的作業程序,,,,,有效的產品試作及測試,新產品試量產階段之執行應包含風險評估、客戶驗證批結果報告之取得與試量產生產計畫等工作。,不定期,"1. 事業開發處
2. 生管單位
3. 物管單位
4. 製造單位
5. 品保單位
6. APQP跨功能小組","1. 途程單（試產）
2. 物料需求表
3. 檢驗記錄
4. 廠內品質異常處理單
5. MSA評價
6. 零組件送樣保證書
7. 可靠度測試報告
8. 安全性測試報告
9. 設計變更通知單
10. 新產品導入量產確認表
11.APQP產品階段點檢表
12. 產品階段總覽表
13. APQP專案會議記錄
14. ORT測試計劃書
15. 管制計畫",,"1. 先期產品品質規劃程序
2. 量測系統分析程序
3. 可靠度試驗管理程序
4. 檢驗與測試程序
5. 矯正與預防措施管制程序",,"1. 途程單（試產）
2. 物料需求表
3. 檢驗記錄
4. 廠內品質異常處理單
5. MSA評價
6. 零組件送樣保證書
7. 可靠度測試報告
8. 安全性測試報告
9. 設計變更通知單
10. 新產品導入量產確認表
11.APQP產品階段點檢表
12. 產品階段總覽表
13. APQP專案會議記錄
14. ORT測試計劃書
15. 管制計畫",,,,,,,人工,預防性 (Preventive),,,,"1. 途程單（試產）
2. 物料需求表
3. 檢驗記錄
4. 廠內品質異常處理單
5. MSA評價
6. 零組件送樣保證書
7. 可靠度測試報告
8. 安全性測試報告
9. 設計變更通知單
10. 新產品導入量產確認表
11.APQP產品階段點檢表
12. 產品階段總覽表
13. APQP專案會議記錄
14. ORT測試計劃書
15. 管制計畫",,,"就公司現行研發循環作業，為因應「製造／生產」風險——貧乏的工程設計與未標準化的作業程序（風險三大屬性—財務報導：（未填）；營運：[營運] 貧乏的工程設計與未標準化的作業程序；法令遵循：（未填）；RoMM：（RoMM 分類未填）；重大科目／聲明：（重大科目未填）／（聲明未填）），設計控制目標為「有效的產品試作及測試」。由1. 事業開發處
2. 生管單位
3. 物管單位
4. 製造單位
5. 品保單位
6. APQP跨功能小組以人工方式、採預防性控制取向、屬（類型未填）類型，依不定期執行下列控制活動：新產品試量產階段之執行應包含風險評估、客戶驗證批結果報告之取得與試量產生產計畫等工作。。控制執行時使用之 IUC／制度為「1. 途程單（試產）
2. 物料需求表
3. 檢驗記錄
4. 廠內品質異常處理單
5. MSA評價
6. 零組件送樣保證書
7. 可靠度測試報告
8. 安全性測試報告
9. 設計變更通知單
10. 新產品導入量產確認表
11.APQP產品階段點檢表
12. 產品階段總覽表
13. APQP專案會議記錄
14. ORT測試計劃書
15. 管制計畫」。投入（Inputs）：1. 途程單（試產）
2. 物料需求表
3. 檢驗記錄
4. 廠內品質異常處理單
5. MSA評價
6. 零組件送樣保證書
7. 可靠度測試報告
8. 安全性測試報告
9. 設計變更通知單
10. 新產品導入量產確認表
11.APQP產品階段點檢表
12. 產品階段總覽表
13. APQP專案會議記錄
14. ORT測試計劃書
15. 管制計畫。覆核／執行步驟（Specific activities）：新產品試量產階段之執行應包含風險評估、客戶驗證批結果報告之取得與試量產生產計畫等工作。。產出（Outputs）：1. 途程單（試產）
2. 物料需求表
3. 檢驗記錄
4. 廠內品質異常處理單
5. MSA評價
6. 零組件送樣保證書
7. 可靠度測試報告
8. 安全性測試報告
9. 設計變更通知單
10. 新產品導入量產確認表
11.APQP產品階段點檢表
12. 產品階段總覽表
13. APQP專案會議記錄
14. ORT測試計劃書
15. 管制計畫。","[研發循環｜製造／生產] 有效的產品試作及測試：新產品試量產階段之執行應包含風險評估、客戶驗證批結果報告之取得與試量產生產計畫等工作。（頻率：不定期；負責：1. 事業開發處
2. 生管單位
3. 物管單位
4. 製造單位
5. 品保單位
6. APQP跨功能小組；IUC：1. 途程單（試產）
2. 物料需求表
3. 檢驗記錄
4. 廠內品質異常處理單
5. MSA評價
6. 零組件送樣保證書
7. 可靠度測試報告
8. 安全性測試報告
9. 設計變更通知單
10. 新產品導入量產確認表
11.APQP產品階段點檢表
12. 產品階段總覽表
13. APQP專案會議記錄
14. ORT測試計劃書
15. 管制計畫）",CD103-2,RCM;研發循環;累積範本;去識別範本,2026-08-26 16:28:14
PL-CD103-3,有效的產品量產規劃,研發循環,CD-103,產品試作與測試作業,製造／生產,製造／生產,生產規劃不當,營運面,,[營運] 生產規劃不當,,,,,有效的產品量產規劃,產品移轉量產前，應取得客戶同意產品之設計。,不定期,"1. 事業開發處
2. 生管單位
3. 品保單位
4. APQP跨功能小組","1. 客戶訂單需求mail
2. APQP專案會議記錄",,先期產品品質規劃程序,,"1. 客戶訂單需求mail
2. APQP專案會議記錄",,,,,,,人工,預防性 (Preventive),,,,"1. 客戶訂單需求mail
2. APQP專案會議記錄",,,"就公司現行研發循環作業，為因應「製造／生產」風險——生產規劃不當（風險三大屬性—財務報導：（未填）；營運：[營運] 生產規劃不當；法令遵循：（未填）；RoMM：（RoMM 分類未填）；重大科目／聲明：（重大科目未填）／（聲明未填）），設計控制目標為「有效的產品量產規劃」。由1. 事業開發處
2. 生管單位
3. 品保單位
4. APQP跨功能小組以人工方式、採預防性控制取向、屬（類型未填）類型，依不定期執行下列控制活動：產品移轉量產前，應取得客戶同意產品之設計。。控制執行時使用之 IUC／制度為「1. 客戶訂單需求mail
2. APQP專案會議記錄」。投入（Inputs）：1. 客戶訂單需求mail
2. APQP專案會議記錄。覆核／執行步驟（Specific activities）：產品移轉量產前，應取得客戶同意產品之設計。。產出（Outputs）：1. 客戶訂單需求mail
2. APQP專案會議記錄。","[研發循環｜製造／生產] 有效的產品量產規劃：產品移轉量產前，應取得客戶同意產品之設計。（頻率：不定期；負責：1. 事業開發處
2. 生管單位
3. 品保單位
4. APQP跨功能小組；IUC：1. 客戶訂單需求mail
2. APQP專案會議記錄）",CD103-3,RCM;研發循環;累積範本;去識別範本,2026-08-26 16:28:14
PL-CD103-4,有效的產品量產規劃,研發循環,CD-103,產品試作與測試作業,製造／生產,製造／生產,對新產品的技術評估不適當,營運面,,[營運] 對新產品的技術評估不適當,,,,,有效的產品量產規劃,產品移轉量產前應經相關人員確認，並經權責主管核准後始可進入產品量產階段。,不定期,"1. 事業開發處
2. 生管單位
3. 物管單位
4. 製造單位
5. 品保單位
6. APQP跨功能小組","1. 途程單（量產）
2. 物料需求表
3. 檢驗記錄
4. 廠內品質異常處理單
5. 管制計畫
6. 可靠度測試報告
7. 安全性測試報告
8. ORT測試報告
9. 工程變更需求單
10. 客戶滿意度調查表
11. 經驗教訓登記表
12. APQP產品階段點檢表
13. 產品階段總覽表
14. APQP專案會議記錄",,"1. 先期產品品質規劃程序
2. 可靠度試驗管理程序
3. 檢驗與測試程序
4. 矯正與預防措施管制程序",,"1. 途程單（量產）
2. 物料需求表
3. 檢驗記錄
4. 廠內品質異常處理單
5. 管制計畫
6. 可靠度測試報告
7. 安全性測試報告
8. ORT測試報告
9. 工程變更需求單
10. 客戶滿意度調查表
11. 經驗教訓登記表
12. APQP產品階段點檢表
13. 產品階段總覽表
14. APQP專案會議記錄",,,,,,,人工,預防性 (Preventive),,,,"1. 途程單（量產）
2. 物料需求表
3. 檢驗記錄
4. 廠內品質異常處理單
5. 管制計畫
6. 可靠度測試報告
7. 安全性測試報告
8. ORT測試報告
9. 工程變更需求單
10. 客戶滿意度調查表
11. 經驗教訓登記表
12. APQP產品階段點檢表
13. 產品階段總覽表
14. APQP專案會議記錄",,,"就公司現行研發循環作業，為因應「製造／生產」風險——對新產品的技術評估不適當（風險三大屬性—財務報導：（未填）；營運：[營運] 對新產品的技術評估不適當；法令遵循：（未填）；RoMM：（RoMM 分類未填）；重大科目／聲明：（重大科目未填）／（聲明未填）），設計控制目標為「有效的產品量產規劃」。由1. 事業開發處
2. 生管單位
3. 物管單位
4. 製造單位
5. 品保單位
6. APQP跨功能小組以人工方式、採預防性控制取向、屬（類型未填）類型，依不定期執行下列控制活動：產品移轉量產前應經相關人員確認，並經權責主管核准後始可進入產品量產階段。。控制執行時使用之 IUC／制度為「1. 途程單（量產）
2. 物料需求表
3. 檢驗記錄
4. 廠內品質異常處理單
5. 管制計畫
6. 可靠度測試報告
7. 安全性測試報告
8. ORT測試報告
9. 工程變更需求單
10. 客戶滿意度調查表
11. 經驗教訓登記表
12. APQP產品階段點檢表
13. 產品階段總覽表
14. APQP專案會議記錄」。投入（Inputs）：1. 途程單（量產）
2. 物料需求表
3. 檢驗記錄
4. 廠內品質異常處理單
5. 管制計畫
6. 可靠度測試報告
7. 安全性測試報告
8. ORT測試報告
9. 工程變更需求單
10. 客戶滿意度調查表
11. 經驗教訓登記表
12. APQP產品階段點檢表
13. 產品階段總覽表
14. APQP專案會議記錄。覆核／執行步驟（Specific activities）：產品移轉量產前應經相關人員確認，並經權責主管核准後始可進入產品量產階段。。產出（Outputs）：1. 途程單（量產）
2. 物料需求表
3. 檢驗記錄
4. 廠內品質異常處理單
5. 管制計畫
6. 可靠度測試報告
7. 安全性測試報告
8. ORT測試報告
9. 工程變更需求單
10. 客戶滿意度調查表
11. 經驗教訓登記表
12. APQP產品階段點檢表
13. 產品階段總覽表
14. APQP專案會議記錄。","[研發循環｜製造／生產] 有效的產品量產規劃：產品移轉量產前應經相關人員確認，並經權責主管核准後始可進入產品量產階段。（頻率：不定期；負責：1. 事業開發處
2. 生管單位
3. 物管單位
4. 製造單位
5. 品保單位
6. APQP跨功能小組；IUC：1. 途程單（量產）
2. 物料需求表
3. 檢驗記錄
4. 廠內品質異常處理單
5. 管制計畫
6. 可靠度測試報告
7. 安全性測試報告
8. ORT測試報告
9. 工程變更需求單
10. 客戶滿意度調查表
11. 經驗教訓登記表
12. APQP產品階段點檢表
13. 產品階段總覽表
14. APQP專案會議記錄）",CD103-4,RCM;研發循環;累積範本;去識別範本,2026-08-26 16:28:14
PL-CD104-1,保障公司智慧財產權,研發循環,CD-104,研發資訊與檔記錄保管作業,智慧財產權,智慧財產權,使用智慧財產權的保護措施不足,遵循面,,,[法令遵循] 使用智慧財產權的保護措施不足,,,,保障公司智慧財產權,研發資訊及文件應經核准後歸檔，並由專人保管，以保護公司之智慧財產權且可證明該成果係自行研發。,持續,文件管制單位,"1. DCC文件儲存磁碟區(一般)之截圖
2. DCC文件儲存磁碟區(加密)之截圖",,文件與記錄管理作業程序,營業秘密法,"1. DCC文件儲存磁碟區(一般)之截圖
2. DCC文件儲存磁碟區(加密)之截圖",,,,,,,人工,預防性 (Preventive),,,,"1. DCC文件儲存磁碟區(一般)之截圖
2. DCC文件儲存磁碟區(加密)之截圖",,,"就公司現行研發循環作業，為因應「智慧財產權」風險——使用智慧財產權的保護措施不足（風險三大屬性—財務報導：（未填）；營運：（未填）；法令遵循：[法令遵循] 使用智慧財產權的保護措施不足；RoMM：（RoMM 分類未填）；重大科目／聲明：（重大科目未填）／（聲明未填）），設計控制目標為「保障公司智慧財產權」。由文件管制單位以人工方式、採預防性控制取向、屬（類型未填）類型，依持續執行下列控制活動：研發資訊及文件應經核准後歸檔，並由專人保管，以保護公司之智慧財產權且可證明該成果係自行研發。。控制執行時使用之 IUC／制度為「1. DCC文件儲存磁碟區(一般)之截圖
2. DCC文件儲存磁碟區(加密)之截圖」。投入（Inputs）：1. DCC文件儲存磁碟區(一般)之截圖
2. DCC文件儲存磁碟區(加密)之截圖。覆核／執行步驟（Specific activities）：研發資訊及文件應經核准後歸檔，並由專人保管，以保護公司之智慧財產權且可證明該成果係自行研發。。產出（Outputs）：1. DCC文件儲存磁碟區(一般)之截圖
2. DCC文件儲存磁碟區(加密)之截圖。","[研發循環｜智慧財產權] 保障公司智慧財產權：研發資訊及文件應經核准後歸檔，並由專人保管，以保護公司之智慧財產權且可證明該成果係自行研發。（頻率：持續；負責：文件管制單位；IUC：1. DCC文件儲存磁碟區(一般)之截圖
2. DCC文件儲存磁碟區(加密)之截圖）",CD104-1,RCM;研發循環;累積範本;去識別範本,2026-08-26 16:28:14
PL-CD104-2,妥善保護公司機密資訊,研發循環,CD-104,研發資訊與檔記錄保管作業,無形資產,無形資產,營業秘密遭盜取,營運面,,[營運] 營業秘密遭盜取,,,,,妥善保護公司機密資訊,研發資訊及文件之安全控管應嚴謹，且其保密義務應配合公司之營業秘密保護相關規範及資訊安全相關政策執行。,持續,文件管制單位,"1. DCC文件儲存磁碟區(一般)之截圖
2. DCC文件儲存磁碟區(加密)之截圖
3. 文件與記錄管理作業程序",,文件與記錄管理作業程序,營業秘密法,"1. DCC文件儲存磁碟區(一般)之截圖
2. DCC文件儲存磁碟區(加密)之截圖
3. 文件與記錄管理作業程序",,,,,,,自動,預防性 (Preventive),,,,"1. DCC文件儲存磁碟區(一般)之截圖
2. DCC文件儲存磁碟區(加密)之截圖
3. 文件與記錄管理作業程序",,,"就公司現行研發循環作業，為因應「無形資產」風險——營業秘密遭盜取（風險三大屬性—財務報導：（未填）；營運：[營運] 營業秘密遭盜取；法令遵循：（未填）；RoMM：（RoMM 分類未填）；重大科目／聲明：（重大科目未填）／（聲明未填）），設計控制目標為「妥善保護公司機密資訊」。由文件管制單位以自動方式、採預防性控制取向、屬（類型未填）類型，依持續執行下列控制活動：研發資訊及文件之安全控管應嚴謹，且其保密義務應配合公司之營業秘密保護相關規範及資訊安全相關政策執行。。控制執行時使用之 IUC／制度為「1. DCC文件儲存磁碟區(一般)之截圖
2. DCC文件儲存磁碟區(加密)之截圖
3. 文件與記錄管理作業程序」。投入（Inputs）：1. DCC文件儲存磁碟區(一般)之截圖
2. DCC文件儲存磁碟區(加密)之截圖
3. 文件與記錄管理作業程序。覆核／執行步驟（Specific activities）：研發資訊及文件之安全控管應嚴謹，且其保密義務應配合公司之營業秘密保護相關規範及資訊安全相關政策執行。。產出（Outputs）：1. DCC文件儲存磁碟區(一般)之截圖
2. DCC文件儲存磁碟區(加密)之截圖
3. 文件與記錄管理作業程序。","[研發循環｜無形資產] 妥善保護公司機密資訊：研發資訊及文件之安全控管應嚴謹，且其保密義務應配合公司之營業秘密保護相關規範及資訊安全相關政策執行。（頻率：持續；負責：文件管制單位；IUC：1. DCC文件儲存磁碟區(一般)之截圖
2. DCC文件儲存磁碟區(加密)之截圖
3. 文件與記錄管理作業程序）",CD104-2,RCM;研發循環;累積範本;去識別範本,2026-08-26 16:28:14
PL-CD104-3,妥善保護公司機密資訊,研發循環,CD-104,研發資訊與檔記錄保管作業,資訊安全,資訊安全,無效果／無效率的存取控制,營運面,,[營運] 無效果／無效率的存取控制,,,,,妥善保護公司機密資訊,研發資訊及文件之借閱應經核准後始得借閱。,不定期,文件管制單位,DCC文件儲存磁碟區(加密)之截圖,,文件與記錄管理作業程序,營業秘密法,DCC文件儲存磁碟區(加密)之截圖,,,,,,,人工,預防性 (Preventive),,,,DCC文件儲存磁碟區(加密)之截圖,,,就公司現行研發循環作業，為因應「資訊安全」風險——無效果／無效率的存取控制（風險三大屬性—財務報導：（未填）；營運：[營運] 無效果／無效率的存取控制；法令遵循：（未填）；RoMM：（RoMM 分類未填）；重大科目／聲明：（重大科目未填）／（聲明未填）），設計控制目標為「妥善保護公司機密資訊」。由文件管制單位以人工方式、採預防性控制取向、屬（類型未填）類型，依不定期執行下列控制活動：研發資訊及文件之借閱應經核准後始得借閱。。控制執行時使用之 IUC／制度為「DCC文件儲存磁碟區(加密)之截圖」。投入（Inputs）：DCC文件儲存磁碟區(加密)之截圖。覆核／執行步驟（Specific activities）：研發資訊及文件之借閱應經核准後始得借閱。。產出（Outputs）：DCC文件儲存磁碟區(加密)之截圖。,[研發循環｜資訊安全] 妥善保護公司機密資訊：研發資訊及文件之借閱應經核准後始得借閱。（頻率：不定期；負責：文件管制單位；IUC：DCC文件儲存磁碟區(加密)之截圖）,CD104-3,RCM;研發循環;累積範本;去識別範本,2026-08-26 16:28:14
PL-CD104-4,研發資訊正確更新,研發循環,CD-104,研發資訊與檔記錄保管作業,智慧財產權,智慧財產權,使用智慧財產權的保護措施不足,遵循面,,,[法令遵循] 使用智慧財產權的保護措施不足,,,,研發資訊正確更新,研發資訊及文件之修訂應由專人進行修訂版本控管。,不定期,文件管制單位,"1. 文件制修廢申請單
2. 文件一覽表",,"1. 文件與記錄管理作業程序
2. 文件撰寫作業指導書
3. 文件編碼原則",營業秘密法,"1. 文件制修廢申請單
2. 文件一覽表",,,,,,,人工,偵測性 (Detective),,,,"1. 文件制修廢申請單
2. 文件一覽表",,,"就公司現行研發循環作業，為因應「智慧財產權」風險——使用智慧財產權的保護措施不足（風險三大屬性—財務報導：（未填）；營運：（未填）；法令遵循：[法令遵循] 使用智慧財產權的保護措施不足；RoMM：（RoMM 分類未填）；重大科目／聲明：（重大科目未填）／（聲明未填）），設計控制目標為「研發資訊正確更新」。由文件管制單位以人工方式、採偵測性控制取向、屬（類型未填）類型，依不定期執行下列控制活動：研發資訊及文件之修訂應由專人進行修訂版本控管。。控制執行時使用之 IUC／制度為「1. 文件制修廢申請單
2. 文件一覽表」。投入（Inputs）：1. 文件制修廢申請單
2. 文件一覽表。覆核／執行步驟（Specific activities）：研發資訊及文件之修訂應由專人進行修訂版本控管。。產出（Outputs）：1. 文件制修廢申請單
2. 文件一覽表。","[研發循環｜智慧財產權] 研發資訊正確更新：研發資訊及文件之修訂應由專人進行修訂版本控管。（頻率：不定期；負責：文件管制單位；IUC：1. 文件制修廢申請單
2. 文件一覽表）",CD104-4,RCM;研發循環;累積範本;去識別範本,2026-08-26 16:28:14
PL-CD105-1,專利申請應經適當審查核可,研發循環,CD-105,智慧財產權之取得、維護及運用作業,智慧財產權,智慧財產權,未能有效保護智慧財產權相關的敏感資料,遵循面,,,[法令遵循] 未能有效保護智慧財產權相關的敏感資料,,,,專利申請應經適當審查核可,專利申請需求應經適當內部審查及核准後，始得對外公開並提出申請。,不定期,專利單位,"1. 專利相關申請需求表
2. 初步相關前案檢索報告
3. 專利揭露書
4. 專利說明書",,專利新案申請管理辦法,"1. 營業秘密法
2. 專利相關法規","1. 專利相關申請需求表
2. 初步相關前案檢索報告
3. 專利揭露書
4. 專利說明書",,,,,,,人工,預防性 (Preventive),,,,"1. 專利相關申請需求表
2. 初步相關前案檢索報告
3. 專利揭露書
4. 專利說明書",,,"就公司現行研發循環作業，為因應「智慧財產權」風險——未能有效保護智慧財產權相關的敏感資料（風險三大屬性—財務報導：（未填）；營運：（未填）；法令遵循：[法令遵循] 未能有效保護智慧財產權相關的敏感資料；RoMM：（RoMM 分類未填）；重大科目／聲明：（重大科目未填）／（聲明未填）），設計控制目標為「專利申請應經適當審查核可」。由專利單位以人工方式、採預防性控制取向、屬（類型未填）類型，依不定期執行下列控制活動：專利申請需求應經適當內部審查及核准後，始得對外公開並提出申請。。控制執行時使用之 IUC／制度為「1. 專利相關申請需求表
2. 初步相關前案檢索報告
3. 專利揭露書
4. 專利說明書」。投入（Inputs）：1. 專利相關申請需求表
2. 初步相關前案檢索報告
3. 專利揭露書
4. 專利說明書。覆核／執行步驟（Specific activities）：專利申請需求應經適當內部審查及核准後，始得對外公開並提出申請。。產出（Outputs）：1. 專利相關申請需求表
2. 初步相關前案檢索報告
3. 專利揭露書
4. 專利說明書。","[研發循環｜智慧財產權] 專利申請應經適當審查核可：專利申請需求應經適當內部審查及核准後，始得對外公開並提出申請。（頻率：不定期；負責：專利單位；IUC：1. 專利相關申請需求表
2. 初步相關前案檢索報告
3. 專利揭露書
4. 專利說明書）",CD105-1,RCM;研發循環;累積範本;去識別範本,2026-08-26 16:28:14
PL-CD105-2,適當監控專利申請進度,研發循環,CD-105,智慧財產權之取得、維護及運用作業,智慧財產權,智慧財產權,使用智慧財產權的保護措施不足,遵循面,,,[法令遵循] 使用智慧財產權的保護措施不足,,,,適當監控專利申請進度,智慧財產權管理單位應定期針對年度發展目標、預計發展之專案及預估之專利發展，進行專利申請進度之控管。,每年,專利單位,專利案件控管記錄,,,,專利案件控管記錄,,,,,,,人工,偵測性 (Detective),,,,專利案件控管記錄,,,就公司現行研發循環作業，為因應「智慧財產權」風險——使用智慧財產權的保護措施不足（風險三大屬性—財務報導：（未填）；營運：（未填）；法令遵循：[法令遵循] 使用智慧財產權的保護措施不足；RoMM：（RoMM 分類未填）；重大科目／聲明：（重大科目未填）／（聲明未填）），設計控制目標為「適當監控專利申請進度」。由專利單位以人工方式、採偵測性控制取向、屬（類型未填）類型，依每年執行下列控制活動：智慧財產權管理單位應定期針對年度發展目標、預計發展之專案及預估之專利發展，進行專利申請進度之控管。。控制執行時使用之 IUC／制度為「專利案件控管記錄」。投入（Inputs）：專利案件控管記錄。覆核／執行步驟（Specific activities）：智慧財產權管理單位應定期針對年度發展目標、預計發展之專案及預估之專利發展，進行專利申請進度之控管。。產出（Outputs）：專利案件控管記錄。,[研發循環｜智慧財產權] 適當監控專利申請進度：智慧財產權管理單位應定期針對年度發展目標、預計發展之專案及預估之專利發展，進行專利申請進度之控管。（頻率：每年；負責：專利單位；IUC：專利案件控管記錄）,CD105-2,RCM;研發循環;累積範本;去識別範本,2026-08-26 16:28:14
PL-CD105-3,妥善保護公司機密資訊,研發循環,CD-105,智慧財產權之取得、維護及運用作業,無形資產,無形資產,營業秘密遭盜取,營運面,,[營運] 營業秘密遭盜取,,,,,妥善保護公司機密資訊,智慧財產權相關資訊之安全控管應嚴謹，且其保密義務應配合公司之營業秘密保護相關規範及資訊安全相關政策執行。,持續,Refer o 薪工循環 CW101-7 & CD104-1 & CD105-4,Refer o 薪工循環 CW101-7 & CD104-1 & CD105-4,Refer o 薪工循環 CW101-7 & CD104-1 & CD105-4,Refer o 薪工循環 CW101-7 & CD104-1 & CD105-4,Refer o 薪工循環 CW101-7 & CD104-1 & CD105-4,Refer o 薪工循環 CW101-7 & CD104-1 & CD105-4,,,,,,,人工,預防性 (Preventive),,,,Refer o 薪工循環 CW101-7 & CD104-1 & CD105-4,,,就公司現行研發循環作業，為因應「無形資產」風險——營業秘密遭盜取（風險三大屬性—財務報導：（未填）；營運：[營運] 營業秘密遭盜取；法令遵循：（未填）；RoMM：（RoMM 分類未填）；重大科目／聲明：（重大科目未填）／（聲明未填）），設計控制目標為「妥善保護公司機密資訊」。由Refer o 薪工循環 CW101-7 & CD104-1 & CD105-4以人工方式、採預防性控制取向、屬（類型未填）類型，依持續執行下列控制活動：智慧財產權相關資訊之安全控管應嚴謹，且其保密義務應配合公司之營業秘密保護相關規範及資訊安全相關政策執行。。控制執行時使用之 IUC／制度為「Refer o 薪工循環 CW101-7 & CD104-1 & CD105-4」。投入（Inputs）：Refer o 薪工循環 CW101-7 & CD104-1 & CD105-4。覆核／執行步驟（Specific activities）：智慧財產權相關資訊之安全控管應嚴謹，且其保密義務應配合公司之營業秘密保護相關規範及資訊安全相關政策執行。。產出（Outputs）：Refer o 薪工循環 CW101-7 & CD104-1 & CD105-4。,[研發循環｜無形資產] 妥善保護公司機密資訊：智慧財產權相關資訊之安全控管應嚴謹，且其保密義務應配合公司之營業秘密保護相關規範及資訊安全相關政策執行。（頻率：持續；負責：Refer o 薪工循環 CW101-7 & CD104-1 & CD105-4；IUC：Refer o 薪工循環 CW101-7 & CD104-1 & CD105-4）,CD105-3,RCM;研發循環;累積範本;去識別範本,2026-08-26 16:28:14
PL-CD105-4,妥善保護公司機密資訊,研發循環,CD-105,智慧財產權之取得、維護及運用作業,智慧財產權,智慧財產權,未能有效保護智慧財產權相關的敏感資料,遵循面,,,[法令遵循] 未能有效保護智慧財產權相關的敏感資料,,,,妥善保護公司機密資訊,資訊保全機制應讓委外或供應廠商充分瞭解，並定期監督其落實性。,不定期,採購單位,採購合約書,,供應商管理程序,營業秘密法,採購合約書,,,,,,,人工,預防性 (Preventive),,,,採購合約書,,,就公司現行研發循環作業，為因應「智慧財產權」風險——未能有效保護智慧財產權相關的敏感資料（風險三大屬性—財務報導：（未填）；營運：（未填）；法令遵循：[法令遵循] 未能有效保護智慧財產權相關的敏感資料；RoMM：（RoMM 分類未填）；重大科目／聲明：（重大科目未填）／（聲明未填）），設計控制目標為「妥善保護公司機密資訊」。由採購單位以人工方式、採預防性控制取向、屬（類型未填）類型，依不定期執行下列控制活動：資訊保全機制應讓委外或供應廠商充分瞭解，並定期監督其落實性。。控制執行時使用之 IUC／制度為「採購合約書」。投入（Inputs）：採購合約書。覆核／執行步驟（Specific activities）：資訊保全機制應讓委外或供應廠商充分瞭解，並定期監督其落實性。。產出（Outputs）：採購合約書。,[研發循環｜智慧財產權] 妥善保護公司機密資訊：資訊保全機制應讓委外或供應廠商充分瞭解，並定期監督其落實性。（頻率：不定期；負責：採購單位；IUC：採購合約書）,CD105-4,RCM;研發循環;累積範本;去識別範本,2026-08-26 16:28:14
PL-CD105-5,持續性的專利維護,研發循環,CD-105,智慧財產權之取得、維護及運用作業,智慧財產權,智慧財產權,使用智慧財產權的保護措施不足,遵循面,,,[法令遵循] 使用智慧財產權的保護措施不足,,,,持續性的專利維護,智慧財產權管理單位應針對已領證之專利權定期執行盤點評估，以決定是否處分或維護專利。,每年,專利單位,專利管理系統,專利管理系統,,"1. 營業秘密法
2. 專利相關法規","1. 專利案件控管記錄
2. 專利維護確認書",,,,,,,人工,偵測性 (Detective),,,,"1. 專利案件控管記錄
2. 專利維護確認書",,,"就公司現行研發循環作業，為因應「智慧財產權」風險——使用智慧財產權的保護措施不足（風險三大屬性—財務報導：（未填）；營運：（未填）；法令遵循：[法令遵循] 使用智慧財產權的保護措施不足；RoMM：（RoMM 分類未填）；重大科目／聲明：（重大科目未填）／（聲明未填）），設計控制目標為「持續性的專利維護」。由專利單位以人工方式、採偵測性控制取向、屬（類型未填）類型，依每年執行下列控制活動：智慧財產權管理單位應針對已領證之專利權定期執行盤點評估，以決定是否處分或維護專利。。控制執行時使用之 IUC／制度為「專利管理系統」。投入（Inputs）：專利管理系統。覆核／執行步驟（Specific activities）：智慧財產權管理單位應針對已領證之專利權定期執行盤點評估，以決定是否處分或維護專利。。產出（Outputs）：1. 專利案件控管記錄
2. 專利維護確認書。",[研發循環｜智慧財產權] 持續性的專利維護：智慧財產權管理單位應針對已領證之專利權定期執行盤點評估，以決定是否處分或維護專利。（頻率：每年；負責：專利單位；IUC：專利管理系統）,CD105-5,RCM;研發循環;累積範本;去識別範本,2026-08-26 16:28:14
PL-CD105-6,妥善保護公司機密資訊,研發循環,CD-105,智慧財產權之取得、維護及運用作業,無形資產,無形資產,營業秘密遭盜取,營運面,,[營運] 營業秘密遭盜取,,,,,妥善保護公司機密資訊,專利取得過程中，相關產出之文件應妥善歸檔保存。,持續,專利單位,專利管理系統,專利管理系統,,"1. 營業秘密法
2. 專利相關法規",專利案件控管記錄,,,,,,,自動,預防性 (Preventive),,,,專利案件控管記錄,,,就公司現行研發循環作業，為因應「無形資產」風險——營業秘密遭盜取（風險三大屬性—財務報導：（未填）；營運：[營運] 營業秘密遭盜取；法令遵循：（未填）；RoMM：（RoMM 分類未填）；重大科目／聲明：（重大科目未填）／（聲明未填）），設計控制目標為「妥善保護公司機密資訊」。由專利單位以自動方式、採預防性控制取向、屬（類型未填）類型，依持續執行下列控制活動：專利取得過程中，相關產出之文件應妥善歸檔保存。。控制執行時使用之 IUC／制度為「專利管理系統」。投入（Inputs）：專利管理系統。覆核／執行步驟（Specific activities）：專利取得過程中，相關產出之文件應妥善歸檔保存。。產出（Outputs）：專利案件控管記錄。,[研發循環｜無形資產] 妥善保護公司機密資訊：專利取得過程中，相關產出之文件應妥善歸檔保存。（頻率：持續；負責：專利單位；IUC：專利管理系統）,CD105-6,RCM;研發循環;累積範本;去識別範本,2026-08-26 16:28:14
PL-CD105-7,遵守智慧財產權相關法令規範,研發循環,CD-105,智慧財產權之取得、維護及運用作業,品牌與聲譽,品牌與聲譽,未能有效的保護企業品牌形象,營運面,,[營運] 未能有效的保護企業品牌形象,,,,,遵守智慧財產權相關法令規範,公司設置新商標或欲延展既有商標權時應依據「商標法」準備相關文件，並經權責主管核准後送主管機關取得申請註冊核可或延展。,持續,"1. 行銷單位
2. 專利單位",簽呈,,智慧財產權管理制度,商標相關法規,簽呈,,,,,,,人工,預防性 (Preventive),,,,簽呈,,,"就公司現行研發循環作業，為因應「品牌與聲譽」風險——未能有效的保護企業品牌形象（風險三大屬性—財務報導：（未填）；營運：[營運] 未能有效的保護企業品牌形象；法令遵循：（未填）；RoMM：（RoMM 分類未填）；重大科目／聲明：（重大科目未填）／（聲明未填）），設計控制目標為「遵守智慧財產權相關法令規範」。由1. 行銷單位
2. 專利單位以人工方式、採預防性控制取向、屬（類型未填）類型，依持續執行下列控制活動：公司設置新商標或欲延展既有商標權時應依據「商標法」準備相關文件，並經權責主管核准後送主管機關取得申請註冊核可或延展。。控制執行時使用之 IUC／制度為「簽呈」。投入（Inputs）：簽呈。覆核／執行步驟（Specific activities）：公司設置新商標或欲延展既有商標權時應依據「商標法」準備相關文件，並經權責主管核准後送主管機關取得申請註冊核可或延展。。產出（Outputs）：簽呈。","[研發循環｜品牌與聲譽] 遵守智慧財產權相關法令規範：公司設置新商標或欲延展既有商標權時應依據「商標法」準備相關文件，並經權責主管核准後送主管機關取得申請註冊核可或延展。（頻率：持續；負責：1. 行銷單位
2. 專利單位；IUC：簽呈）",CD105-7,RCM;研發循環;累積範本;去識別範本,2026-08-26 16:28:14
PL-CD105-8,遵守智慧財產權相關法令規範,研發循環,CD-105,智慧財產權之取得、維護及運用作業,智慧財產權,智慧財產權,未註冊智慧財產權,遵循面,,,[法令遵循] 未註冊智慧財產權,,,,遵守智慧財產權相關法令規範,以公司名義對外發表文章，應經權責主管核准後使可發布。,不定期,行銷單位,"不拘形式取得權責主管之核准 (例如: mail, 會議決議、即時通訊軟體、秘書口頭轉達、秘書電話通知…等)",,"1. Sales Tooling管理辦法
2. 線上推廣規範","1. 營業秘密法
2. 著作權法","不拘形式取得權責主管之核准 (例如: mail, 會議決議、即時通訊軟體、秘書口頭轉達、秘書電話通知…等)",,,,,,,人工,預防性 (Preventive),,,,"不拘形式取得權責主管之核准 (例如: mail, 會議決議、即時通訊軟體、秘書口頭轉達、秘書電話通知…等)",,,"就公司現行研發循環作業，為因應「智慧財產權」風險——未註冊智慧財產權（風險三大屬性—財務報導：（未填）；營運：（未填）；法令遵循：[法令遵循] 未註冊智慧財產權；RoMM：（RoMM 分類未填）；重大科目／聲明：（重大科目未填）／（聲明未填）），設計控制目標為「遵守智慧財產權相關法令規範」。由行銷單位以人工方式、採預防性控制取向、屬（類型未填）類型，依不定期執行下列控制活動：以公司名義對外發表文章，應經權責主管核准後使可發布。。控制執行時使用之 IUC／制度為「不拘形式取得權責主管之核准 (例如: mail, 會議決議、即時通訊軟體、秘書口頭轉達、秘書電話通知…等)」。投入（Inputs）：不拘形式取得權責主管之核准 (例如: mail, 會議決議、即時通訊軟體、秘書口頭轉達、秘書電話通知…等)。覆核／執行步驟（Specific activities）：以公司名義對外發表文章，應經權責主管核准後使可發布。。產出（Outputs）：不拘形式取得權責主管之核准 (例如: mail, 會議決議、即時通訊軟體、秘書口頭轉達、秘書電話通知…等)。","[研發循環｜智慧財產權] 遵守智慧財產權相關法令規範：以公司名義對外發表文章，應經權責主管核准後使可發布。（頻率：不定期；負責：行銷單位；IUC：不拘形式取得權責主管之核准 (例如: mail, 會議決議、即時通訊軟體、秘書口頭轉達、秘書電話通知…等)）",CD105-8,RCM;研發循環;累積範本;去識別範本,2026-08-26 16:28:14
PL-CD105-9,侵權糾紛處理依據公司規範執行,研發循環,CD-105,智慧財產權之取得、維護及運用作業,智慧財產權,智慧財產權,未能對國際專利權進行保護,遵循面,,,[法令遵循] 未能對國際專利權進行保護,,,,侵權糾紛處理依據公司規範執行,公司應訂定侵權糾紛處理程序，包含確認侵權事實、尋找最低成本解決方式、法律程序啟動及後續追蹤機制。,持續,專利單位,"1. 專利相關申請需求表
2. 專利侵權評估書",,專利侵權比對申請管理辦法,"1. 營業秘密法
2. 專利相關法規","1. 專利相關申請需求表
2. 專利侵權評估書",,,,,,,人工,預防性 (Preventive),,,,"1. 專利相關申請需求表
2. 專利侵權評估書",,,"就公司現行研發循環作業，為因應「智慧財產權」風險——未能對國際專利權進行保護（風險三大屬性—財務報導：（未填）；營運：（未填）；法令遵循：[法令遵循] 未能對國際專利權進行保護；RoMM：（RoMM 分類未填）；重大科目／聲明：（重大科目未填）／（聲明未填）），設計控制目標為「侵權糾紛處理依據公司規範執行」。由專利單位以人工方式、採預防性控制取向、屬（類型未填）類型，依持續執行下列控制活動：公司應訂定侵權糾紛處理程序，包含確認侵權事實、尋找最低成本解決方式、法律程序啟動及後續追蹤機制。。控制執行時使用之 IUC／制度為「1. 專利相關申請需求表
2. 專利侵權評估書」。投入（Inputs）：1. 專利相關申請需求表
2. 專利侵權評估書。覆核／執行步驟（Specific activities）：公司應訂定侵權糾紛處理程序，包含確認侵權事實、尋找最低成本解決方式、法律程序啟動及後續追蹤機制。。產出（Outputs）：1. 專利相關申請需求表
2. 專利侵權評估書。","[研發循環｜智慧財產權] 侵權糾紛處理依據公司規範執行：公司應訂定侵權糾紛處理程序，包含確認侵權事實、尋找最低成本解決方式、法律程序啟動及後續追蹤機制。（頻率：持續；負責：專利單位；IUC：1. 專利相關申請需求表
2. 專利侵權評估書）",CD105-9,RCM;研發循環;累積範本;去識別範本,2026-08-26 16:28:14
PL-CW101-1,各職責經主管確認且與公司願景一致。,薪工循環,CW-101,招募與聘用管理,組織架構,組織架構,權責劃分不清楚,營運面,,[營運] 權責劃分不清楚,,,,,各職責經主管確認且與公司願景一致。,人力資源處應配合各部門主管針對各職務工作，明確定義其工作說明書。,不定期,人資單位,部門職掌規範,,部門職掌規範,,部門職掌規範,,,,,,,人工,預防性 (Preventive),,,,部門職掌規範,,,就公司現行薪工循環作業，為因應「組織架構」風險——權責劃分不清楚（風險三大屬性—財務報導：（未填）；營運：[營運] 權責劃分不清楚；法令遵循：（未填）；RoMM：（RoMM 分類未填）；重大科目／聲明：（重大科目未填）／（聲明未填）），設計控制目標為「各職責經主管確認且與公司願景一致。」。由人資單位以人工方式、採預防性控制取向、屬（類型未填）類型，依不定期執行下列控制活動：人力資源處應配合各部門主管針對各職務工作，明確定義其工作說明書。。控制執行時使用之 IUC／制度為「部門職掌規範」。投入（Inputs）：部門職掌規範。覆核／執行步驟（Specific activities）：人力資源處應配合各部門主管針對各職務工作，明確定義其工作說明書。。產出（Outputs）：部門職掌規範。,[薪工循環｜組織架構] 各職責經主管確認且與公司願景一致。：人力資源處應配合各部門主管針對各職務工作，明確定義其工作說明書。（頻率：不定期；負責：人資單位；IUC：部門職掌規範）,CW101-1,RCM;薪工循環;累積範本;去識別範本,2026-08-26 16:28:14
PL-CW101-2,提升員工的工作滿意度及遠見，並降低員工流動率。,薪工循環,CW-101,招募與聘用管理,組織架構,組織架構,不適當的授權,營運面,,[營運] 不適當的授權,,,,,提升員工的工作滿意度及遠見，並降低員工流動率。,公司應配合人員職務性質及業務需要，實施職務輪調。,不定期／每月,人資單位,"1. 員工職務或單位異動單
2. 組織職務異動公告",,人員任用管理辦法,,"1. 員工職務或單位異動單
2. 組織職務異動公告",,,,,,,人工,預防性 (Preventive),,,,"1. 員工職務或單位異動單
2. 組織職務異動公告",,,"就公司現行薪工循環作業，為因應「組織架構」風險——不適當的授權（風險三大屬性—財務報導：（未填）；營運：[營運] 不適當的授權；法令遵循：（未填）；RoMM：（RoMM 分類未填）；重大科目／聲明：（重大科目未填）／（聲明未填）），設計控制目標為「提升員工的工作滿意度及遠見，並降低員工流動率。」。由人資單位以人工方式、採預防性控制取向、屬（類型未填）類型，依不定期／每月執行下列控制活動：公司應配合人員職務性質及業務需要，實施職務輪調。。控制執行時使用之 IUC／制度為「1. 員工職務或單位異動單
2. 組織職務異動公告」。投入（Inputs）：1. 員工職務或單位異動單
2. 組織職務異動公告。覆核／執行步驟（Specific activities）：公司應配合人員職務性質及業務需要，實施職務輪調。。產出（Outputs）：1. 員工職務或單位異動單
2. 組織職務異動公告。","[薪工循環｜組織架構] 提升員工的工作滿意度及遠見，並降低員工流動率。：公司應配合人員職務性質及業務需要，實施職務輪調。（頻率：不定期／每月；負責：人資單位；IUC：1. 員工職務或單位異動單
2. 組織職務異動公告）",CW101-2,RCM;薪工循環;累積範本;去識別範本,2026-08-26 16:28:14
PL-CW101-3,預算需依照公司政策及需求編列，以達公司資源最有效運用,薪工循環,CW-101,招募與聘用管理,人才管理／招聘,人才管理／招聘,人力資源需求規劃不當,營運面,,[營運] 人力資源需求規劃不當,,,,,預算需依照公司政策及需求編列，以達公司資源最有效運用,人力資源規劃及預算應定期依公司實際發展狀況及需求予以編制、調整，並呈權責主管檢視。,每年／每季,人資單位,"1. 各部門人力編制計畫
2. 人力編製之簽呈
3. 各季之人力需求紀錄",,人事管理制度,,"1. 各部門人力編制計畫
2. 人力編製之簽呈
3. 各季之人力需求紀錄",,,,,,,人工,預防性 (Preventive),,,,"1. 各部門人力編制計畫
2. 人力編製之簽呈
3. 各季之人力需求紀錄",,,"就公司現行薪工循環作業，為因應「人才管理／招聘」風險——人力資源需求規劃不當（風險三大屬性—財務報導：（未填）；營運：[營運] 人力資源需求規劃不當；法令遵循：（未填）；RoMM：（RoMM 分類未填）；重大科目／聲明：（重大科目未填）／（聲明未填）），設計控制目標為「預算需依照公司政策及需求編列，以達公司資源最有效運用」。由人資單位以人工方式、採預防性控制取向、屬（類型未填）類型，依每年／每季執行下列控制活動：人力資源規劃及預算應定期依公司實際發展狀況及需求予以編制、調整，並呈權責主管檢視。。控制執行時使用之 IUC／制度為「1. 各部門人力編制計畫
2. 人力編製之簽呈
3. 各季之人力需求紀錄」。投入（Inputs）：1. 各部門人力編制計畫
2. 人力編製之簽呈
3. 各季之人力需求紀錄。覆核／執行步驟（Specific activities）：人力資源規劃及預算應定期依公司實際發展狀況及需求予以編制、調整，並呈權責主管檢視。。產出（Outputs）：1. 各部門人力編制計畫
2. 人力編製之簽呈
3. 各季之人力需求紀錄。","[薪工循環｜人才管理／招聘] 預算需依照公司政策及需求編列，以達公司資源最有效運用：人力資源規劃及預算應定期依公司實際發展狀況及需求予以編制、調整，並呈權責主管檢視。（頻率：每年／每季；負責：人資單位；IUC：1. 各部門人力編制計畫
2. 人力編製之簽呈
3. 各季之人力需求紀錄）",CW101-3,RCM;薪工循環;累積範本;去識別範本,2026-08-26 16:28:14
PL-CW101-4,預算需依照公司政策及需求編列，以達公司資源最有效運用,薪工循環,CW-101,招募與聘用管理,營運計畫,營運計畫,不適當的資源配置,營運面,,[營運] 不適當的資源配置,,,,,預算需依照公司政策及需求編列，以達公司資源最有效運用,人員增補應符合人力資源規劃及相關預算編制，並經核准後辦理增補。,不定期／每月,人資單位,流程管理系統系統,流程管理系統系統,人事管理制度,,"1. 人力增補需求單
2. 組織系統圖
3. 年度預算編制外之簽呈（間接人員）
4. 年度預算編制外之簽呈（直接人員）",,,,,,,人工,預防性 (Preventive),,,,"1. 人力增補需求單
2. 組織系統圖
3. 年度預算編制外之簽呈（間接人員）
4. 年度預算編制外之簽呈（直接人員）",,,"就公司現行薪工循環作業，為因應「營運計畫」風險——不適當的資源配置（風險三大屬性—財務報導：（未填）；營運：[營運] 不適當的資源配置；法令遵循：（未填）；RoMM：（RoMM 分類未填）；重大科目／聲明：（重大科目未填）／（聲明未填）），設計控制目標為「預算需依照公司政策及需求編列，以達公司資源最有效運用」。由人資單位以人工方式、採預防性控制取向、屬（類型未填）類型，依不定期／每月執行下列控制活動：人員增補應符合人力資源規劃及相關預算編制，並經核准後辦理增補。。控制執行時使用之 IUC／制度為「流程管理系統系統」。投入（Inputs）：流程管理系統系統。覆核／執行步驟（Specific activities）：人員增補應符合人力資源規劃及相關預算編制，並經核准後辦理增補。。產出（Outputs）：1. 人力增補需求單
2. 組織系統圖
3. 年度預算編制外之簽呈（間接人員）
4. 年度預算編制外之簽呈（直接人員）。",[薪工循環｜營運計畫] 預算需依照公司政策及需求編列，以達公司資源最有效運用：人員增補應符合人力資源規劃及相關預算編制，並經核准後辦理增補。（頻率：不定期／每月；負責：人資單位；IUC：流程管理系統系統）,CW101-4,RCM;薪工循環;累積範本;去識別範本,2026-08-26 16:28:14
PL-CW101-5,新進員工資格符合公司要求。聘用外籍員工應依法令進行申請，以避免違反法令規範而遭致主管機關裁罰。,薪工循環,CW-101,招募與聘用管理,勞工及雇用問題,勞工及雇用問題,未能將勞工法規之相關規定納入人力資源政策,遵循面,,,[法令遵循] 未能將勞工法規之相關規定納入人力資源政策,,,,新進員工資格符合公司要求。聘用外籍員工應依法令進行申請，以避免違反法令規範而遭致主管機關裁罰。,新進員工應經審核或甄試合格後方可聘用之。如新進員工為外國人士時應經適當核准後，向主管機關申請許可。,不定期,人資單位,"1. 直接人員面試資料表
2. 面試紀錄表
3. 勞動部核發聘用外國勞工之核准函",,人員任用管理辦法,"1. 外國人從事就業服務法
2. 雇主聘僱外國人許可及管理辦法
3. 就業服務法","1. 直接人員面試資料表
2. 面試紀錄表
3. 勞動部核發聘用外國勞工之核准函",,,,,,,人工,預防性 (Preventive),,,,"1. 直接人員面試資料表
2. 面試紀錄表
3. 勞動部核發聘用外國勞工之核准函",,,"就公司現行薪工循環作業，為因應「勞工及雇用問題」風險——未能將勞工法規之相關規定納入人力資源政策（風險三大屬性—財務報導：（未填）；營運：（未填）；法令遵循：[法令遵循] 未能將勞工法規之相關規定納入人力資源政策；RoMM：（RoMM 分類未填）；重大科目／聲明：（重大科目未填）／（聲明未填）），設計控制目標為「新進員工資格符合公司要求。聘用外籍員工應依法令進行申請，以避免違反法令規範而遭致主管機關裁罰。」。由人資單位以人工方式、採預防性控制取向、屬（類型未填）類型，依不定期執行下列控制活動：新進員工應經審核或甄試合格後方可聘用之。如新進員工為外國人士時應經適當核准後，向主管機關申請許可。。控制執行時使用之 IUC／制度為「1. 直接人員面試資料表
2. 面試紀錄表
3. 勞動部核發聘用外國勞工之核准函」。投入（Inputs）：1. 直接人員面試資料表
2. 面試紀錄表
3. 勞動部核發聘用外國勞工之核准函。覆核／執行步驟（Specific activities）：新進員工應經審核或甄試合格後方可聘用之。如新進員工為外國人士時應經適當核准後，向主管機關申請許可。。產出（Outputs）：1. 直接人員面試資料表
2. 面試紀錄表
3. 勞動部核發聘用外國勞工之核准函。","[薪工循環｜勞工及雇用問題] 新進員工資格符合公司要求。聘用外籍員工應依法令進行申請，以避免違反法令規範而遭致主管機關裁罰。：新進員工應經審核或甄試合格後方可聘用之。如新進員工為外國人士時應經適當核准後，向主管機關申請許可。（頻率：不定期；負責：人資單位；IUC：1. 直接人員面試資料表
2. 面試紀錄表
3. 勞動部核發聘用外國勞工之核准函）",CW101-5,RCM;薪工循環;累積範本;去識別範本,2026-08-26 16:28:14
PL-CW101-6,新進員工資格符合公司要求，且聘用薪資經主管確認合理。,薪工循環,CW-101,招募與聘用管理,人才管理／招聘,人才管理／招聘,未能吸引及留住員工,營運面,,[營運] 未能吸引及留住員工,,,,,新進員工資格符合公司要求，且聘用薪資經主管確認合理。,人力資源處應依據用人單位之需求條件，評估新進員工之學經歷，予以核敘職稱、薪資及職務內容。,不定期,人資單位,"1. 直接人員面試資料表
2. 面試紀錄表
3. 任用單",,人員任用管理辦法,,"1. 直接人員面試資料表
2. 面試紀錄表
3. 任用單",,,,,,,人工,預防性 (Preventive),,,,"1. 直接人員面試資料表
2. 面試紀錄表
3. 任用單",,,"就公司現行薪工循環作業，為因應「人才管理／招聘」風險——未能吸引及留住員工（風險三大屬性—財務報導：（未填）；營運：[營運] 未能吸引及留住員工；法令遵循：（未填）；RoMM：（RoMM 分類未填）；重大科目／聲明：（重大科目未填）／（聲明未填）），設計控制目標為「新進員工資格符合公司要求，且聘用薪資經主管確認合理。」。由人資單位以人工方式、採預防性控制取向、屬（類型未填）類型，依不定期執行下列控制活動：人力資源處應依據用人單位之需求條件，評估新進員工之學經歷，予以核敘職稱、薪資及職務內容。。控制執行時使用之 IUC／制度為「1. 直接人員面試資料表
2. 面試紀錄表
3. 任用單」。投入（Inputs）：1. 直接人員面試資料表
2. 面試紀錄表
3. 任用單。覆核／執行步驟（Specific activities）：人力資源處應依據用人單位之需求條件，評估新進員工之學經歷，予以核敘職稱、薪資及職務內容。。產出（Outputs）：1. 直接人員面試資料表
2. 面試紀錄表
3. 任用單。","[薪工循環｜人才管理／招聘] 新進員工資格符合公司要求，且聘用薪資經主管確認合理。：人力資源處應依據用人單位之需求條件，評估新進員工之學經歷，予以核敘職稱、薪資及職務內容。（頻率：不定期；負責：人資單位；IUC：1. 直接人員面試資料表
2. 面試紀錄表
3. 任用單）",CW101-6,RCM;薪工循環;累積範本;去識別範本,2026-08-26 16:28:14
PL-CW101-7,公司與員工約定應書面化以確保雙方權益。,薪工循環,CW-101,招募與聘用管理,勞工及雇用問題,勞工及雇用問題,未能將勞工法規之相關規定納入人力資源政策,遵循面,,,[法令遵循] 未能將勞工法規之相關規定納入人力資源政策,,,,公司與員工約定應書面化以確保雙方權益。,公司應依據相關法規與新進員工訂定勞動合約。,不定期,人資單位,"1. 新進人員報到繳交文件點檢表
2. 員工聘僱合約書
3. 個人資料使用同意書
4. 專案保密暨遵守行業競爭倫理規範協議書
5. 派遣勞工保密合約書",,人員任用管理辦法,勞動基準法,"1. 新進人員報到繳交文件點檢表
2. 員工聘僱合約書
3. 個人資料使用同意書
4. 專案保密暨遵守行業競爭倫理規範協議書
5. 派遣勞工保密合約書",,,,,,,人工,預防性 (Preventive),,,,"1. 新進人員報到繳交文件點檢表
2. 員工聘僱合約書
3. 個人資料使用同意書
4. 專案保密暨遵守行業競爭倫理規範協議書
5. 派遣勞工保密合約書",,,"就公司現行薪工循環作業，為因應「勞工及雇用問題」風險——未能將勞工法規之相關規定納入人力資源政策（風險三大屬性—財務報導：（未填）；營運：（未填）；法令遵循：[法令遵循] 未能將勞工法規之相關規定納入人力資源政策；RoMM：（RoMM 分類未填）；重大科目／聲明：（重大科目未填）／（聲明未填）），設計控制目標為「公司與員工約定應書面化以確保雙方權益。」。由人資單位以人工方式、採預防性控制取向、屬（類型未填）類型，依不定期執行下列控制活動：公司應依據相關法規與新進員工訂定勞動合約。。控制執行時使用之 IUC／制度為「1. 新進人員報到繳交文件點檢表
2. 員工聘僱合約書
3. 個人資料使用同意書
4. 專案保密暨遵守行業競爭倫理規範協議書
5. 派遣勞工保密合約書」。投入（Inputs）：1. 新進人員報到繳交文件點檢表
2. 員工聘僱合約書
3. 個人資料使用同意書
4. 專案保密暨遵守行業競爭倫理規範協議書
5. 派遣勞工保密合約書。覆核／執行步驟（Specific activities）：公司應依據相關法規與新進員工訂定勞動合約。。產出（Outputs）：1. 新進人員報到繳交文件點檢表
2. 員工聘僱合約書
3. 個人資料使用同意書
4. 專案保密暨遵守行業競爭倫理規範協議書
5. 派遣勞工保密合約書。","[薪工循環｜勞工及雇用問題] 公司與員工約定應書面化以確保雙方權益。：公司應依據相關法規與新進員工訂定勞動合約。（頻率：不定期；負責：人資單位；IUC：1. 新進人員報到繳交文件點檢表
2. 員工聘僱合約書
3. 個人資料使用同意書
4. 專案保密暨遵守行業競爭倫理規範協議書
5. 派遣勞工保密合約書）",CW101-7,RCM;薪工循環;累積範本;去識別範本,2026-08-26 16:28:14
PL-CW101-8,加退保作業有及時並正確地處理。,薪工循環,CW-101,招募與聘用管理,勞工及雇用問題,勞工及雇用問題,未能將勞工法規之相關規定納入人力資源政策,遵循面,,,[法令遵循] 未能將勞工法規之相關規定納入人力資源政策,,,,加退保作業有及時並正確地處理。,公司應根據法令規定及時完成新進人員加保作業。,每日,人資單位,員工入職加保申報紀錄,,,"1. 就業保險法
2. 勞工保險條例
3. 勞動基準法",員工入職加保申報紀錄,,,,,,,人工,預防性 (Preventive),,,,員工入職加保申報紀錄,,,就公司現行薪工循環作業，為因應「勞工及雇用問題」風險——未能將勞工法規之相關規定納入人力資源政策（風險三大屬性—財務報導：（未填）；營運：（未填）；法令遵循：[法令遵循] 未能將勞工法規之相關規定納入人力資源政策；RoMM：（RoMM 分類未填）；重大科目／聲明：（重大科目未填）／（聲明未填）），設計控制目標為「加退保作業有及時並正確地處理。」。由人資單位以人工方式、採預防性控制取向、屬（類型未填）類型，依每日執行下列控制活動：公司應根據法令規定及時完成新進人員加保作業。。控制執行時使用之 IUC／制度為「員工入職加保申報紀錄」。投入（Inputs）：員工入職加保申報紀錄。覆核／執行步驟（Specific activities）：公司應根據法令規定及時完成新進人員加保作業。。產出（Outputs）：員工入職加保申報紀錄。,[薪工循環｜勞工及雇用問題] 加退保作業有及時並正確地處理。：公司應根據法令規定及時完成新進人員加保作業。（頻率：每日；負責：人資單位；IUC：員工入職加保申報紀錄）,CW101-8,RCM;薪工循環;累積範本;去識別範本,2026-08-26 16:28:14
PL-CW101-9,新增之薪資主檔資料為有效員工的資料。變更薪資主檔應經適當授權並驗證其正確性。,薪工循環,CW-101,招募與聘用管理,檔案紀錄管理,檔案紀錄管理,資料不實,營運面,,[營運] 資料不實,,,,,新增之薪資主檔資料為有效員工的資料。變更薪資主檔應經適當授權並驗證其正確性。,薪資主檔及人事主檔（包括薪資核定及調整、獎金核計及考勤資料等）之新增、刪除與異動應依據原始文件或權責主管核准之文件進行，以確保資料輸入之正確性及有效性，並呈權責主管覆核。,不定期／每月,人資單位,HRM系統,HRM系統,,,"1. 員工主檔系統建檔畫面
2. 薪資主檔建檔後提交覆核之系統畫面
3. 經主管覆核之當月新進、異動人員資料清單
4. 相關經核准人事新增、異動文件",,,,,,,人工,預防性 (Preventive),,,,"1. 員工主檔系統建檔畫面
2. 薪資主檔建檔後提交覆核之系統畫面
3. 經主管覆核之當月新進、異動人員資料清單
4. 相關經核准人事新增、異動文件",,,"就公司現行薪工循環作業，為因應「檔案紀錄管理」風險——資料不實（風險三大屬性—財務報導：（未填）；營運：[營運] 資料不實；法令遵循：（未填）；RoMM：（RoMM 分類未填）；重大科目／聲明：（重大科目未填）／（聲明未填）），設計控制目標為「新增之薪資主檔資料為有效員工的資料。變更薪資主檔應經適當授權並驗證其正確性。」。由人資單位以人工方式、採預防性控制取向、屬（類型未填）類型，依不定期／每月執行下列控制活動：薪資主檔及人事主檔（包括薪資核定及調整、獎金核計及考勤資料等）之新增、刪除與異動應依據原始文件或權責主管核准之文件進行，以確保資料輸入之正確性及有效性，並呈權責主管覆核。。控制執行時使用之 IUC／制度為「HRM系統」。投入（Inputs）：HRM系統。覆核／執行步驟（Specific activities）：薪資主檔及人事主檔（包括薪資核定及調整、獎金核計及考勤資料等）之新增、刪除與異動應依據原始文件或權責主管核准之文件進行，以確保資料輸入之正確性及有效性，並呈權責主管覆核。。產出（Outputs）：1. 員工主檔系統建檔畫面
2. 薪資主檔建檔後提交覆核之系統畫面
3. 經主管覆核之當月新進、異動人員資料清單
4. 相關經核准人事新增、異動文件。",[薪工循環｜檔案紀錄管理] 新增之薪資主檔資料為有效員工的資料。變更薪資主檔應經適當授權並驗證其正確性。：薪資主檔及人事主檔（包括薪資核定及調整、獎金核計及考勤資料等）之新增、刪除與異動應依據原始文件或權責主管核准之文件進行，以確保資料輸入之正確性及有效性，並呈權責主管覆核。（頻率：不定期／每月；負責：人資單位；IUC：HRM系統）,CW101-9,RCM;薪工循環;累積範本;去識別範本,2026-08-26 16:28:14
PL-CW101-10,變更薪資主檔應經適當授權並驗證其正確性。,薪工循環,CW-101,招募與聘用管理,隱私與資料保護,隱私與資料保護,未經授權存取個人可辨識資訊,營運面,,[營運] 未經授權存取個人可辨識資訊,,,,,變更薪資主檔應經適當授權並驗證其正確性。,僅經授權人員才可讀取、新增、刪除與異動薪資主檔及人事主檔，且其權限應設定於應用系統中。,持續,人資單位,,,,,,,,,,,,自動,預防性 (Preventive),,,,,,,就公司現行薪工循環作業，為因應「隱私與資料保護」風險——未經授權存取個人可辨識資訊（風險三大屬性—財務報導：（未填）；營運：[營運] 未經授權存取個人可辨識資訊；法令遵循：（未填）；RoMM：（RoMM 分類未填）；重大科目／聲明：（重大科目未填）／（聲明未填）），設計控制目標為「變更薪資主檔應經適當授權並驗證其正確性。」。由人資單位以自動方式、採預防性控制取向、屬（類型未填）類型，依持續執行下列控制活動：僅經授權人員才可讀取、新增、刪除與異動薪資主檔及人事主檔，且其權限應設定於應用系統中。。控制執行時使用之 IUC／制度為「（未指定 IUC／制度）」。投入（Inputs）：（請補充投入資訊）。覆核／執行步驟（Specific activities）：僅經授權人員才可讀取、新增、刪除與異動薪資主檔及人事主檔，且其權限應設定於應用系統中。。產出（Outputs）：（請補充控制產出／留存軌跡）。,[薪工循環｜隱私與資料保護] 變更薪資主檔應經適當授權並驗證其正確性。：僅經授權人員才可讀取、新增、刪除與異動薪資主檔及人事主檔，且其權限應設定於應用系統中。（頻率：持續；負責：人資單位；IUC：—）,CW101-10,RCM;薪工循環;累積範本;去識別範本,2026-08-26 16:28:14
PL-CW101-11,員工個人資料應依法令妥善保管及維護，以避免違反法令規範而遭致主管機關裁罰。,薪工循環,CW-101,招募與聘用管理,隱私與資料保護,隱私與資料保護,未經授權存取個人可辨識資訊,營運面,,[營運] 未經授權存取個人可辨識資訊,,,,,員工個人資料應依法令妥善保管及維護，以避免違反法令規範而遭致主管機關裁罰。,公司應建置並落實個人資料保護機制，以確保員工資料之資料安全。,不定期,人資單位,HRM系統,HRM系統,,個人資料保護法,,,,,,,,人工,預防性 (Preventive),,,,,,,就公司現行薪工循環作業，為因應「隱私與資料保護」風險——未經授權存取個人可辨識資訊（風險三大屬性—財務報導：（未填）；營運：[營運] 未經授權存取個人可辨識資訊；法令遵循：（未填）；RoMM：（RoMM 分類未填）；重大科目／聲明：（重大科目未填）／（聲明未填）），設計控制目標為「員工個人資料應依法令妥善保管及維護，以避免違反法令規範而遭致主管機關裁罰。」。由人資單位以人工方式、採預防性控制取向、屬（類型未填）類型，依不定期執行下列控制活動：公司應建置並落實個人資料保護機制，以確保員工資料之資料安全。。控制執行時使用之 IUC／制度為「HRM系統」。投入（Inputs）：HRM系統。覆核／執行步驟（Specific activities）：公司應建置並落實個人資料保護機制，以確保員工資料之資料安全。。產出（Outputs）：（請補充控制產出／留存軌跡）。,[薪工循環｜隱私與資料保護] 員工個人資料應依法令妥善保管及維護，以避免違反法令規範而遭致主管機關裁罰。：公司應建置並落實個人資料保護機制，以確保員工資料之資料安全。（頻率：不定期；負責：人資單位；IUC：HRM系統）,CW101-11,RCM;薪工循環;累積範本;去識別範本,2026-08-26 16:28:14
PL-CW101-12,新進員工資格符合公司要求，且聘用薪資經主管確認合理。,薪工循環,CW-101,招募與聘用管理,績效／人才管理和薪酬,績效／人才管理和薪酬,不合理的績效目標,營運面,,[營運] 不合理的績效目標,,,,,新進員工資格符合公司要求，且聘用薪資經主管確認合理。,新進員工試用期屆滿時應依考核項目予以考核，考核結果應經核准以決定是否正式任用。,不定期,人資單位,HRM系統,HRM系統,"1. 新進人員試用考核作業程序
2. 人事管理制度
3. 人員任用管理辦法",勞動基準法,"1. 新進直接人員試用考核表
2. 新進間接人員試用期考核表
3. 當月試用轉名單",,,,,,,人工,預防性 (Preventive),,,,"1. 新進直接人員試用考核表
2. 新進間接人員試用期考核表
3. 當月試用轉名單",,,"就公司現行薪工循環作業，為因應「績效／人才管理和薪酬」風險——不合理的績效目標（風險三大屬性—財務報導：（未填）；營運：[營運] 不合理的績效目標；法令遵循：（未填）；RoMM：（RoMM 分類未填）；重大科目／聲明：（重大科目未填）／（聲明未填）），設計控制目標為「新進員工資格符合公司要求，且聘用薪資經主管確認合理。」。由人資單位以人工方式、採預防性控制取向、屬（類型未填）類型，依不定期執行下列控制活動：新進員工試用期屆滿時應依考核項目予以考核，考核結果應經核准以決定是否正式任用。。控制執行時使用之 IUC／制度為「HRM系統」。投入（Inputs）：HRM系統。覆核／執行步驟（Specific activities）：新進員工試用期屆滿時應依考核項目予以考核，考核結果應經核准以決定是否正式任用。。產出（Outputs）：1. 新進直接人員試用考核表
2. 新進間接人員試用期考核表
3. 當月試用轉名單。",[薪工循環｜績效／人才管理和薪酬] 新進員工資格符合公司要求，且聘用薪資經主管確認合理。：新進員工試用期屆滿時應依考核項目予以考核，考核結果應經核准以決定是否正式任用。（頻率：不定期；負責：人資單位；IUC：HRM系統）,CW101-12,RCM;薪工循環;累積範本;去識別範本,2026-08-26 16:28:14
PL-CW101-13,招募程序應制度化，以提供標準使招募單位遵循。,薪工循環,CW-101,招募與聘用管理,人力資源政策與程序,人力資源政策與程序,未定期監督人力政策和程序是否符合公平雇用標準,遵循面,,,[法令遵循] 未定期監督人力政策和程序是否符合公平雇用標準,,,,招募程序應制度化，以提供標準使招募單位遵循。,公司應訂定人員招募程序，並監督各部門於執行時確實遵守相關程序。,不定期,人資單位,,,"1. 新進人員試用考核作業程序
2. 人事管理制度
3. 人員任用管理辦法",,,,,,,,,人工,預防性 (Preventive),,,,,,,就公司現行薪工循環作業，為因應「人力資源政策與程序」風險——未定期監督人力政策和程序是否符合公平雇用標準（風險三大屬性—財務報導：（未填）；營運：（未填）；法令遵循：[法令遵循] 未定期監督人力政策和程序是否符合公平雇用標準；RoMM：（RoMM 分類未填）；重大科目／聲明：（重大科目未填）／（聲明未填）），設計控制目標為「招募程序應制度化，以提供標準使招募單位遵循。」。由人資單位以人工方式、採預防性控制取向、屬（類型未填）類型，依不定期執行下列控制活動：公司應訂定人員招募程序，並監督各部門於執行時確實遵守相關程序。。控制執行時使用之 IUC／制度為「（未指定 IUC／制度）」。投入（Inputs）：（請補充投入資訊）。覆核／執行步驟（Specific activities）：公司應訂定人員招募程序，並監督各部門於執行時確實遵守相關程序。。產出（Outputs）：（請補充控制產出／留存軌跡）。,[薪工循環｜人力資源政策與程序] 招募程序應制度化，以提供標準使招募單位遵循。：公司應訂定人員招募程序，並監督各部門於執行時確實遵守相關程序。（頻率：不定期；負責：人資單位；IUC：—）,CW101-13,RCM;薪工循環;累積範本;去識別範本,2026-08-26 16:28:14
PL-CW101-14,工作規則應依法令制定集核備，以避免違反法令規範而遭致主管機關裁罰。,薪工循環,CW-101,招募與聘用管理,法定報告,法定報告,未能確保法定要求申報資料之正確性,遵循面,,,[法令遵循] 未能確保法定要求申報資料之正確性,,,,工作規則應依法令制定集核備，以避免違反法令規範而遭致主管機關裁罰。,公司應訂定工作規則，並經權責主管核准。,持續,人資單位,工作規則核備核准函,,,勞動基準法,工作規則核備核准函,,,,,,,人工,預防性 (Preventive),,,,工作規則核備核准函,,,就公司現行薪工循環作業，為因應「法定報告」風險——未能確保法定要求申報資料之正確性（風險三大屬性—財務報導：（未填）；營運：（未填）；法令遵循：[法令遵循] 未能確保法定要求申報資料之正確性；RoMM：（RoMM 分類未填）；重大科目／聲明：（重大科目未填）／（聲明未填）），設計控制目標為「工作規則應依法令制定集核備，以避免違反法令規範而遭致主管機關裁罰。」。由人資單位以人工方式、採預防性控制取向、屬（類型未填）類型，依持續執行下列控制活動：公司應訂定工作規則，並經權責主管核准。。控制執行時使用之 IUC／制度為「工作規則核備核准函」。投入（Inputs）：工作規則核備核准函。覆核／執行步驟（Specific activities）：公司應訂定工作規則，並經權責主管核准。。產出（Outputs）：工作規則核備核准函。,[薪工循環｜法定報告] 工作規則應依法令制定集核備，以避免違反法令規範而遭致主管機關裁罰。：公司應訂定工作規則，並經權責主管核准。（頻率：持續；負責：人資單位；IUC：工作規則核備核准函）,CW101-14,RCM;薪工循環;累積範本;去識別範本,2026-08-26 16:28:14
PL-CW102-1,透過教育訓練與員工宣導相關法令要求及公司規範，並提升員工專業知識與技能。,薪工循環,CW-102,教育訓練,訓練與發展,訓練與發展,訓練與發展計畫與企業目標未能連結,營運面,,[營運] 訓練與發展計畫與企業目標未能連結,,,,,透過教育訓練與員工宣導相關法令要求及公司規範，並提升員工專業知識與技能。,公司應訂定年度教育訓練計劃，並經核准後實施。教育訓練內容應朝向提升員工所應具備的專業知識與技能，藉以增進工作品質與效率以達成組織目標之目的。,每年,人資單位,"1. 部門教育訓練計畫表
2. 年度教育訓練計畫表",,教育訓練作業程序,"1. 勞動基準法
2. 職業安全衛生法
3. 職業安全衛生教育訓練規則
4. 消防法","1. 部門教育訓練計畫表
2. 年度教育訓練計畫表",,,,,,,人工,預防性 (Preventive),,,,"1. 部門教育訓練計畫表
2. 年度教育訓練計畫表",,,"就公司現行薪工循環作業，為因應「訓練與發展」風險——訓練與發展計畫與企業目標未能連結（風險三大屬性—財務報導：（未填）；營運：[營運] 訓練與發展計畫與企業目標未能連結；法令遵循：（未填）；RoMM：（RoMM 分類未填）；重大科目／聲明：（重大科目未填）／（聲明未填）），設計控制目標為「透過教育訓練與員工宣導相關法令要求及公司規範，並提升員工專業知識與技能。」。由人資單位以人工方式、採預防性控制取向、屬（類型未填）類型，依每年執行下列控制活動：公司應訂定年度教育訓練計劃，並經核准後實施。教育訓練內容應朝向提升員工所應具備的專業知識與技能，藉以增進工作品質與效率以達成組織目標之目的。。控制執行時使用之 IUC／制度為「1. 部門教育訓練計畫表
2. 年度教育訓練計畫表」。投入（Inputs）：1. 部門教育訓練計畫表
2. 年度教育訓練計畫表。覆核／執行步驟（Specific activities）：公司應訂定年度教育訓練計劃，並經核准後實施。教育訓練內容應朝向提升員工所應具備的專業知識與技能，藉以增進工作品質與效率以達成組織目標之目的。。產出（Outputs）：1. 部門教育訓練計畫表
2. 年度教育訓練計畫表。","[薪工循環｜訓練與發展] 透過教育訓練與員工宣導相關法令要求及公司規範，並提升員工專業知識與技能。：公司應訂定年度教育訓練計劃，並經核准後實施。教育訓練內容應朝向提升員工所應具備的專業知識與技能，藉以增進工作品質與效率以達成組織目標之目的。（頻率：每年；負責：人資單位；IUC：1. 部門教育訓練計畫表
2. 年度教育訓練計畫表）",CW102-1,RCM;薪工循環;累積範本;去識別範本,2026-08-26 16:28:14
PL-CW102-2,透過教育訓練與員工宣導相關法令要求及公司規範，並提升員工專業知識與技能。,薪工循環,CW-102,教育訓練,訓練與發展,訓練與發展,訓練與發展計畫與企業目標未能連結,營運面,,[營運] 訓練與發展計畫與企業目標未能連結,,,,,透過教育訓練與員工宣導相關法令要求及公司規範，並提升員工專業知識與技能。,公司年度訓練計劃排定外之新增訓練需求，應經核准後方可實施。,不定期,人資單位,流程管理系統系統,流程管理系統系統,教育訓練作業程序,,"1. 教育訓練申請單（計畫外收費課程）
2. 教育訓練申請單（計畫外免費課程）
3. 課程申請單",,,,,,,人工,預防性 (Preventive),,,,"1. 教育訓練申請單（計畫外收費課程）
2. 教育訓練申請單（計畫外免費課程）
3. 課程申請單",,,"就公司現行薪工循環作業，為因應「訓練與發展」風險——訓練與發展計畫與企業目標未能連結（風險三大屬性—財務報導：（未填）；營運：[營運] 訓練與發展計畫與企業目標未能連結；法令遵循：（未填）；RoMM：（RoMM 分類未填）；重大科目／聲明：（重大科目未填）／（聲明未填）），設計控制目標為「透過教育訓練與員工宣導相關法令要求及公司規範，並提升員工專業知識與技能。」。由人資單位以人工方式、採預防性控制取向、屬（類型未填）類型，依不定期執行下列控制活動：公司年度訓練計劃排定外之新增訓練需求，應經核准後方可實施。。控制執行時使用之 IUC／制度為「流程管理系統系統」。投入（Inputs）：流程管理系統系統。覆核／執行步驟（Specific activities）：公司年度訓練計劃排定外之新增訓練需求，應經核准後方可實施。。產出（Outputs）：1. 教育訓練申請單（計畫外收費課程）
2. 教育訓練申請單（計畫外免費課程）
3. 課程申請單。",[薪工循環｜訓練與發展] 透過教育訓練與員工宣導相關法令要求及公司規範，並提升員工專業知識與技能。：公司年度訓練計劃排定外之新增訓練需求，應經核准後方可實施。（頻率：不定期；負責：人資單位；IUC：流程管理系統系統）,CW102-2,RCM;薪工循環;累積範本;去識別範本,2026-08-26 16:28:14
PL-CW102-3,透過教育訓練與員工宣導相關法令要求及公司規範，並提升員工專業知識與技能。員工個人資料應依法令妥善保管及維護。,薪工循環,CW-102,教育訓練,隱私與資料保護,隱私與資料保護,未經授權存取個人可辨識資訊,營運面,,[營運] 未經授權存取個人可辨識資訊,,,,,透過教育訓練與員工宣導相關法令要求及公司規範，並提升員工專業知識與技能。員工個人資料應依法令妥善保管及維護。,教育訓練實施執行後之助益及其成效應經評估與核閱，且相關紀錄應妥善保存，以確保員工資料之資料安全。,不定期,人資單位,"1. 人員專業養成計畫表
2. 員工教育訓練簽到與考核表
3. 課後滿意度調查表
4. 教育訓練申請單
5. 外部訓練考核表",,教育訓練作業程序,個人資料保護法,"1. 人員專業養成計畫表
2. 員工教育訓練簽到與考核表
3. 課後滿意度調查表
4. 教育訓練申請單
5. 外部訓練考核表",,,,,,,人工,偵測性 (Detective),,,,"1. 人員專業養成計畫表
2. 員工教育訓練簽到與考核表
3. 課後滿意度調查表
4. 教育訓練申請單
5. 外部訓練考核表",,,"就公司現行薪工循環作業，為因應「隱私與資料保護」風險——未經授權存取個人可辨識資訊（風險三大屬性—財務報導：（未填）；營運：[營運] 未經授權存取個人可辨識資訊；法令遵循：（未填）；RoMM：（RoMM 分類未填）；重大科目／聲明：（重大科目未填）／（聲明未填）），設計控制目標為「透過教育訓練與員工宣導相關法令要求及公司規範，並提升員工專業知識與技能。員工個人資料應依法令妥善保管及維護。」。由人資單位以人工方式、採偵測性控制取向、屬（類型未填）類型，依不定期執行下列控制活動：教育訓練實施執行後之助益及其成效應經評估與核閱，且相關紀錄應妥善保存，以確保員工資料之資料安全。。控制執行時使用之 IUC／制度為「1. 人員專業養成計畫表
2. 員工教育訓練簽到與考核表
3. 課後滿意度調查表
4. 教育訓練申請單
5. 外部訓練考核表」。投入（Inputs）：1. 人員專業養成計畫表
2. 員工教育訓練簽到與考核表
3. 課後滿意度調查表
4. 教育訓練申請單
5. 外部訓練考核表。覆核／執行步驟（Specific activities）：教育訓練實施執行後之助益及其成效應經評估與核閱，且相關紀錄應妥善保存，以確保員工資料之資料安全。。產出（Outputs）：1. 人員專業養成計畫表
2. 員工教育訓練簽到與考核表
3. 課後滿意度調查表
4. 教育訓練申請單
5. 外部訓練考核表。","[薪工循環｜隱私與資料保護] 透過教育訓練與員工宣導相關法令要求及公司規範，並提升員工專業知識與技能。員工個人資料應依法令妥善保管及維護。：教育訓練實施執行後之助益及其成效應經評估與核閱，且相關紀錄應妥善保存，以確保員工資料之資料安全。（頻率：不定期；負責：人資單位；IUC：1. 人員專業養成計畫表
2. 員工教育訓練簽到與考核表
3. 課後滿意度調查表
4. 教育訓練申請單
5. 外部訓練考核表）",CW102-3,RCM;薪工循環;累積範本;去識別範本,2026-08-26 16:28:14
PL-CW103-1,工時及出勤紀錄反應實際且經核准之工作時間。,薪工循環,CW-103,考勤,人力資源政策與程序,人力資源政策與程序,未能遵循雇用法令／慣例,遵循面,,,[法令遵循] 未能遵循雇用法令／慣例,,,,工時及出勤紀錄反應實際且經核准之工作時間。,管理階層應監督及追蹤異常之出勤紀錄，並針對遲到或無故曠職之員工依公司規定處置。,每日,人資單位,"1. HRM系統
2. 電子簽核系統系統","1. HRM系統
2. 電子簽核系統系統",差勤管理規範,勞動基準法,"1. 出勤異常通知（個人通知）
2. 出勤異常通知（人資單位通知）
3. 每日差勤異常跟催紀錄",,,,,,,人工,偵測性 (Detective),,,,"1. 出勤異常通知（個人通知）
2. 出勤異常通知（人資單位通知）
3. 每日差勤異常跟催紀錄",,,"就公司現行薪工循環作業，為因應「人力資源政策與程序」風險——未能遵循雇用法令／慣例（風險三大屬性—財務報導：（未填）；營運：（未填）；法令遵循：[法令遵循] 未能遵循雇用法令／慣例；RoMM：（RoMM 分類未填）；重大科目／聲明：（重大科目未填）／（聲明未填）），設計控制目標為「工時及出勤紀錄反應實際且經核准之工作時間。」。由人資單位以人工方式、採偵測性控制取向、屬（類型未填）類型，依每日執行下列控制活動：管理階層應監督及追蹤異常之出勤紀錄，並針對遲到或無故曠職之員工依公司規定處置。。控制執行時使用之 IUC／制度為「1. HRM系統
2. 電子簽核系統系統」。投入（Inputs）：1. HRM系統
2. 電子簽核系統系統。覆核／執行步驟（Specific activities）：管理階層應監督及追蹤異常之出勤紀錄，並針對遲到或無故曠職之員工依公司規定處置。。產出（Outputs）：1. 出勤異常通知（個人通知）
2. 出勤異常通知（人資單位通知）
3. 每日差勤異常跟催紀錄。","[薪工循環｜人力資源政策與程序] 工時及出勤紀錄反應實際且經核准之工作時間。：管理階層應監督及追蹤異常之出勤紀錄，並針對遲到或無故曠職之員工依公司規定處置。（頻率：每日；負責：人資單位；IUC：1. HRM系統
2. 電子簽核系統系統）",CW103-1,RCM;薪工循環;累積範本;去識別範本,2026-08-26 16:28:15
PL-CW103-2,工時及出勤紀錄反應實際且經核准之工作時間。,薪工循環,CW-103,考勤,薪資,薪資,不正確及無效的薪資處理流程,報導面,[財務報導] 不正確及無效的薪資處理流程,,,,應付薪資、營業費用、應付帳款,,工時及出勤紀錄反應實際且經核准之工作時間。,員工請假及出差應經過適當核准。,不定期,人資單位,電子簽核系統系統,電子簽核系統系統,"1. 差勤管理規範
2. 出差管理規範",勞動基準法,"1. 請假申請
2.出差登記
3. 員工出差及費用暫支申請單
4. 請假申請（出差）",,,,,,,人工,預防性 (Preventive),,,,"1. 請假申請
2.出差登記
3. 員工出差及費用暫支申請單
4. 請假申請（出差）",,,"就公司現行薪工循環作業，為因應「薪資」風險——不正確及無效的薪資處理流程（風險三大屬性—財務報導：[財務報導] 不正確及無效的薪資處理流程；營運：（未填）；法令遵循：（未填）；RoMM：（RoMM 分類未填）；重大科目／聲明：應付薪資、營業費用、應付帳款／（聲明未填）），設計控制目標為「工時及出勤紀錄反應實際且經核准之工作時間。」。由人資單位以人工方式、採預防性控制取向、屬（類型未填）類型，依不定期執行下列控制活動：員工請假及出差應經過適當核准。。控制執行時使用之 IUC／制度為「電子簽核系統系統」。投入（Inputs）：電子簽核系統系統。覆核／執行步驟（Specific activities）：員工請假及出差應經過適當核准。。產出（Outputs）：1. 請假申請
2.出差登記
3. 員工出差及費用暫支申請單
4. 請假申請（出差）。",[薪工循環｜薪資] 工時及出勤紀錄反應實際且經核准之工作時間。：員工請假及出差應經過適當核准。（頻率：不定期；負責：人資單位；IUC：電子簽核系統系統）,CW103-2,RCM;薪工循環;累積範本;去識別範本,2026-08-26 16:28:15
PL-CW103-3,確保公司有效營運應指派授權人員為職務代理人。,薪工循環,CW-103,考勤,組織架構,組織架構,不適當的授權,營運面,,[營運] 不適當的授權,,,,,確保公司有效營運應指派授權人員為職務代理人。,員工請假及出差應依職務授權及代理人制度之管理辦法由代理人代理其職務。,不定期,人資單位,電子簽核系統系統,電子簽核系統系統,差勤管理規範,,"1. 請假申請
2. 公出申請
3. 員工出差及費用暫支申請單
4. 請假申請（出差）",,,,,,,人工,預防性 (Preventive),,,,"1. 請假申請
2. 公出申請
3. 員工出差及費用暫支申請單
4. 請假申請（出差）",,,"就公司現行薪工循環作業，為因應「組織架構」風險——不適當的授權（風險三大屬性—財務報導：（未填）；營運：[營運] 不適當的授權；法令遵循：（未填）；RoMM：（RoMM 分類未填）；重大科目／聲明：（重大科目未填）／（聲明未填）），設計控制目標為「確保公司有效營運應指派授權人員為職務代理人。」。由人資單位以人工方式、採預防性控制取向、屬（類型未填）類型，依不定期執行下列控制活動：員工請假及出差應依職務授權及代理人制度之管理辦法由代理人代理其職務。。控制執行時使用之 IUC／制度為「電子簽核系統系統」。投入（Inputs）：電子簽核系統系統。覆核／執行步驟（Specific activities）：員工請假及出差應依職務授權及代理人制度之管理辦法由代理人代理其職務。。產出（Outputs）：1. 請假申請
2. 公出申請
3. 員工出差及費用暫支申請單
4. 請假申請（出差）。",[薪工循環｜組織架構] 確保公司有效營運應指派授權人員為職務代理人。：員工請假及出差應依職務授權及代理人制度之管理辦法由代理人代理其職務。（頻率：不定期；負責：人資單位；IUC：電子簽核系統系統）,CW103-3,RCM;薪工循環;累積範本;去識別範本,2026-08-26 16:28:15
PL-CW103-4,工時及出勤紀錄反應實際且經核准之工作時間。,薪工循環,CW-103,考勤,人力資源政策與程序,人力資源政策與程序,未能遵循雇用法令／慣例,遵循面,,,[法令遵循] 未能遵循雇用法令／慣例,,,,工時及出勤紀錄反應實際且經核准之工作時間。,員工正常工作時數及加班情形應詳實記錄並經適當核准，以確保其遵循相關法令規定。,不定期,人資單位,"1. HRM系統
2. 電子簽核系統系統","1. HRM系統
2. 電子簽核系統系統",差勤管理規範,勞動基準法,"1. 加班申請單
2. 系統加班時數上限截圖",,,,,,,人工,預防性 (Preventive),,,,"1. 加班申請單
2. 系統加班時數上限截圖",,,"就公司現行薪工循環作業，為因應「人力資源政策與程序」風險——未能遵循雇用法令／慣例（風險三大屬性—財務報導：（未填）；營運：（未填）；法令遵循：[法令遵循] 未能遵循雇用法令／慣例；RoMM：（RoMM 分類未填）；重大科目／聲明：（重大科目未填）／（聲明未填）），設計控制目標為「工時及出勤紀錄反應實際且經核准之工作時間。」。由人資單位以人工方式、採預防性控制取向、屬（類型未填）類型，依不定期執行下列控制活動：員工正常工作時數及加班情形應詳實記錄並經適當核准，以確保其遵循相關法令規定。。控制執行時使用之 IUC／制度為「1. HRM系統
2. 電子簽核系統系統」。投入（Inputs）：1. HRM系統
2. 電子簽核系統系統。覆核／執行步驟（Specific activities）：員工正常工作時數及加班情形應詳實記錄並經適當核准，以確保其遵循相關法令規定。。產出（Outputs）：1. 加班申請單
2. 系統加班時數上限截圖。","[薪工循環｜人力資源政策與程序] 工時及出勤紀錄反應實際且經核准之工作時間。：員工正常工作時數及加班情形應詳實記錄並經適當核准，以確保其遵循相關法令規定。（頻率：不定期；負責：人資單位；IUC：1. HRM系統
2. 電子簽核系統系統）",CW103-4,RCM;薪工循環;累積範本;去識別範本,2026-08-26 16:28:15
PL-CW103-5,員工個人資料應依法令妥善保管及維護。,薪工循環,CW-103,考勤,隱私與資料保護,隱私與資料保護,未經授權存取個人可辨識資訊,營運面,,[營運] 未經授權存取個人可辨識資訊,,,,,員工個人資料應依法令妥善保管及維護。,公司應建置並落實個人資料保護機制，以確保員工資料之資料安全。,不定期,人資單位,電子簽核系統系統,電子簽核系統系統,,個人資料保護法,,,,,,,,人工,預防性 (Preventive),,,,,,,就公司現行薪工循環作業，為因應「隱私與資料保護」風險——未經授權存取個人可辨識資訊（風險三大屬性—財務報導：（未填）；營運：[營運] 未經授權存取個人可辨識資訊；法令遵循：（未填）；RoMM：（RoMM 分類未填）；重大科目／聲明：（重大科目未填）／（聲明未填）），設計控制目標為「員工個人資料應依法令妥善保管及維護。」。由人資單位以人工方式、採預防性控制取向、屬（類型未填）類型，依不定期執行下列控制活動：公司應建置並落實個人資料保護機制，以確保員工資料之資料安全。。控制執行時使用之 IUC／制度為「電子簽核系統系統」。投入（Inputs）：電子簽核系統系統。覆核／執行步驟（Specific activities）：公司應建置並落實個人資料保護機制，以確保員工資料之資料安全。。產出（Outputs）：（請補充控制產出／留存軌跡）。,[薪工循環｜隱私與資料保護] 員工個人資料應依法令妥善保管及維護。：公司應建置並落實個人資料保護機制，以確保員工資料之資料安全。（頻率：不定期；負責：人資單位；IUC：電子簽核系統系統）,CW103-5,RCM;薪工循環;累積範本;去識別範本,2026-08-26 16:28:15
PL-CW104-1,變更薪資人事主檔應經適當授權並驗證其正確性。,薪工循環,CW-104,薪資核計與發放,檔案紀錄管理,檔案紀錄管理,資料不實,營運面,,[營運] 資料不實,,,,,變更薪資人事主檔應經適當授權並驗證其正確性。,部門主管應定期覆核部門內的員工名單，並通知人事單位必要之變更。,每月／不定期,人資單位,HRM系統,HRM系統,薪資發放作業規範,,"1. 人事資料調查通知資料
2. 基本資料變更表
3. 組織異動單據",,,,,,,人工,偵測性 (Detective),,,,"1. 人事資料調查通知資料
2. 基本資料變更表
3. 組織異動單據",,,"就公司現行薪工循環作業，為因應「檔案紀錄管理」風險——資料不實（風險三大屬性—財務報導：（未填）；營運：[營運] 資料不實；法令遵循：（未填）；RoMM：（RoMM 分類未填）；重大科目／聲明：（重大科目未填）／（聲明未填）），設計控制目標為「變更薪資人事主檔應經適當授權並驗證其正確性。」。由人資單位以人工方式、採偵測性控制取向、屬（類型未填）類型，依每月／不定期執行下列控制活動：部門主管應定期覆核部門內的員工名單，並通知人事單位必要之變更。。控制執行時使用之 IUC／制度為「HRM系統」。投入（Inputs）：HRM系統。覆核／執行步驟（Specific activities）：部門主管應定期覆核部門內的員工名單，並通知人事單位必要之變更。。產出（Outputs）：1. 人事資料調查通知資料
2. 基本資料變更表
3. 組織異動單據。",[薪工循環｜檔案紀錄管理] 變更薪資人事主檔應經適當授權並驗證其正確性。：部門主管應定期覆核部門內的員工名單，並通知人事單位必要之變更。（頻率：每月／不定期；負責：人資單位；IUC：HRM系統）,CW104-1,RCM;薪工循環;累積範本;去識別範本,2026-08-26 16:28:15
PL-CW104-2,新增之薪資主檔資料為有效員工的資料。變更薪資主檔應經適當授權並驗證其正確性。,薪工循環,CW-104,薪資核計與發放,檔案紀錄管理,檔案紀錄管理,資料不實,營運面,,[營運] 資料不實,,,,,新增之薪資主檔資料為有效員工的資料。變更薪資主檔應經適當授權並驗證其正確性。,薪資主檔及人事主檔（包括薪資核定及調整、獎金核計及考勤資料等）之新增、刪除與異動應依據原始文件或權責主管核准之文件進行，以確保資料輸入之正確性及有效性，並呈權責主管覆核。,每月,人資單位,Refer o CW101-9 & CW104-11 & CW106-2,Refer o CW101-9 & CW104-11 & CW106-2,Refer o CW101-9 & CW104-11 & CW106-2,Refer o CW101-9 & CW104-11 & CW106-2,Refer o CW101-9 & CW104-11 & CW106-2,,,,,,,人工,預防性 (Preventive),,,,Refer o CW101-9 & CW104-11 & CW106-2,,,就公司現行薪工循環作業，為因應「檔案紀錄管理」風險——資料不實（風險三大屬性—財務報導：（未填）；營運：[營運] 資料不實；法令遵循：（未填）；RoMM：（RoMM 分類未填）；重大科目／聲明：（重大科目未填）／（聲明未填）），設計控制目標為「新增之薪資主檔資料為有效員工的資料。變更薪資主檔應經適當授權並驗證其正確性。」。由人資單位以人工方式、採預防性控制取向、屬（類型未填）類型，依每月執行下列控制活動：薪資主檔及人事主檔（包括薪資核定及調整、獎金核計及考勤資料等）之新增、刪除與異動應依據原始文件或權責主管核准之文件進行，以確保資料輸入之正確性及有效性，並呈權責主管覆核。。控制執行時使用之 IUC／制度為「Refer o CW101-9 & CW104-11 & CW106-2」。投入（Inputs）：Refer o CW101-9 & CW104-11 & CW106-2。覆核／執行步驟（Specific activities）：薪資主檔及人事主檔（包括薪資核定及調整、獎金核計及考勤資料等）之新增、刪除與異動應依據原始文件或權責主管核准之文件進行，以確保資料輸入之正確性及有效性，並呈權責主管覆核。。產出（Outputs）：Refer o CW101-9 & CW104-11 & CW106-2。,[薪工循環｜檔案紀錄管理] 新增之薪資主檔資料為有效員工的資料。變更薪資主檔應經適當授權並驗證其正確性。：薪資主檔及人事主檔（包括薪資核定及調整、獎金核計及考勤資料等）之新增、刪除與異動應依據原始文件或權責主管核准之文件進行，以確保資料輸入之正確性及有效性，並呈權責主管覆核。（頻率：每月；負責：人資單位；IUC：Refer o CW101-9 & CW104-11 & CW106-2）,CW104-2,RCM;薪工循環;累積範本;去識別範本,2026-08-26 16:28:15
PL-CW104-3,變更薪資主檔應經適當授權並驗證其正確性。,薪工循環,CW-104,薪資核計與發放,隱私與資料保護,隱私與資料保護,未經授權存取個人可辨識資訊,營運面,,[營運] 未經授權存取個人可辨識資訊,,,,,變更薪資主檔應經適當授權並驗證其正確性。,僅經授權人員才可讀取、新增、刪除與異動薪資主檔及人事主檔，且其權限應設定於應用系統中。,持續,人資單位,HRM系統,HRM系統,,,,,,,,,,自動,預防性 (Preventive),,,,,,,就公司現行薪工循環作業，為因應「隱私與資料保護」風險——未經授權存取個人可辨識資訊（風險三大屬性—財務報導：（未填）；營運：[營運] 未經授權存取個人可辨識資訊；法令遵循：（未填）；RoMM：（RoMM 分類未填）；重大科目／聲明：（重大科目未填）／（聲明未填）），設計控制目標為「變更薪資主檔應經適當授權並驗證其正確性。」。由人資單位以自動方式、採預防性控制取向、屬（類型未填）類型，依持續執行下列控制活動：僅經授權人員才可讀取、新增、刪除與異動薪資主檔及人事主檔，且其權限應設定於應用系統中。。控制執行時使用之 IUC／制度為「HRM系統」。投入（Inputs）：HRM系統。覆核／執行步驟（Specific activities）：僅經授權人員才可讀取、新增、刪除與異動薪資主檔及人事主檔，且其權限應設定於應用系統中。。產出（Outputs）：（請補充控制產出／留存軌跡）。,[薪工循環｜隱私與資料保護] 變更薪資主檔應經適當授權並驗證其正確性。：僅經授權人員才可讀取、新增、刪除與異動薪資主檔及人事主檔，且其權限應設定於應用系統中。（頻率：持續；負責：人資單位；IUC：HRM系統）,CW104-3,RCM;薪工循環;累積範本;去識別範本,2026-08-26 16:28:15
PL-CW104-4,薪資（包括酬勞與預扣款項）應依據實際工作時數正確計算／支付，並記錄於適當之會計期間。,薪工循環,CW-104,薪資核計與發放,薪資,薪資,無效率的薪資處理程序,營運面,,[營運] 無效率的薪資處理程序,,,,,薪資（包括酬勞與預扣款項）應依據實際工作時數正確計算／支付，並記錄於適當之會計期間。,公司應確認薪資計算（含薪資、代扣款項及獎金）之正確性並及時經適當核准後執行發放作業。,每月,"1. 人資單位
2. 會計單位","1. HRM系統
2. ERP系統","1. HRM系統
2. ERP系統",薪資發放作業規範,勞動基準法,"1. 薪資明細報表
2. 薪資轉帳明細表及媒體轉帳檔（一式二份）
3. 請款單
4. 薪資彙總表（成本中心）
5. 薪資轉帳明細表
6. 取款條
7. 蓋有銀行付訖證明章之薪資轉帳明細表",,,,,,,人工,預防性 (Preventive),,,,"1. 薪資明細報表
2. 薪資轉帳明細表及媒體轉帳檔（一式二份）
3. 請款單
4. 薪資彙總表（成本中心）
5. 薪資轉帳明細表
6. 取款條
7. 蓋有銀行付訖證明章之薪資轉帳明細表",,,"就公司現行薪工循環作業，為因應「薪資」風險——無效率的薪資處理程序（風險三大屬性—財務報導：（未填）；營運：[營運] 無效率的薪資處理程序；法令遵循：（未填）；RoMM：（RoMM 分類未填）；重大科目／聲明：（重大科目未填）／（聲明未填）），設計控制目標為「薪資（包括酬勞與預扣款項）應依據實際工作時數正確計算／支付，並記錄於適當之會計期間。」。由1. 人資單位
2. 會計單位以人工方式、採預防性控制取向、屬（類型未填）類型，依每月執行下列控制活動：公司應確認薪資計算（含薪資、代扣款項及獎金）之正確性並及時經適當核准後執行發放作業。。控制執行時使用之 IUC／制度為「1. HRM系統
2. ERP系統」。投入（Inputs）：1. HRM系統
2. ERP系統。覆核／執行步驟（Specific activities）：公司應確認薪資計算（含薪資、代扣款項及獎金）之正確性並及時經適當核准後執行發放作業。。產出（Outputs）：1. 薪資明細報表
2. 薪資轉帳明細表及媒體轉帳檔（一式二份）
3. 請款單
4. 薪資彙總表（成本中心）
5. 薪資轉帳明細表
6. 取款條
7. 蓋有銀行付訖證明章之薪資轉帳明細表。","[薪工循環｜薪資] 薪資（包括酬勞與預扣款項）應依據實際工作時數正確計算／支付，並記錄於適當之會計期間。：公司應確認薪資計算（含薪資、代扣款項及獎金）之正確性並及時經適當核准後執行發放作業。（頻率：每月；負責：1. 人資單位
2. 會計單位；IUC：1. HRM系統
2. ERP系統）",CW104-4,RCM;薪工循環;累積範本;去識別範本,2026-08-26 16:28:15
PL-CW104-5,薪資（包括酬勞與預扣款項）應依據實際工作時數正確計算／支付，並記錄於適當之會計期間。,薪工循環,CW-104,薪資核計與發放,薪資,薪資,不正確及無效的薪資處理流程,報導面,[財務報導] 不正確及無效的薪資處理流程,,,,應付薪資、營業費用、應付帳款,,薪資（包括酬勞與預扣款項）應依據實際工作時數正確計算／支付，並記錄於適當之會計期間。,公司應依法令規定，計算應繳納之薪資代扣項目，經權責主管核准後，按期申報。,每月／每年,"1. 人資單位
2. 會計單位",HRM系統,HRM系統,薪資發放作業規範,"1. 勞工保險條例
2. 勞動基準法
3. 勞工退休金條例
4. 所得稅法",所得稅繳費單,,,,,,,人工,預防性 (Preventive),,,,所得稅繳費單,,,"就公司現行薪工循環作業，為因應「薪資」風險——不正確及無效的薪資處理流程（風險三大屬性—財務報導：[財務報導] 不正確及無效的薪資處理流程；營運：（未填）；法令遵循：（未填）；RoMM：（RoMM 分類未填）；重大科目／聲明：應付薪資、營業費用、應付帳款／（聲明未填）），設計控制目標為「薪資（包括酬勞與預扣款項）應依據實際工作時數正確計算／支付，並記錄於適當之會計期間。」。由1. 人資單位
2. 會計單位以人工方式、採預防性控制取向、屬（類型未填）類型，依每月／每年執行下列控制活動：公司應依法令規定，計算應繳納之薪資代扣項目，經權責主管核准後，按期申報。。控制執行時使用之 IUC／制度為「HRM系統」。投入（Inputs）：HRM系統。覆核／執行步驟（Specific activities）：公司應依法令規定，計算應繳納之薪資代扣項目，經權責主管核准後，按期申報。。產出（Outputs）：所得稅繳費單。","[薪工循環｜薪資] 薪資（包括酬勞與預扣款項）應依據實際工作時數正確計算／支付，並記錄於適當之會計期間。：公司應依法令規定，計算應繳納之薪資代扣項目，經權責主管核准後，按期申報。（頻率：每月／每年；負責：1. 人資單位
2. 會計單位；IUC：HRM系統）",CW104-5,RCM;薪工循環;累積範本;去識別範本,2026-08-26 16:28:15
PL-CW104-6,薪資（包括酬勞與預扣款項）應依據實際工作時數正確計算／支付，並記錄於適當之會計期間。,薪工循環,CW-104,薪資核計與發放,財務報告舞弊,財務報告舞弊,無法落實適當之職能分工,報導面,[財務報導] 無法落實適當之職能分工,,,,應付薪資、營業費用、應付帳款,,薪資（包括酬勞與預扣款項）應依據實際工作時數正確計算／支付，並記錄於適當之會計期間。,應限制財務人員負責薪資相關科目（包括員工紅利、所得稅及其他代扣款）之入帳作業。,持續,會計單位,,,,,,,,,,,,自動,預防性 (Preventive),,,,,,,就公司現行薪工循環作業，為因應「財務報告舞弊」風險——無法落實適當之職能分工（風險三大屬性—財務報導：[財務報導] 無法落實適當之職能分工；營運：（未填）；法令遵循：（未填）；RoMM：（RoMM 分類未填）；重大科目／聲明：應付薪資、營業費用、應付帳款／（聲明未填）），設計控制目標為「薪資（包括酬勞與預扣款項）應依據實際工作時數正確計算／支付，並記錄於適當之會計期間。」。由會計單位以自動方式、採預防性控制取向、屬（類型未填）類型，依持續執行下列控制活動：應限制財務人員負責薪資相關科目（包括員工紅利、所得稅及其他代扣款）之入帳作業。。控制執行時使用之 IUC／制度為「（未指定 IUC／制度）」。投入（Inputs）：（請補充投入資訊）。覆核／執行步驟（Specific activities）：應限制財務人員負責薪資相關科目（包括員工紅利、所得稅及其他代扣款）之入帳作業。。產出（Outputs）：（請補充控制產出／留存軌跡）。,[薪工循環｜財務報告舞弊] 薪資（包括酬勞與預扣款項）應依據實際工作時數正確計算／支付，並記錄於適當之會計期間。：應限制財務人員負責薪資相關科目（包括員工紅利、所得稅及其他代扣款）之入帳作業。（頻率：持續；負責：會計單位；IUC：—）,CW104-6,RCM;薪工循環;累積範本;去識別範本,2026-08-26 16:28:15
PL-CW104-7,存取薪資轉帳資料應經適當授權。,薪工循環,CW-104,薪資核計與發放,資訊安全,資訊安全,無效果／無效率的存取控制,營運面,,[營運] 無效果／無效率的存取控制,,,,,存取薪資轉帳資料應經適當授權。,應限定經授權之人員始可存取薪資銀行資料（含轉帳媒體檔）。,持續,人資單位,,,,,,,,,,,,人工,預防性 (Preventive),,,,,,,就公司現行薪工循環作業，為因應「資訊安全」風險——無效果／無效率的存取控制（風險三大屬性—財務報導：（未填）；營運：[營運] 無效果／無效率的存取控制；法令遵循：（未填）；RoMM：（RoMM 分類未填）；重大科目／聲明：（重大科目未填）／（聲明未填）），設計控制目標為「存取薪資轉帳資料應經適當授權。」。由人資單位以人工方式、採預防性控制取向、屬（類型未填）類型，依持續執行下列控制活動：應限定經授權之人員始可存取薪資銀行資料（含轉帳媒體檔）。。控制執行時使用之 IUC／制度為「（未指定 IUC／制度）」。投入（Inputs）：（請補充投入資訊）。覆核／執行步驟（Specific activities）：應限定經授權之人員始可存取薪資銀行資料（含轉帳媒體檔）。。產出（Outputs）：（請補充控制產出／留存軌跡）。,[薪工循環｜資訊安全] 存取薪資轉帳資料應經適當授權。：應限定經授權之人員始可存取薪資銀行資料（含轉帳媒體檔）。（頻率：持續；負責：人資單位；IUC：—）,CW104-7,RCM;薪工循環;累積範本;去識別範本,2026-08-26 16:28:15
PL-CW104-8,薪資應支付予適當之員工。,薪工循環,CW-104,薪資核計與發放,薪資,薪資,不正確及無效的薪資處理流程,報導面,[財務報導] 不正確及無效的薪資處理流程,,,,應付薪資、營業費用、應付帳款,,薪資應支付予適當之員工。,員工領現薪時應簽名，並經權責主管之監督。,持續,,,,,,,,,,,,,人工,預防性 (Preventive),,,,,,,就公司現行薪工循環作業，為因應「薪資」風險——不正確及無效的薪資處理流程（風險三大屬性—財務報導：[財務報導] 不正確及無效的薪資處理流程；營運：（未填）；法令遵循：（未填）；RoMM：（RoMM 分類未填）；重大科目／聲明：應付薪資、營業費用、應付帳款／（聲明未填）），設計控制目標為「薪資應支付予適當之員工。」。由（負責單位未填）以人工方式、採預防性控制取向、屬（類型未填）類型，依持續執行下列控制活動：員工領現薪時應簽名，並經權責主管之監督。。控制執行時使用之 IUC／制度為「（未指定 IUC／制度）」。投入（Inputs）：（請補充投入資訊）。覆核／執行步驟（Specific activities）：員工領現薪時應簽名，並經權責主管之監督。。產出（Outputs）：（請補充控制產出／留存軌跡）。,[薪工循環｜薪資] 薪資應支付予適當之員工。：員工領現薪時應簽名，並經權責主管之監督。（頻率：持續；負責：—；IUC：—）,CW104-8,RCM;薪工循環;累積範本;去識別範本,2026-08-26 16:28:15
PL-CW104-9,薪資發放應經權責主管適當核准，並正確記錄。,薪工循環,CW-104,薪資核計與發放,會計,會計,不實的財務資訊,報導面,[財務報導] 不實的財務資訊,,,,應付薪資、營業費用、應付帳款,,薪資發放應經權責主管適當核准，並正確記錄。,薪資交易應經權責主管審閱及／或調節後即時入帳，以確認其正確性與入帳期間之適當性。,每月,"1. 人資單位
2. 會計單位",HRM系統,HRM系統,薪資發放作業規範,,"1. 請款單
2. 薪資彙總表（成本中心
3. 薪資轉帳明細表
4. 薪資付款傳票",,,,,,,人工,偵測性 (Detective),,,,"1. 請款單
2. 薪資彙總表（成本中心
3. 薪資轉帳明細表
4. 薪資付款傳票",,,"就公司現行薪工循環作業，為因應「會計」風險——不實的財務資訊（風險三大屬性—財務報導：[財務報導] 不實的財務資訊；營運：（未填）；法令遵循：（未填）；RoMM：（RoMM 分類未填）；重大科目／聲明：應付薪資、營業費用、應付帳款／（聲明未填）），設計控制目標為「薪資發放應經權責主管適當核准，並正確記錄。」。由1. 人資單位
2. 會計單位以人工方式、採偵測性控制取向、屬（類型未填）類型，依每月執行下列控制活動：薪資交易應經權責主管審閱及／或調節後即時入帳，以確認其正確性與入帳期間之適當性。。控制執行時使用之 IUC／制度為「HRM系統」。投入（Inputs）：HRM系統。覆核／執行步驟（Specific activities）：薪資交易應經權責主管審閱及／或調節後即時入帳，以確認其正確性與入帳期間之適當性。。產出（Outputs）：1. 請款單
2. 薪資彙總表（成本中心
3. 薪資轉帳明細表
4. 薪資付款傳票。","[薪工循環｜會計] 薪資發放應經權責主管適當核准，並正確記錄。：薪資交易應經權責主管審閱及／或調節後即時入帳，以確認其正確性與入帳期間之適當性。（頻率：每月；負責：1. 人資單位
2. 會計單位；IUC：HRM系統）",CW104-9,RCM;薪工循環;累積範本;去識別範本,2026-08-26 16:28:15
PL-CW104-10,員工個人資料應依法令妥善保管及維護，以避免違反法令規範而遭致主管機關裁罰。,薪工循環,CW-104,薪資核計與發放,隱私與資料保護,隱私與資料保護,未經授權存取個人可辨識資訊,營運面,,[營運] 未經授權存取個人可辨識資訊,,,,,員工個人資料應依法令妥善保管及維護，以避免違反法令規範而遭致主管機關裁罰。,公司應建置並落實個人資料保護機制，以確保員工資料之資料安全。,不定期,人資單位,,,,個人資料保護法,,,,,,,,人工,預防性 (Preventive),,,,,,,就公司現行薪工循環作業，為因應「隱私與資料保護」風險——未經授權存取個人可辨識資訊（風險三大屬性—財務報導：（未填）；營運：[營運] 未經授權存取個人可辨識資訊；法令遵循：（未填）；RoMM：（RoMM 分類未填）；重大科目／聲明：（重大科目未填）／（聲明未填）），設計控制目標為「員工個人資料應依法令妥善保管及維護，以避免違反法令規範而遭致主管機關裁罰。」。由人資單位以人工方式、採預防性控制取向、屬（類型未填）類型，依不定期執行下列控制活動：公司應建置並落實個人資料保護機制，以確保員工資料之資料安全。。控制執行時使用之 IUC／制度為「（未指定 IUC／制度）」。投入（Inputs）：（請補充投入資訊）。覆核／執行步驟（Specific activities）：公司應建置並落實個人資料保護機制，以確保員工資料之資料安全。。產出（Outputs）：（請補充控制產出／留存軌跡）。,[薪工循環｜隱私與資料保護] 員工個人資料應依法令妥善保管及維護，以避免違反法令規範而遭致主管機關裁罰。：公司應建置並落實個人資料保護機制，以確保員工資料之資料安全。（頻率：不定期；負責：人資單位；IUC：—）,CW104-10,RCM;薪工循環;累積範本;去識別範本,2026-08-26 16:28:15
PL-CW104-11,激勵獎金計算應經正確記錄。,薪工循環,CW-104,薪資核計與發放,會計,會計,不實的財務資訊,報導面,[財務報導] 不實的財務資訊,,,,應付薪資、營業費用、應付帳款,,激勵獎金計算應經正確記錄。,激勵獎金參數之新增、刪除與異動應經過權責主管之授權並可核對至原始文件。,每月,人資單位,"1. HRM系統
2. 流程管理系統系統","1. HRM系統
2. 流程管理系統系統",薪資發放作業規範,,薪資明細報表,,,,,,,自動,預防性 (Preventive),,,,薪資明細報表,,,"就公司現行薪工循環作業，為因應「會計」風險——不實的財務資訊（風險三大屬性—財務報導：[財務報導] 不實的財務資訊；營運：（未填）；法令遵循：（未填）；RoMM：（RoMM 分類未填）；重大科目／聲明：應付薪資、營業費用、應付帳款／（聲明未填）），設計控制目標為「激勵獎金計算應經正確記錄。」。由人資單位以自動方式、採預防性控制取向、屬（類型未填）類型，依每月執行下列控制活動：激勵獎金參數之新增、刪除與異動應經過權責主管之授權並可核對至原始文件。。控制執行時使用之 IUC／制度為「1. HRM系統
2. 流程管理系統系統」。投入（Inputs）：1. HRM系統
2. 流程管理系統系統。覆核／執行步驟（Specific activities）：激勵獎金參數之新增、刪除與異動應經過權責主管之授權並可核對至原始文件。。產出（Outputs）：薪資明細報表。","[薪工循環｜會計] 激勵獎金計算應經正確記錄。：激勵獎金參數之新增、刪除與異動應經過權責主管之授權並可核對至原始文件。（頻率：每月；負責：人資單位；IUC：1. HRM系統
2. 流程管理系統系統）",CW104-11,RCM;薪工循環;累積範本;去識別範本,2026-08-26 16:28:15
PL-CW104-12,有效之變動可輸入薪資系統中之預扣標準格且變動是正確的且即時。,薪工循環,CW-104,薪資核計與發放,薪資,薪資,不正確及無效的薪資處理流程,報導面,[財務報導] 不正確及無效的薪資處理流程,,,,應付薪資、營業費用、應付帳款,,有效之變動可輸入薪資系統中之預扣標準格且變動是正確的且即時。,權責主管應定期覆核薪資代扣標準表之資料是否與現行法令規定相符及其正確性。,不定期／每月,人資單位,HRM系統,HRM系統,,"1. 勞動基準法
2. 所得稅法
3. 全民健康保險法
4. 薪資所得扣繳辦法",主管覆核之薪資明細報表,,,,,,,人工,偵測性 (Detective),,,,主管覆核之薪資明細報表,,,就公司現行薪工循環作業，為因應「薪資」風險——不正確及無效的薪資處理流程（風險三大屬性—財務報導：[財務報導] 不正確及無效的薪資處理流程；營運：（未填）；法令遵循：（未填）；RoMM：（RoMM 分類未填）；重大科目／聲明：應付薪資、營業費用、應付帳款／（聲明未填）），設計控制目標為「有效之變動可輸入薪資系統中之預扣標準格且變動是正確的且即時。」。由人資單位以人工方式、採偵測性控制取向、屬（類型未填）類型，依不定期／每月執行下列控制活動：權責主管應定期覆核薪資代扣標準表之資料是否與現行法令規定相符及其正確性。。控制執行時使用之 IUC／制度為「HRM系統」。投入（Inputs）：HRM系統。覆核／執行步驟（Specific activities）：權責主管應定期覆核薪資代扣標準表之資料是否與現行法令規定相符及其正確性。。產出（Outputs）：主管覆核之薪資明細報表。,[薪工循環｜薪資] 有效之變動可輸入薪資系統中之預扣標準格且變動是正確的且即時。：權責主管應定期覆核薪資代扣標準表之資料是否與現行法令規定相符及其正確性。（頻率：不定期／每月；負責：人資單位；IUC：HRM系統）,CW104-12,RCM;薪工循環;累積範本;去識別範本,2026-08-26 16:28:15
PL-CW104-13,有效之變動可輸入薪資系統中之預扣標準格且變動是正確的且即時。,薪工循環,CW-104,薪資核計與發放,會計,會計,不實的財務資訊,報導面,[財務報導] 不實的財務資訊,,,,應付薪資、營業費用、應付帳款,,有效之變動可輸入薪資系統中之預扣標準格且變動是正確的且即時。,代扣標準（如勞健保扣繳標準、所得稅扣繳標準）之新增、刪除與異動應依據核准之文件及時登錄於系統內，並經權責主管核准。,不定期,人資單位,HRM系統,HRM系統,,"1. 勞動基準法
2. 所得稅法
3. 全民健康保險法
4. 薪資所得扣繳辦法","1. 薪資代扣公式調整補丁通知
2. 主管覆核之薪資明細報表",,,,,,,人工,預防性 (Preventive),,,,"1. 薪資代扣公式調整補丁通知
2. 主管覆核之薪資明細報表",,,"就公司現行薪工循環作業，為因應「會計」風險——不實的財務資訊（風險三大屬性—財務報導：[財務報導] 不實的財務資訊；營運：（未填）；法令遵循：（未填）；RoMM：（RoMM 分類未填）；重大科目／聲明：應付薪資、營業費用、應付帳款／（聲明未填）），設計控制目標為「有效之變動可輸入薪資系統中之預扣標準格且變動是正確的且即時。」。由人資單位以人工方式、採預防性控制取向、屬（類型未填）類型，依不定期執行下列控制活動：代扣標準（如勞健保扣繳標準、所得稅扣繳標準）之新增、刪除與異動應依據核准之文件及時登錄於系統內，並經權責主管核准。。控制執行時使用之 IUC／制度為「HRM系統」。投入（Inputs）：HRM系統。覆核／執行步驟（Specific activities）：代扣標準（如勞健保扣繳標準、所得稅扣繳標準）之新增、刪除與異動應依據核准之文件及時登錄於系統內，並經權責主管核准。。產出（Outputs）：1. 薪資代扣公式調整補丁通知
2. 主管覆核之薪資明細報表。",[薪工循環｜會計] 有效之變動可輸入薪資系統中之預扣標準格且變動是正確的且即時。：代扣標準（如勞健保扣繳標準、所得稅扣繳標準）之新增、刪除與異動應依據核准之文件及時登錄於系統內，並經權責主管核准。（頻率：不定期；負責：人資單位；IUC：HRM系統）,CW104-13,RCM;薪工循環;累積範本;去識別範本,2026-08-26 16:28:15
PL-CW104-14,變更代扣標準應經適當授權並驗證其正確性。,薪工循環,CW-104,薪資核計與發放,隱私與資料保護,隱私與資料保護,未經授權存取個人可辨識資訊,營運面,,[營運] 未經授權存取個人可辨識資訊,,,,,變更代扣標準應經適當授權並驗證其正確性。,僅經授權人員才可讀取、新增、刪除與異動系統內之代扣標準，且其權限應設定於應用系統中。,持續,人資單位,HRM系統,HRM系統,,,,,,,,,,自動,預防性 (Preventive),,,,,,,就公司現行薪工循環作業，為因應「隱私與資料保護」風險——未經授權存取個人可辨識資訊（風險三大屬性—財務報導：（未填）；營運：[營運] 未經授權存取個人可辨識資訊；法令遵循：（未填）；RoMM：（RoMM 分類未填）；重大科目／聲明：（重大科目未填）／（聲明未填）），設計控制目標為「變更代扣標準應經適當授權並驗證其正確性。」。由人資單位以自動方式、採預防性控制取向、屬（類型未填）類型，依持續執行下列控制活動：僅經授權人員才可讀取、新增、刪除與異動系統內之代扣標準，且其權限應設定於應用系統中。。控制執行時使用之 IUC／制度為「HRM系統」。投入（Inputs）：HRM系統。覆核／執行步驟（Specific activities）：僅經授權人員才可讀取、新增、刪除與異動系統內之代扣標準，且其權限應設定於應用系統中。。產出（Outputs）：（請補充控制產出／留存軌跡）。,[薪工循環｜隱私與資料保護] 變更代扣標準應經適當授權並驗證其正確性。：僅經授權人員才可讀取、新增、刪除與異動系統內之代扣標準，且其權限應設定於應用系統中。（頻率：持續；負責：人資單位；IUC：HRM系統）,CW104-14,RCM;薪工循環;累積範本;去識別範本,2026-08-26 16:28:15
PL-CW105-1,績效考核與獎金發放應制度化，以提升員工士氣。,薪工循環,CW-105,考核與獎懲,矯正措施與懲戒,矯正措施與懲戒,未懲戒員工的違法行為,營運面,,[營運] 未懲戒員工的違法行為,,,,,績效考核與獎金發放應制度化，以提升員工士氣。,公司應制定績效考核與獎金發放之標準及獎懲管理辦法與作業程序，並經權責主管核准後告知員工。,持續,人資單位,"1. 人事管理制度
2. 績效評核管理辦法
3. 員工獎懲管理辦法",,"1. 人事管理制度
2. 績效評核管理辦法
3. 員工獎懲管理辦法",,"1. 人事管理制度
2. 績效評核管理辦法
3. 員工獎懲管理辦法",,,,,,,人工,預防性 (Preventive),,,,"1. 人事管理制度
2. 績效評核管理辦法
3. 員工獎懲管理辦法",,,"就公司現行薪工循環作業，為因應「矯正措施與懲戒」風險——未懲戒員工的違法行為（風險三大屬性—財務報導：（未填）；營運：[營運] 未懲戒員工的違法行為；法令遵循：（未填）；RoMM：（RoMM 分類未填）；重大科目／聲明：（重大科目未填）／（聲明未填）），設計控制目標為「績效考核與獎金發放應制度化，以提升員工士氣。」。由人資單位以人工方式、採預防性控制取向、屬（類型未填）類型，依持續執行下列控制活動：公司應制定績效考核與獎金發放之標準及獎懲管理辦法與作業程序，並經權責主管核准後告知員工。。控制執行時使用之 IUC／制度為「1. 人事管理制度
2. 績效評核管理辦法
3. 員工獎懲管理辦法」。投入（Inputs）：1. 人事管理制度
2. 績效評核管理辦法
3. 員工獎懲管理辦法。覆核／執行步驟（Specific activities）：公司應制定績效考核與獎金發放之標準及獎懲管理辦法與作業程序，並經權責主管核准後告知員工。。產出（Outputs）：1. 人事管理制度
2. 績效評核管理辦法
3. 員工獎懲管理辦法。","[薪工循環｜矯正措施與懲戒] 績效考核與獎金發放應制度化，以提升員工士氣。：公司應制定績效考核與獎金發放之標準及獎懲管理辦法與作業程序，並經權責主管核准後告知員工。（頻率：持續；負責：人資單位；IUC：1. 人事管理制度
2. 績效評核管理辦法
3. 員工獎懲管理辦法）",CW105-1,RCM;薪工循環;累積範本;去識別範本,2026-08-26 16:28:15
PL-CW105-2,員工個人資料應依法令妥善保管及維護。,薪工循環,CW-105,考核與獎懲,隱私與資料保護,隱私與資料保護,未經授權存取個人可辨識資訊,營運面,,[營運] 未經授權存取個人可辨識資訊,,,,,員工個人資料應依法令妥善保管及維護。,公司應建置並落實個人資料保護機制，以確保員工資料之資料安全。,持續,人資單位,,,,個人資料保護法,,,,,,,,人工,預防性 (Preventive),,,,,,,就公司現行薪工循環作業，為因應「隱私與資料保護」風險——未經授權存取個人可辨識資訊（風險三大屬性—財務報導：（未填）；營運：[營運] 未經授權存取個人可辨識資訊；法令遵循：（未填）；RoMM：（RoMM 分類未填）；重大科目／聲明：（重大科目未填）／（聲明未填）），設計控制目標為「員工個人資料應依法令妥善保管及維護。」。由人資單位以人工方式、採預防性控制取向、屬（類型未填）類型，依持續執行下列控制活動：公司應建置並落實個人資料保護機制，以確保員工資料之資料安全。。控制執行時使用之 IUC／制度為「（未指定 IUC／制度）」。投入（Inputs）：（請補充投入資訊）。覆核／執行步驟（Specific activities）：公司應建置並落實個人資料保護機制，以確保員工資料之資料安全。。產出（Outputs）：（請補充控制產出／留存軌跡）。,[薪工循環｜隱私與資料保護] 員工個人資料應依法令妥善保管及維護。：公司應建置並落實個人資料保護機制，以確保員工資料之資料安全。（頻率：持續；負責：人資單位；IUC：—）,CW105-2,RCM;薪工循環;累積範本;去識別範本,2026-08-26 16:28:15
PL-CW105-3,勞資爭議應依法令進行調解、仲裁及裁決，以避免違反法令規範而遭致主管機關裁罰。,薪工循環,CW-105,考核與獎懲,勞資關係,勞資關係,未有適當之勞資爭議解決程序,營運面,,[營運] 未有適當之勞資爭議解決程序,,,,,勞資爭議應依法令進行調解、仲裁及裁決，以避免違反法令規範而遭致主管機關裁罰。,公司應訂定勞資爭議之調解、仲裁及裁決程序。發生勞資爭議時，應依據該程序進行調解、仲裁及裁決。,不定期,人資單位,"1. 申訴／檢舉提報單
2. 訪談紀錄表
3. 調查案件報告",,檢舉與申訴作業程序,"1. 勞資爭議處理法
2. 勞基法
3. 性別工作平等法
4. 性騷擾防治法","1. 申訴／檢舉提報單
2. 訪談紀錄表
3. 調查案件報告",,,,,,,人工,預防性 (Preventive),,,,"1. 申訴／檢舉提報單
2. 訪談紀錄表
3. 調查案件報告",,,"就公司現行薪工循環作業，為因應「勞資關係」風險——未有適當之勞資爭議解決程序（風險三大屬性—財務報導：（未填）；營運：[營運] 未有適當之勞資爭議解決程序；法令遵循：（未填）；RoMM：（RoMM 分類未填）；重大科目／聲明：（重大科目未填）／（聲明未填）），設計控制目標為「勞資爭議應依法令進行調解、仲裁及裁決，以避免違反法令規範而遭致主管機關裁罰。」。由人資單位以人工方式、採預防性控制取向、屬（類型未填）類型，依不定期執行下列控制活動：公司應訂定勞資爭議之調解、仲裁及裁決程序。發生勞資爭議時，應依據該程序進行調解、仲裁及裁決。。控制執行時使用之 IUC／制度為「1. 申訴／檢舉提報單
2. 訪談紀錄表
3. 調查案件報告」。投入（Inputs）：1. 申訴／檢舉提報單
2. 訪談紀錄表
3. 調查案件報告。覆核／執行步驟（Specific activities）：公司應訂定勞資爭議之調解、仲裁及裁決程序。發生勞資爭議時，應依據該程序進行調解、仲裁及裁決。。產出（Outputs）：1. 申訴／檢舉提報單
2. 訪談紀錄表
3. 調查案件報告。","[薪工循環｜勞資關係] 勞資爭議應依法令進行調解、仲裁及裁決，以避免違反法令規範而遭致主管機關裁罰。：公司應訂定勞資爭議之調解、仲裁及裁決程序。發生勞資爭議時，應依據該程序進行調解、仲裁及裁決。（頻率：不定期；負責：人資單位；IUC：1. 申訴／檢舉提報單
2. 訪談紀錄表
3. 調查案件報告）",CW105-3,RCM;薪工循環;累積範本;去識別範本,2026-08-26 16:28:15
PL-CW105-4,獎懲辦法應制度化以利做為執行依據，相關結果亦詳細記載。,薪工循環,CW-105,考核與獎懲,矯正措施與懲戒,矯正措施與懲戒,處理員工違法行為的方式不一致,遵循面,,,[法令遵循] 處理員工違法行為的方式不一致,,,,獎懲辦法應制度化以利做為執行依據，相關結果亦詳細記載。,獎懲作業應依據公司制定之管理辦法執行。獎懲結果應經適當核准並妥善保存相關檔，以作為升遷、調薪、獎懲及人力資源規畫等之參考依據。,不定期,人資單位,HRM系統,HRM系統,員工獎懲管理辦法,,"1. 員工獎懲申請表
2. 員工獎懲公告",,,,,,,人工,預防性 (Preventive),,,,"1. 員工獎懲申請表
2. 員工獎懲公告",,,"就公司現行薪工循環作業，為因應「矯正措施與懲戒」風險——處理員工違法行為的方式不一致（風險三大屬性—財務報導：（未填）；營運：（未填）；法令遵循：[法令遵循] 處理員工違法行為的方式不一致；RoMM：（RoMM 分類未填）；重大科目／聲明：（重大科目未填）／（聲明未填）），設計控制目標為「獎懲辦法應制度化以利做為執行依據，相關結果亦詳細記載。」。由人資單位以人工方式、採預防性控制取向、屬（類型未填）類型，依不定期執行下列控制活動：獎懲作業應依據公司制定之管理辦法執行。獎懲結果應經適當核准並妥善保存相關檔，以作為升遷、調薪、獎懲及人力資源規畫等之參考依據。。控制執行時使用之 IUC／制度為「HRM系統」。投入（Inputs）：HRM系統。覆核／執行步驟（Specific activities）：獎懲作業應依據公司制定之管理辦法執行。獎懲結果應經適當核准並妥善保存相關檔，以作為升遷、調薪、獎懲及人力資源規畫等之參考依據。。產出（Outputs）：1. 員工獎懲申請表
2. 員工獎懲公告。",[薪工循環｜矯正措施與懲戒] 獎懲辦法應制度化以利做為執行依據，相關結果亦詳細記載。：獎懲作業應依據公司制定之管理辦法執行。獎懲結果應經適當核准並妥善保存相關檔，以作為升遷、調薪、獎懲及人力資源規畫等之參考依據。（頻率：不定期；負責：人資單位；IUC：HRM系統）,CW105-4,RCM;薪工循環;累積範本;去識別範本,2026-08-26 16:28:15
PL-CW105-5,確保員工持續發展以促進組織優化。,薪工循環,CW-105,考核與獎懲,績效管理,績效管理,未能衡量績效,營運面,,[營運] 未能衡量績效,,,,,確保員工持續發展以促進組織優化。,公司應定期執行工作績效考核，考核結果應經適當核准，以作為升遷、調薪、獎懲及人力資源規畫等之參考依據。,每半年,人資單位,"1. 直接人員考核表
2. 員工績效考核表
3. 評核權責
4. 歷年考核績效等第紀錄",,績效評核管理辦法,,"1. 直接人員考核表
2. 員工績效考核表
3. 評核權責
4. 歷年考核績效等第紀錄",,,,,,,人工,預防性 (Preventive),,,,"1. 直接人員考核表
2. 員工績效考核表
3. 評核權責
4. 歷年考核績效等第紀錄",,,"就公司現行薪工循環作業，為因應「績效管理」風險——未能衡量績效（風險三大屬性—財務報導：（未填）；營運：[營運] 未能衡量績效；法令遵循：（未填）；RoMM：（RoMM 分類未填）；重大科目／聲明：（重大科目未填）／（聲明未填）），設計控制目標為「確保員工持續發展以促進組織優化。」。由人資單位以人工方式、採預防性控制取向、屬（類型未填）類型，依每半年執行下列控制活動：公司應定期執行工作績效考核，考核結果應經適當核准，以作為升遷、調薪、獎懲及人力資源規畫等之參考依據。。控制執行時使用之 IUC／制度為「1. 直接人員考核表
2. 員工績效考核表
3. 評核權責
4. 歷年考核績效等第紀錄」。投入（Inputs）：1. 直接人員考核表
2. 員工績效考核表
3. 評核權責
4. 歷年考核績效等第紀錄。覆核／執行步驟（Specific activities）：公司應定期執行工作績效考核，考核結果應經適當核准，以作為升遷、調薪、獎懲及人力資源規畫等之參考依據。。產出（Outputs）：1. 直接人員考核表
2. 員工績效考核表
3. 評核權責
4. 歷年考核績效等第紀錄。","[薪工循環｜績效管理] 確保員工持續發展以促進組織優化。：公司應定期執行工作績效考核，考核結果應經適當核准，以作為升遷、調薪、獎懲及人力資源規畫等之參考依據。（頻率：每半年；負責：人資單位；IUC：1. 直接人員考核表
2. 員工績效考核表
3. 評核權責
4. 歷年考核績效等第紀錄）",CW105-5,RCM;薪工循環;累積範本;去識別範本,2026-08-26 16:28:15
PL-CW106-1,人事異動經適當核准且依據相關法令進行。,薪工循環,CW-106,人事異動,人力資源政策與程序,人力資源政策與程序,未能遵循雇用法令／慣例,遵循面,,,[法令遵循] 未能遵循雇用法令／慣例,,,,人事異動經適當核准且依據相關法令進行。,晉升、職務調遷、離職、資遣及留（停）職停薪應經適當核准，並依法令執行。,每年／不定期,人資單位,流程管理系統系統,流程管理系統系統,"1. 人事管理制度
2. 人員任用管理辦法
3. 晉升管理規範
4. 流程管理系統間接人員離退及留停申請單使用說明書","1. 勞動基準法
2. 就業服務法
3. 職業災害勞工保護法","1. 年度晉升簽程
2. 晉升提報單
3. 薪資異動單
4. 組織職務異動公告
5. 直接人員離職申請單
6. 間接人員離退及留停申請單
7. 離職證明書
8. 資遣簽呈及相關附件
9. 留停一覽表
10. 留職停薪不復職的聲明和離職申請",,,,,,,人工,預防性 (Preventive),,,,"1. 年度晉升簽程
2. 晉升提報單
3. 薪資異動單
4. 組織職務異動公告
5. 直接人員離職申請單
6. 間接人員離退及留停申請單
7. 離職證明書
8. 資遣簽呈及相關附件
9. 留停一覽表
10. 留職停薪不復職的聲明和離職申請",,,"就公司現行薪工循環作業，為因應「人力資源政策與程序」風險——未能遵循雇用法令／慣例（風險三大屬性—財務報導：（未填）；營運：（未填）；法令遵循：[法令遵循] 未能遵循雇用法令／慣例；RoMM：（RoMM 分類未填）；重大科目／聲明：（重大科目未填）／（聲明未填）），設計控制目標為「人事異動經適當核准且依據相關法令進行。」。由人資單位以人工方式、採預防性控制取向、屬（類型未填）類型，依每年／不定期執行下列控制活動：晉升、職務調遷、離職、資遣及留（停）職停薪應經適當核准，並依法令執行。。控制執行時使用之 IUC／制度為「流程管理系統系統」。投入（Inputs）：流程管理系統系統。覆核／執行步驟（Specific activities）：晉升、職務調遷、離職、資遣及留（停）職停薪應經適當核准，並依法令執行。。產出（Outputs）：1. 年度晉升簽程
2. 晉升提報單
3. 薪資異動單
4. 組織職務異動公告
5. 直接人員離職申請單
6. 間接人員離退及留停申請單
7. 離職證明書
8. 資遣簽呈及相關附件
9. 留停一覽表
10. 留職停薪不復職的聲明和離職申請。",[薪工循環｜人力資源政策與程序] 人事異動經適當核准且依據相關法令進行。：晉升、職務調遷、離職、資遣及留（停）職停薪應經適當核准，並依法令執行。（頻率：每年／不定期；負責：人資單位；IUC：流程管理系統系統）,CW106-1,RCM;薪工循環;累積範本;去識別範本,2026-08-26 16:28:15
PL-CW106-2,新增之薪資主檔資料為有效員工的資料。變更薪資主檔應經適當授權並驗證其正確性。,薪工循環,CW-106,人事異動,檔案紀錄管理,檔案紀錄管理,資料不實,營運面,,[營運] 資料不實,,,,,新增之薪資主檔資料為有效員工的資料。變更薪資主檔應經適當授權並驗證其正確性。,薪資主檔及人事主檔（包括薪資核定及調整、獎金核計及考勤資料等）之新增、刪除與異動應依據原始文件或權責主管核准之文件進行，以確保資料輸入之正確性及有效性，並呈權責主管覆核。,不定期,人資單位,HRM系統,HRM系統,人事管理制度,勞動基準法,員工薪資異動單,,,,,,,人工,預防性 (Preventive),,,,員工薪資異動單,,,就公司現行薪工循環作業，為因應「檔案紀錄管理」風險——資料不實（風險三大屬性—財務報導：（未填）；營運：[營運] 資料不實；法令遵循：（未填）；RoMM：（RoMM 分類未填）；重大科目／聲明：（重大科目未填）／（聲明未填）），設計控制目標為「新增之薪資主檔資料為有效員工的資料。變更薪資主檔應經適當授權並驗證其正確性。」。由人資單位以人工方式、採預防性控制取向、屬（類型未填）類型，依不定期執行下列控制活動：薪資主檔及人事主檔（包括薪資核定及調整、獎金核計及考勤資料等）之新增、刪除與異動應依據原始文件或權責主管核准之文件進行，以確保資料輸入之正確性及有效性，並呈權責主管覆核。。控制執行時使用之 IUC／制度為「HRM系統」。投入（Inputs）：HRM系統。覆核／執行步驟（Specific activities）：薪資主檔及人事主檔（包括薪資核定及調整、獎金核計及考勤資料等）之新增、刪除與異動應依據原始文件或權責主管核准之文件進行，以確保資料輸入之正確性及有效性，並呈權責主管覆核。。產出（Outputs）：員工薪資異動單。,[薪工循環｜檔案紀錄管理] 新增之薪資主檔資料為有效員工的資料。變更薪資主檔應經適當授權並驗證其正確性。：薪資主檔及人事主檔（包括薪資核定及調整、獎金核計及考勤資料等）之新增、刪除與異動應依據原始文件或權責主管核准之文件進行，以確保資料輸入之正確性及有效性，並呈權責主管覆核。（頻率：不定期；負責：人資單位；IUC：HRM系統）,CW106-2,RCM;薪工循環;累積範本;去識別範本,2026-08-26 16:28:15
PL-CW106-3,變更薪資主檔應經適當授權並驗證其正確性。,薪工循環,CW-106,人事異動,隱私與資料保護,隱私與資料保護,未經授權存取個人可辨識資訊,營運面,,[營運] 未經授權存取個人可辨識資訊,,,,,變更薪資主檔應經適當授權並驗證其正確性。,僅經授權人員才可讀取、新增、刪除與異動薪資主檔及人事主檔，且其權限應設定於應用系統中。,持續,人資單位,HRM系統,HRM系統,,,,,,,,,,自動,預防性 (Preventive),,,,,,,就公司現行薪工循環作業，為因應「隱私與資料保護」風險——未經授權存取個人可辨識資訊（風險三大屬性—財務報導：（未填）；營運：[營運] 未經授權存取個人可辨識資訊；法令遵循：（未填）；RoMM：（RoMM 分類未填）；重大科目／聲明：（重大科目未填）／（聲明未填）），設計控制目標為「變更薪資主檔應經適當授權並驗證其正確性。」。由人資單位以自動方式、採預防性控制取向、屬（類型未填）類型，依持續執行下列控制活動：僅經授權人員才可讀取、新增、刪除與異動薪資主檔及人事主檔，且其權限應設定於應用系統中。。控制執行時使用之 IUC／制度為「HRM系統」。投入（Inputs）：HRM系統。覆核／執行步驟（Specific activities）：僅經授權人員才可讀取、新增、刪除與異動薪資主檔及人事主檔，且其權限應設定於應用系統中。。產出（Outputs）：（請補充控制產出／留存軌跡）。,[薪工循環｜隱私與資料保護] 變更薪資主檔應經適當授權並驗證其正確性。：僅經授權人員才可讀取、新增、刪除與異動薪資主檔及人事主檔，且其權限應設定於應用系統中。（頻率：持續；負責：人資單位；IUC：HRM系統）,CW106-3,RCM;薪工循環;累積範本;去識別範本,2026-08-26 16:28:15
PL-CW106-4,員工個人資料應依法令妥善保管及維護，以避免違反法令規範而遭致主管機關裁罰。,薪工循環,CW-106,人事異動,隱私與資料保護,隱私與資料保護,未經授權存取個人可辨識資訊,營運面,,[營運] 未經授權存取個人可辨識資訊,,,,,員工個人資料應依法令妥善保管及維護，以避免違反法令規範而遭致主管機關裁罰。,公司應建置並落實個人資料保護機制，以確保員工資料之資料安全。,持續,人資單位,HRM系統,HRM系統,,個人資料保護法,,,,,,,,人工,預防性 (Preventive),,,,,,,就公司現行薪工循環作業，為因應「隱私與資料保護」風險——未經授權存取個人可辨識資訊（風險三大屬性—財務報導：（未填）；營運：[營運] 未經授權存取個人可辨識資訊；法令遵循：（未填）；RoMM：（RoMM 分類未填）；重大科目／聲明：（重大科目未填）／（聲明未填）），設計控制目標為「員工個人資料應依法令妥善保管及維護，以避免違反法令規範而遭致主管機關裁罰。」。由人資單位以人工方式、採預防性控制取向、屬（類型未填）類型，依持續執行下列控制活動：公司應建置並落實個人資料保護機制，以確保員工資料之資料安全。。控制執行時使用之 IUC／制度為「HRM系統」。投入（Inputs）：HRM系統。覆核／執行步驟（Specific activities）：公司應建置並落實個人資料保護機制，以確保員工資料之資料安全。。產出（Outputs）：（請補充控制產出／留存軌跡）。,[薪工循環｜隱私與資料保護] 員工個人資料應依法令妥善保管及維護，以避免違反法令規範而遭致主管機關裁罰。：公司應建置並落實個人資料保護機制，以確保員工資料之資料安全。（頻率：持續；負責：人資單位；IUC：HRM系統）,CW106-4,RCM;薪工循環;累積範本;去識別範本,2026-08-26 16:28:15
PL-CW106-5,薪資應依據實際工作時數正確計算／支付。加退保作業應及時並正確地處理。,薪工循環,CW-106,人事異動,薪資,薪資,無效率的薪資處理程序,營運面,,[營運] 無效率的薪資處理程序,,,,,薪資應依據實際工作時數正確計算／支付。加退保作業應及時並正確地處理。,核准員工離職後，人力資源處應正確計算該員工薪資，且及時完成退保作業。,每月／每日,人資單位,HRM系統,HRM系統,,勞動基準法,勞／健保／勞退退保申報表,,,,,,,人工,預防性 (Preventive),,,,勞／健保／勞退退保申報表,,,就公司現行薪工循環作業，為因應「薪資」風險——無效率的薪資處理程序（風險三大屬性—財務報導：（未填）；營運：[營運] 無效率的薪資處理程序；法令遵循：（未填）；RoMM：（RoMM 分類未填）；重大科目／聲明：（重大科目未填）／（聲明未填）），設計控制目標為「薪資應依據實際工作時數正確計算／支付。加退保作業應及時並正確地處理。」。由人資單位以人工方式、採預防性控制取向、屬（類型未填）類型，依每月／每日執行下列控制活動：核准員工離職後，人力資源處應正確計算該員工薪資，且及時完成退保作業。。控制執行時使用之 IUC／制度為「HRM系統」。投入（Inputs）：HRM系統。覆核／執行步驟（Specific activities）：核准員工離職後，人力資源處應正確計算該員工薪資，且及時完成退保作業。。產出（Outputs）：勞／健保／勞退退保申報表。,[薪工循環｜薪資] 薪資應依據實際工作時數正確計算／支付。加退保作業應及時並正確地處理。：核准員工離職後，人力資源處應正確計算該員工薪資，且及時完成退保作業。（頻率：每月／每日；負責：人資單位；IUC：HRM系統）,CW106-5,RCM;薪工循環;累積範本;去識別範本,2026-08-26 16:28:15
PL-CW106-6,解僱員工依據法令及工會規定。,薪工循環,CW-106,人事異動,會計,會計,不實的財務資訊,報導面,[財務報導] 不實的財務資訊,,,,應付薪資、營業費用、應付帳款,,解僱員工依據法令及工會規定。,資遣應合理且事先告知，資遣費用的計算應依法令及公司相關規定辦理。,不定期,人資單位,流程管理系統系統,流程管理系統系統,人事管理制度,"1. 勞動基準法
2. 職業災害勞工保護法
3. 企業併購法","1. 資遣作業使用之簽呈
2. 間接人員離退及留停申請單
3. 離職申請單
4. 離職證明書",,,,,,,人工,預防性 (Preventive),,,,"1. 資遣作業使用之簽呈
2. 間接人員離退及留停申請單
3. 離職申請單
4. 離職證明書",,,"就公司現行薪工循環作業，為因應「會計」風險——不實的財務資訊（風險三大屬性—財務報導：[財務報導] 不實的財務資訊；營運：（未填）；法令遵循：（未填）；RoMM：（RoMM 分類未填）；重大科目／聲明：應付薪資、營業費用、應付帳款／（聲明未填）），設計控制目標為「解僱員工依據法令及工會規定。」。由人資單位以人工方式、採預防性控制取向、屬（類型未填）類型，依不定期執行下列控制活動：資遣應合理且事先告知，資遣費用的計算應依法令及公司相關規定辦理。。控制執行時使用之 IUC／制度為「流程管理系統系統」。投入（Inputs）：流程管理系統系統。覆核／執行步驟（Specific activities）：資遣應合理且事先告知，資遣費用的計算應依法令及公司相關規定辦理。。產出（Outputs）：1. 資遣作業使用之簽呈
2. 間接人員離退及留停申請單
3. 離職申請單
4. 離職證明書。",[薪工循環｜會計] 解僱員工依據法令及工會規定。：資遣應合理且事先告知，資遣費用的計算應依法令及公司相關規定辦理。（頻率：不定期；負責：人資單位；IUC：流程管理系統系統）,CW106-6,RCM;薪工循環;累積範本;去識別範本,2026-08-26 16:28:15
PL-CW106-7,大量解僱員工時應依法令進行，以避免違反法令規範而遭致主管機關裁罰。,薪工循環,CW-106,人事異動,勞資關係,勞資關係,不利之集體談判協議條件,營運面,,[營運] 不利之集體談判協議條件,,,,,大量解僱員工時應依法令進行，以避免違反法令規範而遭致主管機關裁罰。,公司進行經濟性裁員應符合法令規定，以執行相關作業。,,,,,,大量解僱勞工保護法,,,,,,,,人工,預防性 (Preventive),,,,,,,就公司現行薪工循環作業，為因應「勞資關係」風險——不利之集體談判協議條件（風險三大屬性—財務報導：（未填）；營運：[營運] 不利之集體談判協議條件；法令遵循：（未填）；RoMM：（RoMM 分類未填）；重大科目／聲明：（重大科目未填）／（聲明未填）），設計控制目標為「大量解僱員工時應依法令進行，以避免違反法令規範而遭致主管機關裁罰。」。由（負責單位未填）以人工方式、採預防性控制取向、屬（類型未填）類型，依（頻率未填）執行下列控制活動：公司進行經濟性裁員應符合法令規定，以執行相關作業。。控制執行時使用之 IUC／制度為「（未指定 IUC／制度）」。投入（Inputs）：（請補充投入資訊）。覆核／執行步驟（Specific activities）：公司進行經濟性裁員應符合法令規定，以執行相關作業。。產出（Outputs）：（請補充控制產出／留存軌跡）。,[薪工循環｜勞資關係] 大量解僱員工時應依法令進行，以避免違反法令規範而遭致主管機關裁罰。：公司進行經濟性裁員應符合法令規定，以執行相關作業。（頻率：—；負責：—；IUC：—）,CW106-7,RCM;薪工循環;累積範本;去識別範本,2026-08-26 16:28:15
PL-CW106-8,人事異動經適當核准且依據相關法令進行。,薪工循環,CW-106,人事異動,勞工及雇用問題,勞工及雇用問題,未能將勞工法規之相關規定納入人力資源政策,遵循面,,,[法令遵循] 未能將勞工法規之相關規定納入人力資源政策,,,,人事異動經適當核准且依據相關法令進行。,退休申請應經適當核准，並配合法令執行。,,,,,"1. 人事管理制度
2. 人員任用管理辦法","1. 勞動基準法
2. 勞工退休金條例",,,,,,,,人工,預防性 (Preventive),,,,,,,就公司現行薪工循環作業，為因應「勞工及雇用問題」風險——未能將勞工法規之相關規定納入人力資源政策（風險三大屬性—財務報導：（未填）；營運：（未填）；法令遵循：[法令遵循] 未能將勞工法規之相關規定納入人力資源政策；RoMM：（RoMM 分類未填）；重大科目／聲明：（重大科目未填）／（聲明未填）），設計控制目標為「人事異動經適當核准且依據相關法令進行。」。由（負責單位未填）以人工方式、採預防性控制取向、屬（類型未填）類型，依（頻率未填）執行下列控制活動：退休申請應經適當核准，並配合法令執行。。控制執行時使用之 IUC／制度為「（未指定 IUC／制度）」。投入（Inputs）：（請補充投入資訊）。覆核／執行步驟（Specific activities）：退休申請應經適當核准，並配合法令執行。。產出（Outputs）：（請補充控制產出／留存軌跡）。,[薪工循環｜勞工及雇用問題] 人事異動經適當核准且依據相關法令進行。：退休申請應經適當核准，並配合法令執行。（頻率：—；負責：—；IUC：—）,CW106-8,RCM;薪工循環;累積範本;去識別範本,2026-08-26 16:28:15
PL-CW107-1,使員工工作與生活平衡，並提升員工工作滿意度。,薪工循環,CW-107,福利,勞工及雇用問題,勞工及雇用問題,未能將勞工法規之相關規定納入人力資源政策,遵循面,,,[法令遵循] 未能將勞工法規之相關規定納入人力資源政策,,,,使員工工作與生活平衡，並提升員工工作滿意度。,公司應依規定提撥職工福利金。,每年,"1. 會計單位
2. 職工福利委員會",福委會會議紀錄,,,"1. 職工福利金條例
2. 營利事業所得稅查核準則",福委會會議紀錄,,,,,,,人工,預防性 (Preventive),,,,福委會會議紀錄,,,"就公司現行薪工循環作業，為因應「勞工及雇用問題」風險——未能將勞工法規之相關規定納入人力資源政策（風險三大屬性—財務報導：（未填）；營運：（未填）；法令遵循：[法令遵循] 未能將勞工法規之相關規定納入人力資源政策；RoMM：（RoMM 分類未填）；重大科目／聲明：（重大科目未填）／（聲明未填）），設計控制目標為「使員工工作與生活平衡，並提升員工工作滿意度。」。由1. 會計單位
2. 職工福利委員會以人工方式、採預防性控制取向、屬（類型未填）類型，依每年執行下列控制活動：公司應依規定提撥職工福利金。。控制執行時使用之 IUC／制度為「福委會會議紀錄」。投入（Inputs）：福委會會議紀錄。覆核／執行步驟（Specific activities）：公司應依規定提撥職工福利金。。產出（Outputs）：福委會會議紀錄。","[薪工循環｜勞工及雇用問題] 使員工工作與生活平衡，並提升員工工作滿意度。：公司應依規定提撥職工福利金。（頻率：每年；負責：1. 會計單位
2. 職工福利委員會；IUC：福委會會議紀錄）",CW107-1,RCM;薪工循環;累積範本;去識別範本,2026-08-26 16:28:15
PL-CR101-1,借款額度之申請需經檢視且核准。,融資循環,CR-101,借款作業,資本規劃,資本規劃,資本規劃與企業策略不一致,營運面,,[營運] 資本規劃與企業策略不一致,,,,,借款額度之申請需經檢視且核准。,借款額度申請應先進行資金需求分析，並經權責主管、董事會或委員會核准，始得執行。,不定期,財務單位,流程管理系統系統,流程管理系統系統,"1. 金融機構額度申請與動支管理辦法
2. 財務會計相關類核決權限表
3. 用印申請管理類核決權限表",,"1. 銀行授信申請書（銀行表單）
2. 額度建議書（銀行表單）
3. 簽呈
4. 董事會議事錄
5. 額度核定通知書",,,,,,,人工,預防性 (Preventive),,,,"1. 銀行授信申請書（銀行表單）
2. 額度建議書（銀行表單）
3. 簽呈
4. 董事會議事錄
5. 額度核定通知書",,,"就公司現行融資循環作業，為因應「資本規劃」風險——資本規劃與企業策略不一致（風險三大屬性—財務報導：（未填）；營運：[營運] 資本規劃與企業策略不一致；法令遵循：（未填）；RoMM：（RoMM 分類未填）；重大科目／聲明：（重大科目未填）／（聲明未填）），設計控制目標為「借款額度之申請需經檢視且核准。」。由財務單位以人工方式、採預防性控制取向、屬（類型未填）類型，依不定期執行下列控制活動：借款額度申請應先進行資金需求分析，並經權責主管、董事會或委員會核准，始得執行。。控制執行時使用之 IUC／制度為「流程管理系統系統」。投入（Inputs）：流程管理系統系統。覆核／執行步驟（Specific activities）：借款額度申請應先進行資金需求分析，並經權責主管、董事會或委員會核准，始得執行。。產出（Outputs）：1. 銀行授信申請書（銀行表單）
2. 額度建議書（銀行表單）
3. 簽呈
4. 董事會議事錄
5. 額度核定通知書。",[融資循環｜資本規劃] 借款額度之申請需經檢視且核准。：借款額度申請應先進行資金需求分析，並經權責主管、董事會或委員會核准，始得執行。（頻率：不定期；負責：財務單位；IUC：流程管理系統系統）,CR101-1,RCM;融資循環;累積範本;去識別範本,2026-08-26 16:28:15
PL-CR101-2,合約內之借款資訊(含借款利率、額度、授信條件等)應正確且經核准。,融資循環,CR-101,借款作業,會計,會計,不實的財務資訊,報導面,[財務報導] 不實的財務資訊,,,,庫存現金、銀行借款、一年或一營業週期內到期長期借款、銀行長期借款-資產抵押、其他營業外收入、其他營業外支出、利息費用,,合約內之借款資訊(含借款利率、額度、授信條件等)應正確且經核准。,借款合約訂定之借款資訊／額度支用（含借款利率、額度、授信條件等）應取得權責主管之核准且應於授信額度控制報表更新相關資訊。,不定期,財務單位,流程管理系統系統,流程管理系統系統,"1. 金融機構額度申請與動支管理辦法
2. 財務會計相關類核決權限表
3. 用印申請管理類核決權限表",,"1. 用印申請單
2. 金融機構額度使用統計表
3. 額度動用申請書（銀行表單）
4. 額度建議書（銀行表單）
5. 簽呈",,,,,,,人工,預防性 (Preventive),,,,"1. 用印申請單
2. 金融機構額度使用統計表
3. 額度動用申請書（銀行表單）
4. 額度建議書（銀行表單）
5. 簽呈",,,"就公司現行融資循環作業，為因應「會計」風險——不實的財務資訊（風險三大屬性—財務報導：[財務報導] 不實的財務資訊；營運：（未填）；法令遵循：（未填）；RoMM：（RoMM 分類未填）；重大科目／聲明：庫存現金、銀行借款、一年或一營業週期內到期長期借款、銀行長期借款-資產抵押、其他營業外收入、其他營業外支出、利息費用／（聲明未填）），設計控制目標為「合約內之借款資訊(含借款利率、額度、授信條件等)應正確且經核准。」。由財務單位以人工方式、採預防性控制取向、屬（類型未填）類型，依不定期執行下列控制活動：借款合約訂定之借款資訊／額度支用（含借款利率、額度、授信條件等）應取得權責主管之核准且應於授信額度控制報表更新相關資訊。。控制執行時使用之 IUC／制度為「流程管理系統系統」。投入（Inputs）：流程管理系統系統。覆核／執行步驟（Specific activities）：借款合約訂定之借款資訊／額度支用（含借款利率、額度、授信條件等）應取得權責主管之核准且應於授信額度控制報表更新相關資訊。。產出（Outputs）：1. 用印申請單
2. 金融機構額度使用統計表
3. 額度動用申請書（銀行表單）
4. 額度建議書（銀行表單）
5. 簽呈。",[融資循環｜會計] 合約內之借款資訊(含借款利率、額度、授信條件等)應正確且經核准。：借款合約訂定之借款資訊／額度支用（含借款利率、額度、授信條件等）應取得權責主管之核准且應於授信額度控制報表更新相關資訊。（頻率：不定期；負責：財務單位；IUC：流程管理系統系統）,CR101-2,RCM;融資循環;累積範本;去識別範本,2026-08-26 16:28:15
PL-CR101-3,所有借款、還款及利息應正確記錄於適當之會計期間，並且經核准。,融資循環,CR-101,借款作業,會計,會計,不實的財務資訊,報導面,[財務報導] 不實的財務資訊,,,,庫存現金、銀行借款、一年或一營業週期內到期長期借款、銀行長期借款-資產抵押、其他營業外收入、其他營業外支出、利息費用,,所有借款、還款及利息應正確記錄於適當之會計期間，並且經核准。,定期與貸款機構針對實際借款交易資訊及金額進行對帳，如有差異應立即調查；相關比對結果應呈送權責主管覆核，以確認帳列借款金額之正確性及有效性。,每月,財務單位,ERP系統,ERP系統,金融機構額度申請與動支管理辦法,,"1. 借款額度明細表
2. 銀行對帳單",,,,,,,人工,偵測性 (Detective),,,,"1. 借款額度明細表
2. 銀行對帳單",,,"就公司現行融資循環作業，為因應「會計」風險——不實的財務資訊（風險三大屬性—財務報導：[財務報導] 不實的財務資訊；營運：（未填）；法令遵循：（未填）；RoMM：（RoMM 分類未填）；重大科目／聲明：庫存現金、銀行借款、一年或一營業週期內到期長期借款、銀行長期借款-資產抵押、其他營業外收入、其他營業外支出、利息費用／（聲明未填）），設計控制目標為「所有借款、還款及利息應正確記錄於適當之會計期間，並且經核准。」。由財務單位以人工方式、採偵測性控制取向、屬（類型未填）類型，依每月執行下列控制活動：定期與貸款機構針對實際借款交易資訊及金額進行對帳，如有差異應立即調查；相關比對結果應呈送權責主管覆核，以確認帳列借款金額之正確性及有效性。。控制執行時使用之 IUC／制度為「ERP系統」。投入（Inputs）：ERP系統。覆核／執行步驟（Specific activities）：定期與貸款機構針對實際借款交易資訊及金額進行對帳，如有差異應立即調查；相關比對結果應呈送權責主管覆核，以確認帳列借款金額之正確性及有效性。。產出（Outputs）：1. 借款額度明細表
2. 銀行對帳單。",[融資循環｜會計] 所有借款、還款及利息應正確記錄於適當之會計期間，並且經核准。：定期與貸款機構針對實際借款交易資訊及金額進行對帳，如有差異應立即調查；相關比對結果應呈送權責主管覆核，以確認帳列借款金額之正確性及有效性。（頻率：每月；負責：財務單位；IUC：ERP系統）,CR101-3,RCM;融資循環;累積範本;去識別範本,2026-08-26 16:28:15
PL-CR101-4,妥善保管借款契約及相關收據。,融資循環,CR-101,借款作業,會計,會計,不實的財務資訊,報導面,[財務報導] 不實的財務資訊,,,,庫存現金、銀行借款、一年或一營業週期內到期長期借款、銀行長期借款-資產抵押、其他營業外收入、其他營業外支出、利息費用,,妥善保管借款契約及相關收據。,借款契約及相關收據應由權責人員保管。,持續,財務單位,授信往來契約書及相關文件,,,,授信往來契約書及相關文件,,,,,,,人工,預防性 (Preventive),,,,授信往來契約書及相關文件,,,就公司現行融資循環作業，為因應「會計」風險——不實的財務資訊（風險三大屬性—財務報導：[財務報導] 不實的財務資訊；營運：（未填）；法令遵循：（未填）；RoMM：（RoMM 分類未填）；重大科目／聲明：庫存現金、銀行借款、一年或一營業週期內到期長期借款、銀行長期借款-資產抵押、其他營業外收入、其他營業外支出、利息費用／（聲明未填）），設計控制目標為「妥善保管借款契約及相關收據。」。由財務單位以人工方式、採預防性控制取向、屬（類型未填）類型，依持續執行下列控制活動：借款契約及相關收據應由權責人員保管。。控制執行時使用之 IUC／制度為「授信往來契約書及相關文件」。投入（Inputs）：授信往來契約書及相關文件。覆核／執行步驟（Specific activities）：借款契約及相關收據應由權責人員保管。。產出（Outputs）：授信往來契約書及相關文件。,[融資循環｜會計] 妥善保管借款契約及相關收據。：借款契約及相關收據應由權責人員保管。（頻率：持續；負責：財務單位；IUC：授信往來契約書及相關文件）,CR101-4,RCM;融資循環;累積範本;去識別範本,2026-08-26 16:28:15
PL-CR101-5,還款及利息支出應正確記錄於適當之會計期間，並且落實監督。,融資循環,CR-101,借款作業,合約管理,合約管理,未能遵循協議之條款及條件,遵循面,,,[法令遵循] 未能遵循協議之條款及條件,,,,還款及利息支出應正確記錄於適當之會計期間，並且落實監督。,借款合約申請動撥後應記錄借款資訊，建立還款時程表，並由管理階層定期檢視還款時程表，確認還款金額與支付之利息，符合借款合約要求。,不定期／每月,財務單位,ERP系統,ERP系統,,,"1. 借款額度明細表
2. 取款條",,,,,,,人工,偵測性 (Detective),,,,"1. 借款額度明細表
2. 取款條",,,"就公司現行融資循環作業，為因應「合約管理」風險——未能遵循協議之條款及條件（風險三大屬性—財務報導：（未填）；營運：（未填）；法令遵循：[法令遵循] 未能遵循協議之條款及條件；RoMM：（RoMM 分類未填）；重大科目／聲明：（重大科目未填）／（聲明未填）），設計控制目標為「還款及利息支出應正確記錄於適當之會計期間，並且落實監督。」。由財務單位以人工方式、採偵測性控制取向、屬（類型未填）類型，依不定期／每月執行下列控制活動：借款合約申請動撥後應記錄借款資訊，建立還款時程表，並由管理階層定期檢視還款時程表，確認還款金額與支付之利息，符合借款合約要求。。控制執行時使用之 IUC／制度為「ERP系統」。投入（Inputs）：ERP系統。覆核／執行步驟（Specific activities）：借款合約申請動撥後應記錄借款資訊，建立還款時程表，並由管理階層定期檢視還款時程表，確認還款金額與支付之利息，符合借款合約要求。。產出（Outputs）：1. 借款額度明細表
2. 取款條。",[融資循環｜合約管理] 還款及利息支出應正確記錄於適當之會計期間，並且落實監督。：借款合約申請動撥後應記錄借款資訊，建立還款時程表，並由管理階層定期檢視還款時程表，確認還款金額與支付之利息，符合借款合約要求。（頻率：不定期／每月；負責：財務單位；IUC：ERP系統）,CR101-5,RCM;融資循環;累積範本;去識別範本,2026-08-26 16:28:15
PL-CR102-1,現金支出作業應按規定處理並經適當核准。,融資循環,CR-102,出納現金支出作業,運用,運用,資產挪用／侵吞,營運面,,[營運] 資產挪用／侵吞,,,,,現金支出作業應按規定處理並經適當核准。,現金支出申請應檢附相關憑證並經權責主管核准；且已支付之交易相關憑證應蓋印付訖章且經領款人簽領確認。,,,,,,,,,,,,,,人工,預防性 (Preventive),,,,,,,就公司現行融資循環作業，為因應「運用」風險——資產挪用／侵吞（風險三大屬性—財務報導：（未填）；營運：[營運] 資產挪用／侵吞；法令遵循：（未填）；RoMM：（RoMM 分類未填）；重大科目／聲明：（重大科目未填）／（聲明未填）），設計控制目標為「現金支出作業應按規定處理並經適當核准。」。由（負責單位未填）以人工方式、採預防性控制取向、屬（類型未填）類型，依（頻率未填）執行下列控制活動：現金支出申請應檢附相關憑證並經權責主管核准；且已支付之交易相關憑證應蓋印付訖章且經領款人簽領確認。。控制執行時使用之 IUC／制度為「（未指定 IUC／制度）」。投入（Inputs）：（請補充投入資訊）。覆核／執行步驟（Specific activities）：現金支出申請應檢附相關憑證並經權責主管核准；且已支付之交易相關憑證應蓋印付訖章且經領款人簽領確認。。產出（Outputs）：（請補充控制產出／留存軌跡）。,[融資循環｜運用] 現金支出作業應按規定處理並經適當核准。：現金支出申請應檢附相關憑證並經權責主管核准；且已支付之交易相關憑證應蓋印付訖章且經領款人簽領確認。（頻率：—；負責：—；IUC：—）,CR102-1,RCM;融資循環;累積範本;去識別範本,2026-08-26 16:28:15
PL-CR102-2,收款作業應按規定處理並經適當核准。,融資循環,CR-102,出納現金支出作業,會計,會計,對會計分錄的控制不足,報導面,[財務報導] 對會計分錄的控制不足,,,,庫存現金、其他應付款、研發成本、銷貨成本、管理費、其他營業外收入、其他營業外支出,,收款作業應按規定處理並經適當核准。,收取現金或票據時，應編製收款憑證並經權責主管覆核確認金額之正確性。,不定期,財務單位,ERP系統,ERP系統,票據使用與領用管理辦法,,"1. 保固票
2. 保固票繳交／退回單
3. 保固票明細表
4. 入帳傳票",,,,,,,人工,預防性 (Preventive),,,,"1. 保固票
2. 保固票繳交／退回單
3. 保固票明細表
4. 入帳傳票",,,"就公司現行融資循環作業，為因應「會計」風險——對會計分錄的控制不足（風險三大屬性—財務報導：[財務報導] 對會計分錄的控制不足；營運：（未填）；法令遵循：（未填）；RoMM：（RoMM 分類未填）；重大科目／聲明：庫存現金、其他應付款、研發成本、銷貨成本、管理費、其他營業外收入、其他營業外支出／（聲明未填）），設計控制目標為「收款作業應按規定處理並經適當核准。」。由財務單位以人工方式、採預防性控制取向、屬（類型未填）類型，依不定期執行下列控制活動：收取現金或票據時，應編製收款憑證並經權責主管覆核確認金額之正確性。。控制執行時使用之 IUC／制度為「ERP系統」。投入（Inputs）：ERP系統。覆核／執行步驟（Specific activities）：收取現金或票據時，應編製收款憑證並經權責主管覆核確認金額之正確性。。產出（Outputs）：1. 保固票
2. 保固票繳交／退回單
3. 保固票明細表
4. 入帳傳票。",[融資循環｜會計] 收款作業應按規定處理並經適當核准。：收取現金或票據時，應編製收款憑證並經權責主管覆核確認金額之正確性。（頻率：不定期；負責：財務單位；IUC：ERP系統）,CR102-2,RCM;融資循環;累積範本;去識別範本,2026-08-26 16:28:15
PL-CR102-3,新增、修改及刪除銀行主檔應經過授權，並且需確認作業之正確性、完整性及及時性。,融資循環,CR-102,出納現金支出作業,會計,會計,不實的財務資訊,報導面,[財務報導] 不實的財務資訊,,,,庫存現金、其他應付款、研發成本、銷貨成本、管理費、其他營業外收入、其他營業外支出,,新增、修改及刪除銀行主檔應經過授權，並且需確認作業之正確性、完整性及及時性。,權責主管應覆核銀行主檔（基本資料檔）以確認銀行帳戶之開戶、管理及使用情形。,不定期,財務單位,ERP系統,ERP系統,,,"1. 簽呈
2. 銀行帳戶結清表單",,,,,,,人工,預防性 (Preventive),,,,"1. 簽呈
2. 銀行帳戶結清表單",,,"就公司現行融資循環作業，為因應「會計」風險——不實的財務資訊（風險三大屬性—財務報導：[財務報導] 不實的財務資訊；營運：（未填）；法令遵循：（未填）；RoMM：（RoMM 分類未填）；重大科目／聲明：庫存現金、其他應付款、研發成本、銷貨成本、管理費、其他營業外收入、其他營業外支出／（聲明未填）），設計控制目標為「新增、修改及刪除銀行主檔應經過授權，並且需確認作業之正確性、完整性及及時性。」。由財務單位以人工方式、採預防性控制取向、屬（類型未填）類型，依不定期執行下列控制活動：權責主管應覆核銀行主檔（基本資料檔）以確認銀行帳戶之開戶、管理及使用情形。。控制執行時使用之 IUC／制度為「ERP系統」。投入（Inputs）：ERP系統。覆核／執行步驟（Specific activities）：權責主管應覆核銀行主檔（基本資料檔）以確認銀行帳戶之開戶、管理及使用情形。。產出（Outputs）：1. 簽呈
2. 銀行帳戶結清表單。",[融資循環｜會計] 新增、修改及刪除銀行主檔應經過授權，並且需確認作業之正確性、完整性及及時性。：權責主管應覆核銀行主檔（基本資料檔）以確認銀行帳戶之開戶、管理及使用情形。（頻率：不定期；負責：財務單位；IUC：ERP系統）,CR102-3,RCM;融資循環;累積範本;去識別範本,2026-08-26 16:28:15
PL-CR102-4,轉帳交易應經適當授權並備齊相關佐證文件。,融資循環,CR-102,出納現金支出作業,會計,會計,不實的財務資訊,報導面,[財務報導] 不實的財務資訊,,,,庫存現金、其他應付款、研發成本、銷貨成本、管理費、其他營業外收入、其他營業外支出,,轉帳交易應經適當授權並備齊相關佐證文件。,轉帳交易應使用制式之表單依據公司之政策及作業程序提出申請，並經權責主管之核准。,不定期,會計單位,ERP系統,ERP系統,請款及付款管理辦法,,"1. 請款單
2. 相關憑證
3. 轉帳傳票",,,,,,,人工,預防性 (Preventive),,,,"1. 請款單
2. 相關憑證
3. 轉帳傳票",,,"就公司現行融資循環作業，為因應「會計」風險——不實的財務資訊（風險三大屬性—財務報導：[財務報導] 不實的財務資訊；營運：（未填）；法令遵循：（未填）；RoMM：（RoMM 分類未填）；重大科目／聲明：庫存現金、其他應付款、研發成本、銷貨成本、管理費、其他營業外收入、其他營業外支出／（聲明未填）），設計控制目標為「轉帳交易應經適當授權並備齊相關佐證文件。」。由會計單位以人工方式、採預防性控制取向、屬（類型未填）類型，依不定期執行下列控制活動：轉帳交易應使用制式之表單依據公司之政策及作業程序提出申請，並經權責主管之核准。。控制執行時使用之 IUC／制度為「ERP系統」。投入（Inputs）：ERP系統。覆核／執行步驟（Specific activities）：轉帳交易應使用制式之表單依據公司之政策及作業程序提出申請，並經權責主管之核准。。產出（Outputs）：1. 請款單
2. 相關憑證
3. 轉帳傳票。",[融資循環｜會計] 轉帳交易應經適當授權並備齊相關佐證文件。：轉帳交易應使用制式之表單依據公司之政策及作業程序提出申請，並經權責主管之核准。（頻率：不定期；負責：會計單位；IUC：ERP系統）,CR102-4,RCM;融資循環;累積範本;去識別範本,2026-08-26 16:28:15
PL-CR102-5,存出/存入保證票據帳上金額正確被記錄。,融資循環,CR-102,出納現金支出作業,會計,會計,不實的財務資訊,報導面,[財務報導] 不實的財務資訊,,,,庫存現金、其他應付款、研發成本、銷貨成本、管理費、其他營業外收入、其他營業外支出,,存出/存入保證票據帳上金額正確被記錄。,存出/存入保證票據應由專人保管並定期執行盤點及核對帳上金額之正確性，呈權責主管覆核。,不定期／每半年,財務單位,"1. 保固票
2. 保固票明細表
3. 現金、零用金、票據盤點報告表",,"1. 票據使用與領用管理辦法
2. 盤點管理辦法",,"1. 保固票
2. 保固票明細表
3. 現金、零用金、票據盤點報告表",,,,,,,人工,偵測性 (Detective),,,,"1. 保固票
2. 保固票明細表
3. 現金、零用金、票據盤點報告表",,,"就公司現行融資循環作業，為因應「會計」風險——不實的財務資訊（風險三大屬性—財務報導：[財務報導] 不實的財務資訊；營運：（未填）；法令遵循：（未填）；RoMM：（RoMM 分類未填）；重大科目／聲明：庫存現金、其他應付款、研發成本、銷貨成本、管理費、其他營業外收入、其他營業外支出／（聲明未填）），設計控制目標為「存出/存入保證票據帳上金額正確被記錄。」。由財務單位以人工方式、採偵測性控制取向、屬（類型未填）類型，依不定期／每半年執行下列控制活動：存出/存入保證票據應由專人保管並定期執行盤點及核對帳上金額之正確性，呈權責主管覆核。。控制執行時使用之 IUC／制度為「1. 保固票
2. 保固票明細表
3. 現金、零用金、票據盤點報告表」。投入（Inputs）：1. 保固票
2. 保固票明細表
3. 現金、零用金、票據盤點報告表。覆核／執行步驟（Specific activities）：存出/存入保證票據應由專人保管並定期執行盤點及核對帳上金額之正確性，呈權責主管覆核。。產出（Outputs）：1. 保固票
2. 保固票明細表
3. 現金、零用金、票據盤點報告表。","[融資循環｜會計] 存出/存入保證票據帳上金額正確被記錄。：存出/存入保證票據應由專人保管並定期執行盤點及核對帳上金額之正確性，呈權責主管覆核。（頻率：不定期／每半年；負責：財務單位；IUC：1. 保固票
2. 保固票明細表
3. 現金、零用金、票據盤點報告表）",CR102-5,RCM;融資循環;累積範本;去識別範本,2026-08-26 16:28:15
PL-CR102-6,零用金作業應按規定處理並經適當核准。,融資循環,CR-102,出納現金支出作業,會計,會計,不實的財務資訊,報導面,[財務報導] 不實的財務資訊,,,,庫存現金、其他應付款、研發成本、銷貨成本、管理費、其他營業外收入、其他營業外支出,,零用金作業應按規定處理並經適當核准。,零用金之設置與撥補應經權責主管核准。,不定期,"1. 零用金持有單位
2. 財務單位
3. 會計單位","1. 零用金持有單位及使用項目明細表
2. 請款單
3. 零用金收支明細表",,零用金管理辦法,,"1. 零用金持有單位及使用項目明細表
2. 請款單
3. 零用金收支明細表",,,,,,,人工,預防性 (Preventive),,,,"1. 零用金持有單位及使用項目明細表
2. 請款單
3. 零用金收支明細表",,,"就公司現行融資循環作業，為因應「會計」風險——不實的財務資訊（風險三大屬性—財務報導：[財務報導] 不實的財務資訊；營運：（未填）；法令遵循：（未填）；RoMM：（RoMM 分類未填）；重大科目／聲明：庫存現金、其他應付款、研發成本、銷貨成本、管理費、其他營業外收入、其他營業外支出／（聲明未填）），設計控制目標為「零用金作業應按規定處理並經適當核准。」。由1. 零用金持有單位
2. 財務單位
3. 會計單位以人工方式、採預防性控制取向、屬（類型未填）類型，依不定期執行下列控制活動：零用金之設置與撥補應經權責主管核准。。控制執行時使用之 IUC／制度為「1. 零用金持有單位及使用項目明細表
2. 請款單
3. 零用金收支明細表」。投入（Inputs）：1. 零用金持有單位及使用項目明細表
2. 請款單
3. 零用金收支明細表。覆核／執行步驟（Specific activities）：零用金之設置與撥補應經權責主管核准。。產出（Outputs）：1. 零用金持有單位及使用項目明細表
2. 請款單
3. 零用金收支明細表。","[融資循環｜會計] 零用金作業應按規定處理並經適當核准。：零用金之設置與撥補應經權責主管核准。（頻率：不定期；負責：1. 零用金持有單位
2. 財務單位
3. 會計單位；IUC：1. 零用金持有單位及使用項目明細表
2. 請款單
3. 零用金收支明細表）",CR102-6,RCM;融資循環;累積範本;去識別範本,2026-08-26 16:28:15
PL-CR102-7,妥善保管零用金並正確紀錄。,融資循環,CR-102,出納現金支出作業,流程管理,流程管理,無法追踪資產及相關資訊,營運面,,[營運] 無法追踪資產及相關資訊,,,,,妥善保管零用金並正確紀錄。,零用金應由專人保管且應定期盤點確定餘額之正確性。,持續／每半年,財務單位,現金、零用金、票據盤點報告表,,"1. 零用金管理辦法
2. 盤點管理辦法",,現金、零用金、票據盤點報告表,,,,,,,人工,偵測性 (Detective),,,,現金、零用金、票據盤點報告表,,,就公司現行融資循環作業，為因應「流程管理」風險——無法追踪資產及相關資訊（風險三大屬性—財務報導：（未填）；營運：[營運] 無法追踪資產及相關資訊；法令遵循：（未填）；RoMM：（RoMM 分類未填）；重大科目／聲明：（重大科目未填）／（聲明未填）），設計控制目標為「妥善保管零用金並正確紀錄。」。由財務單位以人工方式、採偵測性控制取向、屬（類型未填）類型，依持續／每半年執行下列控制活動：零用金應由專人保管且應定期盤點確定餘額之正確性。。控制執行時使用之 IUC／制度為「現金、零用金、票據盤點報告表」。投入（Inputs）：現金、零用金、票據盤點報告表。覆核／執行步驟（Specific activities）：零用金應由專人保管且應定期盤點確定餘額之正確性。。產出（Outputs）：現金、零用金、票據盤點報告表。,[融資循環｜流程管理] 妥善保管零用金並正確紀錄。：零用金應由專人保管且應定期盤點確定餘額之正確性。（頻率：持續／每半年；負責：財務單位；IUC：現金、零用金、票據盤點報告表）,CR102-7,RCM;融資循環;累積範本;去識別範本,2026-08-26 16:28:15
PL-CR103-1,費用申請應按規定處理並經適當核准。,融資循環,CR-103,一般費用報支作業,會計,會計,不實的財務資訊,報導面,[財務報導] 不實的財務資訊,,,,庫存現金、其他應付款、研發成本、銷貨成本、管理費、其他營業外收入、其他營業外支出,,費用申請應按規定處理並經適當核准。,費用申請單應檢附相關憑證並經權責主管核准。,不定期,"1. 需求單位
2. 會計單位",ERP系統,ERP系統,請款及付款管理辦法,,"1. 請款單
2. 相關憑證
3. 費用立帳傳票",,,,,,,人工,預防性 (Preventive),,,,"1. 請款單
2. 相關憑證
3. 費用立帳傳票",,,"就公司現行融資循環作業，為因應「會計」風險——不實的財務資訊（風險三大屬性—財務報導：[財務報導] 不實的財務資訊；營運：（未填）；法令遵循：（未填）；RoMM：（RoMM 分類未填）；重大科目／聲明：庫存現金、其他應付款、研發成本、銷貨成本、管理費、其他營業外收入、其他營業外支出／（聲明未填）），設計控制目標為「費用申請應按規定處理並經適當核准。」。由1. 需求單位
2. 會計單位以人工方式、採預防性控制取向、屬（類型未填）類型，依不定期執行下列控制活動：費用申請單應檢附相關憑證並經權責主管核准。。控制執行時使用之 IUC／制度為「ERP系統」。投入（Inputs）：ERP系統。覆核／執行步驟（Specific activities）：費用申請單應檢附相關憑證並經權責主管核准。。產出（Outputs）：1. 請款單
2. 相關憑證
3. 費用立帳傳票。","[融資循環｜會計] 費用申請應按規定處理並經適當核准。：費用申請單應檢附相關憑證並經權責主管核准。（頻率：不定期；負責：1. 需求單位
2. 會計單位；IUC：ERP系統）",CR103-1,RCM;融資循環;累積範本;去識別範本,2026-08-26 16:28:15
PL-CR104-1,發行公司債應按規定處理並經適當核准。,融資循環,CR-104,發行公司債作業,資本規劃,資本規劃,資本規劃與企業策略不一致,營運面,,[營運] 資本規劃與企業策略不一致,,,,,發行公司債應按規定處理並經適當核准。,發行公司債前應提出融資需求且依法取得董事會同意並報告股東會。,不定期,財務單位,"1. 發行公司債申報書
2. 公司債櫃檯買賣申請書",,,公司法,"1. 發行公司債申報書
2. 公司債櫃檯買賣申請書",,,,,,,人工,預防性 (Preventive),,,,"1. 發行公司債申報書
2. 公司債櫃檯買賣申請書",,,"就公司現行融資循環作業，為因應「資本規劃」風險——資本規劃與企業策略不一致（風險三大屬性—財務報導：（未填）；營運：[營運] 資本規劃與企業策略不一致；法令遵循：（未填）；RoMM：（RoMM 分類未填）；重大科目／聲明：（重大科目未填）／（聲明未填）），設計控制目標為「發行公司債應按規定處理並經適當核准。」。由財務單位以人工方式、採預防性控制取向、屬（類型未填）類型，依不定期執行下列控制活動：發行公司債前應提出融資需求且依法取得董事會同意並報告股東會。。控制執行時使用之 IUC／制度為「1. 發行公司債申報書
2. 公司債櫃檯買賣申請書」。投入（Inputs）：1. 發行公司債申報書
2. 公司債櫃檯買賣申請書。覆核／執行步驟（Specific activities）：發行公司債前應提出融資需求且依法取得董事會同意並報告股東會。。產出（Outputs）：1. 發行公司債申報書
2. 公司債櫃檯買賣申請書。","[融資循環｜資本規劃] 發行公司債應按規定處理並經適當核准。：發行公司債前應提出融資需求且依法取得董事會同意並報告股東會。（頻率：不定期；負責：財務單位；IUC：1. 發行公司債申報書
2. 公司債櫃檯買賣申請書）",CR104-1,RCM;融資循環;累積範本;去識別範本,2026-08-26 16:28:15
PL-CR104-2,公司債募集狀況資訊公開並依法令進行申報，以避免違反法令規範而遭致主管機關裁罰。,融資循環,CR-104,發行公司債作業,法定報告,法定報告,未完整辨識所有法定要求申報事項,遵循面,,,[法令遵循] 未完整辨識所有法定要求申報事項,,,,公司債募集狀況資訊公開並依法令進行申報，以避免違反法令規範而遭致主管機關裁罰。,募集公司債執行情況應定期公開申報。,不定期,財務單位,申報程序檢查表,,,"公司法
證券交易法",申報程序檢查表,,,,,,,人工,預防性 (Preventive),,,,申報程序檢查表,,,就公司現行融資循環作業，為因應「法定報告」風險——未完整辨識所有法定要求申報事項（風險三大屬性—財務報導：（未填）；營運：（未填）；法令遵循：[法令遵循] 未完整辨識所有法定要求申報事項；RoMM：（RoMM 分類未填）；重大科目／聲明：（重大科目未填）／（聲明未填）），設計控制目標為「公司債募集狀況資訊公開並依法令進行申報，以避免違反法令規範而遭致主管機關裁罰。」。由財務單位以人工方式、採預防性控制取向、屬（類型未填）類型，依不定期執行下列控制活動：募集公司債執行情況應定期公開申報。。控制執行時使用之 IUC／制度為「申報程序檢查表」。投入（Inputs）：申報程序檢查表。覆核／執行步驟（Specific activities）：募集公司債執行情況應定期公開申報。。產出（Outputs）：申報程序檢查表。,[融資循環｜法定報告] 公司債募集狀況資訊公開並依法令進行申報，以避免違反法令規範而遭致主管機關裁罰。：募集公司債執行情況應定期公開申報。（頻率：不定期；負責：財務單位；IUC：申報程序檢查表）,CR104-2,RCM;融資循環;累積範本;去識別範本,2026-08-26 16:28:15
PL-CR104-3,正確計算應計利息費用並經適當核准。,融資循環,CR-104,發行公司債作業,會計,會計,不實的財務資訊,報導面,[財務報導] 不實的財務資訊,,,,庫存現金、一年或一營業週期內到期長期借款、其他應付款、應付公司債、利息費用,,正確計算應計利息費用並經適當核准。,權責主管應覆核應計利息費用計算之正確性及完整性。,每月,會計單位,ERP系統,ERP系統,,,"1. 攤銷表
2. 應付利息傳票",,,,,,,人工,預防性 (Preventive),,,,"1. 攤銷表
2. 應付利息傳票",,,"就公司現行融資循環作業，為因應「會計」風險——不實的財務資訊（風險三大屬性—財務報導：[財務報導] 不實的財務資訊；營運：（未填）；法令遵循：（未填）；RoMM：（RoMM 分類未填）；重大科目／聲明：庫存現金、一年或一營業週期內到期長期借款、其他應付款、應付公司債、利息費用／（聲明未填）），設計控制目標為「正確計算應計利息費用並經適當核准。」。由會計單位以人工方式、採預防性控制取向、屬（類型未填）類型，依每月執行下列控制活動：權責主管應覆核應計利息費用計算之正確性及完整性。。控制執行時使用之 IUC／制度為「ERP系統」。投入（Inputs）：ERP系統。覆核／執行步驟（Specific activities）：權責主管應覆核應計利息費用計算之正確性及完整性。。產出（Outputs）：1. 攤銷表
2. 應付利息傳票。",[融資循環｜會計] 正確計算應計利息費用並經適當核准。：權責主管應覆核應計利息費用計算之正確性及完整性。（頻率：每月；負責：會計單位；IUC：ERP系統）,CR104-3,RCM;融資循環;累積範本;去識別範本,2026-08-26 16:28:15
PL-CA101-1,會計及財務報告的處理流程應有適當的政策及程序。,財務報導循環,CA-101,會計政策程序作業,會計準則及政策遵循,會計準則及政策遵循,不適當的會計政策,遵循面,,,[法令遵循] 不適當的會計政策,,,,會計及財務報告的處理流程應有適當的政策及程序。,會計政策及財務報告程序應書面化並予以公告，以供權責人員遵循。,持續,會計單位,會計制度,,會計制度,"1. 商業會計法
2. 商業會計處理準則
3. 企業會計準則公報",會計制度,,,,,,,人工,預防性 (Preventive),,,,會計制度,,,就公司現行財務報導循環作業，為因應「會計準則及政策遵循」風險——不適當的會計政策（風險三大屬性—財務報導：（未填）；營運：（未填）；法令遵循：[法令遵循] 不適當的會計政策；RoMM：（RoMM 分類未填）；重大科目／聲明：（重大科目未填）／（聲明未填）），設計控制目標為「會計及財務報告的處理流程應有適當的政策及程序。」。由會計單位以人工方式、採預防性控制取向、屬（類型未填）類型，依持續執行下列控制活動：會計政策及財務報告程序應書面化並予以公告，以供權責人員遵循。。控制執行時使用之 IUC／制度為「會計制度」。投入（Inputs）：會計制度。覆核／執行步驟（Specific activities）：會計政策及財務報告程序應書面化並予以公告，以供權責人員遵循。。產出（Outputs）：會計制度。,[財務報導循環｜會計準則及政策遵循] 會計及財務報告的處理流程應有適當的政策及程序。：會計政策及財務報告程序應書面化並予以公告，以供權責人員遵循。（頻率：持續；負責：會計單位；IUC：會計制度）,CA101-1,RCM;財務報導循環;累積範本;去識別範本,2026-08-26 16:28:16
PL-CA101-2,會計及財務報告的處理流程應有適當的政策及程序。,財務報導循環,CA-101,會計政策程序作業,會計準則及政策遵循,會計準則及政策遵循,不適當的會計政策,報導面,[財務報導] 不適當的會計政策,,,,所有會計科目,,會計及財務報告的處理流程應有適當的政策及程序。,定期檢視會計政策及財務報告程序之適用性，若內容如需修訂，應經分析評估並呈權責主管審核，確保相關政策及程序適用公司營運作業，且符合會計準則及相關法令規定。,每年,會計單位,"1. 會計制度適用性之評估紀錄
2. 會計制度修改之紀錄",,會計制度,"1. 商業會計法
2. 商業會計處理準則
3. 企業會計準則公報","1. 會計制度適用性之評估紀錄
2. 會計制度修改之紀錄",,,,,,,人工,偵測性 (Detective),,,,"1. 會計制度適用性之評估紀錄
2. 會計制度修改之紀錄",,,"就公司現行財務報導循環作業，為因應「會計準則及政策遵循」風險——不適當的會計政策（風險三大屬性—財務報導：[財務報導] 不適當的會計政策；營運：（未填）；法令遵循：（未填）；RoMM：（RoMM 分類未填）；重大科目／聲明：所有會計科目／（聲明未填）），設計控制目標為「會計及財務報告的處理流程應有適當的政策及程序。」。由會計單位以人工方式、採偵測性控制取向、屬（類型未填）類型，依每年執行下列控制活動：定期檢視會計政策及財務報告程序之適用性，若內容如需修訂，應經分析評估並呈權責主管審核，確保相關政策及程序適用公司營運作業，且符合會計準則及相關法令規定。。控制執行時使用之 IUC／制度為「1. 會計制度適用性之評估紀錄
2. 會計制度修改之紀錄」。投入（Inputs）：1. 會計制度適用性之評估紀錄
2. 會計制度修改之紀錄。覆核／執行步驟（Specific activities）：定期檢視會計政策及財務報告程序之適用性，若內容如需修訂，應經分析評估並呈權責主管審核，確保相關政策及程序適用公司營運作業，且符合會計準則及相關法令規定。。產出（Outputs）：1. 會計制度適用性之評估紀錄
2. 會計制度修改之紀錄。","[財務報導循環｜會計準則及政策遵循] 會計及財務報告的處理流程應有適當的政策及程序。：定期檢視會計政策及財務報告程序之適用性，若內容如需修訂，應經分析評估並呈權責主管審核，確保相關政策及程序適用公司營運作業，且符合會計準則及相關法令規定。（頻率：每年；負責：會計單位；IUC：1. 會計制度適用性之評估紀錄
2. 會計制度修改之紀錄）",CA101-2,RCM;財務報導循環;累積範本;去識別範本,2026-08-26 16:28:16
PL-CA101-3,當有發生事項或交易有可供選擇之會計處理時，有關選擇會計原則之決策過程應留下書面記錄，送交管理階層核准並向審計委員會（董事會）報告。,財務報導循環,CA-101,會計政策程序作業,會計,會計,會計估計或計提方式缺乏適當性,報導面,[財務報導] 會計估計或計提方式缺乏適當性,,,,所有會計科目,,當有發生事項或交易有可供選擇之會計處理時，有關選擇會計原則之決策過程應留下書面記錄，送交管理階層核准並向審計委員會（董事會）報告。,會計原則之選用及重大事件或交易之會計估計應留存評估及複核紀錄，並於法定期間內取得審計委員會同意並提報董事會決議通過後，公告申報。,不定期,會計單位,"1. 會計政策適用性評估紀錄
2. 會計制度修改之紀錄",,會計制度,"1. 商業會計法
2. 商業會計處理準則
3. 企業會計準則公報","1. 會計政策適用性評估紀錄
2. 會計制度修改之紀錄",,,,,,,人工,預防性 (Preventive),,,,"1. 會計政策適用性評估紀錄
2. 會計制度修改之紀錄",,,"就公司現行財務報導循環作業，為因應「會計」風險——會計估計或計提方式缺乏適當性（風險三大屬性—財務報導：[財務報導] 會計估計或計提方式缺乏適當性；營運：（未填）；法令遵循：（未填）；RoMM：（RoMM 分類未填）；重大科目／聲明：所有會計科目／（聲明未填）），設計控制目標為「當有發生事項或交易有可供選擇之會計處理時，有關選擇會計原則之決策過程應留下書面記錄，送交管理階層核准並向審計委員會（董事會）報告。」。由會計單位以人工方式、採預防性控制取向、屬（類型未填）類型，依不定期執行下列控制活動：會計原則之選用及重大事件或交易之會計估計應留存評估及複核紀錄，並於法定期間內取得審計委員會同意並提報董事會決議通過後，公告申報。。控制執行時使用之 IUC／制度為「1. 會計政策適用性評估紀錄
2. 會計制度修改之紀錄」。投入（Inputs）：1. 會計政策適用性評估紀錄
2. 會計制度修改之紀錄。覆核／執行步驟（Specific activities）：會計原則之選用及重大事件或交易之會計估計應留存評估及複核紀錄，並於法定期間內取得審計委員會同意並提報董事會決議通過後，公告申報。。產出（Outputs）：1. 會計政策適用性評估紀錄
2. 會計制度修改之紀錄。","[財務報導循環｜會計] 當有發生事項或交易有可供選擇之會計處理時，有關選擇會計原則之決策過程應留下書面記錄，送交管理階層核准並向審計委員會（董事會）報告。：會計原則之選用及重大事件或交易之會計估計應留存評估及複核紀錄，並於法定期間內取得審計委員會同意並提報董事會決議通過後，公告申報。（頻率：不定期；負責：會計單位；IUC：1. 會計政策適用性評估紀錄
2. 會計制度修改之紀錄）",CA101-3,RCM;財務報導循環;累積範本;去識別範本,2026-08-26 16:28:16
PL-CA101-4,非經常性交易需經辨認並指明適當之會計處理方式。,財務報導循環,CA-101,會計政策程序作業,會計,會計,不適當的會計政策,報導面,[財務報導] 不適當的會計政策,,,,所有會計科目,,非經常性交易需經辨認並指明適當之會計處理方式。,對於主要類型之非經常性交易應於會計制度中具體說明適當會計之處理程序，以確認相關財務資訊皆已取得且該交易已經適當辨別、記錄及更新。,持續,會計單位,會計制度,,會計制度,"1. 商業會計法
2. 商業會計處理準則
3. 企業會計準則公報",會計制度,,,,,,,人工,預防性 (Preventive),,,,會計制度,,,就公司現行財務報導循環作業，為因應「會計」風險——不適當的會計政策（風險三大屬性—財務報導：[財務報導] 不適當的會計政策；營運：（未填）；法令遵循：（未填）；RoMM：（RoMM 分類未填）；重大科目／聲明：所有會計科目／（聲明未填）），設計控制目標為「非經常性交易需經辨認並指明適當之會計處理方式。」。由會計單位以人工方式、採預防性控制取向、屬（類型未填）類型，依持續執行下列控制活動：對於主要類型之非經常性交易應於會計制度中具體說明適當會計之處理程序，以確認相關財務資訊皆已取得且該交易已經適當辨別、記錄及更新。。控制執行時使用之 IUC／制度為「會計制度」。投入（Inputs）：會計制度。覆核／執行步驟（Specific activities）：對於主要類型之非經常性交易應於會計制度中具體說明適當會計之處理程序，以確認相關財務資訊皆已取得且該交易已經適當辨別、記錄及更新。。產出（Outputs）：會計制度。,[財務報導循環｜會計] 非經常性交易需經辨認並指明適當之會計處理方式。：對於主要類型之非經常性交易應於會計制度中具體說明適當會計之處理程序，以確認相關財務資訊皆已取得且該交易已經適當辨別、記錄及更新。（頻率：持續；負責：會計單位；IUC：會計制度）,CA101-4,RCM;財務報導循環;累積範本;去識別範本,2026-08-26 16:28:16
PL-CA101-5,負責財務報告程序之人員應瞭解公司之營運活動及擁有適當之會計專業以執行其工作職掌內之工作。,財務報導循環,CA-101,會計政策程序作業,會計準則及政策遵循,會計準則及政策遵循,缺乏對會計準則及政策的知識,報導面,[財務報導] 缺乏對會計準則及政策的知識,,,,所有會計科目,,負責財務報告程序之人員應瞭解公司之營運活動及擁有適當之會計專業以執行其工作職掌內之工作。,任用具備足夠專業知識人員負責財務報導流程，並提供適當之教育訓練，俾能履行職責。,每半年／不定期,會計單位,"1. 員工教育訓練簽到與考核表
2. 外部訓練考核表",,,,"1. 員工教育訓練簽到與考核表
2. 外部訓練考核表",,,,,,,人工,預防性 (Preventive),,,,"1. 員工教育訓練簽到與考核表
2. 外部訓練考核表",,,"就公司現行財務報導循環作業，為因應「會計準則及政策遵循」風險——缺乏對會計準則及政策的知識（風險三大屬性—財務報導：[財務報導] 缺乏對會計準則及政策的知識；營運：（未填）；法令遵循：（未填）；RoMM：（RoMM 分類未填）；重大科目／聲明：所有會計科目／（聲明未填）），設計控制目標為「負責財務報告程序之人員應瞭解公司之營運活動及擁有適當之會計專業以執行其工作職掌內之工作。」。由會計單位以人工方式、採預防性控制取向、屬（類型未填）類型，依每半年／不定期執行下列控制活動：任用具備足夠專業知識人員負責財務報導流程，並提供適當之教育訓練，俾能履行職責。。控制執行時使用之 IUC／制度為「1. 員工教育訓練簽到與考核表
2. 外部訓練考核表」。投入（Inputs）：1. 員工教育訓練簽到與考核表
2. 外部訓練考核表。覆核／執行步驟（Specific activities）：任用具備足夠專業知識人員負責財務報導流程，並提供適當之教育訓練，俾能履行職責。。產出（Outputs）：1. 員工教育訓練簽到與考核表
2. 外部訓練考核表。","[財務報導循環｜會計準則及政策遵循] 負責財務報告程序之人員應瞭解公司之營運活動及擁有適當之會計專業以執行其工作職掌內之工作。：任用具備足夠專業知識人員負責財務報導流程，並提供適當之教育訓練，俾能履行職責。（頻率：每半年／不定期；負責：會計單位；IUC：1. 員工教育訓練簽到與考核表
2. 外部訓練考核表）",CA101-5,RCM;財務報導循環;累積範本;去識別範本,2026-08-26 16:28:16
PL-CA102-1,所有的會計分錄的金額必須正確、記錄於正確的期間，及正確的財務報表科目中。,財務報導循環,CA-102,帳務管理作業,會計,會計,不適當的會計政策,報導面,[財務報導] 不適當的會計政策,,,,所有會計科目,,所有的會計分錄的金額必須正確、記錄於正確的期間，及正確的財務報表科目中。,應由專人維護會計科目之適當性；如需新增或異動，應敘明內容並經獨立覆核及核准。,不定期,會計單位,ERP系統,ERP系統,,,會計科目新增或異動申請表,,,,,,,人工,預防性 (Preventive),,,,會計科目新增或異動申請表,,,就公司現行財務報導循環作業，為因應「會計」風險——不適當的會計政策（風險三大屬性—財務報導：[財務報導] 不適當的會計政策；營運：（未填）；法令遵循：（未填）；RoMM：（RoMM 分類未填）；重大科目／聲明：所有會計科目／（聲明未填）），設計控制目標為「所有的會計分錄的金額必須正確、記錄於正確的期間，及正確的財務報表科目中。」。由會計單位以人工方式、採預防性控制取向、屬（類型未填）類型，依不定期執行下列控制活動：應由專人維護會計科目之適當性；如需新增或異動，應敘明內容並經獨立覆核及核准。。控制執行時使用之 IUC／制度為「ERP系統」。投入（Inputs）：ERP系統。覆核／執行步驟（Specific activities）：應由專人維護會計科目之適當性；如需新增或異動，應敘明內容並經獨立覆核及核准。。產出（Outputs）：會計科目新增或異動申請表。,[財務報導循環｜會計] 所有的會計分錄的金額必須正確、記錄於正確的期間，及正確的財務報表科目中。：應由專人維護會計科目之適當性；如需新增或異動，應敘明內容並經獨立覆核及核准。（頻率：不定期；負責：會計單位；IUC：ERP系統）,CA102-1,RCM;財務報導循環;累積範本;去識別範本,2026-08-26 16:28:16
PL-CA102-2,所有會計分錄均應被適當地記錄。,財務報導循環,CA-102,帳務管理作業,會計,會計,對會計分錄的控制不足,報導面,[財務報導] 對會計分錄的控制不足,,,,所有會計科目,,所有會計分錄均應被適當地記錄。,每一分錄皆有一個獨一無二的連續編號，其中包含可提供稽核軌跡的敘述。,持續,會計單位,ERP系統,ERP系統,,,,,,,,,,自動,預防性 (Preventive),,,,,,,就公司現行財務報導循環作業，為因應「會計」風險——對會計分錄的控制不足（風險三大屬性—財務報導：[財務報導] 對會計分錄的控制不足；營運：（未填）；法令遵循：（未填）；RoMM：（RoMM 分類未填）；重大科目／聲明：所有會計科目／（聲明未填）），設計控制目標為「所有會計分錄均應被適當地記錄。」。由會計單位以自動方式、採預防性控制取向、屬（類型未填）類型，依持續執行下列控制活動：每一分錄皆有一個獨一無二的連續編號，其中包含可提供稽核軌跡的敘述。。控制執行時使用之 IUC／制度為「ERP系統」。投入（Inputs）：ERP系統。覆核／執行步驟（Specific activities）：每一分錄皆有一個獨一無二的連續編號，其中包含可提供稽核軌跡的敘述。。產出（Outputs）：（請補充控制產出／留存軌跡）。,[財務報導循環｜會計] 所有會計分錄均應被適當地記錄。：每一分錄皆有一個獨一無二的連續編號，其中包含可提供稽核軌跡的敘述。（頻率：持續；負責：會計單位；IUC：ERP系統）,CA102-2,RCM;財務報導循環;累積範本;去識別範本,2026-08-26 16:28:16
PL-CA102-3,記錄之會計分錄應經獨立覆核、驗證其有效性並核准。,財務報導循環,CA-102,帳務管理作業,會計準則及政策遵循,會計準則及政策遵循,無法監督與落實準則,遵循面,,,[法令遵循] 無法監督與落實準則,,,,記錄之會計分錄應經獨立覆核、驗證其有效性並核准。,會計分錄應依據取得之合法憑證編列，且相關憑證及會計傳票應經權責人員審核入帳之正確性。相關入帳資訊及憑證應依法留存。,不定期,會計單位,ERP系統,ERP系統,"1. 會計制度
2. 核決權限管理規範",商業會計法,"1. 核決權限管理規範
2. 入帳傳票",,,,,,,人工,預防性 (Preventive),,,,"1. 核決權限管理規範
2. 入帳傳票",,,"就公司現行財務報導循環作業，為因應「會計準則及政策遵循」風險——無法監督與落實準則（風險三大屬性—財務報導：（未填）；營運：（未填）；法令遵循：[法令遵循] 無法監督與落實準則；RoMM：（RoMM 分類未填）；重大科目／聲明：（重大科目未填）／（聲明未填）），設計控制目標為「記錄之會計分錄應經獨立覆核、驗證其有效性並核准。」。由會計單位以人工方式、採預防性控制取向、屬（類型未填）類型，依不定期執行下列控制活動：會計分錄應依據取得之合法憑證編列，且相關憑證及會計傳票應經權責人員審核入帳之正確性。相關入帳資訊及憑證應依法留存。。控制執行時使用之 IUC／制度為「ERP系統」。投入（Inputs）：ERP系統。覆核／執行步驟（Specific activities）：會計分錄應依據取得之合法憑證編列，且相關憑證及會計傳票應經權責人員審核入帳之正確性。相關入帳資訊及憑證應依法留存。。產出（Outputs）：1. 核決權限管理規範
2. 入帳傳票。",[財務報導循環｜會計準則及政策遵循] 記錄之會計分錄應經獨立覆核、驗證其有效性並核准。：會計分錄應依據取得之合法憑證編列，且相關憑證及會計傳票應經權責人員審核入帳之正確性。相關入帳資訊及憑證應依法留存。（頻率：不定期；負責：會計單位；IUC：ERP系統）,CA102-3,RCM;財務報導循環;累積範本;去識別範本,2026-08-26 16:28:16
PL-CA102-4,非經常性交易需經辨認並指明適當會計處理方式予以計算入帳。,財務報導循環,CA-102,帳務管理作業,會計,會計,會計估計或計提方式缺乏適當性,報導面,[財務報導] 會計估計或計提方式缺乏適當性,,,,所有會計科目,,非經常性交易需經辨認並指明適當會計處理方式予以計算入帳。,非經常性交易應敘明相關估計及假設並檢附相關參考資料據以編製會計備忘錄，經獨立覆核確認會計處理之正確性，始得入帳。,持續,會計單位,"1. 非經常性交易入帳傳票
2. 會計備忘綠",,,,"1. 非經常性交易入帳傳票
2. 會計備忘綠",,,,,,,人工,預防性 (Preventive),,,,"1. 非經常性交易入帳傳票
2. 會計備忘綠",,,"就公司現行財務報導循環作業，為因應「會計」風險——會計估計或計提方式缺乏適當性（風險三大屬性—財務報導：[財務報導] 會計估計或計提方式缺乏適當性；營運：（未填）；法令遵循：（未填）；RoMM：（RoMM 分類未填）；重大科目／聲明：所有會計科目／（聲明未填）），設計控制目標為「非經常性交易需經辨認並指明適當會計處理方式予以計算入帳。」。由會計單位以人工方式、採預防性控制取向、屬（類型未填）類型，依持續執行下列控制活動：非經常性交易應敘明相關估計及假設並檢附相關參考資料據以編製會計備忘錄，經獨立覆核確認會計處理之正確性，始得入帳。。控制執行時使用之 IUC／制度為「1. 非經常性交易入帳傳票
2. 會計備忘綠」。投入（Inputs）：1. 非經常性交易入帳傳票
2. 會計備忘綠。覆核／執行步驟（Specific activities）：非經常性交易應敘明相關估計及假設並檢附相關參考資料據以編製會計備忘錄，經獨立覆核確認會計處理之正確性，始得入帳。。產出（Outputs）：1. 非經常性交易入帳傳票
2. 會計備忘綠。","[財務報導循環｜會計] 非經常性交易需經辨認並指明適當會計處理方式予以計算入帳。：非經常性交易應敘明相關估計及假設並檢附相關參考資料據以編製會計備忘錄，經獨立覆核確認會計處理之正確性，始得入帳。（頻率：持續；負責：會計單位；IUC：1. 非經常性交易入帳傳票
2. 會計備忘綠）",CA102-4,RCM;財務報導循環;累積範本;去識別範本,2026-08-26 16:28:16
PL-CA102-5,受匯率變動影響之會計科目應經正確且適當之記錄。,財務報導循環,CA-102,帳務管理作業,會計,會計,不實的財務資訊,報導面,[財務報導] 不實的財務資訊,,,,所有會計科目,,受匯率變動影響之會計科目應經正確且適當之記錄。,變更匯率主檔應經獨立檢查以驗證其正確性,每日,會計單位,ERP系統,ERP系統,,,匯率主檔異動及獨立檢查之作業紀錄,,,,,,,人工,預防性 (Preventive),,,,匯率主檔異動及獨立檢查之作業紀錄,,,就公司現行財務報導循環作業，為因應「會計」風險——不實的財務資訊（風險三大屬性—財務報導：[財務報導] 不實的財務資訊；營運：（未填）；法令遵循：（未填）；RoMM：（RoMM 分類未填）；重大科目／聲明：所有會計科目／（聲明未填）），設計控制目標為「受匯率變動影響之會計科目應經正確且適當之記錄。」。由會計單位以人工方式、採預防性控制取向、屬（類型未填）類型，依每日執行下列控制活動：變更匯率主檔應經獨立檢查以驗證其正確性。控制執行時使用之 IUC／制度為「ERP系統」。投入（Inputs）：ERP系統。覆核／執行步驟（Specific activities）：變更匯率主檔應經獨立檢查以驗證其正確性。產出（Outputs）：匯率主檔異動及獨立檢查之作業紀錄。,[財務報導循環｜會計] 受匯率變動影響之會計科目應經正確且適當之記錄。：變更匯率主檔應經獨立檢查以驗證其正確性（頻率：每日；負責：會計單位；IUC：ERP系統）,CA102-5,RCM;財務報導循環;累積範本;去識別範本,2026-08-26 16:28:16
PL-CA102-6,所有的會計分錄的金額必須正確、記錄於正確的期間，及正確的財務報表科目中。,財務報導循環,CA-102,帳務管理作業,會計,會計,對會計分錄的控制不足,報導面,[財務報導] 對會計分錄的控制不足,,,,所有會計科目,,所有的會計分錄的金額必須正確、記錄於正確的期間，及正確的財務報表科目中。,總帳系統中應設定分錄過帳自動檢查機制，以確保僅有借貸平衡之分錄方可列帳。,持續,會計單位,ERP系統,ERP系統,,,,,,,,,,自動,預防性 (Preventive),,,,,,,就公司現行財務報導循環作業，為因應「會計」風險——對會計分錄的控制不足（風險三大屬性—財務報導：[財務報導] 對會計分錄的控制不足；營運：（未填）；法令遵循：（未填）；RoMM：（RoMM 分類未填）；重大科目／聲明：所有會計科目／（聲明未填）），設計控制目標為「所有的會計分錄的金額必須正確、記錄於正確的期間，及正確的財務報表科目中。」。由會計單位以自動方式、採預防性控制取向、屬（類型未填）類型，依持續執行下列控制活動：總帳系統中應設定分錄過帳自動檢查機制，以確保僅有借貸平衡之分錄方可列帳。。控制執行時使用之 IUC／制度為「ERP系統」。投入（Inputs）：ERP系統。覆核／執行步驟（Specific activities）：總帳系統中應設定分錄過帳自動檢查機制，以確保僅有借貸平衡之分錄方可列帳。。產出（Outputs）：（請補充控制產出／留存軌跡）。,[財務報導循環｜會計] 所有的會計分錄的金額必須正確、記錄於正確的期間，及正確的財務報表科目中。：總帳系統中應設定分錄過帳自動檢查機制，以確保僅有借貸平衡之分錄方可列帳。（頻率：持續；負責：會計單位；IUC：ERP系統）,CA102-6,RCM;財務報導循環;累積範本;去識別範本,2026-08-26 16:28:16
PL-CA102-7,經適當授權之人員始得存取財務會計資料。,財務報導循環,CA-102,帳務管理作業,架構與監控,架構與監控,不適當的職務授權及監督活動,營運面,,[營運] 不適當的職務授權及監督活動,,,,,經適當授權之人員始得存取財務會計資料。,ERP財務會計模組應依據工作職掌適當授權。,持續,會計單位,ERP系統,ERP系統,,,,,,,,,,自動,預防性 (Preventive),,,,,,,就公司現行財務報導循環作業，為因應「架構與監控」風險——不適當的職務授權及監督活動（風險三大屬性—財務報導：（未填）；營運：[營運] 不適當的職務授權及監督活動；法令遵循：（未填）；RoMM：（RoMM 分類未填）；重大科目／聲明：（重大科目未填）／（聲明未填）），設計控制目標為「經適當授權之人員始得存取財務會計資料。」。由會計單位以自動方式、採預防性控制取向、屬（類型未填）類型，依持續執行下列控制活動：ERP財務會計模組應依據工作職掌適當授權。。控制執行時使用之 IUC／制度為「ERP系統」。投入（Inputs）：ERP系統。覆核／執行步驟（Specific activities）：ERP財務會計模組應依據工作職掌適當授權。。產出（Outputs）：（請補充控制產出／留存軌跡）。,[財務報導循環｜架構與監控] 經適當授權之人員始得存取財務會計資料。：ERP財務會計模組應依據工作職掌適當授權。（頻率：持續；負責：會計單位；IUC：ERP系統）,CA102-7,RCM;財務報導循環;累積範本;去識別範本,2026-08-26 16:28:16
PL-CA103-1,財務報告程序中各人員所擔任之角色及職掌應清楚定義、記錄、更新，並於適當之會計期間與適當之部門及人員及時溝通。,財務報導循環,CA-103,結帳作業,架構與監控,架構與監控,不適當的職務授權及監督活動,營運面,,[營運] 不適當的職務授權及監督活動,,,,,財務報告程序中各人員所擔任之角色及職掌應清楚定義、記錄、更新，並於適當之會計期間與適當之部門及人員及時溝通。,管理階層應定義、記錄、溝通並定期覆核會計結帳及報告程序中各人員擔任之角色及職掌。,每月,會計單位,結帳檢查表,,,,結帳檢查表,,,,,,,人工,預防性 (Preventive),,,,結帳檢查表,,,就公司現行財務報導循環作業，為因應「架構與監控」風險——不適當的職務授權及監督活動（風險三大屬性—財務報導：（未填）；營運：[營運] 不適當的職務授權及監督活動；法令遵循：（未填）；RoMM：（RoMM 分類未填）；重大科目／聲明：（重大科目未填）／（聲明未填）），設計控制目標為「財務報告程序中各人員所擔任之角色及職掌應清楚定義、記錄、更新，並於適當之會計期間與適當之部門及人員及時溝通。」。由會計單位以人工方式、採預防性控制取向、屬（類型未填）類型，依每月執行下列控制活動：管理階層應定義、記錄、溝通並定期覆核會計結帳及報告程序中各人員擔任之角色及職掌。。控制執行時使用之 IUC／制度為「結帳檢查表」。投入（Inputs）：結帳檢查表。覆核／執行步驟（Specific activities）：管理階層應定義、記錄、溝通並定期覆核會計結帳及報告程序中各人員擔任之角色及職掌。。產出（Outputs）：結帳檢查表。,[財務報導循環｜架構與監控] 財務報告程序中各人員所擔任之角色及職掌應清楚定義、記錄、更新，並於適當之會計期間與適當之部門及人員及時溝通。：管理階層應定義、記錄、溝通並定期覆核會計結帳及報告程序中各人員擔任之角色及職掌。（頻率：每月；負責：會計單位；IUC：結帳檢查表）,CA103-1,RCM;財務報導循環;累積範本;去識別範本,2026-08-26 16:28:16
PL-CA103-2,所有的會計分錄的金額必須正確、記錄於正確的期間，及正確的財務報表科目中。,財務報導循環,CA-103,結帳作業,會計,會計,防範舞弊的機制與控制不足,報導面,[財務報導] 防範舞弊的機制與控制不足,,,,所有會計科目,,所有的會計分錄的金額必須正確、記錄於正確的期間，及正確的財務報表科目中。,會計系統應設定僅有當期之會計分錄方可過帳；非當期之會計分錄，應提出申請且經核准後，始得入帳。,持續／不定期,會計單位,ERP系統,ERP系統,,,重開帳申請相關文件,,,,,,,自動,預防性 (Preventive),,,,重開帳申請相關文件,,,就公司現行財務報導循環作業，為因應「會計」風險——防範舞弊的機制與控制不足（風險三大屬性—財務報導：[財務報導] 防範舞弊的機制與控制不足；營運：（未填）；法令遵循：（未填）；RoMM：（RoMM 分類未填）；重大科目／聲明：所有會計科目／（聲明未填）），設計控制目標為「所有的會計分錄的金額必須正確、記錄於正確的期間，及正確的財務報表科目中。」。由會計單位以自動方式、採預防性控制取向、屬（類型未填）類型，依持續／不定期執行下列控制活動：會計系統應設定僅有當期之會計分錄方可過帳；非當期之會計分錄，應提出申請且經核准後，始得入帳。。控制執行時使用之 IUC／制度為「ERP系統」。投入（Inputs）：ERP系統。覆核／執行步驟（Specific activities）：會計系統應設定僅有當期之會計分錄方可過帳；非當期之會計分錄，應提出申請且經核准後，始得入帳。。產出（Outputs）：重開帳申請相關文件。,[財務報導循環｜會計] 所有的會計分錄的金額必須正確、記錄於正確的期間，及正確的財務報表科目中。：會計系統應設定僅有當期之會計分錄方可過帳；非當期之會計分錄，應提出申請且經核准後，始得入帳。（頻率：持續／不定期；負責：會計單位；IUC：ERP系統）,CA103-2,RCM;財務報導循環;累積範本;去識別範本,2026-08-26 16:28:16
PL-CA103-3,所有適當的會計分錄均應被記錄，且用以編製財務報表之試算表係由結帳後之總帳科目及金額所產生。,財務報導循環,CA-103,結帳作業,財務與會計,財務與會計,財務報告內容不實,報導面,[財務報導] 財務報告內容不實,,,,所有會計科目,,所有適當的會計分錄均應被記錄，且用以編製財務報表之試算表係由結帳後之總帳科目及金額所產生。,權責人員應定期維護每月月結作業檢核項目，包含應計項目調整、迴轉及合併／沖銷分錄，以確保用以編製財務報表之試算表係最終版本且已包含所有有效之會計分錄。,每月,Refer o CA103-1,Refer o CA103-1,Refer o CA103-1,Refer o CA103-1,Refer o CA103-1,Refer o CA103-1,,,,,,,人工,預防性 (Preventive),,,,Refer o CA103-1,,,就公司現行財務報導循環作業，為因應「財務與會計」風險——財務報告內容不實（風險三大屬性—財務報導：[財務報導] 財務報告內容不實；營運：（未填）；法令遵循：（未填）；RoMM：（RoMM 分類未填）；重大科目／聲明：所有會計科目／（聲明未填）），設計控制目標為「所有適當的會計分錄均應被記錄，且用以編製財務報表之試算表係由結帳後之總帳科目及金額所產生。」。由Refer o CA103-1以人工方式、採預防性控制取向、屬（類型未填）類型，依每月執行下列控制活動：權責人員應定期維護每月月結作業檢核項目，包含應計項目調整、迴轉及合併／沖銷分錄，以確保用以編製財務報表之試算表係最終版本且已包含所有有效之會計分錄。。控制執行時使用之 IUC／制度為「Refer o CA103-1」。投入（Inputs）：Refer o CA103-1。覆核／執行步驟（Specific activities）：權責人員應定期維護每月月結作業檢核項目，包含應計項目調整、迴轉及合併／沖銷分錄，以確保用以編製財務報表之試算表係最終版本且已包含所有有效之會計分錄。。產出（Outputs）：Refer o CA103-1。,[財務報導循環｜財務與會計] 所有適當的會計分錄均應被記錄，且用以編製財務報表之試算表係由結帳後之總帳科目及金額所產生。：權責人員應定期維護每月月結作業檢核項目，包含應計項目調整、迴轉及合併／沖銷分錄，以確保用以編製財務報表之試算表係最終版本且已包含所有有效之會計分錄。（頻率：每月；負責：Refer o CA103-1；IUC：Refer o CA103-1）,CA103-3,RCM;財務報導循環;累積範本;去識別範本,2026-08-26 16:28:16
PL-CA103-4,過渡性科目之金額應定期覆核並調整至適當之會計科目或予以轉銷。異常之項目應予以調查並處理。,財務報導循環,CA-103,結帳作業,會計,會計,不實的財務資訊,報導面,[財務報導] 不實的財務資訊,,,,所有會計科目,,過渡性科目之金額應定期覆核並調整至適當之會計科目或予以轉銷。異常之項目應予以調查並處理。,過渡性科目內容應定期覆核並確認皆已結清。,每月,會計單位,"1. 過渡性科目帳務調整之入帳傳票
2. 結帳檢查表",,,,"1. 過渡性科目帳務調整之入帳傳票
2. 結帳檢查表",,,,,,,人工,偵測性 (Detective),,,,"1. 過渡性科目帳務調整之入帳傳票
2. 結帳檢查表",,,"就公司現行財務報導循環作業，為因應「會計」風險——不實的財務資訊（風險三大屬性—財務報導：[財務報導] 不實的財務資訊；營運：（未填）；法令遵循：（未填）；RoMM：（RoMM 分類未填）；重大科目／聲明：所有會計科目／（聲明未填）），設計控制目標為「過渡性科目之金額應定期覆核並調整至適當之會計科目或予以轉銷。異常之項目應予以調查並處理。」。由會計單位以人工方式、採偵測性控制取向、屬（類型未填）類型，依每月執行下列控制活動：過渡性科目內容應定期覆核並確認皆已結清。。控制執行時使用之 IUC／制度為「1. 過渡性科目帳務調整之入帳傳票
2. 結帳檢查表」。投入（Inputs）：1. 過渡性科目帳務調整之入帳傳票
2. 結帳檢查表。覆核／執行步驟（Specific activities）：過渡性科目內容應定期覆核並確認皆已結清。。產出（Outputs）：1. 過渡性科目帳務調整之入帳傳票
2. 結帳檢查表。","[財務報導循環｜會計] 過渡性科目之金額應定期覆核並調整至適當之會計科目或予以轉銷。異常之項目應予以調查並處理。：過渡性科目內容應定期覆核並確認皆已結清。（頻率：每月；負責：會計單位；IUC：1. 過渡性科目帳務調整之入帳傳票
2. 結帳檢查表）",CA103-4,RCM;財務報導循環;累積範本;去識別範本,2026-08-26 16:28:16
PL-CA103-5,所有資產負債及交易均被報導。,財務報導循環,CA-103,結帳作業,財務與會計,財務與會計,財務報告內容不實,報導面,[財務報導] 財務報告內容不實,,,,所有會計科目,,所有資產負債及交易均被報導。,明細帳的餘額應與總帳數字應一致，任何例外或差異事項均應及時的調查解決，管理階層應及時覆核。,持續,會計單位,ERP系統,ERP系統,,,,,,,,,,自動,偵測性 (Detective),,,,,,,就公司現行財務報導循環作業，為因應「財務與會計」風險——財務報告內容不實（風險三大屬性—財務報導：[財務報導] 財務報告內容不實；營運：（未填）；法令遵循：（未填）；RoMM：（RoMM 分類未填）；重大科目／聲明：所有會計科目／（聲明未填）），設計控制目標為「所有資產負債及交易均被報導。」。由會計單位以自動方式、採偵測性控制取向、屬（類型未填）類型，依持續執行下列控制活動：明細帳的餘額應與總帳數字應一致，任何例外或差異事項均應及時的調查解決，管理階層應及時覆核。。控制執行時使用之 IUC／制度為「ERP系統」。投入（Inputs）：ERP系統。覆核／執行步驟（Specific activities）：明細帳的餘額應與總帳數字應一致，任何例外或差異事項均應及時的調查解決，管理階層應及時覆核。。產出（Outputs）：（請補充控制產出／留存軌跡）。,[財務報導循環｜財務與會計] 所有資產負債及交易均被報導。：明細帳的餘額應與總帳數字應一致，任何例外或差異事項均應及時的調查解決，管理階層應及時覆核。（頻率：持續；負責：會計單位；IUC：ERP系統）,CA103-5,RCM;財務報導循環;累積範本;去識別範本,2026-08-26 16:28:16
PL-CA103-6,結帳後，試算表或財務報表中異常項目應予以辨認及分析，進行調查且及時調整於適當會計期間。,財務報導循環,CA-103,結帳作業,財務與會計,財務與會計,財務報告內容不實,報導面,[財務報導] 財務報告內容不實,,,,所有會計科目,,結帳後，試算表或財務報表中異常項目應予以辨認及分析，進行調查且及時調整於適當會計期間。,總帳科目之分析應獨立覆核，在分析的過程中發現之異常項目及例外情形應予以記錄並追蹤處理。,每月,會計單位,"1. 月結管理相關報表
2. 帳務之重大差異分析資料與覆核紀錄",,,,"1. 月結管理相關報表
2. 帳務之重大差異分析資料與覆核紀錄",,,,,,,人工,偵測性 (Detective),,,,"1. 月結管理相關報表
2. 帳務之重大差異分析資料與覆核紀錄",,,"就公司現行財務報導循環作業，為因應「財務與會計」風險——財務報告內容不實（風險三大屬性—財務報導：[財務報導] 財務報告內容不實；營運：（未填）；法令遵循：（未填）；RoMM：（RoMM 分類未填）；重大科目／聲明：所有會計科目／（聲明未填）），設計控制目標為「結帳後，試算表或財務報表中異常項目應予以辨認及分析，進行調查且及時調整於適當會計期間。」。由會計單位以人工方式、採偵測性控制取向、屬（類型未填）類型，依每月執行下列控制活動：總帳科目之分析應獨立覆核，在分析的過程中發現之異常項目及例外情形應予以記錄並追蹤處理。。控制執行時使用之 IUC／制度為「1. 月結管理相關報表
2. 帳務之重大差異分析資料與覆核紀錄」。投入（Inputs）：1. 月結管理相關報表
2. 帳務之重大差異分析資料與覆核紀錄。覆核／執行步驟（Specific activities）：總帳科目之分析應獨立覆核，在分析的過程中發現之異常項目及例外情形應予以記錄並追蹤處理。。產出（Outputs）：1. 月結管理相關報表
2. 帳務之重大差異分析資料與覆核紀錄。","[財務報導循環｜財務與會計] 結帳後，試算表或財務報表中異常項目應予以辨認及分析，進行調查且及時調整於適當會計期間。：總帳科目之分析應獨立覆核，在分析的過程中發現之異常項目及例外情形應予以記錄並追蹤處理。（頻率：每月；負責：會計單位；IUC：1. 月結管理相關報表
2. 帳務之重大差異分析資料與覆核紀錄）",CA103-6,RCM;財務報導循環;累積範本;去識別範本,2026-08-26 16:28:16
PL-CA103-7,我國採用之會計準則與US GAAP間之差異應經正確、完整、有效且及時辨別。,財務報導循環,CA-103,結帳作業,會計準則及政策遵循,會計準則及政策遵循,對國際財務報導準則未能妥善規劃與導入,報導面,[財務報導] 對國際財務報導準則未能妥善規劃與導入,,,,所有會計科目,,我國採用之會計準則與US GAAP間之差異應經正確、完整、有效且及時辨別。,應由專人負責維護T-IFRSs與 Pure-IFRSs 間之差異清單，內容應記載調節項之差異原因及所需之資訊，作為調節時之依據，並經權責主管複核。(母公司適用),,,,,,,,,,,,,,人工,預防性 (Preventive),,,,,,,就公司現行財務報導循環作業，為因應「會計準則及政策遵循」風險——對國際財務報導準則未能妥善規劃與導入（風險三大屬性—財務報導：[財務報導] 對國際財務報導準則未能妥善規劃與導入；營運：（未填）；法令遵循：（未填）；RoMM：（RoMM 分類未填）；重大科目／聲明：所有會計科目／（聲明未填）），設計控制目標為「我國採用之會計準則與US GAAP間之差異應經正確、完整、有效且及時辨別。」。由（負責單位未填）以人工方式、採預防性控制取向、屬（類型未填）類型，依（頻率未填）執行下列控制活動：應由專人負責維護T-IFRSs與 Pure-IFRSs 間之差異清單，內容應記載調節項之差異原因及所需之資訊，作為調節時之依據，並經權責主管複核。(母公司適用)。控制執行時使用之 IUC／制度為「（未指定 IUC／制度）」。投入（Inputs）：（請補充投入資訊）。覆核／執行步驟（Specific activities）：應由專人負責維護T-IFRSs與 Pure-IFRSs 間之差異清單，內容應記載調節項之差異原因及所需之資訊，作為調節時之依據，並經權責主管複核。(母公司適用)。產出（Outputs）：（請補充控制產出／留存軌跡）。,[財務報導循環｜會計準則及政策遵循] 我國採用之會計準則與US GAAP間之差異應經正確、完整、有效且及時辨別。：應由專人負責維護T-IFRSs與 Pure-IFRSs 間之差異清單，內容應記載調節項之差異原因及所需之資訊，作為調節時之依據，並經權責主管複核。(母公司適用)（頻率：—；負責：—；IUC：—）,CA103-7,RCM;財務報導循環;累積範本;去識別範本,2026-08-26 16:28:16
PL-CA103-8,我國採用之會計準則與US GAAP間之差異應經正確、完整、有效且及時辨別。,財務報導循環,CA-103,結帳作業,財務資訊的可用性,財務資訊的可用性,缺乏可用的財務資訊以制定決策,報導面,[財務報導] 缺乏可用的財務資訊以制定決策,,,,所有會計科目,,我國採用之會計準則與US GAAP間之差異應經正確、完整、有效且及時辨別。,"IFRS財務報表中之調節表應有對應之工作底稿或明細表，以確保調節表之正確性。(母公司適用)
IFRS各調節項應編製工作底稿或明細表，並可與回報母公司之 Package 數字互相勾稽。(子公司適用)",,,,,,,,,,,,,,人工,預防性 (Preventive),,,,,,,"就公司現行財務報導循環作業，為因應「財務資訊的可用性」風險——缺乏可用的財務資訊以制定決策（風險三大屬性—財務報導：[財務報導] 缺乏可用的財務資訊以制定決策；營運：（未填）；法令遵循：（未填）；RoMM：（RoMM 分類未填）；重大科目／聲明：所有會計科目／（聲明未填）），設計控制目標為「我國採用之會計準則與US GAAP間之差異應經正確、完整、有效且及時辨別。」。由（負責單位未填）以人工方式、採預防性控制取向、屬（類型未填）類型，依（頻率未填）執行下列控制活動：IFRS財務報表中之調節表應有對應之工作底稿或明細表，以確保調節表之正確性。(母公司適用)
IFRS各調節項應編製工作底稿或明細表，並可與回報母公司之 Package 數字互相勾稽。(子公司適用)。控制執行時使用之 IUC／制度為「（未指定 IUC／制度）」。投入（Inputs）：（請補充投入資訊）。覆核／執行步驟（Specific activities）：IFRS財務報表中之調節表應有對應之工作底稿或明細表，以確保調節表之正確性。(母公司適用)
IFRS各調節項應編製工作底稿或明細表，並可與回報母公司之 Package 數字互相勾稽。(子公司適用)。產出（Outputs）：（請補充控制產出／留存軌跡）。","[財務報導循環｜財務資訊的可用性] 我國採用之會計準則與US GAAP間之差異應經正確、完整、有效且及時辨別。：IFRS財務報表中之調節表應有對應之工作底稿或明細表，以確保調節表之正確性。(母公司適用)
IFRS各調節項應編製工作底稿或明細表，並可與回報母公司之 Package 數字互相勾稽。(子公司適用)（頻率：—；負責：—；IUC：—）",CA103-8,RCM;財務報導循環;累積範本;去識別範本,2026-08-26 16:28:16
PL-CA104-1,各期間之試算表會計科目皆完整、正確且一致地分類至財務報表中。,財務報導循環,CA-104,財務報告編製作業,財務與會計,財務與會計,不適當的財務控管,報導面,[財務報導] 不適當的財務控管,,,,所有會計科目,,各期間之試算表會計科目皆完整、正確且一致地分類至財務報表中。,所有入帳之會計項目皆已正確分類及彙總至財務報表。,持續,會計單位,ERP系統,ERP系統,,,,,,,,,,自動,預防性 (Preventive),,,,,,,就公司現行財務報導循環作業，為因應「財務與會計」風險——不適當的財務控管（風險三大屬性—財務報導：[財務報導] 不適當的財務控管；營運：（未填）；法令遵循：（未填）；RoMM：（RoMM 分類未填）；重大科目／聲明：所有會計科目／（聲明未填）），設計控制目標為「各期間之試算表會計科目皆完整、正確且一致地分類至財務報表中。」。由會計單位以自動方式、採預防性控制取向、屬（類型未填）類型，依持續執行下列控制活動：所有入帳之會計項目皆已正確分類及彙總至財務報表。。控制執行時使用之 IUC／制度為「ERP系統」。投入（Inputs）：ERP系統。覆核／執行步驟（Specific activities）：所有入帳之會計項目皆已正確分類及彙總至財務報表。。產出（Outputs）：（請補充控制產出／留存軌跡）。,[財務報導循環｜財務與會計] 各期間之試算表會計科目皆完整、正確且一致地分類至財務報表中。：所有入帳之會計項目皆已正確分類及彙總至財務報表。（頻率：持續；負責：會計單位；IUC：ERP系統）,CA104-1,RCM;財務報導循環;累積範本;去識別範本,2026-08-26 16:28:16
PL-CA104-2,確認所有國內外應申報之財務報表及資訊係根據應遵守的會計準則及法令規定編製及發佈。,財務報導循環,CA-104,財務報告編製作業,會計準則及政策遵循,會計準則及政策遵循,缺乏對會計準則及政策的知識,遵循面,,,[法令遵循] 缺乏對會計準則及政策的知識,,,,確認所有國內外應申報之財務報表及資訊係根據應遵守的會計準則及法令規定編製及發佈。,財務報表之編製應採用主管機關所規定之會計原則及一般公認會計原則，由專人定期追蹤發佈內容，以評估對財務報表表達之影響，並編製會計原則差異清單，以通知各子公司配合辦理。,不定期／每年,會計單位,"1. 會計政策適用性評估之作業紀錄文件
2. 會計制度修改之紀錄",,會計制度,,"1. 會計政策適用性評估之作業紀錄文件
2. 會計制度修改之紀錄",,,,,,,人工,預防性 (Preventive),,,,"1. 會計政策適用性評估之作業紀錄文件
2. 會計制度修改之紀錄",,,"就公司現行財務報導循環作業，為因應「會計準則及政策遵循」風險——缺乏對會計準則及政策的知識（風險三大屬性—財務報導：（未填）；營運：（未填）；法令遵循：[法令遵循] 缺乏對會計準則及政策的知識；RoMM：（RoMM 分類未填）；重大科目／聲明：（重大科目未填）／（聲明未填）），設計控制目標為「確認所有國內外應申報之財務報表及資訊係根據應遵守的會計準則及法令規定編製及發佈。」。由會計單位以人工方式、採預防性控制取向、屬（類型未填）類型，依不定期／每年執行下列控制活動：財務報表之編製應採用主管機關所規定之會計原則及一般公認會計原則，由專人定期追蹤發佈內容，以評估對財務報表表達之影響，並編製會計原則差異清單，以通知各子公司配合辦理。。控制執行時使用之 IUC／制度為「1. 會計政策適用性評估之作業紀錄文件
2. 會計制度修改之紀錄」。投入（Inputs）：1. 會計政策適用性評估之作業紀錄文件
2. 會計制度修改之紀錄。覆核／執行步驟（Specific activities）：財務報表之編製應採用主管機關所規定之會計原則及一般公認會計原則，由專人定期追蹤發佈內容，以評估對財務報表表達之影響，並編製會計原則差異清單，以通知各子公司配合辦理。。產出（Outputs）：1. 會計政策適用性評估之作業紀錄文件
2. 會計制度修改之紀錄。","[財務報導循環｜會計準則及政策遵循] 確認所有國內外應申報之財務報表及資訊係根據應遵守的會計準則及法令規定編製及發佈。：財務報表之編製應採用主管機關所規定之會計原則及一般公認會計原則，由專人定期追蹤發佈內容，以評估對財務報表表達之影響，並編製會計原則差異清單，以通知各子公司配合辦理。（頻率：不定期／每年；負責：會計單位；IUC：1. 會計政策適用性評估之作業紀錄文件
2. 會計制度修改之紀錄）",CA104-2,RCM;財務報導循環;累積範本;去識別範本,2026-08-26 16:28:16
PL-CA104-3,合併財務報表之編製應完整、正確、有效且及時。,財務報導循環,CA-104,財務報告編製作業,會計,會計,會計人員對會計原則或實務的專業知識與能力不足,報導面,[財務報導] 會計人員對會計原則或實務的專業知識與能力不足,,,,所有會計科目,,合併財務報表之編製應完整、正確、有效且及時。,應依公司投資架構、一般公認會計原則及有關法令之規定，檢視確認應納入合併之個體。合併個體如有異動，應提出評估文件經權責主管審核。,每季／不定期,會計單位,"1. 本公司關係人名單及更新之審核紀錄
2. 集團集團組織圖及更新之審核紀錄
3. 投資架構圖及更新審核紀錄
4. 結帳檢查表",,,"1. 關係企業合併營業報告書關係企業合併財務報表及關係報告書編製準則
2. 國際會計準則第27號","1. 本公司關係人名單及更新之審核紀錄
2. 集團集團組織圖及更新之審核紀錄
3. 投資架構圖及更新審核紀錄
4. 結帳檢查表",,,,,,,人工,預防性 (Preventive),,,,"1. 本公司關係人名單及更新之審核紀錄
2. 集團集團組織圖及更新之審核紀錄
3. 投資架構圖及更新審核紀錄
4. 結帳檢查表",,,"就公司現行財務報導循環作業，為因應「會計」風險——會計人員對會計原則或實務的專業知識與能力不足（風險三大屬性—財務報導：[財務報導] 會計人員對會計原則或實務的專業知識與能力不足；營運：（未填）；法令遵循：（未填）；RoMM：（RoMM 分類未填）；重大科目／聲明：所有會計科目／（聲明未填）），設計控制目標為「合併財務報表之編製應完整、正確、有效且及時。」。由會計單位以人工方式、採預防性控制取向、屬（類型未填）類型，依每季／不定期執行下列控制活動：應依公司投資架構、一般公認會計原則及有關法令之規定，檢視確認應納入合併之個體。合併個體如有異動，應提出評估文件經權責主管審核。。控制執行時使用之 IUC／制度為「1. 本公司關係人名單及更新之審核紀錄
2. 集團集團組織圖及更新之審核紀錄
3. 投資架構圖及更新審核紀錄
4. 結帳檢查表」。投入（Inputs）：1. 本公司關係人名單及更新之審核紀錄
2. 集團集團組織圖及更新之審核紀錄
3. 投資架構圖及更新審核紀錄
4. 結帳檢查表。覆核／執行步驟（Specific activities）：應依公司投資架構、一般公認會計原則及有關法令之規定，檢視確認應納入合併之個體。合併個體如有異動，應提出評估文件經權責主管審核。。產出（Outputs）：1. 本公司關係人名單及更新之審核紀錄
2. 集團集團組織圖及更新之審核紀錄
3. 投資架構圖及更新審核紀錄
4. 結帳檢查表。","[財務報導循環｜會計] 合併財務報表之編製應完整、正確、有效且及時。：應依公司投資架構、一般公認會計原則及有關法令之規定，檢視確認應納入合併之個體。合併個體如有異動，應提出評估文件經權責主管審核。（頻率：每季／不定期；負責：會計單位；IUC：1. 本公司關係人名單及更新之審核紀錄
2. 集團集團組織圖及更新之審核紀錄
3. 投資架構圖及更新審核紀錄
4. 結帳檢查表）",CA104-3,RCM;財務報導循環;累積範本;去識別範本,2026-08-26 16:28:16
PL-CA104-4,合併財務報表之編製應完整、正確、有效且及時。,財務報導循環,CA-104,財務報告編製作業,政策與程序,政策與程序,未建立責任制和相應的衡量標準,報導面,[財務報導] 未建立責任制和相應的衡量標準,,,,所有會計科目,,合併財務報表之編製應完整、正確、有效且及時。,制定合併財務報表編製之時程及各合併個體應提供資訊之清單或說明，並與各合併個體負責之財會人員進行溝通。,每月,會計單位,結帳檢查表,,,,結帳檢查表,,,,,,,人工,預防性 (Preventive),,,,結帳檢查表,,,就公司現行財務報導循環作業，為因應「政策與程序」風險——未建立責任制和相應的衡量標準（風險三大屬性—財務報導：[財務報導] 未建立責任制和相應的衡量標準；營運：（未填）；法令遵循：（未填）；RoMM：（RoMM 分類未填）；重大科目／聲明：所有會計科目／（聲明未填）），設計控制目標為「合併財務報表之編製應完整、正確、有效且及時。」。由會計單位以人工方式、採預防性控制取向、屬（類型未填）類型，依每月執行下列控制活動：制定合併財務報表編製之時程及各合併個體應提供資訊之清單或說明，並與各合併個體負責之財會人員進行溝通。。控制執行時使用之 IUC／制度為「結帳檢查表」。投入（Inputs）：結帳檢查表。覆核／執行步驟（Specific activities）：制定合併財務報表編製之時程及各合併個體應提供資訊之清單或說明，並與各合併個體負責之財會人員進行溝通。。產出（Outputs）：結帳檢查表。,[財務報導循環｜政策與程序] 合併財務報表之編製應完整、正確、有效且及時。：制定合併財務報表編製之時程及各合併個體應提供資訊之清單或說明，並與各合併個體負責之財會人員進行溝通。（頻率：每月；負責：會計單位；IUC：結帳檢查表）,CA104-4,RCM;財務報導循環;累積範本;去識別範本,2026-08-26 16:28:16
PL-CA104-5,合併財務報表之編製應完整、正確、有效且及時。,財務報導循環,CA-104,財務報告編製作業,會計,會計,不實的財務資訊,報導面,[財務報導] 不實的財務資訊,,,,所有會計科目,,合併財務報表之編製應完整、正確、有效且及時。,定期檢視合併沖銷分錄之完整性，且所有沖銷分錄應有對應之工作底稿或明細表，並經權責主管審核確認沖銷分錄入帳之正確性。,每月,會計單位,"1. 結帳檢查表
2. 合併報表及其工作底稿",,,,"1. 結帳檢查表
2. 合併報表及其工作底稿",,,,,,,人工,偵測性 (Detective),,,,"1. 結帳檢查表
2. 合併報表及其工作底稿",,,"就公司現行財務報導循環作業，為因應「會計」風險——不實的財務資訊（風險三大屬性—財務報導：[財務報導] 不實的財務資訊；營運：（未填）；法令遵循：（未填）；RoMM：（RoMM 分類未填）；重大科目／聲明：所有會計科目／（聲明未填）），設計控制目標為「合併財務報表之編製應完整、正確、有效且及時。」。由會計單位以人工方式、採偵測性控制取向、屬（類型未填）類型，依每月執行下列控制活動：定期檢視合併沖銷分錄之完整性，且所有沖銷分錄應有對應之工作底稿或明細表，並經權責主管審核確認沖銷分錄入帳之正確性。。控制執行時使用之 IUC／制度為「1. 結帳檢查表
2. 合併報表及其工作底稿」。投入（Inputs）：1. 結帳檢查表
2. 合併報表及其工作底稿。覆核／執行步驟（Specific activities）：定期檢視合併沖銷分錄之完整性，且所有沖銷分錄應有對應之工作底稿或明細表，並經權責主管審核確認沖銷分錄入帳之正確性。。產出（Outputs）：1. 結帳檢查表
2. 合併報表及其工作底稿。","[財務報導循環｜會計] 合併財務報表之編製應完整、正確、有效且及時。：定期檢視合併沖銷分錄之完整性，且所有沖銷分錄應有對應之工作底稿或明細表，並經權責主管審核確認沖銷分錄入帳之正確性。（頻率：每月；負責：會計單位；IUC：1. 結帳檢查表
2. 合併報表及其工作底稿）",CA104-5,RCM;財務報導循環;累積範本;去識別範本,2026-08-26 16:28:16
PL-CA104-6,關係人交易應經辨別、適當計算並揭露於適當之會計期間。,財務報導循環,CA-104,財務報告編製作業,會計準則及政策遵循,會計準則及政策遵循,無法監督與落實準則,報導面,[財務報導] 無法監督與落實準則,,,,所有會計科目,,關係人交易應經辨別、適當計算並揭露於適當之會計期間。,應由專責人員維護關係人清單，並定期檢視關係人清單之完整性，如有異動，應及時更新並通知相關單位。,每季／不定期,Refer o CA104-3,Refer o CA104-3,Refer o CA104-3,Refer o CA104-3,Refer o CA104-3,Refer o CA104-3,,,,,,,人工,預防性 (Preventive),,,,Refer o CA104-3,,,就公司現行財務報導循環作業，為因應「會計準則及政策遵循」風險——無法監督與落實準則（風險三大屬性—財務報導：[財務報導] 無法監督與落實準則；營運：（未填）；法令遵循：（未填）；RoMM：（RoMM 分類未填）；重大科目／聲明：所有會計科目／（聲明未填）），設計控制目標為「關係人交易應經辨別、適當計算並揭露於適當之會計期間。」。由Refer o CA104-3以人工方式、採預防性控制取向、屬（類型未填）類型，依每季／不定期執行下列控制活動：應由專責人員維護關係人清單，並定期檢視關係人清單之完整性，如有異動，應及時更新並通知相關單位。。控制執行時使用之 IUC／制度為「Refer o CA104-3」。投入（Inputs）：Refer o CA104-3。覆核／執行步驟（Specific activities）：應由專責人員維護關係人清單，並定期檢視關係人清單之完整性，如有異動，應及時更新並通知相關單位。。產出（Outputs）：Refer o CA104-3。,[財務報導循環｜會計準則及政策遵循] 關係人交易應經辨別、適當計算並揭露於適當之會計期間。：應由專責人員維護關係人清單，並定期檢視關係人清單之完整性，如有異動，應及時更新並通知相關單位。（頻率：每季／不定期；負責：Refer o CA104-3；IUC：Refer o CA104-3）,CA104-6,RCM;財務報導循環;累積範本;去識別範本,2026-08-26 16:28:16
PL-CA104-7,關係人交易應經辨別、適當計算並揭露於適當之會計期間。,財務報導循環,CA-104,財務報告編製作業,透明度與財務資訊可信度,透明度與財務資訊可信度,財務報表及相關揭露資訊之審核過於草率,報導面,[財務報導] 財務報表及相關揭露資訊之審核過於草率,,,,所有會計科目,,關係人交易應經辨別、適當計算並揭露於適當之會計期間。,定期核對與關係人交易餘額，並編製關係人交易明細，如有不一致，應查明原因予以調整。各合併個體提供之關係人交易明細應統一由權責人員彙總分析並經權責主管審核確認。,每月,會計單位,"1. 結帳檢查表
2. 關係人交易調節表",,,,"1. 結帳檢查表
2. 關係人交易調節表",,,,,,,人工,偵測性 (Detective),,,,"1. 結帳檢查表
2. 關係人交易調節表",,,"就公司現行財務報導循環作業，為因應「透明度與財務資訊可信度」風險——財務報表及相關揭露資訊之審核過於草率（風險三大屬性—財務報導：[財務報導] 財務報表及相關揭露資訊之審核過於草率；營運：（未填）；法令遵循：（未填）；RoMM：（RoMM 分類未填）；重大科目／聲明：所有會計科目／（聲明未填）），設計控制目標為「關係人交易應經辨別、適當計算並揭露於適當之會計期間。」。由會計單位以人工方式、採偵測性控制取向、屬（類型未填）類型，依每月執行下列控制活動：定期核對與關係人交易餘額，並編製關係人交易明細，如有不一致，應查明原因予以調整。各合併個體提供之關係人交易明細應統一由權責人員彙總分析並經權責主管審核確認。。控制執行時使用之 IUC／制度為「1. 結帳檢查表
2. 關係人交易調節表」。投入（Inputs）：1. 結帳檢查表
2. 關係人交易調節表。覆核／執行步驟（Specific activities）：定期核對與關係人交易餘額，並編製關係人交易明細，如有不一致，應查明原因予以調整。各合併個體提供之關係人交易明細應統一由權責人員彙總分析並經權責主管審核確認。。產出（Outputs）：1. 結帳檢查表
2. 關係人交易調節表。","[財務報導循環｜透明度與財務資訊可信度] 關係人交易應經辨別、適當計算並揭露於適當之會計期間。：定期核對與關係人交易餘額，並編製關係人交易明細，如有不一致，應查明原因予以調整。各合併個體提供之關係人交易明細應統一由權責人員彙總分析並經權責主管審核確認。（頻率：每月；負責：會計單位；IUC：1. 結帳檢查表
2. 關係人交易調節表）",CA104-7,RCM;財務報導循環;累積範本;去識別範本,2026-08-26 16:28:16
PL-CA104-8,財務報告中之揭露資訊完整正確且可與財務報表有關科目餘額一致。,財務報導循環,CA-104,財務報告編製作業,財務與會計,財務與會計,財務報告內容不實,報導面,[財務報導] 財務報告內容不實,,,,所有會計科目,,財務報告中之揭露資訊完整正確且可與財務報表有關科目餘額一致。,公司應確認用以編製財務報表附註揭露項目之資訊係完整且正確，且經權責主管覆核確認所揭露之資訊攸關且適切。,每月,會計單位,財務報告揭露事項之檢查表,,,商業會計法,財務報告揭露事項之檢查表,,,,,,,人工,預防性 (Preventive),,,,財務報告揭露事項之檢查表,,,就公司現行財務報導循環作業，為因應「財務與會計」風險——財務報告內容不實（風險三大屬性—財務報導：[財務報導] 財務報告內容不實；營運：（未填）；法令遵循：（未填）；RoMM：（RoMM 分類未填）；重大科目／聲明：所有會計科目／（聲明未填）），設計控制目標為「財務報告中之揭露資訊完整正確且可與財務報表有關科目餘額一致。」。由會計單位以人工方式、採預防性控制取向、屬（類型未填）類型，依每月執行下列控制活動：公司應確認用以編製財務報表附註揭露項目之資訊係完整且正確，且經權責主管覆核確認所揭露之資訊攸關且適切。。控制執行時使用之 IUC／制度為「財務報告揭露事項之檢查表」。投入（Inputs）：財務報告揭露事項之檢查表。覆核／執行步驟（Specific activities）：公司應確認用以編製財務報表附註揭露項目之資訊係完整且正確，且經權責主管覆核確認所揭露之資訊攸關且適切。。產出（Outputs）：財務報告揭露事項之檢查表。,[財務報導循環｜財務與會計] 財務報告中之揭露資訊完整正確且可與財務報表有關科目餘額一致。：公司應確認用以編製財務報表附註揭露項目之資訊係完整且正確，且經權責主管覆核確認所揭露之資訊攸關且適切。（頻率：每月；負責：會計單位；IUC：財務報告揭露事項之檢查表）,CA104-8,RCM;財務報導循環;累積範本;去識別範本,2026-08-26 16:28:16
PL-CA104-9,財務報告表達適當，且可作為合併或法定揭露之依據。,財務報導循環,CA-104,財務報告編製作業,財務與會計,財務與會計,未能遵守資訊揭露要求,報導面,[財務報導] 未能遵守資訊揭露要求,,,,所有會計科目,,財務報告表達適當，且可作為合併或法定揭露之依據。,建立財務報告揭露檢查表，確認所有攸關資訊已依規定於適當會計期間揭露。,每年,Refer o CA104-8,Refer o CA104-8,Refer o CA104-8,Refer o CA104-8,Refer o CA104-8,Refer o CA104-8,,,,,,,人工,預防性 (Preventive),,,,Refer o CA104-8,,,就公司現行財務報導循環作業，為因應「財務與會計」風險——未能遵守資訊揭露要求（風險三大屬性—財務報導：[財務報導] 未能遵守資訊揭露要求；營運：（未填）；法令遵循：（未填）；RoMM：（RoMM 分類未填）；重大科目／聲明：所有會計科目／（聲明未填）），設計控制目標為「財務報告表達適當，且可作為合併或法定揭露之依據。」。由Refer o CA104-8以人工方式、採預防性控制取向、屬（類型未填）類型，依每年執行下列控制活動：建立財務報告揭露檢查表，確認所有攸關資訊已依規定於適當會計期間揭露。。控制執行時使用之 IUC／制度為「Refer o CA104-8」。投入（Inputs）：Refer o CA104-8。覆核／執行步驟（Specific activities）：建立財務報告揭露檢查表，確認所有攸關資訊已依規定於適當會計期間揭露。。產出（Outputs）：Refer o CA104-8。,[財務報導循環｜財務與會計] 財務報告表達適當，且可作為合併或法定揭露之依據。：建立財務報告揭露檢查表，確認所有攸關資訊已依規定於適當會計期間揭露。（頻率：每年；負責：Refer o CA104-8；IUC：Refer o CA104-8）,CA104-9,RCM;財務報導循環;累積範本;去識別範本,2026-08-26 16:28:16
PL-CA104-10,每股盈餘應正確計算,財務報導循環,CA-104,財務報告編製作業,財務與會計,財務與會計,不適當的財務控管,報導面,[財務報導] 不適當的財務控管,,,,所有會計科目,,每股盈餘應正確計算,EPS計算（包含基本及稀釋）應經獨立覆核確定參考之資訊正確且計算無誤,每月,會計單位,EPS計算之底稿及主管覆核紀錄,,,商業會計法,EPS計算之底稿及主管覆核紀錄,,,,,,,人工,預防性 (Preventive),,,,EPS計算之底稿及主管覆核紀錄,,,就公司現行財務報導循環作業，為因應「財務與會計」風險——不適當的財務控管（風險三大屬性—財務報導：[財務報導] 不適當的財務控管；營運：（未填）；法令遵循：（未填）；RoMM：（RoMM 分類未填）；重大科目／聲明：所有會計科目／（聲明未填）），設計控制目標為「每股盈餘應正確計算」。由會計單位以人工方式、採預防性控制取向、屬（類型未填）類型，依每月執行下列控制活動：EPS計算（包含基本及稀釋）應經獨立覆核確定參考之資訊正確且計算無誤。控制執行時使用之 IUC／制度為「EPS計算之底稿及主管覆核紀錄」。投入（Inputs）：EPS計算之底稿及主管覆核紀錄。覆核／執行步驟（Specific activities）：EPS計算（包含基本及稀釋）應經獨立覆核確定參考之資訊正確且計算無誤。產出（Outputs）：EPS計算之底稿及主管覆核紀錄。,[財務報導循環｜財務與會計] 每股盈餘應正確計算：EPS計算（包含基本及稀釋）應經獨立覆核確定參考之資訊正確且計算無誤（頻率：每月；負責：會計單位；IUC：EPS計算之底稿及主管覆核紀錄）,CA104-10,RCM;財務報導循環;累積範本;去識別範本,2026-08-26 16:28:16
PL-CA104-11,股東權益應正確計算,財務報導循環,CA-104,財務報告編製作業,財務與會計,財務與會計,財務報告內容不實,報導面,[財務報導] 財務報告內容不實,,,,所有會計科目,,股東權益應正確計算,權益變動表應經獨立覆核以確認各權益組成部分皆有對應之文件且調節內容皆屬正確。,每月,會計單位,權益變動表及主管覆核紀錄,,,商業會計法,權益變動表及主管覆核紀錄,,,,,,,人工,預防性 (Preventive),,,,權益變動表及主管覆核紀錄,,,就公司現行財務報導循環作業，為因應「財務與會計」風險——財務報告內容不實（風險三大屬性—財務報導：[財務報導] 財務報告內容不實；營運：（未填）；法令遵循：（未填）；RoMM：（RoMM 分類未填）；重大科目／聲明：所有會計科目／（聲明未填）），設計控制目標為「股東權益應正確計算」。由會計單位以人工方式、採預防性控制取向、屬（類型未填）類型，依每月執行下列控制活動：權益變動表應經獨立覆核以確認各權益組成部分皆有對應之文件且調節內容皆屬正確。。控制執行時使用之 IUC／制度為「權益變動表及主管覆核紀錄」。投入（Inputs）：權益變動表及主管覆核紀錄。覆核／執行步驟（Specific activities）：權益變動表應經獨立覆核以確認各權益組成部分皆有對應之文件且調節內容皆屬正確。。產出（Outputs）：權益變動表及主管覆核紀錄。,[財務報導循環｜財務與會計] 股東權益應正確計算：權益變動表應經獨立覆核以確認各權益組成部分皆有對應之文件且調節內容皆屬正確。（頻率：每月；負責：會計單位；IUC：權益變動表及主管覆核紀錄）,CA104-11,RCM;財務報導循環;累積範本;去識別範本,2026-08-26 16:28:16
PL-CA104-12,現金流量表之編製應正確,財務報導循環,CA-104,財務報告編製作業,財務與會計,財務與會計,財務報告內容不實,報導面,[財務報導] 財務報告內容不實,,,,所有會計科目,,現金流量表之編製應正確,現金流量表應經獨立覆核確認各調整項目已參考交易特性正確分類，且相關調整項目皆有對應之文件。,每月,會計單位,現金流量表及主管覆核紀錄,,,商業會計法,現金流量表及主管覆核紀錄,,,,,,,人工,預防性 (Preventive),,,,現金流量表及主管覆核紀錄,,,就公司現行財務報導循環作業，為因應「財務與會計」風險——財務報告內容不實（風險三大屬性—財務報導：[財務報導] 財務報告內容不實；營運：（未填）；法令遵循：（未填）；RoMM：（RoMM 分類未填）；重大科目／聲明：所有會計科目／（聲明未填）），設計控制目標為「現金流量表之編製應正確」。由會計單位以人工方式、採預防性控制取向、屬（類型未填）類型，依每月執行下列控制活動：現金流量表應經獨立覆核確認各調整項目已參考交易特性正確分類，且相關調整項目皆有對應之文件。。控制執行時使用之 IUC／制度為「現金流量表及主管覆核紀錄」。投入（Inputs）：現金流量表及主管覆核紀錄。覆核／執行步驟（Specific activities）：現金流量表應經獨立覆核確認各調整項目已參考交易特性正確分類，且相關調整項目皆有對應之文件。。產出（Outputs）：現金流量表及主管覆核紀錄。,[財務報導循環｜財務與會計] 現金流量表之編製應正確：現金流量表應經獨立覆核確認各調整項目已參考交易特性正確分類，且相關調整項目皆有對應之文件。（頻率：每月；負責：會計單位；IUC：現金流量表及主管覆核紀錄）,CA104-12,RCM;財務報導循環;累積範本;去識別範本,2026-08-26 16:28:16
PL-CA104-13,確認所有對外公告之財務報表及相關的附註揭露皆為公司有效之財務資訊。,財務報導循環,CA-104,財務報告編製作業,法令遵循報導,法令遵循報導,財務報表有重大誤述,遵循面,,,[法令遵循] 財務報表有重大誤述,,,,確認所有對外公告之財務報表及相關的附註揭露皆為公司有效之財務資訊。,合併財務報表上傳公告前，應經權責主管審視，確認其正確性及有效性。(母公司適用) 提交母公司之個體財務報表、附註及相關揭露資訊應經各報告個體權責主管覆核並經會計師查核，確認其正確性及有效性。(子公司適用),每月,會計單位,合併財務報表及主管覆核紀錄,,,商業會計法,合併財務報表及主管覆核紀錄,,,,,,,人工,預防性 (Preventive),,,,合併財務報表及主管覆核紀錄,,,就公司現行財務報導循環作業，為因應「法令遵循報導」風險——財務報表有重大誤述（風險三大屬性—財務報導：（未填）；營運：（未填）；法令遵循：[法令遵循] 財務報表有重大誤述；RoMM：（RoMM 分類未填）；重大科目／聲明：（重大科目未填）／（聲明未填）），設計控制目標為「確認所有對外公告之財務報表及相關的附註揭露皆為公司有效之財務資訊。」。由會計單位以人工方式、採預防性控制取向、屬（類型未填）類型，依每月執行下列控制活動：合併財務報表上傳公告前，應經權責主管審視，確認其正確性及有效性。(母公司適用) 提交母公司之個體財務報表、附註及相關揭露資訊應經各報告個體權責主管覆核並經會計師查核，確認其正確性及有效性。(子公司適用)。控制執行時使用之 IUC／制度為「合併財務報表及主管覆核紀錄」。投入（Inputs）：合併財務報表及主管覆核紀錄。覆核／執行步驟（Specific activities）：合併財務報表上傳公告前，應經權責主管審視，確認其正確性及有效性。(母公司適用) 提交母公司之個體財務報表、附註及相關揭露資訊應經各報告個體權責主管覆核並經會計師查核，確認其正確性及有效性。(子公司適用)。產出（Outputs）：合併財務報表及主管覆核紀錄。,[財務報導循環｜法令遵循報導] 確認所有對外公告之財務報表及相關的附註揭露皆為公司有效之財務資訊。：合併財務報表上傳公告前，應經權責主管審視，確認其正確性及有效性。(母公司適用) 提交母公司之個體財務報表、附註及相關揭露資訊應經各報告個體權責主管覆核並經會計師查核，確認其正確性及有效性。(子公司適用)（頻率：每月；負責：會計單位；IUC：合併財務報表及主管覆核紀錄）,CA104-13,RCM;財務報導循環;累積範本;去識別範本,2026-08-26 16:28:16
PL-CA104-14,管理階層應瞭解財務報表所涵蓋之高風險項目，確認主要的估計及調整項目、非經常發生之事項及交易、財務報表數字之異常變動及事項皆已反映於財務報表中。,財務報導循環,CA-104,財務報告編製作業,法令遵循報導,法令遵循報導,財務報導之內部控制與其他業務和／或遵循流程未整合,遵循面,,,[法令遵循] 財務報導之內部控制與其他業務和／或遵循流程未整合,,,,管理階層應瞭解財務報表所涵蓋之高風險項目，確認主要的估計及調整項目、非經常發生之事項及交易、財務報表數字之異常變動及事項皆已反映於財務報表中。,"權責主管應定期向管理階層報告經營表現（含子公司）、重大交易事項或其他非經常發生之事項及交易（母公司）。
子公司應依法定期提供各項月結管理報告，以利母公司進行各項分析檢討，若發現有異常或未依規定辦理之情事，各子公司應依據母公司所提出之建議確實改進或更正（子公司）。",每月,Refer o CA103-6,Refer o CA103-6,Refer o CA103-6,Refer o CA103-6,Refer o CA103-6,Refer o CA103-6,,,,,,,人工,偵測性 (Detective),,,,Refer o CA103-6,,,"就公司現行財務報導循環作業，為因應「法令遵循報導」風險——財務報導之內部控制與其他業務和／或遵循流程未整合（風險三大屬性—財務報導：（未填）；營運：（未填）；法令遵循：[法令遵循] 財務報導之內部控制與其他業務和／或遵循流程未整合；RoMM：（RoMM 分類未填）；重大科目／聲明：（重大科目未填）／（聲明未填）），設計控制目標為「管理階層應瞭解財務報表所涵蓋之高風險項目，確認主要的估計及調整項目、非經常發生之事項及交易、財務報表數字之異常變動及事項皆已反映於財務報表中。」。由Refer o CA103-6以人工方式、採偵測性控制取向、屬（類型未填）類型，依每月執行下列控制活動：權責主管應定期向管理階層報告經營表現（含子公司）、重大交易事項或其他非經常發生之事項及交易（母公司）。
子公司應依法定期提供各項月結管理報告，以利母公司進行各項分析檢討，若發現有異常或未依規定辦理之情事，各子公司應依據母公司所提出之建議確實改進或更正（子公司）。。控制執行時使用之 IUC／制度為「Refer o CA103-6」。投入（Inputs）：Refer o CA103-6。覆核／執行步驟（Specific activities）：權責主管應定期向管理階層報告經營表現（含子公司）、重大交易事項或其他非經常發生之事項及交易（母公司）。
子公司應依法定期提供各項月結管理報告，以利母公司進行各項分析檢討，若發現有異常或未依規定辦理之情事，各子公司應依據母公司所提出之建議確實改進或更正（子公司）。。產出（Outputs）：Refer o CA103-6。","[財務報導循環｜法令遵循報導] 管理階層應瞭解財務報表所涵蓋之高風險項目，確認主要的估計及調整項目、非經常發生之事項及交易、財務報表數字之異常變動及事項皆已反映於財務報表中。：權責主管應定期向管理階層報告經營表現（含子公司）、重大交易事項或其他非經常發生之事項及交易（母公司）。
子公司應依法定期提供各項月結管理報告，以利母公司進行各項分析檢討，若發現有異常或未依規定辦理之情事，各子公司應依據母公司所提出之建議確實改進或更正（子公司）。（頻率：每月；負責：Refer o CA103-6；IUC：Refer o CA103-6）",CA104-14,RCM;財務報導循環;累積範本;去識別範本,2026-08-26 16:28:16
PL-CA105-1,確認所有對外公告之財務報表及相關的附註揭露皆為公司有效之財務資訊。,財務報導循環,CA-105,財務資訊揭露作業,財務與會計,財務與會計,未能遵守資訊揭露要求,遵循面,,,[法令遵循] 未能遵守資訊揭露要求,,,,確認所有對外公告之財務報表及相關的附註揭露皆為公司有效之財務資訊。,20-F應揭露事項應經權責主管審核。任何例外之事項應及時調查及解決。,每年／每季,會計單位,"20-F Form及相關揭露附件資料與審核紀錄（目前尚未發生）
6-K Form及相關揭露附件資料與審核紀錄（目前尚未發生）",,,美國證券交易法,"20-F Form及相關揭露附件資料與審核紀錄（目前尚未發生）
6-K Form及相關揭露附件資料與審核紀錄（目前尚未發生）",,,,,,,人工,預防性 (Preventive),,,,"20-F Form及相關揭露附件資料與審核紀錄（目前尚未發生）
6-K Form及相關揭露附件資料與審核紀錄（目前尚未發生）",,,"就公司現行財務報導循環作業，為因應「財務與會計」風險——未能遵守資訊揭露要求（風險三大屬性—財務報導：（未填）；營運：（未填）；法令遵循：[法令遵循] 未能遵守資訊揭露要求；RoMM：（RoMM 分類未填）；重大科目／聲明：（重大科目未填）／（聲明未填）），設計控制目標為「確認所有對外公告之財務報表及相關的附註揭露皆為公司有效之財務資訊。」。由會計單位以人工方式、採預防性控制取向、屬（類型未填）類型，依每年／每季執行下列控制活動：20-F應揭露事項應經權責主管審核。任何例外之事項應及時調查及解決。。控制執行時使用之 IUC／制度為「20-F Form及相關揭露附件資料與審核紀錄（目前尚未發生）
6-K Form及相關揭露附件資料與審核紀錄（目前尚未發生）」。投入（Inputs）：20-F Form及相關揭露附件資料與審核紀錄（目前尚未發生）
6-K Form及相關揭露附件資料與審核紀錄（目前尚未發生）。覆核／執行步驟（Specific activities）：20-F應揭露事項應經權責主管審核。任何例外之事項應及時調查及解決。。產出（Outputs）：20-F Form及相關揭露附件資料與審核紀錄（目前尚未發生）
6-K Form及相關揭露附件資料與審核紀錄（目前尚未發生）。","[財務報導循環｜財務與會計] 確認所有對外公告之財務報表及相關的附註揭露皆為公司有效之財務資訊。：20-F應揭露事項應經權責主管審核。任何例外之事項應及時調查及解決。（頻率：每年／每季；負責：會計單位；IUC：20-F Form及相關揭露附件資料與審核紀錄（目前尚未發生）
6-K Form及相關揭露附件資料與審核紀錄（目前尚未發生））",CA105-1,RCM;財務報導循環;累積範本;去識別範本,2026-08-26 16:28:16
PL-CA105-2,確認所有對外公告的項目均包括在財務報表及相關的附註揭露中,財務報導循環,CA-105,財務資訊揭露作業,財務與會計,財務與會計,未能遵守資訊揭露要求,遵循面,,,[法令遵循] 未能遵守資訊揭露要求,,,,確認所有對外公告的項目均包括在財務報表及相關的附註揭露中,定期辨識及評估公司所面臨之外在及內在重大威脅，並確認20-F規定應揭露之相關風險因子皆已揭露，以確保非財務風險揭露之完整性。,每年,會計單位,風險因子評估文件及審核紀錄（目前尚未發生）,,,美國證券交易法,風險因子評估文件及審核紀錄（目前尚未發生）,,,,,,,人工,預防性 (Preventive),,,,風險因子評估文件及審核紀錄（目前尚未發生）,,,就公司現行財務報導循環作業，為因應「財務與會計」風險——未能遵守資訊揭露要求（風險三大屬性—財務報導：（未填）；營運：（未填）；法令遵循：[法令遵循] 未能遵守資訊揭露要求；RoMM：（RoMM 分類未填）；重大科目／聲明：（重大科目未填）／（聲明未填）），設計控制目標為「確認所有對外公告的項目均包括在財務報表及相關的附註揭露中」。由會計單位以人工方式、採預防性控制取向、屬（類型未填）類型，依每年執行下列控制活動：定期辨識及評估公司所面臨之外在及內在重大威脅，並確認20-F規定應揭露之相關風險因子皆已揭露，以確保非財務風險揭露之完整性。。控制執行時使用之 IUC／制度為「風險因子評估文件及審核紀錄（目前尚未發生）」。投入（Inputs）：風險因子評估文件及審核紀錄（目前尚未發生）。覆核／執行步驟（Specific activities）：定期辨識及評估公司所面臨之外在及內在重大威脅，並確認20-F規定應揭露之相關風險因子皆已揭露，以確保非財務風險揭露之完整性。。產出（Outputs）：風險因子評估文件及審核紀錄（目前尚未發生）。,[財務報導循環｜財務與會計] 確認所有對外公告的項目均包括在財務報表及相關的附註揭露中：定期辨識及評估公司所面臨之外在及內在重大威脅，並確認20-F規定應揭露之相關風險因子皆已揭露，以確保非財務風險揭露之完整性。（頻率：每年；負責：會計單位；IUC：風險因子評估文件及審核紀錄（目前尚未發生））,CA105-2,RCM;財務報導循環;累積範本;去識別範本,2026-08-26 16:28:16
PL-CA106-1,重大訊息應及時公告。,財務報導循環,CA-106,公開申報作業,投資者關係,投資者關係,未建立有效之流程以及時與投資者進行有效溝通,報導面,[財務報導] 未建立有效之流程以及時與投資者進行有效溝通,,,,所有會計科目,,重大訊息應及時公告。,應由專人定期檢視SEC規定之應公告之重大訊息事項，以確保所有法定重大訊息皆依法公告。,每年／每季／不定期,會計單位,6-K／8-K Form與相關佐證資料及審核紀錄（目前尚未發生）,,,美國證券交易法,6-K／8-K Form與相關佐證資料及審核紀錄（目前尚未發生）,,,,,,,人工,預防性 (Preventive),,,,6-K／8-K Form與相關佐證資料及審核紀錄（目前尚未發生）,,,就公司現行財務報導循環作業，為因應「投資者關係」風險——未建立有效之流程以及時與投資者進行有效溝通（風險三大屬性—財務報導：[財務報導] 未建立有效之流程以及時與投資者進行有效溝通；營運：（未填）；法令遵循：（未填）；RoMM：（RoMM 分類未填）；重大科目／聲明：所有會計科目／（聲明未填）），設計控制目標為「重大訊息應及時公告。」。由會計單位以人工方式、採預防性控制取向、屬（類型未填）類型，依每年／每季／不定期執行下列控制活動：應由專人定期檢視SEC規定之應公告之重大訊息事項，以確保所有法定重大訊息皆依法公告。。控制執行時使用之 IUC／制度為「6-K／8-K Form與相關佐證資料及審核紀錄（目前尚未發生）」。投入（Inputs）：6-K／8-K Form與相關佐證資料及審核紀錄（目前尚未發生）。覆核／執行步驟（Specific activities）：應由專人定期檢視SEC規定之應公告之重大訊息事項，以確保所有法定重大訊息皆依法公告。。產出（Outputs）：6-K／8-K Form與相關佐證資料及審核紀錄（目前尚未發生）。,[財務報導循環｜投資者關係] 重大訊息應及時公告。：應由專人定期檢視SEC規定之應公告之重大訊息事項，以確保所有法定重大訊息皆依法公告。（頻率：每年／每季／不定期；負責：會計單位；IUC：6-K／8-K Form與相關佐證資料及審核紀錄（目前尚未發生））,CA106-1,RCM;財務報導循環;累積範本;去識別範本,2026-08-26 16:28:16
PL-CA106-2,會計政策及財務報告程序之異動係依據組織內必要且有效之活動或事項（如組織架構調整等）辦理。,財務報導循環,CA-106,公開申報作業,投資者關係,投資者關係,未建立有效之流程以及時與投資者進行有效溝通,報導面,[財務報導] 未建立有效之流程以及時與投資者進行有效溝通,,,,所有會計科目,,會計政策及財務報告程序之異動係依據組織內必要且有效之活動或事項（如組織架構調整等）辦理。,"發生影響財務報導之重大事件及交易，應經權責單位審核確認後及時通知專責人員於期限內進行公告（母公司）。
依法令規定須向主管機關公告或申報之其他足以影響母公司權益及證券價格之重大事項，應於事實發生時立即報告（子公司）。",不定期,Refer o CA106-1,Refer o CA106-1,Refer o CA106-1,Refer o CA106-1,Refer o CA106-1,Refer o CA106-1,,,,,,,人工,預防性 (Preventive),,,,Refer o CA106-1,,,"就公司現行財務報導循環作業，為因應「投資者關係」風險——未建立有效之流程以及時與投資者進行有效溝通（風險三大屬性—財務報導：[財務報導] 未建立有效之流程以及時與投資者進行有效溝通；營運：（未填）；法令遵循：（未填）；RoMM：（RoMM 分類未填）；重大科目／聲明：所有會計科目／（聲明未填）），設計控制目標為「會計政策及財務報告程序之異動係依據組織內必要且有效之活動或事項（如組織架構調整等）辦理。」。由Refer o CA106-1以人工方式、採預防性控制取向、屬（類型未填）類型，依不定期執行下列控制活動：發生影響財務報導之重大事件及交易，應經權責單位審核確認後及時通知專責人員於期限內進行公告（母公司）。
依法令規定須向主管機關公告或申報之其他足以影響母公司權益及證券價格之重大事項，應於事實發生時立即報告（子公司）。。控制執行時使用之 IUC／制度為「Refer o CA106-1」。投入（Inputs）：Refer o CA106-1。覆核／執行步驟（Specific activities）：發生影響財務報導之重大事件及交易，應經權責單位審核確認後及時通知專責人員於期限內進行公告（母公司）。
依法令規定須向主管機關公告或申報之其他足以影響母公司權益及證券價格之重大事項，應於事實發生時立即報告（子公司）。。產出（Outputs）：Refer o CA106-1。","[財務報導循環｜投資者關係] 會計政策及財務報告程序之異動係依據組織內必要且有效之活動或事項（如組織架構調整等）辦理。：發生影響財務報導之重大事件及交易，應經權責單位審核確認後及時通知專責人員於期限內進行公告（母公司）。
依法令規定須向主管機關公告或申報之其他足以影響母公司權益及證券價格之重大事項，應於事實發生時立即報告（子公司）。（頻率：不定期；負責：Refer o CA106-1；IUC：Refer o CA106-1）",CA106-2,RCM;財務報導循環;累積範本;去識別範本,2026-08-26 16:28:16
PL-CA106-3,所有財務資訊及相關分析報告應涵蓋所有法定應記載事項。,財務報導循環,CA-106,公開申報作業,法令遵循報導,法令遵循報導,財務報表有重大誤述,遵循面,,,[法令遵循] 財務報表有重大誤述,,,,所有財務資訊及相關分析報告應涵蓋所有法定應記載事項。,所有財務資訊及相關分析（包含盈餘公告）應由適任且經授權之人員編製，經權責主管覆核確認，始得申報或公告。,不定期,會計單位,6-K／8-K Form與相關佐證資料及審核紀錄（目前尚未發生）,,,美國證券交易法,6-K／8-K Form與相關佐證資料及審核紀錄（目前尚未發生）,,,,,,,人工,預防性 (Preventive),,,,6-K／8-K Form與相關佐證資料及審核紀錄（目前尚未發生）,,,就公司現行財務報導循環作業，為因應「法令遵循報導」風險——財務報表有重大誤述（風險三大屬性—財務報導：（未填）；營運：（未填）；法令遵循：[法令遵循] 財務報表有重大誤述；RoMM：（RoMM 分類未填）；重大科目／聲明：（重大科目未填）／（聲明未填）），設計控制目標為「所有財務資訊及相關分析報告應涵蓋所有法定應記載事項。」。由會計單位以人工方式、採預防性控制取向、屬（類型未填）類型，依不定期執行下列控制活動：所有財務資訊及相關分析（包含盈餘公告）應由適任且經授權之人員編製，經權責主管覆核確認，始得申報或公告。。控制執行時使用之 IUC／制度為「6-K／8-K Form與相關佐證資料及審核紀錄（目前尚未發生）」。投入（Inputs）：6-K／8-K Form與相關佐證資料及審核紀錄（目前尚未發生）。覆核／執行步驟（Specific activities）：所有財務資訊及相關分析（包含盈餘公告）應由適任且經授權之人員編製，經權責主管覆核確認，始得申報或公告。。產出（Outputs）：6-K／8-K Form與相關佐證資料及審核紀錄（目前尚未發生）。,[財務報導循環｜法令遵循報導] 所有財務資訊及相關分析報告應涵蓋所有法定應記載事項。：所有財務資訊及相關分析（包含盈餘公告）應由適任且經授權之人員編製，經權責主管覆核確認，始得申報或公告。（頻率：不定期；負責：會計單位；IUC：6-K／8-K Form與相關佐證資料及審核紀錄（目前尚未發生））,CA106-3,RCM;財務報導循環;累積範本;去識別範本,2026-08-26 16:28:16
PL-CA107-1,建立稅務申報相關單位間（如財務、人力資源、法務、業務及研發等）之溝通管道以確保能取得完整及正確之原始資料。,財務報導循環,CA-107,稅務作業,稅務,稅務,缺乏適當之稅務風險管理,報導面,[財務報導] 缺乏適當之稅務風險管理,,,,遞延所得稅資產-非流動、當期所得稅費用（利益）,,建立稅務申報相關單位間（如財務、人力資源、法務、業務及研發等）之溝通管道以確保能取得完整及正確之原始資料。,所得稅申報（含投資抵減）應依規定檢附相關資料，經權責主管審核後，於期限內進行申報。,每年,會計單位,"1. 所得稅申報書
2. 所得稅申報書之用印申請單
3. 所得稅入帳傳票（尚未發生",,會計制度,"1. 所得稅法
2. 產業新創條例","1. 所得稅申報書
2. 所得稅申報書之用印申請單
3. 所得稅入帳傳票（尚未發生",,,,,,,人工,預防性 (Preventive),,,,"1. 所得稅申報書
2. 所得稅申報書之用印申請單
3. 所得稅入帳傳票（尚未發生",,,"就公司現行財務報導循環作業，為因應「稅務」風險——缺乏適當之稅務風險管理（風險三大屬性—財務報導：[財務報導] 缺乏適當之稅務風險管理；營運：（未填）；法令遵循：（未填）；RoMM：（RoMM 分類未填）；重大科目／聲明：遞延所得稅資產-非流動、當期所得稅費用（利益）／（聲明未填）），設計控制目標為「建立稅務申報相關單位間（如財務、人力資源、法務、業務及研發等）之溝通管道以確保能取得完整及正確之原始資料。」。由會計單位以人工方式、採預防性控制取向、屬（類型未填）類型，依每年執行下列控制活動：所得稅申報（含投資抵減）應依規定檢附相關資料，經權責主管審核後，於期限內進行申報。。控制執行時使用之 IUC／制度為「1. 所得稅申報書
2. 所得稅申報書之用印申請單
3. 所得稅入帳傳票（尚未發生」。投入（Inputs）：1. 所得稅申報書
2. 所得稅申報書之用印申請單
3. 所得稅入帳傳票（尚未發生。覆核／執行步驟（Specific activities）：所得稅申報（含投資抵減）應依規定檢附相關資料，經權責主管審核後，於期限內進行申報。。產出（Outputs）：1. 所得稅申報書
2. 所得稅申報書之用印申請單
3. 所得稅入帳傳票（尚未發生。","[財務報導循環｜稅務] 建立稅務申報相關單位間（如財務、人力資源、法務、業務及研發等）之溝通管道以確保能取得完整及正確之原始資料。：所得稅申報（含投資抵減）應依規定檢附相關資料，經權責主管審核後，於期限內進行申報。（頻率：每年；負責：會計單位；IUC：1. 所得稅申報書
2. 所得稅申報書之用印申請單
3. 所得稅入帳傳票（尚未發生）",CA107-1,RCM;財務報導循環;累積範本;去識別範本,2026-08-26 16:28:16
PL-CA107-2,所得稅相關科目過入會計總帳應經審核確認所得稅計算之合理性。,財務報導循環,CA-107,稅務作業,稅務,稅務,無法符合稅務規定,報導面,[財務報導] 無法符合稅務規定,,,,遞延所得稅資產-非流動、當期所得稅費用（利益）,,所得稅相關科目過入會計總帳應經審核確認所得稅計算之合理性。,所得稅計算應評估所得稅相關會計科目組成項目之變動，經權責主管審核確認入帳正確性。,每季,會計單位,"1. 所得稅計算底稿
2. 所得稅入帳傳票（尚未發生）",,會計制度,,"1. 所得稅計算底稿
2. 所得稅入帳傳票（尚未發生）",,,,,,,人工,預防性 (Preventive),,,,"1. 所得稅計算底稿
2. 所得稅入帳傳票（尚未發生）",,,"就公司現行財務報導循環作業，為因應「稅務」風險——無法符合稅務規定（風險三大屬性—財務報導：[財務報導] 無法符合稅務規定；營運：（未填）；法令遵循：（未填）；RoMM：（RoMM 分類未填）；重大科目／聲明：遞延所得稅資產-非流動、當期所得稅費用（利益）／（聲明未填）），設計控制目標為「所得稅相關科目過入會計總帳應經審核確認所得稅計算之合理性。」。由會計單位以人工方式、採預防性控制取向、屬（類型未填）類型，依每季執行下列控制活動：所得稅計算應評估所得稅相關會計科目組成項目之變動，經權責主管審核確認入帳正確性。。控制執行時使用之 IUC／制度為「1. 所得稅計算底稿
2. 所得稅入帳傳票（尚未發生）」。投入（Inputs）：1. 所得稅計算底稿
2. 所得稅入帳傳票（尚未發生）。覆核／執行步驟（Specific activities）：所得稅計算應評估所得稅相關會計科目組成項目之變動，經權責主管審核確認入帳正確性。。產出（Outputs）：1. 所得稅計算底稿
2. 所得稅入帳傳票（尚未發生）。","[財務報導循環｜稅務] 所得稅相關科目過入會計總帳應經審核確認所得稅計算之合理性。：所得稅計算應評估所得稅相關會計科目組成項目之變動，經權責主管審核確認入帳正確性。（頻率：每季；負責：會計單位；IUC：1. 所得稅計算底稿
2. 所得稅入帳傳票（尚未發生））",CA107-2,RCM;財務報導循環;累積範本;去識別範本,2026-08-26 16:28:16
PL-CA107-3,建立及維護財務報表中有關所得稅資訊揭露的佐證文件。,財務報導循環,CA-107,稅務作業,所得稅,所得稅,未能產製稅務基礎的資產負債表,報導面,[財務報導] 未能產製稅務基礎的資產負債表,,,,遞延所得稅資產-非流動、當期所得稅費用（利益）,,建立及維護財務報表中有關所得稅資訊揭露的佐證文件。,所得稅費用計算底稿應可支持財務報表中有關所得稅資訊之揭露。,每季,會計單位,"1. 所得稅計算底稿
2. 所得稅入帳傳票（尚未發生）",,會計制度,,"1. 所得稅計算底稿
2. 所得稅入帳傳票（尚未發生）",,,,,,,人工,預防性 (Preventive),,,,"1. 所得稅計算底稿
2. 所得稅入帳傳票（尚未發生）",,,"就公司現行財務報導循環作業，為因應「所得稅」風險——未能產製稅務基礎的資產負債表（風險三大屬性—財務報導：[財務報導] 未能產製稅務基礎的資產負債表；營運：（未填）；法令遵循：（未填）；RoMM：（RoMM 分類未填）；重大科目／聲明：遞延所得稅資產-非流動、當期所得稅費用（利益）／（聲明未填）），設計控制目標為「建立及維護財務報表中有關所得稅資訊揭露的佐證文件。」。由會計單位以人工方式、採預防性控制取向、屬（類型未填）類型，依每季執行下列控制活動：所得稅費用計算底稿應可支持財務報表中有關所得稅資訊之揭露。。控制執行時使用之 IUC／制度為「1. 所得稅計算底稿
2. 所得稅入帳傳票（尚未發生）」。投入（Inputs）：1. 所得稅計算底稿
2. 所得稅入帳傳票（尚未發生）。覆核／執行步驟（Specific activities）：所得稅費用計算底稿應可支持財務報表中有關所得稅資訊之揭露。。產出（Outputs）：1. 所得稅計算底稿
2. 所得稅入帳傳票（尚未發生）。","[財務報導循環｜所得稅] 建立及維護財務報表中有關所得稅資訊揭露的佐證文件。：所得稅費用計算底稿應可支持財務報表中有關所得稅資訊之揭露。（頻率：每季；負責：會計單位；IUC：1. 所得稅計算底稿
2. 所得稅入帳傳票（尚未發生））",CA107-3,RCM;財務報導循環;累積範本;去識別範本,2026-08-26 16:28:16
PL-CA107-4,所有不確定所得稅負債皆已依會計準則規定認列入帳。,財務報導循環,CA-107,稅務作業,稅務,稅務,無法符合稅務規定,遵循面,,,[法令遵循] 無法符合稅務規定,,,,所有不確定所得稅負債皆已依會計準則規定認列入帳。,應考量尚未核定之所得稅調整因素且依照IAS12規定進行所得稅不確定負債評估，並經權責主管審核。,每年,會計單位,所得稅不確定情形評估報告,,,IAS12 Income Taxes,所得稅不確定情形評估報告,,,,,,,人工,預防性 (Preventive),,,,所得稅不確定情形評估報告,,,就公司現行財務報導循環作業，為因應「稅務」風險——無法符合稅務規定（風險三大屬性—財務報導：（未填）；營運：（未填）；法令遵循：[法令遵循] 無法符合稅務規定；RoMM：（RoMM 分類未填）；重大科目／聲明：（重大科目未填）／（聲明未填）），設計控制目標為「所有不確定所得稅負債皆已依會計準則規定認列入帳。」。由會計單位以人工方式、採預防性控制取向、屬（類型未填）類型，依每年執行下列控制活動：應考量尚未核定之所得稅調整因素且依照IAS12規定進行所得稅不確定負債評估，並經權責主管審核。。控制執行時使用之 IUC／制度為「所得稅不確定情形評估報告」。投入（Inputs）：所得稅不確定情形評估報告。覆核／執行步驟（Specific activities）：應考量尚未核定之所得稅調整因素且依照IAS12規定進行所得稅不確定負債評估，並經權責主管審核。。產出（Outputs）：所得稅不確定情形評估報告。,[財務報導循環｜稅務] 所有不確定所得稅負債皆已依會計準則規定認列入帳。：應考量尚未核定之所得稅調整因素且依照IAS12規定進行所得稅不確定負債評估，並經權責主管審核。（頻率：每年；負責：會計單位；IUC：所得稅不確定情形評估報告）,CA107-4,RCM;財務報導循環;累積範本;去識別範本,2026-08-26 16:28:16
PL-CA107-5,公司應及時申報及繳納稅負。,財務報導循環,CA-107,稅務作業,稅務報告,稅務報告,未遵守申報要求,遵循面,,,[法令遵循] 未遵守申報要求,,,,公司應及時申報及繳納稅負。,應由專人辨識公司應申報之非所得稅稅負類別及申報期間，以確保所有稅負皆於期限內繳納，避免受罰。,每雙月,會計單位,"1. 各稅務作業負責人指派之佐證資料（目前為Email）
2. 營業人銷售額與稅額申報書
3. 營業稅申報入帳傳票",,"會計制度
營業稅申報管理辦法","1. 加值型及非加值型營業稅法
2. 印花稅
3. 土地稅法
4. 房屋稅條例","1. 各稅務作業負責人指派之佐證資料（目前為Email）
2. 營業人銷售額與稅額申報書
3. 營業稅申報入帳傳票",,,,,,,人工,預防性 (Preventive),,,,"1. 各稅務作業負責人指派之佐證資料（目前為Email）
2. 營業人銷售額與稅額申報書
3. 營業稅申報入帳傳票",,,"就公司現行財務報導循環作業，為因應「稅務報告」風險——未遵守申報要求（風險三大屬性—財務報導：（未填）；營運：（未填）；法令遵循：[法令遵循] 未遵守申報要求；RoMM：（RoMM 分類未填）；重大科目／聲明：（重大科目未填）／（聲明未填）），設計控制目標為「公司應及時申報及繳納稅負。」。由會計單位以人工方式、採預防性控制取向、屬（類型未填）類型，依每雙月執行下列控制活動：應由專人辨識公司應申報之非所得稅稅負類別及申報期間，以確保所有稅負皆於期限內繳納，避免受罰。。控制執行時使用之 IUC／制度為「1. 各稅務作業負責人指派之佐證資料（目前為Email）
2. 營業人銷售額與稅額申報書
3. 營業稅申報入帳傳票」。投入（Inputs）：1. 各稅務作業負責人指派之佐證資料（目前為Email）
2. 營業人銷售額與稅額申報書
3. 營業稅申報入帳傳票。覆核／執行步驟（Specific activities）：應由專人辨識公司應申報之非所得稅稅負類別及申報期間，以確保所有稅負皆於期限內繳納，避免受罰。。產出（Outputs）：1. 各稅務作業負責人指派之佐證資料（目前為Email）
2. 營業人銷售額與稅額申報書
3. 營業稅申報入帳傳票。","[財務報導循環｜稅務報告] 公司應及時申報及繳納稅負。：應由專人辨識公司應申報之非所得稅稅負類別及申報期間，以確保所有稅負皆於期限內繳納，避免受罰。（頻率：每雙月；負責：會計單位；IUC：1. 各稅務作業負責人指派之佐證資料（目前為Email）
2. 營業人銷售額與稅額申報書
3. 營業稅申報入帳傳票）",CA107-5,RCM;財務報導循環;累積範本;去識別範本,2026-08-26 16:28:16
PL-CA107-6,非所得稅相關科目過入會計總帳應經獨立審核。,財務報導循環,CA-107,稅務作業,會計,會計,不實的財務資訊,報導面,[財務報導] 不實的財務資訊,,,,遞延所得稅資產-非流動、當期所得稅費用（利益）,,非所得稅相關科目過入會計總帳應經獨立審核。,非所得稅之計算及入帳分錄應經權責主管覆核確定正確性。,每雙月,Refer o CA107-5,Refer o CA107-5,Refer o CA107-5,Refer o CA107-5,Refer o CA107-5,Refer o CA107-5,,,,,,,人工,預防性 (Preventive),,,,Refer o CA107-5,,,就公司現行財務報導循環作業，為因應「會計」風險——不實的財務資訊（風險三大屬性—財務報導：[財務報導] 不實的財務資訊；營運：（未填）；法令遵循：（未填）；RoMM：（RoMM 分類未填）；重大科目／聲明：遞延所得稅資產-非流動、當期所得稅費用（利益）／（聲明未填）），設計控制目標為「非所得稅相關科目過入會計總帳應經獨立審核。」。由Refer o CA107-5以人工方式、採預防性控制取向、屬（類型未填）類型，依每雙月執行下列控制活動：非所得稅之計算及入帳分錄應經權責主管覆核確定正確性。。控制執行時使用之 IUC／制度為「Refer o CA107-5」。投入（Inputs）：Refer o CA107-5。覆核／執行步驟（Specific activities）：非所得稅之計算及入帳分錄應經權責主管覆核確定正確性。。產出（Outputs）：Refer o CA107-5。,[財務報導循環｜會計] 非所得稅相關科目過入會計總帳應經獨立審核。：非所得稅之計算及入帳分錄應經權責主管覆核確定正確性。（頻率：每雙月；負責：Refer o CA107-5；IUC：Refer o CA107-5）,CA107-6,RCM;財務報導循環;累積範本;去識別範本,2026-08-26 16:28:16
PL-EC101-1,資訊單位與使用者單位之間有適當之權責劃分,電腦化資訊系統循環,EC-101,資訊處理單位之功能及職責劃分作業,董事會結構與管理階層,董事會結構與管理階層,不適當的決策機制及權責劃分,營運面,,[營運] 不適當的決策機制及權責劃分,,,,,資訊單位與使用者單位之間有適當之權責劃分,資訊單位在組織中之地位應為非隸屬使用者單位的獨立單位。,持續,資訊單位,"1. 公司組織圖
2. 資訊處組織系統圖",,,,"1. 公司組織圖
2. 資訊處組織系統圖",,,,,,,人工,預防性 (Preventive),,,,"1. 公司組織圖
2. 資訊處組織系統圖",,,"就公司現行電腦化資訊系統循環作業，為因應「董事會結構與管理階層」風險——不適當的決策機制及權責劃分（風險三大屬性—財務報導：（未填）；營運：[營運] 不適當的決策機制及權責劃分；法令遵循：（未填）；RoMM：（RoMM 分類未填）；重大科目／聲明：（重大科目未填）／（聲明未填）），設計控制目標為「資訊單位與使用者單位之間有適當之權責劃分」。由資訊單位以人工方式、採預防性控制取向、屬（類型未填）類型，依持續執行下列控制活動：資訊單位在組織中之地位應為非隸屬使用者單位的獨立單位。。控制執行時使用之 IUC／制度為「1. 公司組織圖
2. 資訊處組織系統圖」。投入（Inputs）：1. 公司組織圖
2. 資訊處組織系統圖。覆核／執行步驟（Specific activities）：資訊單位在組織中之地位應為非隸屬使用者單位的獨立單位。。產出（Outputs）：1. 公司組織圖
2. 資訊處組織系統圖。","[電腦化資訊系統循環｜董事會結構與管理階層] 資訊單位與使用者單位之間有適當之權責劃分：資訊單位在組織中之地位應為非隸屬使用者單位的獨立單位。（頻率：持續；負責：資訊單位；IUC：1. 公司組織圖
2. 資訊處組織系統圖）",EC101-1,RCM;電腦化資訊系統循環;累積範本;去識別範本,2026-08-26 16:28:16
PL-EC101-2,資訊單位內部有適當之權責劃分,電腦化資訊系統循環,EC-101,資訊處理單位之功能及職責劃分作業,組織架構,組織架構,權責劃分不清楚,營運面,,[營運] 權責劃分不清楚,,,,,資訊單位內部有適當之權責劃分,應明訂資訊單位之組織任務及功能職掌，並確保工作職責均有明確劃分，且不相容之職務不得由同一人兼任。,持續,資訊單位,資訊處組織系統圖,,,,資訊處組織系統圖,,,,,,,人工,預防性 (Preventive),,,,資訊處組織系統圖,,,就公司現行電腦化資訊系統循環作業，為因應「組織架構」風險——權責劃分不清楚（風險三大屬性—財務報導：（未填）；營運：[營運] 權責劃分不清楚；法令遵循：（未填）；RoMM：（RoMM 分類未填）；重大科目／聲明：（重大科目未填）／（聲明未填）），設計控制目標為「資訊單位內部有適當之權責劃分」。由資訊單位以人工方式、採預防性控制取向、屬（類型未填）類型，依持續執行下列控制活動：應明訂資訊單位之組織任務及功能職掌，並確保工作職責均有明確劃分，且不相容之職務不得由同一人兼任。。控制執行時使用之 IUC／制度為「資訊處組織系統圖」。投入（Inputs）：資訊處組織系統圖。覆核／執行步驟（Specific activities）：應明訂資訊單位之組織任務及功能職掌，並確保工作職責均有明確劃分，且不相容之職務不得由同一人兼任。。產出（Outputs）：資訊處組織系統圖。,[電腦化資訊系統循環｜組織架構] 資訊單位內部有適當之權責劃分：應明訂資訊單位之組織任務及功能職掌，並確保工作職責均有明確劃分，且不相容之職務不得由同一人兼任。（頻率：持續；負責：資訊單位；IUC：資訊處組織系統圖）,EC101-2,RCM;電腦化資訊系統循環;累積範本;去識別範本,2026-08-26 16:28:16
PL-EC101-3,資訊系統作業環境之人員須足夠並具備適當之技術經驗,電腦化資訊系統循環,EC-101,資訊處理單位之功能及職責劃分作業,訓練與發展,訓練與發展,無效／不適當的訓練與發展計畫,營運面,,[營運] 無效／不適當的訓練與發展計畫,,,,,資訊系統作業環境之人員須足夠並具備適當之技術經驗,資訊單位應落實代理人交叉訓練，以加強人員備援能力與偵防弊端。,持續,資訊單位,資訊處組織系統圖,,,,資訊處組織系統圖,,,,,,,人工,預防性 (Preventive),,,,資訊處組織系統圖,,,就公司現行電腦化資訊系統循環作業，為因應「訓練與發展」風險——無效／不適當的訓練與發展計畫（風險三大屬性—財務報導：（未填）；營運：[營運] 無效／不適當的訓練與發展計畫；法令遵循：（未填）；RoMM：（RoMM 分類未填）；重大科目／聲明：（重大科目未填）／（聲明未填）），設計控制目標為「資訊系統作業環境之人員須足夠並具備適當之技術經驗」。由資訊單位以人工方式、採預防性控制取向、屬（類型未填）類型，依持續執行下列控制活動：資訊單位應落實代理人交叉訓練，以加強人員備援能力與偵防弊端。。控制執行時使用之 IUC／制度為「資訊處組織系統圖」。投入（Inputs）：資訊處組織系統圖。覆核／執行步驟（Specific activities）：資訊單位應落實代理人交叉訓練，以加強人員備援能力與偵防弊端。。產出（Outputs）：資訊處組織系統圖。,[電腦化資訊系統循環｜訓練與發展] 資訊系統作業環境之人員須足夠並具備適當之技術經驗：資訊單位應落實代理人交叉訓練，以加強人員備援能力與偵防弊端。（頻率：持續；負責：資訊單位；IUC：資訊處組織系統圖）,EC101-3,RCM;電腦化資訊系統循環;累積範本;去識別範本,2026-08-26 16:28:16
PL-EC101-4,資訊資產的投資，應配合企業營運計劃，經相關單位參與及高階主管人員核准,電腦化資訊系統循環,EC-101,資訊處理單位之功能及職責劃分作業,資本管理,資本管理,資本預算規劃不適當,營運面,,[營運] 資本預算規劃不適當,,,,,資訊資產的投資，應配合企業營運計劃，經相關單位參與及高階主管人員核准,資訊單位研擬短、中、長期資訊計劃及年度預算，經相關單位參與及高階主管人員核准,每年,資訊單位,資訊年度預算之簽呈,,,,資訊年度預算之簽呈,,,,,,,人工,預防性 (Preventive),,,,資訊年度預算之簽呈,,,就公司現行電腦化資訊系統循環作業，為因應「資本管理」風險——資本預算規劃不適當（風險三大屬性—財務報導：（未填）；營運：[營運] 資本預算規劃不適當；法令遵循：（未填）；RoMM：（RoMM 分類未填）；重大科目／聲明：（重大科目未填）／（聲明未填）），設計控制目標為「資訊資產的投資，應配合企業營運計劃，經相關單位參與及高階主管人員核准」。由資訊單位以人工方式、採預防性控制取向、屬（類型未填）類型，依每年執行下列控制活動：資訊單位研擬短、中、長期資訊計劃及年度預算，經相關單位參與及高階主管人員核准。控制執行時使用之 IUC／制度為「資訊年度預算之簽呈」。投入（Inputs）：資訊年度預算之簽呈。覆核／執行步驟（Specific activities）：資訊單位研擬短、中、長期資訊計劃及年度預算，經相關單位參與及高階主管人員核准。產出（Outputs）：資訊年度預算之簽呈。,[電腦化資訊系統循環｜資本管理] 資訊資產的投資，應配合企業營運計劃，經相關單位參與及高階主管人員核准：資訊單位研擬短、中、長期資訊計劃及年度預算，經相關單位參與及高階主管人員核准（頻率：每年；負責：資訊單位；IUC：資訊年度預算之簽呈）,EC101-4,RCM;電腦化資訊系統循環;累積範本;去識別範本,2026-08-26 16:28:16
PL-EC102-1,應用系統之取得、發展及維護係依循管理階層之意向,電腦化資訊系統循環,EC-102,系統開發及程式修改控制作業,系統架構,系統架構,未採用／導入與企業策略相符的系統架構,營運面,,[營運] 未採用／導入與企業策略相符的系統架構,,,,,應用系統之取得、發展及維護係依循管理階層之意向,新應用系統之開發及相關採購應經企業管理階層同意，以確保與企業政策相符。,不定期,資訊單位,"1. 資訊軟體開發申請單
2. 資訊軟體開發需求規格書
3. 資訊軟體開發輸入／輸出格式表
4. 請購單",,"1. 資訊軟體開發管理辦法
2. 採購管理程序",,"1. 資訊軟體開發申請單
2. 資訊軟體開發需求規格書
3. 資訊軟體開發輸入／輸出格式表
4. 請購單",,,,,,,人工,預防性 (Preventive),,,,"1. 資訊軟體開發申請單
2. 資訊軟體開發需求規格書
3. 資訊軟體開發輸入／輸出格式表
4. 請購單",,,"就公司現行電腦化資訊系統循環作業，為因應「系統架構」風險——未採用／導入與企業策略相符的系統架構（風險三大屬性—財務報導：（未填）；營運：[營運] 未採用／導入與企業策略相符的系統架構；法令遵循：（未填）；RoMM：（RoMM 分類未填）；重大科目／聲明：（重大科目未填）／（聲明未填）），設計控制目標為「應用系統之取得、發展及維護係依循管理階層之意向」。由資訊單位以人工方式、採預防性控制取向、屬（類型未填）類型，依不定期執行下列控制活動：新應用系統之開發及相關採購應經企業管理階層同意，以確保與企業政策相符。。控制執行時使用之 IUC／制度為「1. 資訊軟體開發申請單
2. 資訊軟體開發需求規格書
3. 資訊軟體開發輸入／輸出格式表
4. 請購單」。投入（Inputs）：1. 資訊軟體開發申請單
2. 資訊軟體開發需求規格書
3. 資訊軟體開發輸入／輸出格式表
4. 請購單。覆核／執行步驟（Specific activities）：新應用系統之開發及相關採購應經企業管理階層同意，以確保與企業政策相符。。產出（Outputs）：1. 資訊軟體開發申請單
2. 資訊軟體開發需求規格書
3. 資訊軟體開發輸入／輸出格式表
4. 請購單。","[電腦化資訊系統循環｜系統架構] 應用系統之取得、發展及維護係依循管理階層之意向：新應用系統之開發及相關採購應經企業管理階層同意，以確保與企業政策相符。（頻率：不定期；負責：資訊單位；IUC：1. 資訊軟體開發申請單
2. 資訊軟體開發需求規格書
3. 資訊軟體開發輸入／輸出格式表
4. 請購單）",EC102-1,RCM;電腦化資訊系統循環;累積範本;去識別範本,2026-08-26 16:28:16
PL-EC102-2,應用系統之取得、發展及維護係依循管理階層之意向,電腦化資訊系統循環,EC-102,系統開發及程式修改控制作業,系統架構,系統架構,系統無法滿足營運需求,營運面,,[營運] 系統無法滿足營運需求,,,,,應用系統之取得、發展及維護係依循管理階層之意向,應用系統開發管理辦法及程序應經資訊單位主管核准。其內容應包含：開發與維護作業、測試與驗收作業、系統程式碼與技術文件規範、系統文書管理標準、過版及系統轉換等各階段之作業標準與程序作為所有應用系統開發與維護之規範。,持續,資訊單位,資訊軟體開發管理辦法,,資訊軟體開發管理辦法,,資訊軟體開發管理辦法,,,,,,,人工,預防性 (Preventive),,,,資訊軟體開發管理辦法,,,就公司現行電腦化資訊系統循環作業，為因應「系統架構」風險——系統無法滿足營運需求（風險三大屬性—財務報導：（未填）；營運：[營運] 系統無法滿足營運需求；法令遵循：（未填）；RoMM：（RoMM 分類未填）；重大科目／聲明：（重大科目未填）／（聲明未填）），設計控制目標為「應用系統之取得、發展及維護係依循管理階層之意向」。由資訊單位以人工方式、採預防性控制取向、屬（類型未填）類型，依持續執行下列控制活動：應用系統開發管理辦法及程序應經資訊單位主管核准。其內容應包含：開發與維護作業、測試與驗收作業、系統程式碼與技術文件規範、系統文書管理標準、過版及系統轉換等各階段之作業標準與程序作為所有應用系統開發與維護之規範。。控制執行時使用之 IUC／制度為「資訊軟體開發管理辦法」。投入（Inputs）：資訊軟體開發管理辦法。覆核／執行步驟（Specific activities）：應用系統開發管理辦法及程序應經資訊單位主管核准。其內容應包含：開發與維護作業、測試與驗收作業、系統程式碼與技術文件規範、系統文書管理標準、過版及系統轉換等各階段之作業標準與程序作為所有應用系統開發與維護之規範。。產出（Outputs）：資訊軟體開發管理辦法。,[電腦化資訊系統循環｜系統架構] 應用系統之取得、發展及維護係依循管理階層之意向：應用系統開發管理辦法及程序應經資訊單位主管核准。其內容應包含：開發與維護作業、測試與驗收作業、系統程式碼與技術文件規範、系統文書管理標準、過版及系統轉換等各階段之作業標準與程序作為所有應用系統開發與維護之規範。（頻率：持續；負責：資訊單位；IUC：資訊軟體開發管理辦法）,EC102-2,RCM;電腦化資訊系統循環;累積範本;去識別範本,2026-08-26 16:28:16
PL-EC102-3,應用系統之取得、發展及維護係依循管理階層之意向,電腦化資訊系統循環,EC-102,系統開發及程式修改控制作業,系統架構,系統架構,系統無法滿足營運需求,營運面,,[營運] 系統無法滿足營運需求,,,,,應用系統之取得、發展及維護係依循管理階層之意向,軟體系統開發及程式修改的各階段作業應依據應用系統開發管理辦法，經資訊單位和需求單位核准，以確保符合營運需求。,不定期,資訊單位,電子簽核系統,電子簽核系統,"1. 資訊軟體開發管理辦法
2. 採購管理程序",,電子簽核系統 資訊服務申請單,,,,,,,人工,預防性 (Preventive),,,,電子簽核系統 資訊服務申請單,,,就公司現行電腦化資訊系統循環作業，為因應「系統架構」風險——系統無法滿足營運需求（風險三大屬性—財務報導：（未填）；營運：[營運] 系統無法滿足營運需求；法令遵循：（未填）；RoMM：（RoMM 分類未填）；重大科目／聲明：（重大科目未填）／（聲明未填）），設計控制目標為「應用系統之取得、發展及維護係依循管理階層之意向」。由資訊單位以人工方式、採預防性控制取向、屬（類型未填）類型，依不定期執行下列控制活動：軟體系統開發及程式修改的各階段作業應依據應用系統開發管理辦法，經資訊單位和需求單位核准，以確保符合營運需求。。控制執行時使用之 IUC／制度為「電子簽核系統」。投入（Inputs）：電子簽核系統。覆核／執行步驟（Specific activities）：軟體系統開發及程式修改的各階段作業應依據應用系統開發管理辦法，經資訊單位和需求單位核准，以確保符合營運需求。。產出（Outputs）：電子簽核系統 資訊服務申請單。,[電腦化資訊系統循環｜系統架構] 應用系統之取得、發展及維護係依循管理階層之意向：軟體系統開發及程式修改的各階段作業應依據應用系統開發管理辦法，經資訊單位和需求單位核准，以確保符合營運需求。（頻率：不定期；負責：資訊單位；IUC：電子簽核系統）,EC102-3,RCM;電腦化資訊系統循環;累積範本;去識別範本,2026-08-26 16:28:16
PL-EC102-4,新應用系統係被適當地建置且其運作係依循管理階層之意向,電腦化資訊系統循環,EC-102,系統開發及程式修改控制作業,系統變更管理,系統變更管理,缺乏有效的變更控制流程,報導面,[財務報導] 缺乏有效的變更控制流程,,,,All,,新應用系統係被適當地建置且其運作係依循管理階層之意向,新開發／變更之應用系統上線前應有適當之測試計畫，視情況應包含系統測試、單元測試、介面測試、平行測試、容量測試及使用者接受程度測試等。,不定期,資訊單位,電子簽核系統,電子簽核系統,"1. 資訊軟體開發管理辦法
2. 採購管理程序",,"1. 資訊軟體開發申請單
2. 電子簽核系統 資訊服務申請單
3. 驗收單",,,,,,,人工,預防性 (Preventive),,,,"1. 資訊軟體開發申請單
2. 電子簽核系統 資訊服務申請單
3. 驗收單",,,"就公司現行電腦化資訊系統循環作業，為因應「系統變更管理」風險——缺乏有效的變更控制流程（風險三大屬性—財務報導：[財務報導] 缺乏有效的變更控制流程；營運：（未填）；法令遵循：（未填）；RoMM：（RoMM 分類未填）；重大科目／聲明：All／（聲明未填）），設計控制目標為「新應用系統係被適當地建置且其運作係依循管理階層之意向」。由資訊單位以人工方式、採預防性控制取向、屬（類型未填）類型，依不定期執行下列控制活動：新開發／變更之應用系統上線前應有適當之測試計畫，視情況應包含系統測試、單元測試、介面測試、平行測試、容量測試及使用者接受程度測試等。。控制執行時使用之 IUC／制度為「電子簽核系統」。投入（Inputs）：電子簽核系統。覆核／執行步驟（Specific activities）：新開發／變更之應用系統上線前應有適當之測試計畫，視情況應包含系統測試、單元測試、介面測試、平行測試、容量測試及使用者接受程度測試等。。產出（Outputs）：1. 資訊軟體開發申請單
2. 電子簽核系統 資訊服務申請單
3. 驗收單。",[電腦化資訊系統循環｜系統變更管理] 新應用系統係被適當地建置且其運作係依循管理階層之意向：新開發／變更之應用系統上線前應有適當之測試計畫，視情況應包含系統測試、單元測試、介面測試、平行測試、容量測試及使用者接受程度測試等。（頻率：不定期；負責：資訊單位；IUC：電子簽核系統）,EC102-4,RCM;電腦化資訊系統循環;累積範本;去識別範本,2026-08-26 16:28:16
PL-EC102-5,新應用系統係被適當地建置且其運作係依循管理階層之意向,電腦化資訊系統循環,EC-102,系統開發及程式修改控制作業,系統變更管理,系統變更管理,於正式啟用前未進行足夠測試,報導面,[財務報導] 於正式啟用前未進行足夠測試,,,,All,,新應用系統係被適當地建置且其運作係依循管理階層之意向,應用系統應設置正式作業環境與獨立測試環境，並於獨立測試環境中進行開發與測試。,不定期,資訊單位,All,All,,,正式環境及測試環境區分畫面,,,,,,,人工,預防性 (Preventive),,,,正式環境及測試環境區分畫面,,,就公司現行電腦化資訊系統循環作業，為因應「系統變更管理」風險——於正式啟用前未進行足夠測試（風險三大屬性—財務報導：[財務報導] 於正式啟用前未進行足夠測試；營運：（未填）；法令遵循：（未填）；RoMM：（RoMM 分類未填）；重大科目／聲明：All／（聲明未填）），設計控制目標為「新應用系統係被適當地建置且其運作係依循管理階層之意向」。由資訊單位以人工方式、採預防性控制取向、屬（類型未填）類型，依不定期執行下列控制活動：應用系統應設置正式作業環境與獨立測試環境，並於獨立測試環境中進行開發與測試。。控制執行時使用之 IUC／制度為「All」。投入（Inputs）：All。覆核／執行步驟（Specific activities）：應用系統應設置正式作業環境與獨立測試環境，並於獨立測試環境中進行開發與測試。。產出（Outputs）：正式環境及測試環境區分畫面。,[電腦化資訊系統循環｜系統變更管理] 新應用系統係被適當地建置且其運作係依循管理階層之意向：應用系統應設置正式作業環境與獨立測試環境，並於獨立測試環境中進行開發與測試。（頻率：不定期；負責：資訊單位；IUC：All）,EC102-5,RCM;電腦化資訊系統循環;累積範本;去識別範本,2026-08-26 16:28:16
PL-EC102-6,應用系統被適當地建置且其依循管理階層之意向運作,電腦化資訊系統循環,EC-102,系統開發及程式修改控制作業,系統變更管理,系統變更管理,於正式啟用前未進行足夠測試,報導面,[財務報導] 於正式啟用前未進行足夠測試,,,,All,,應用系統被適當地建置且其依循管理階層之意向運作,應用系統測試應使用完整且具代表性之測試資料，而非使用實際作業環境之資料，同時測試報告均經使用者單位驗收。,不定期,資訊單位,電子簽核系統,電子簽核系統,,,電子簽核系統 資訊服務申請單,,,,,,,人工,預防性 (Preventive),,,,電子簽核系統 資訊服務申請單,,,就公司現行電腦化資訊系統循環作業，為因應「系統變更管理」風險——於正式啟用前未進行足夠測試（風險三大屬性—財務報導：[財務報導] 於正式啟用前未進行足夠測試；營運：（未填）；法令遵循：（未填）；RoMM：（RoMM 分類未填）；重大科目／聲明：All／（聲明未填）），設計控制目標為「應用系統被適當地建置且其依循管理階層之意向運作」。由資訊單位以人工方式、採預防性控制取向、屬（類型未填）類型，依不定期執行下列控制活動：應用系統測試應使用完整且具代表性之測試資料，而非使用實際作業環境之資料，同時測試報告均經使用者單位驗收。。控制執行時使用之 IUC／制度為「電子簽核系統」。投入（Inputs）：電子簽核系統。覆核／執行步驟（Specific activities）：應用系統測試應使用完整且具代表性之測試資料，而非使用實際作業環境之資料，同時測試報告均經使用者單位驗收。。產出（Outputs）：電子簽核系統 資訊服務申請單。,[電腦化資訊系統循環｜系統變更管理] 應用系統被適當地建置且其依循管理階層之意向運作：應用系統測試應使用完整且具代表性之測試資料，而非使用實際作業環境之資料，同時測試報告均經使用者單位驗收。（頻率：不定期；負責：資訊單位；IUC：電子簽核系統）,EC102-6,RCM;電腦化資訊系統循環;累積範本;去識別範本,2026-08-26 16:28:16
PL-EC102-7,應用系統被適當地建置且其依循管理階層之意向運作,電腦化資訊系統循環,EC-102,系統開發及程式修改控制作業,系統變更管理,系統變更管理,未執行變更後之有效性檢查,報導面,[財務報導] 未執行變更後之有效性檢查,,,,All,,應用系統被適當地建置且其依循管理階層之意向運作,應用系統之新系統上線資料結構作業及結果（資料的轉換）應經使用者單位主管及資訊單位主管覆核並核准。,不定期,資訊單位,電子簽核系統,電子簽核系統,資訊軟體開發管理辦法,,電子簽核系統 資訊服務申請單,,,,,,,人工,預防性 (Preventive),,,,電子簽核系統 資訊服務申請單,,,就公司現行電腦化資訊系統循環作業，為因應「系統變更管理」風險——未執行變更後之有效性檢查（風險三大屬性—財務報導：[財務報導] 未執行變更後之有效性檢查；營運：（未填）；法令遵循：（未填）；RoMM：（RoMM 分類未填）；重大科目／聲明：All／（聲明未填）），設計控制目標為「應用系統被適當地建置且其依循管理階層之意向運作」。由資訊單位以人工方式、採預防性控制取向、屬（類型未填）類型，依不定期執行下列控制活動：應用系統之新系統上線資料結構作業及結果（資料的轉換）應經使用者單位主管及資訊單位主管覆核並核准。。控制執行時使用之 IUC／制度為「電子簽核系統」。投入（Inputs）：電子簽核系統。覆核／執行步驟（Specific activities）：應用系統之新系統上線資料結構作業及結果（資料的轉換）應經使用者單位主管及資訊單位主管覆核並核准。。產出（Outputs）：電子簽核系統 資訊服務申請單。,[電腦化資訊系統循環｜系統變更管理] 應用系統被適當地建置且其依循管理階層之意向運作：應用系統之新系統上線資料結構作業及結果（資料的轉換）應經使用者單位主管及資訊單位主管覆核並核准。（頻率：不定期；負責：資訊單位；IUC：電子簽核系統）,EC102-7,RCM;電腦化資訊系統循環;累積範本;去識別範本,2026-08-26 16:28:16
PL-EC102-8,應用系統應具備一定之遵循性與適當性，以防止資料不實,電腦化資訊系統循環,EC-102,系統開發及程式修改控制作業,系統變更管理,系統變更管理,資料不實,報導面,[財務報導] 資料不實,,,,All,,應用系統應具備一定之遵循性與適當性，以防止資料不實,應用系統正式環境變更（包含:應用系統、資料結構）均有適當之變更管理程序並配合相關單位之時程進行變更，以確保對其他作業活動之影響降至最低。,不定期,資訊單位,系統上線公告,,資訊軟體開發管理辦法,,系統上線公告,,,,,,,人工,預防性 (Preventive),,,,系統上線公告,,,就公司現行電腦化資訊系統循環作業，為因應「系統變更管理」風險——資料不實（風險三大屬性—財務報導：[財務報導] 資料不實；營運：（未填）；法令遵循：（未填）；RoMM：（RoMM 分類未填）；重大科目／聲明：All／（聲明未填）），設計控制目標為「應用系統應具備一定之遵循性與適當性，以防止資料不實」。由資訊單位以人工方式、採預防性控制取向、屬（類型未填）類型，依不定期執行下列控制活動：應用系統正式環境變更（包含:應用系統、資料結構）均有適當之變更管理程序並配合相關單位之時程進行變更，以確保對其他作業活動之影響降至最低。。控制執行時使用之 IUC／制度為「系統上線公告」。投入（Inputs）：系統上線公告。覆核／執行步驟（Specific activities）：應用系統正式環境變更（包含:應用系統、資料結構）均有適當之變更管理程序並配合相關單位之時程進行變更，以確保對其他作業活動之影響降至最低。。產出（Outputs）：系統上線公告。,[電腦化資訊系統循環｜系統變更管理] 應用系統應具備一定之遵循性與適當性，以防止資料不實：應用系統正式環境變更（包含:應用系統、資料結構）均有適當之變更管理程序並配合相關單位之時程進行變更，以確保對其他作業活動之影響降至最低。（頻率：不定期；負責：資訊單位；IUC：系統上線公告）,EC102-8,RCM;電腦化資訊系統循環;累積範本;去識別範本,2026-08-26 16:28:16
PL-EC102-9,應用系統未被適當地建置且其依循管理階層之意向運作,電腦化資訊系統循環,EC-102,系統開發及程式修改控制作業,系統變更管理,系統變更管理,未執行變更後之有效性檢查,報導面,[財務報導] 未執行變更後之有效性檢查,,,,All,,應用系統未被適當地建置且其依循管理階層之意向運作,新系統建置應包含相關使用者教育訓練。,不定期,資訊單位,教育訓練紀錄,,資訊軟體開發管理辦法,,教育訓練紀錄,,,,,,,人工,預防性 (Preventive),,,,教育訓練紀錄,,,就公司現行電腦化資訊系統循環作業，為因應「系統變更管理」風險——未執行變更後之有效性檢查（風險三大屬性—財務報導：[財務報導] 未執行變更後之有效性檢查；營運：（未填）；法令遵循：（未填）；RoMM：（RoMM 分類未填）；重大科目／聲明：All／（聲明未填）），設計控制目標為「應用系統未被適當地建置且其依循管理階層之意向運作」。由資訊單位以人工方式、採預防性控制取向、屬（類型未填）類型，依不定期執行下列控制活動：新系統建置應包含相關使用者教育訓練。。控制執行時使用之 IUC／制度為「教育訓練紀錄」。投入（Inputs）：教育訓練紀錄。覆核／執行步驟（Specific activities）：新系統建置應包含相關使用者教育訓練。。產出（Outputs）：教育訓練紀錄。,[電腦化資訊系統循環｜系統變更管理] 應用系統未被適當地建置且其依循管理階層之意向運作：新系統建置應包含相關使用者教育訓練。（頻率：不定期；負責：資訊單位；IUC：教育訓練紀錄）,EC102-9,RCM;電腦化資訊系統循環;累積範本;去識別範本,2026-08-26 16:28:16
PL-EC103-1,確保系統文件的完整性及正確性,電腦化資訊系統循環,EC-103,編製系統文書之控制作業,營運,營運,檔案管理失當,營運面,,[營運] 檔案管理失當,,,,,確保系統文件的完整性及正確性,系統重要作業文書說明應該經資訊主管核准。,不定期,資訊單位,"1. 驗收單
2. 文件制定、修訂、廢止申請單",,文件與記錄管理作業程序,,"1. 驗收單
2. 文件制定、修訂、廢止申請單",,,,,,,人工,預防性 (Preventive),,,,"1. 驗收單
2. 文件制定、修訂、廢止申請單",,,"就公司現行電腦化資訊系統循環作業，為因應「營運」風險——檔案管理失當（風險三大屬性—財務報導：（未填）；營運：[營運] 檔案管理失當；法令遵循：（未填）；RoMM：（RoMM 分類未填）；重大科目／聲明：（重大科目未填）／（聲明未填）），設計控制目標為「確保系統文件的完整性及正確性」。由資訊單位以人工方式、採預防性控制取向、屬（類型未填）類型，依不定期執行下列控制活動：系統重要作業文書說明應該經資訊主管核准。。控制執行時使用之 IUC／制度為「1. 驗收單
2. 文件制定、修訂、廢止申請單」。投入（Inputs）：1. 驗收單
2. 文件制定、修訂、廢止申請單。覆核／執行步驟（Specific activities）：系統重要作業文書說明應該經資訊主管核准。。產出（Outputs）：1. 驗收單
2. 文件制定、修訂、廢止申請單。","[電腦化資訊系統循環｜營運] 確保系統文件的完整性及正確性：系統重要作業文書說明應該經資訊主管核准。（頻率：不定期；負責：資訊單位；IUC：1. 驗收單
2. 文件制定、修訂、廢止申請單）",EC103-1,RCM;電腦化資訊系統循環;累積範本;去識別範本,2026-08-26 16:28:16
PL-EC103-2,確保系統文件的完整性及正確性,電腦化資訊系統循環,EC-103,編製系統文書之控制作業,營運,營運,檔案管理失當,營運面,,[營運] 檔案管理失當,,,,,確保系統文件的完整性及正確性,系統原始程式碼及相關系統文件應妥善保管並有相對應的安全管制及版本變更機制。,不定期,資訊單位,Refer o EC103-1,Refer o EC103-1,Refer o EC103-1,Refer o EC103-1,Refer o EC103-1,,,,,,,人工,預防性 (Preventive),,,,Refer o EC103-1,,,就公司現行電腦化資訊系統循環作業，為因應「營運」風險——檔案管理失當（風險三大屬性—財務報導：（未填）；營運：[營運] 檔案管理失當；法令遵循：（未填）；RoMM：（RoMM 分類未填）；重大科目／聲明：（重大科目未填）／（聲明未填）），設計控制目標為「確保系統文件的完整性及正確性」。由資訊單位以人工方式、採預防性控制取向、屬（類型未填）類型，依不定期執行下列控制活動：系統原始程式碼及相關系統文件應妥善保管並有相對應的安全管制及版本變更機制。。控制執行時使用之 IUC／制度為「Refer o EC103-1」。投入（Inputs）：Refer o EC103-1。覆核／執行步驟（Specific activities）：系統原始程式碼及相關系統文件應妥善保管並有相對應的安全管制及版本變更機制。。產出（Outputs）：Refer o EC103-1。,[電腦化資訊系統循環｜營運] 確保系統文件的完整性及正確性：系統原始程式碼及相關系統文件應妥善保管並有相對應的安全管制及版本變更機制。（頻率：不定期；負責：資訊單位；IUC：Refer o EC103-1）,EC103-2,RCM;電腦化資訊系統循環;累積範本;去識別範本,2026-08-26 16:28:16
PL-EC103-3,確保系統文件的完整性及正確性,電腦化資訊系統循環,EC-103,編製系統文書之控制作業,營運,營運,檔案管理失當,營運面,,[營運] 檔案管理失當,,,,,確保系統文件的完整性及正確性,新增系統功能或原始程式碼變更時，相關文件或手冊應該適時更新，並經資訊主管審核。,不定期,資訊單位,Refer o EC103-1,Refer o EC103-1,Refer o EC103-1,Refer o EC103-1,Refer o EC103-1,,,,,,,人工,預防性 (Preventive),,,,Refer o EC103-1,,,就公司現行電腦化資訊系統循環作業，為因應「營運」風險——檔案管理失當（風險三大屬性—財務報導：（未填）；營運：[營運] 檔案管理失當；法令遵循：（未填）；RoMM：（RoMM 分類未填）；重大科目／聲明：（重大科目未填）／（聲明未填）），設計控制目標為「確保系統文件的完整性及正確性」。由資訊單位以人工方式、採預防性控制取向、屬（類型未填）類型，依不定期執行下列控制活動：新增系統功能或原始程式碼變更時，相關文件或手冊應該適時更新，並經資訊主管審核。。控制執行時使用之 IUC／制度為「Refer o EC103-1」。投入（Inputs）：Refer o EC103-1。覆核／執行步驟（Specific activities）：新增系統功能或原始程式碼變更時，相關文件或手冊應該適時更新，並經資訊主管審核。。產出（Outputs）：Refer o EC103-1。,[電腦化資訊系統循環｜營運] 確保系統文件的完整性及正確性：新增系統功能或原始程式碼變更時，相關文件或手冊應該適時更新，並經資訊主管審核。（頻率：不定期；負責：資訊單位；IUC：Refer o EC103-1）,EC103-3,RCM;電腦化資訊系統循環;累積範本;去識別範本,2026-08-26 16:28:16
PL-EC103-4,確保系統文件的完整性及正確性,電腦化資訊系統循環,EC-103,編製系統文書之控制作業,營運,營運,檔案管理失當,營運面,,[營運] 檔案管理失當,,,,,確保系統文件的完整性及正確性,委外開發或購置之系統，應要求廠商提供相關使用者操作手冊、系統設定文件手冊及客製化原始程式碼文件等。,不定期,資訊單位,Refer o EC103-1,Refer o EC103-1,Refer o EC103-1,Refer o EC103-1,Refer o EC103-1,,,,,,,人工,預防性 (Preventive),,,,Refer o EC103-1,,,就公司現行電腦化資訊系統循環作業，為因應「營運」風險——檔案管理失當（風險三大屬性—財務報導：（未填）；營運：[營運] 檔案管理失當；法令遵循：（未填）；RoMM：（RoMM 分類未填）；重大科目／聲明：（重大科目未填）／（聲明未填）），設計控制目標為「確保系統文件的完整性及正確性」。由資訊單位以人工方式、採預防性控制取向、屬（類型未填）類型，依不定期執行下列控制活動：委外開發或購置之系統，應要求廠商提供相關使用者操作手冊、系統設定文件手冊及客製化原始程式碼文件等。。控制執行時使用之 IUC／制度為「Refer o EC103-1」。投入（Inputs）：Refer o EC103-1。覆核／執行步驟（Specific activities）：委外開發或購置之系統，應要求廠商提供相關使用者操作手冊、系統設定文件手冊及客製化原始程式碼文件等。。產出（Outputs）：Refer o EC103-1。,[電腦化資訊系統循環｜營運] 確保系統文件的完整性及正確性：委外開發或購置之系統，應要求廠商提供相關使用者操作手冊、系統設定文件手冊及客製化原始程式碼文件等。（頻率：不定期；負責：資訊單位；IUC：Refer o EC103-1）,EC103-4,RCM;電腦化資訊系統循環;累積範本;去識別範本,2026-08-26 16:28:16
PL-EC104-1,管理邏輯安全管理工具及相關設定，以限制人員對程式、資料及其他資訊之存取。,電腦化資訊系統循環,EC-104,程式及資料之存取控制作業,資訊安全,資訊安全,無效果／無效率的存取控制,營運面,,[營運] 無效果／無效率的存取控制,,,,,管理邏輯安全管理工具及相關設定，以限制人員對程式、資料及其他資訊之存取。,系統使用者帳號應該為獨立並可識別區分身份。,持續,資訊單位,All,All,,,系統帳號清單,,,,,,,,預防性 (Preventive),,,,系統帳號清單,,,就公司現行電腦化資訊系統循環作業，為因應「資訊安全」風險——無效果／無效率的存取控制（風險三大屬性—財務報導：（未填）；營運：[營運] 無效果／無效率的存取控制；法令遵循：（未填）；RoMM：（RoMM 分類未填）；重大科目／聲明：（重大科目未填）／（聲明未填）），設計控制目標為「管理邏輯安全管理工具及相關設定，以限制人員對程式、資料及其他資訊之存取。」。由資訊單位以（性質未填）方式、採預防性控制取向、屬（類型未填）類型，依持續執行下列控制活動：系統使用者帳號應該為獨立並可識別區分身份。。控制執行時使用之 IUC／制度為「All」。投入（Inputs）：All。覆核／執行步驟（Specific activities）：系統使用者帳號應該為獨立並可識別區分身份。。產出（Outputs）：系統帳號清單。,[電腦化資訊系統循環｜資訊安全] 管理邏輯安全管理工具及相關設定，以限制人員對程式、資料及其他資訊之存取。：系統使用者帳號應該為獨立並可識別區分身份。（頻率：持續；負責：資訊單位；IUC：All）,EC104-1,RCM;電腦化資訊系統循環;累積範本;去識別範本,2026-08-26 16:28:16
PL-EC104-2,管理邏輯安全管理工具及相關設定，以限制人員對程式、資料及其他資訊之存取。,電腦化資訊系統循環,EC-104,程式及資料之存取控制作業,資訊安全,資訊安全,無效果／無效率的存取控制,營運面,,[營運] 無效果／無效率的存取控制,,,,,管理邏輯安全管理工具及相關設定，以限制人員對程式、資料及其他資訊之存取。,員工晉升、調職、或離職時，應有適當之系統帳號新增、修改及刪除程序，以便依其新狀況調整資訊資源之授權。,不定期／每日,資訊單位,電子簽核系統,電子簽核系統,"1. 資訊系統管制程序
2. 人事管理制度",,"1. 電子簽核系統 資訊服務申請單
2. 間接人員離退及留停申請單",,,,,,,人工,預防性 (Preventive),,,,"1. 電子簽核系統 資訊服務申請單
2. 間接人員離退及留停申請單",,,"就公司現行電腦化資訊系統循環作業，為因應「資訊安全」風險——無效果／無效率的存取控制（風險三大屬性—財務報導：（未填）；營運：[營運] 無效果／無效率的存取控制；法令遵循：（未填）；RoMM：（RoMM 分類未填）；重大科目／聲明：（重大科目未填）／（聲明未填）），設計控制目標為「管理邏輯安全管理工具及相關設定，以限制人員對程式、資料及其他資訊之存取。」。由資訊單位以人工方式、採預防性控制取向、屬（類型未填）類型，依不定期/每日執行下列控制活動：員工晉升、調職、或離職時，應有適當之系統帳號新增、修改及刪除程序，以便依其新狀況調整資訊資源之授權。。控制執行時使用之 IUC／制度為「電子簽核系統」。投入（Inputs）：電子簽核系統。覆核／執行步驟（Specific activities）：員工晉升、調職、或離職時，應有適當之系統帳號新增、修改及刪除程序，以便依其新狀況調整資訊資源之授權。。產出（Outputs）：1. 電子簽核系統 資訊服務申請單
2. 間接人員離退及留停申請單。",[電腦化資訊系統循環｜資訊安全] 管理邏輯安全管理工具及相關設定，以限制人員對程式、資料及其他資訊之存取。：員工晉升、調職、或離職時，應有適當之系統帳號新增、修改及刪除程序，以便依其新狀況調整資訊資源之授權。（頻率：不定期/每日；負責：資訊單位；IUC：電子簽核系統）,EC104-2,RCM;電腦化資訊系統循環;累積範本;去識別範本,2026-08-26 16:28:16
PL-EC104-3,管理邏輯安全管理工具及相關設定，以限制人員對程式、資料及其他資訊之存取。,電腦化資訊系統循環,EC-104,程式及資料之存取控制作業,資訊安全,資訊安全,無效果／無效率的存取控制,營運面,,[營運] 無效果／無效率的存取控制,,,,,管理邏輯安全管理工具及相關設定，以限制人員對程式、資料及其他資訊之存取。,相關作業系統、通訊與網路作業系統及應用系統之預設帳戶∕密碼，應於系統安裝或設定完成後立即修改。,持續,資訊單位,SAP 初次登入密碼修改畫面,,資訊系統管制程序,,SAP 初次登入密碼修改畫面,,,,,,,人工,預防性 (Preventive),,,,SAP 初次登入密碼修改畫面,,,就公司現行電腦化資訊系統循環作業，為因應「資訊安全」風險——無效果／無效率的存取控制（風險三大屬性—財務報導：（未填）；營運：[營運] 無效果／無效率的存取控制；法令遵循：（未填）；RoMM：（RoMM 分類未填）；重大科目／聲明：（重大科目未填）／（聲明未填）），設計控制目標為「管理邏輯安全管理工具及相關設定，以限制人員對程式、資料及其他資訊之存取。」。由資訊單位以人工方式、採預防性控制取向、屬（類型未填）類型，依持續執行下列控制活動：相關作業系統、通訊與網路作業系統及應用系統之預設帳戶∕密碼，應於系統安裝或設定完成後立即修改。。控制執行時使用之 IUC／制度為「SAP 初次登入密碼修改畫面」。投入（Inputs）：SAP 初次登入密碼修改畫面。覆核／執行步驟（Specific activities）：相關作業系統、通訊與網路作業系統及應用系統之預設帳戶∕密碼，應於系統安裝或設定完成後立即修改。。產出（Outputs）：SAP 初次登入密碼修改畫面。,[電腦化資訊系統循環｜資訊安全] 管理邏輯安全管理工具及相關設定，以限制人員對程式、資料及其他資訊之存取。：相關作業系統、通訊與網路作業系統及應用系統之預設帳戶∕密碼，應於系統安裝或設定完成後立即修改。（頻率：持續；負責：資訊單位；IUC：SAP 初次登入密碼修改畫面）,EC104-3,RCM;電腦化資訊系統循環;累積範本;去識別範本,2026-08-26 16:28:16
PL-EC104-4,管理邏輯安全管理工具及相關設定，以限制人員對程式、資料及其他資訊之存取。,電腦化資訊系統循環,EC-104,程式及資料之存取控制作業,資訊安全,資訊安全,無效果／無效率的存取控制,營運面,,[營運] 無效果／無效率的存取控制,,,,,管理邏輯安全管理工具及相關設定，以限制人員對程式、資料及其他資訊之存取。,應用系統之存取應有適當密碼保護，同時設定適當之密碼規則（包含：密碼長度、密碼強度、密碼定期更換、可接受之密碼錯誤次數、重複密碼控制），並符合密碼管理辦法之要求。,持續,資訊單位,All,All,資訊安全管理辦法,,"1. SAP密碼原則設定畫面
2. 電子簽核系統密碼原則設定畫面
3. HRM密碼原則設定畫面
4. 檔案傳輸系統密碼原則設定畫面
5. 流程管理系統密碼原則設定畫面
6. AD Server密碼原則設定畫面",,,,,,,,預防性 (Preventive),,,,"1. SAP密碼原則設定畫面
2. 電子簽核系統密碼原則設定畫面
3. HRM密碼原則設定畫面
4. 檔案傳輸系統密碼原則設定畫面
5. 流程管理系統密碼原則設定畫面
6. AD Server密碼原則設定畫面",,,"就公司現行電腦化資訊系統循環作業，為因應「資訊安全」風險——無效果／無效率的存取控制（風險三大屬性—財務報導：（未填）；營運：[營運] 無效果／無效率的存取控制；法令遵循：（未填）；RoMM：（RoMM 分類未填）；重大科目／聲明：（重大科目未填）／（聲明未填）），設計控制目標為「管理邏輯安全管理工具及相關設定，以限制人員對程式、資料及其他資訊之存取。」。由資訊單位以（性質未填）方式、採預防性控制取向、屬（類型未填）類型，依持續執行下列控制活動：應用系統之存取應有適當密碼保護，同時設定適當之密碼規則（包含：密碼長度、密碼強度、密碼定期更換、可接受之密碼錯誤次數、重複密碼控制），並符合密碼管理辦法之要求。。控制執行時使用之 IUC／制度為「All」。投入（Inputs）：All。覆核／執行步驟（Specific activities）：應用系統之存取應有適當密碼保護，同時設定適當之密碼規則（包含：密碼長度、密碼強度、密碼定期更換、可接受之密碼錯誤次數、重複密碼控制），並符合密碼管理辦法之要求。。產出（Outputs）：1. SAP密碼原則設定畫面
2. 電子簽核系統密碼原則設定畫面
3. HRM密碼原則設定畫面
4. 檔案傳輸系統密碼原則設定畫面
5. 流程管理系統密碼原則設定畫面
6. AD Server密碼原則設定畫面。",[電腦化資訊系統循環｜資訊安全] 管理邏輯安全管理工具及相關設定，以限制人員對程式、資料及其他資訊之存取。：應用系統之存取應有適當密碼保護，同時設定適當之密碼規則（包含：密碼長度、密碼強度、密碼定期更換、可接受之密碼錯誤次數、重複密碼控制），並符合密碼管理辦法之要求。（頻率：持續；負責：資訊單位；IUC：All）,EC104-4,RCM;電腦化資訊系統循環;累積範本;去識別範本,2026-08-26 16:28:16
PL-EC104-5,管理邏輯安全管理工具及相關設定，以限制人員對程式、資料及其他資訊之存取。,電腦化資訊系統循環,EC-104,程式及資料之存取控制作業,資訊安全,資訊安全,無效果／無效率的存取控制,營運面,,[營運] 無效果／無效率的存取控制,,,,,管理邏輯安全管理工具及相關設定，以限制人員對程式、資料及其他資訊之存取。,應用系統之系統管理者應定期提出使用者授權之報表予擁有者，並取得擁有者覆核記錄，以確保授權之適當性。,每年,資訊單位,All,All,,,各系統權限清查紀錄,,,,,,,人工,偵測性 (Detective),,,,各系統權限清查紀錄,,,就公司現行電腦化資訊系統循環作業，為因應「資訊安全」風險——無效果／無效率的存取控制（風險三大屬性—財務報導：（未填）；營運：[營運] 無效果／無效率的存取控制；法令遵循：（未填）；RoMM：（RoMM 分類未填）；重大科目／聲明：（重大科目未填）／（聲明未填）），設計控制目標為「管理邏輯安全管理工具及相關設定，以限制人員對程式、資料及其他資訊之存取。」。由資訊單位以人工方式、採偵測性控制取向、屬（類型未填）類型，依每年執行下列控制活動：應用系統之系統管理者應定期提出使用者授權之報表予擁有者，並取得擁有者覆核記錄，以確保授權之適當性。。控制執行時使用之 IUC／制度為「All」。投入（Inputs）：All。覆核／執行步驟（Specific activities）：應用系統之系統管理者應定期提出使用者授權之報表予擁有者，並取得擁有者覆核記錄，以確保授權之適當性。。產出（Outputs）：各系統權限清查紀錄。,[電腦化資訊系統循環｜資訊安全] 管理邏輯安全管理工具及相關設定，以限制人員對程式、資料及其他資訊之存取。：應用系統之系統管理者應定期提出使用者授權之報表予擁有者，並取得擁有者覆核記錄，以確保授權之適當性。（頻率：每年；負責：資訊單位；IUC：All）,EC104-5,RCM;電腦化資訊系統循環;累積範本;去識別範本,2026-08-26 16:28:16
PL-EC104-6,管理邏輯安全管理工具及相關設定，以限制人員對程式、資料及其他資訊之存取。,電腦化資訊系統循環,EC-104,程式及資料之存取控制作業,資訊安全,資訊安全,無效果／無效率的存取控制,營運面,,[營運] 無效果／無效率的存取控制,,,,,管理邏輯安全管理工具及相關設定，以限制人員對程式、資料及其他資訊之存取。,應用系統之系統管理者應定期提出系統存取之記錄予擁有者，並取得擁有者覆核記錄，以確保系統存取之適當性。,每週,資訊單位,All,All,,,各系統管理員存取Log覆核紀錄,,,,,,,人工,偵測性 (Detective),,,,各系統管理員存取Log覆核紀錄,,,就公司現行電腦化資訊系統循環作業，為因應「資訊安全」風險——無效果／無效率的存取控制（風險三大屬性—財務報導：（未填）；營運：[營運] 無效果／無效率的存取控制；法令遵循：（未填）；RoMM：（RoMM 分類未填）；重大科目／聲明：（重大科目未填）／（聲明未填）），設計控制目標為「管理邏輯安全管理工具及相關設定，以限制人員對程式、資料及其他資訊之存取。」。由資訊單位以人工方式、採偵測性控制取向、屬（類型未填）類型，依每週執行下列控制活動：應用系統之系統管理者應定期提出系統存取之記錄予擁有者，並取得擁有者覆核記錄，以確保系統存取之適當性。。控制執行時使用之 IUC／制度為「All」。投入（Inputs）：All。覆核／執行步驟（Specific activities）：應用系統之系統管理者應定期提出系統存取之記錄予擁有者，並取得擁有者覆核記錄，以確保系統存取之適當性。。產出（Outputs）：各系統管理員存取Log覆核紀錄。,[電腦化資訊系統循環｜資訊安全] 管理邏輯安全管理工具及相關設定，以限制人員對程式、資料及其他資訊之存取。：應用系統之系統管理者應定期提出系統存取之記錄予擁有者，並取得擁有者覆核記錄，以確保系統存取之適當性。（頻率：每週；負責：資訊單位；IUC：All）,EC104-6,RCM;電腦化資訊系統循環;累積範本;去識別範本,2026-08-26 16:28:16
PL-EC104-7,管理邏輯安全管理工具及相關設定，以限制人員對程式、資料及其他資訊之存取。,電腦化資訊系統循環,EC-104,程式及資料之存取控制作業,資訊安全,資訊安全,無效果／無效率的存取控制,營運面,,[營運] 無效果／無效率的存取控制,,,,,管理邏輯安全管理工具及相關設定，以限制人員對程式、資料及其他資訊之存取。,應用系統之作業系統、資料庫、網路相關等系統管理者帳戶授權應經資訊單位主管定期覆核並監督系統管理者帳戶之活動。,每月,資訊單位,All,All,,,"1. 作業系統管理員存取Log覆核紀錄
2. 資料庫管理員存取Log覆核紀錄
3. 網路管理員存取Log覆核紀錄",,,,,,,人工,偵測性 (Detective),,,,"1. 作業系統管理員存取Log覆核紀錄
2. 資料庫管理員存取Log覆核紀錄
3. 網路管理員存取Log覆核紀錄",,,"就公司現行電腦化資訊系統循環作業，為因應「資訊安全」風險——無效果／無效率的存取控制（風險三大屬性—財務報導：（未填）；營運：[營運] 無效果／無效率的存取控制；法令遵循：（未填）；RoMM：（RoMM 分類未填）；重大科目／聲明：（重大科目未填）／（聲明未填）），設計控制目標為「管理邏輯安全管理工具及相關設定，以限制人員對程式、資料及其他資訊之存取。」。由資訊單位以人工方式、採偵測性控制取向、屬（類型未填）類型，依每月執行下列控制活動：應用系統之作業系統、資料庫、網路相關等系統管理者帳戶授權應經資訊單位主管定期覆核並監督系統管理者帳戶之活動。。控制執行時使用之 IUC／制度為「All」。投入（Inputs）：All。覆核／執行步驟（Specific activities）：應用系統之作業系統、資料庫、網路相關等系統管理者帳戶授權應經資訊單位主管定期覆核並監督系統管理者帳戶之活動。。產出（Outputs）：1. 作業系統管理員存取Log覆核紀錄
2. 資料庫管理員存取Log覆核紀錄
3. 網路管理員存取Log覆核紀錄。",[電腦化資訊系統循環｜資訊安全] 管理邏輯安全管理工具及相關設定，以限制人員對程式、資料及其他資訊之存取。：應用系統之作業系統、資料庫、網路相關等系統管理者帳戶授權應經資訊單位主管定期覆核並監督系統管理者帳戶之活動。（頻率：每月；負責：資訊單位；IUC：All）,EC104-7,RCM;電腦化資訊系統循環;累積範本;去識別範本,2026-08-26 16:28:16
PL-EC105-1,防止無效果／無效率的存取控制,電腦化資訊系統循環,EC-105,資料輸出入控制作業,資訊安全,資訊安全,無效果／無效率的存取控制,營運面,,[營運] 無效果／無效率的存取控制,,,,,防止無效果／無效率的存取控制,使用者有資料存取需求時，應依需求提出申請，且經由使用單位主管及資訊單位主管核准後，由資訊人員進行處理。,不定期,資訊單位,電子簽核系統,電子簽核系統,,,電子簽核系統 資訊服務申請單,,,,,,,人工,預防性 (Preventive),,,,電子簽核系統 資訊服務申請單,,,就公司現行電腦化資訊系統循環作業，為因應「資訊安全」風險——無效果／無效率的存取控制（風險三大屬性—財務報導：（未填）；營運：[營運] 無效果／無效率的存取控制；法令遵循：（未填）；RoMM：（RoMM 分類未填）；重大科目／聲明：（重大科目未填）／（聲明未填）），設計控制目標為「防止無效果／無效率的存取控制」。由資訊單位以人工方式、採預防性控制取向、屬（類型未填）類型，依不定期執行下列控制活動：使用者有資料存取需求時，應依需求提出申請，且經由使用單位主管及資訊單位主管核准後，由資訊人員進行處理。。控制執行時使用之 IUC／制度為「電子簽核系統」。投入（Inputs）：電子簽核系統。覆核／執行步驟（Specific activities）：使用者有資料存取需求時，應依需求提出申請，且經由使用單位主管及資訊單位主管核准後，由資訊人員進行處理。。產出（Outputs）：電子簽核系統 資訊服務申請單。,[電腦化資訊系統循環｜資訊安全] 防止無效果／無效率的存取控制：使用者有資料存取需求時，應依需求提出申請，且經由使用單位主管及資訊單位主管核准後，由資訊人員進行處理。（頻率：不定期；負責：資訊單位；IUC：電子簽核系統）,EC105-1,RCM;電腦化資訊系統循環;累積範本;去識別範本,2026-08-26 16:28:16
PL-EC105-2,防止無效果／無效率的存取控制,電腦化資訊系統循環,EC-105,資料輸出入控制作業,資訊安全,資訊安全,無效果／無效率的存取控制,營運面,,[營運] 無效果／無效率的存取控制,,,,,防止無效果／無效率的存取控制,對重要資料之錯誤更正，除了留下書面之記錄並由相關主管覆核外，是否留下相關之系統記錄（System Log）並由非資料修改人員定期覆核系統記錄以確定無非經授權修改資料之情形。,不定期,資訊單位,,,,,,,,,,,,人工,預防性 (Preventive),,,,,,,就公司現行電腦化資訊系統循環作業，為因應「資訊安全」風險——無效果／無效率的存取控制（風險三大屬性—財務報導：（未填）；營運：[營運] 無效果／無效率的存取控制；法令遵循：（未填）；RoMM：（RoMM 分類未填）；重大科目／聲明：（重大科目未填）／（聲明未填）），設計控制目標為「防止無效果／無效率的存取控制」。由資訊單位以人工方式、採預防性控制取向、屬（類型未填）類型，依不定期執行下列控制活動：對重要資料之錯誤更正，除了留下書面之記錄並由相關主管覆核外，是否留下相關之系統記錄（System Log）並由非資料修改人員定期覆核系統記錄以確定無非經授權修改資料之情形。。控制執行時使用之 IUC／制度為「（未指定 IUC／制度）」。投入（Inputs）：（請補充投入資訊）。覆核／執行步驟（Specific activities）：對重要資料之錯誤更正，除了留下書面之記錄並由相關主管覆核外，是否留下相關之系統記錄（System Log）並由非資料修改人員定期覆核系統記錄以確定無非經授權修改資料之情形。。產出（Outputs）：（請補充控制產出／留存軌跡）。,[電腦化資訊系統循環｜資訊安全] 防止無效果／無效率的存取控制：對重要資料之錯誤更正，除了留下書面之記錄並由相關主管覆核外，是否留下相關之系統記錄（System Log）並由非資料修改人員定期覆核系統記錄以確定無非經授權修改資料之情形。（頻率：不定期；負責：資訊單位；IUC：—）,EC105-2,RCM;電腦化資訊系統循環;累積範本;去識別範本,2026-08-26 16:28:16
PL-EC105-3,防止無效果／無效率的存取控制,電腦化資訊系統循環,EC-105,資料輸出入控制作業,資訊安全,資訊安全,無效果／無效率的存取控制,營運面,,[營運] 無效果／無效率的存取控制,,,,,防止無效果／無效率的存取控制,機密性、敏感性資料之輸出入是否加以控管。,持續,資訊單位,文件與記錄管理作業程序,,文件與記錄管理作業程序,,文件與記錄管理作業程序,,,,,,,人工,預防性 (Preventive),,,,文件與記錄管理作業程序,,,就公司現行電腦化資訊系統循環作業，為因應「資訊安全」風險——無效果／無效率的存取控制（風險三大屬性—財務報導：（未填）；營運：[營運] 無效果／無效率的存取控制；法令遵循：（未填）；RoMM：（RoMM 分類未填）；重大科目／聲明：（重大科目未填）／（聲明未填）），設計控制目標為「防止無效果／無效率的存取控制」。由資訊單位以人工方式、採預防性控制取向、屬（類型未填）類型，依持續執行下列控制活動：機密性、敏感性資料之輸出入是否加以控管。。控制執行時使用之 IUC／制度為「文件與記錄管理作業程序」。投入（Inputs）：文件與記錄管理作業程序。覆核／執行步驟（Specific activities）：機密性、敏感性資料之輸出入是否加以控管。。產出（Outputs）：文件與記錄管理作業程序。,[電腦化資訊系統循環｜資訊安全] 防止無效果／無效率的存取控制：機密性、敏感性資料之輸出入是否加以控管。（頻率：持續；負責：資訊單位；IUC：文件與記錄管理作業程序）,EC105-3,RCM;電腦化資訊系統循環;累積範本;去識別範本,2026-08-26 16:28:16
PL-EC105-4,遵循個人資料保護法,電腦化資訊系統循環,EC-105,資料輸出入控制作業,隱私與資料保護,隱私與資料保護,未經授權存取個人可辨識資訊,營運面,,[營運] 未經授權存取個人可辨識資訊,,,,,遵循個人資料保護法,公司內部各項個人資料之蒐集、處理及利用，應該提出申請且經核准。,Refer to 薪工循環 CW101-11,Refer o 薪工循環 CW101-11,Refer o 薪工循環 CW101-11,Refer o 薪工循環 CW101-11,Refer o 薪工循環 CW101-11,Refer o 薪工循環 CW101-11,Refer o 薪工循環 CW101-11,,,,,,,人工,預防性 (Preventive),,,,Refer o 薪工循環 CW101-11,,,就公司現行電腦化資訊系統循環作業，為因應「隱私與資料保護」風險——未經授權存取個人可辨識資訊（風險三大屬性—財務報導：（未填）；營運：[營運] 未經授權存取個人可辨識資訊；法令遵循：（未填）；RoMM：（RoMM 分類未填）；重大科目／聲明：（重大科目未填）／（聲明未填）），設計控制目標為「遵循個人資料保護法」。由Refer o 薪工循環 CW101-11以人工方式、採預防性控制取向、屬（類型未填）類型，依Refer to 薪工循環 CW101-11執行下列控制活動：公司內部各項個人資料之蒐集、處理及利用，應該提出申請且經核准。。控制執行時使用之 IUC／制度為「Refer o 薪工循環 CW101-11」。投入（Inputs）：Refer o 薪工循環 CW101-11。覆核／執行步驟（Specific activities）：公司內部各項個人資料之蒐集、處理及利用，應該提出申請且經核准。。產出（Outputs）：Refer o 薪工循環 CW101-11。,[電腦化資訊系統循環｜隱私與資料保護] 遵循個人資料保護法：公司內部各項個人資料之蒐集、處理及利用，應該提出申請且經核准。（頻率：Refer to 薪工循環 CW101-11；負責：Refer o 薪工循環 CW101-11；IUC：Refer o 薪工循環 CW101-11）,EC105-4,RCM;電腦化資訊系統循環;累積範本;去識別範本,2026-08-26 16:28:16
PL-EC106-1,所有需要批次處理及線上作業及產生報表之實際作業環境中之程式均能及時處理並正常完成,電腦化資訊系統循環,EC-106,資料處理之控制作業,營運,營運,未確保程式處理之排程與及時完成,報導面,[財務報導] 未確保程式處理之排程與及時完成,,,,All,,所有需要批次處理及線上作業及產生報表之實際作業環境中之程式均能及時處理並正常完成,所有系統工作排程之申請應經使用者單位及資訊單位主管核准。,不定期,資訊單位,All,All,資訊軟體開發管理辦法,,"1. 工作排程申請之資訊軟體開發申請單
2. 調整收件人員之電子簽核系統資訊服務申請單",,,,,,,人工,預防性 (Preventive),,,,"1. 工作排程申請之資訊軟體開發申請單
2. 調整收件人員之電子簽核系統資訊服務申請單",,,"就公司現行電腦化資訊系統循環作業，為因應「營運」風險——未確保程式處理之排程與及時完成（風險三大屬性—財務報導：[財務報導] 未確保程式處理之排程與及時完成；營運：（未填）；法令遵循：（未填）；RoMM：（RoMM 分類未填）；重大科目／聲明：All／（聲明未填）），設計控制目標為「所有需要批次處理及線上作業及產生報表之實際作業環境中之程式均能及時處理並正常完成」。由資訊單位以人工方式、採預防性控制取向、屬（類型未填）類型，依不定期執行下列控制活動：所有系統工作排程之申請應經使用者單位及資訊單位主管核准。。控制執行時使用之 IUC／制度為「All」。投入（Inputs）：All。覆核／執行步驟（Specific activities）：所有系統工作排程之申請應經使用者單位及資訊單位主管核准。。產出（Outputs）：1. 工作排程申請之資訊軟體開發申請單
2. 調整收件人員之電子簽核系統資訊服務申請單。",[電腦化資訊系統循環｜營運] 所有需要批次處理及線上作業及產生報表之實際作業環境中之程式均能及時處理並正常完成：所有系統工作排程之申請應經使用者單位及資訊單位主管核准。（頻率：不定期；負責：資訊單位；IUC：All）,EC106-1,RCM;電腦化資訊系統循環;累積範本;去識別範本,2026-08-26 16:28:16
PL-EC106-2,所有需要批次處理及線上作業及產生報表之實際作業環境中之程式均能及時處理並正常完成,電腦化資訊系統循環,EC-106,資料處理之控制作業,營運,營運,未確保程式處理之排程與及時完成,報導面,[財務報導] 未確保程式處理之排程與及時完成,,,,All,,所有需要批次處理及線上作業及產生報表之實際作業環境中之程式均能及時處理並正常完成,所有系統工作排程之申請應定期覆核其是否有存在的必要性。,每半年,資訊單位,All,All,,,既有系統排程檢視紀錄,,,,,,,人工,偵測性 (Detective),,,,既有系統排程檢視紀錄,,,就公司現行電腦化資訊系統循環作業，為因應「營運」風險——未確保程式處理之排程與及時完成（風險三大屬性—財務報導：[財務報導] 未確保程式處理之排程與及時完成；營運：（未填）；法令遵循：（未填）；RoMM：（RoMM 分類未填）；重大科目／聲明：All／（聲明未填）），設計控制目標為「所有需要批次處理及線上作業及產生報表之實際作業環境中之程式均能及時處理並正常完成」。由資訊單位以人工方式、採偵測性控制取向、屬（類型未填）類型，依每半年執行下列控制活動：所有系統工作排程之申請應定期覆核其是否有存在的必要性。。控制執行時使用之 IUC／制度為「All」。投入（Inputs）：All。覆核／執行步驟（Specific activities）：所有系統工作排程之申請應定期覆核其是否有存在的必要性。。產出（Outputs）：既有系統排程檢視紀錄。,[電腦化資訊系統循環｜營運] 所有需要批次處理及線上作業及產生報表之實際作業環境中之程式均能及時處理並正常完成：所有系統工作排程之申請應定期覆核其是否有存在的必要性。（頻率：每半年；負責：資訊單位；IUC：All）,EC106-2,RCM;電腦化資訊系統循環;累積範本;去識別範本,2026-08-26 16:28:16
PL-EC106-3,所有需要批次處理及線上作業及產生報表之實際作業環境中之程式均能及時處理並正常完成,電腦化資訊系統循環,EC-106,資料處理之控制作業,營運,營運,未確保程式處理之排程與及時完成,報導面,[財務報導] 未確保程式處理之排程與及時完成,,,,All,,所有需要批次處理及線上作業及產生報表之實際作業環境中之程式均能及時處理並正常完成,應有適當之覆核機制，以確保系統工作排程能順利及時完成，並針對例外狀況進行追蹤與處理，同時資訊單位主管應覆核例外狀況處理情形。,每月,資訊單位,All,All,,,,,,,,,,人工,偵測性 (Detective),,,,,,,就公司現行電腦化資訊系統循環作業，為因應「營運」風險——未確保程式處理之排程與及時完成（風險三大屬性—財務報導：[財務報導] 未確保程式處理之排程與及時完成；營運：（未填）；法令遵循：（未填）；RoMM：（RoMM 分類未填）；重大科目／聲明：All／（聲明未填）），設計控制目標為「所有需要批次處理及線上作業及產生報表之實際作業環境中之程式均能及時處理並正常完成」。由資訊單位以人工方式、採偵測性控制取向、屬（類型未填）類型，依每月執行下列控制活動：應有適當之覆核機制，以確保系統工作排程能順利及時完成，並針對例外狀況進行追蹤與處理，同時資訊單位主管應覆核例外狀況處理情形。。控制執行時使用之 IUC／制度為「All」。投入（Inputs）：All。覆核／執行步驟（Specific activities）：應有適當之覆核機制，以確保系統工作排程能順利及時完成，並針對例外狀況進行追蹤與處理，同時資訊單位主管應覆核例外狀況處理情形。。產出（Outputs）：（請補充控制產出／留存軌跡）。,[電腦化資訊系統循環｜營運] 所有需要批次處理及線上作業及產生報表之實際作業環境中之程式均能及時處理並正常完成：應有適當之覆核機制，以確保系統工作排程能順利及時完成，並針對例外狀況進行追蹤與處理，同時資訊單位主管應覆核例外狀況處理情形。（頻率：每月；負責：資訊單位；IUC：All）,EC106-3,RCM;電腦化資訊系統循環;累積範本;去識別範本,2026-08-26 16:28:16
PL-EC106-4,應用系統應具備一定之遵循性與適當性，以防止資料不實,電腦化資訊系統循環,EC-106,資料處理之控制作業,系統變更管理,系統變更管理,資料不實,報導面,[財務報導] 資料不實,,,,All,,應用系統應具備一定之遵循性與適當性，以防止資料不實,僅有特定經相關單位主管授權之人員得以修改應用系統之系統參數設定。,不定期,資訊單位,All,All,,,"1. ERP套裝Workflow系統管理員清單
2. ERP套裝電子簽核系統系統管理員清單
3. ERP套裝HRM系統管理員清單
4. ERP套裝檔案傳輸系統系統管理員清單
5. 流程管理系統系統管理員清單
6. AD Server管理員清單",,,,,,,人工,預防性 (Preventive),,,,"1. ERP套裝Workflow系統管理員清單
2. ERP套裝電子簽核系統系統管理員清單
3. ERP套裝HRM系統管理員清單
4. ERP套裝檔案傳輸系統系統管理員清單
5. 流程管理系統系統管理員清單
6. AD Server管理員清單",,,"就公司現行電腦化資訊系統循環作業，為因應「系統變更管理」風險——資料不實（風險三大屬性—財務報導：[財務報導] 資料不實；營運：（未填）；法令遵循：（未填）；RoMM：（RoMM 分類未填）；重大科目／聲明：All／（聲明未填）），設計控制目標為「應用系統應具備一定之遵循性與適當性，以防止資料不實」。由資訊單位以人工方式、採預防性控制取向、屬（類型未填）類型，依不定期執行下列控制活動：僅有特定經相關單位主管授權之人員得以修改應用系統之系統參數設定。。控制執行時使用之 IUC／制度為「All」。投入（Inputs）：All。覆核／執行步驟（Specific activities）：僅有特定經相關單位主管授權之人員得以修改應用系統之系統參數設定。。產出（Outputs）：1. ERP套裝Workflow系統管理員清單
2. ERP套裝電子簽核系統系統管理員清單
3. ERP套裝HRM系統管理員清單
4. ERP套裝檔案傳輸系統系統管理員清單
5. 流程管理系統系統管理員清單
6. AD Server管理員清單。",[電腦化資訊系統循環｜系統變更管理] 應用系統應具備一定之遵循性與適當性，以防止資料不實：僅有特定經相關單位主管授權之人員得以修改應用系統之系統參數設定。（頻率：不定期；負責：資訊單位；IUC：All）,EC106-4,RCM;電腦化資訊系統循環;累積範本;去識別範本,2026-08-26 16:28:16
PL-EC106-5,應用系統應具備一定之遵循性與適當性，以防止未經授權存取個人可辨識資訊,電腦化資訊系統循環,EC-106,資料處理之控制作業,系統變更管理,系統變更管理,未經授權存取個人可辨識資訊,營運面,,[營運] 未經授權存取個人可辨識資訊,,,,,應用系統應具備一定之遵循性與適當性，以防止未經授權存取個人可辨識資訊,只有經授權人員方可進行應用系統過版變更。,不定期,資訊單位,All,All,,,電子簽核系統 資訊服務申請單,,,,,,,人工,預防性 (Preventive),,,,電子簽核系統 資訊服務申請單,,,就公司現行電腦化資訊系統循環作業，為因應「系統變更管理」風險——未經授權存取個人可辨識資訊（風險三大屬性—財務報導：（未填）；營運：[營運] 未經授權存取個人可辨識資訊；法令遵循：（未填）；RoMM：（RoMM 分類未填）；重大科目／聲明：（重大科目未填）／（聲明未填）），設計控制目標為「應用系統應具備一定之遵循性與適當性，以防止未經授權存取個人可辨識資訊」。由資訊單位以人工方式、採預防性控制取向、屬（類型未填）類型，依不定期執行下列控制活動：只有經授權人員方可進行應用系統過版變更。。控制執行時使用之 IUC／制度為「All」。投入（Inputs）：All。覆核／執行步驟（Specific activities）：只有經授權人員方可進行應用系統過版變更。。產出（Outputs）：電子簽核系統 資訊服務申請單。,[電腦化資訊系統循環｜系統變更管理] 應用系統應具備一定之遵循性與適當性，以防止未經授權存取個人可辨識資訊：只有經授權人員方可進行應用系統過版變更。（頻率：不定期；負責：資訊單位；IUC：All）,EC106-5,RCM;電腦化資訊系統循環;累積範本;去識別範本,2026-08-26 16:28:16
PL-EC106-6,應用系統應具備一定之遵循性與適當性，以防止缺乏復原處理的能力,電腦化資訊系統循環,EC-106,資料處理之控制作業,系統變更管理,系統變更管理,缺乏復原處理的能力,報導面,[財務報導] 缺乏復原處理的能力,,,,All,,應用系統應具備一定之遵循性與適當性，以防止缺乏復原處理的能力,應用系統過版前應保留前一版之程式檔，以便於在處理過程中發生問題時可及時復原。,持續,資訊單位,All,All,,,SAP Transpor Request系統畫面,,,,,,,人工,預防性 (Preventive),,,,SAP Transpor Request系統畫面,,,就公司現行電腦化資訊系統循環作業，為因應「系統變更管理」風險——缺乏復原處理的能力（風險三大屬性—財務報導：[財務報導] 缺乏復原處理的能力；營運：（未填）；法令遵循：（未填）；RoMM：（RoMM 分類未填）；重大科目／聲明：All／（聲明未填）），設計控制目標為「應用系統應具備一定之遵循性與適當性，以防止缺乏復原處理的能力」。由資訊單位以人工方式、採預防性控制取向、屬（類型未填）類型，依持續執行下列控制活動：應用系統過版前應保留前一版之程式檔，以便於在處理過程中發生問題時可及時復原。。控制執行時使用之 IUC／制度為「All」。投入（Inputs）：All。覆核／執行步驟（Specific activities）：應用系統過版前應保留前一版之程式檔，以便於在處理過程中發生問題時可及時復原。。產出（Outputs）：SAP Transpor Request系統畫面。,[電腦化資訊系統循環｜系統變更管理] 應用系統應具備一定之遵循性與適當性，以防止缺乏復原處理的能力：應用系統過版前應保留前一版之程式檔，以便於在處理過程中發生問題時可及時復原。（頻率：持續；負責：資訊單位；IUC：All）,EC106-6,RCM;電腦化資訊系統循環;累積範本;去識別範本,2026-08-26 16:28:16
PL-EC106-7,應用系統應具備一定之遵循性與適當性，以防止正式啟用前未進行足夠測試,電腦化資訊系統循環,EC-106,資料處理之控制作業,系統變更管理,系統變更管理,於正式啟用前未進行足夠測試,報導面,[財務報導] 於正式啟用前未進行足夠測試,,,,All,,應用系統應具備一定之遵循性與適當性，以防止正式啟用前未進行足夠測試,任何資料庫結構變更之申請，包括新增、修改與刪除，均應經資訊單位主管核准並覆核相關測試報告。,不定期,資訊單位,All,All,,,資料庫結構異動之電子簽核系統 資訊服務申請單,,,,,,,人工,預防性 (Preventive),,,,資料庫結構異動之電子簽核系統 資訊服務申請單,,,就公司現行電腦化資訊系統循環作業，為因應「系統變更管理」風險——於正式啟用前未進行足夠測試（風險三大屬性—財務報導：[財務報導] 於正式啟用前未進行足夠測試；營運：（未填）；法令遵循：（未填）；RoMM：（RoMM 分類未填）；重大科目／聲明：All／（聲明未填）），設計控制目標為「應用系統應具備一定之遵循性與適當性，以防止正式啟用前未進行足夠測試」。由資訊單位以人工方式、採預防性控制取向、屬（類型未填）類型，依不定期執行下列控制活動：任何資料庫結構變更之申請，包括新增、修改與刪除，均應經資訊單位主管核准並覆核相關測試報告。。控制執行時使用之 IUC／制度為「All」。投入（Inputs）：All。覆核／執行步驟（Specific activities）：任何資料庫結構變更之申請，包括新增、修改與刪除，均應經資訊單位主管核准並覆核相關測試報告。。產出（Outputs）：資料庫結構異動之電子簽核系統 資訊服務申請單。,[電腦化資訊系統循環｜系統變更管理] 應用系統應具備一定之遵循性與適當性，以防止正式啟用前未進行足夠測試：任何資料庫結構變更之申請，包括新增、修改與刪除，均應經資訊單位主管核准並覆核相關測試報告。（頻率：不定期；負責：資訊單位；IUC：All）,EC106-7,RCM;電腦化資訊系統循環;累積範本;去識別範本,2026-08-26 16:28:16
PL-EC106-8,應用系統應具備一定之遵循性與適當性，以防止正式環境執行未經授權的變更,電腦化資訊系統循環,EC-106,資料處理之控制作業,系統變更管理,系統變更管理,於正式環境執行未經授權的變更,報導面,[財務報導] 於正式環境執行未經授權的變更,,,,All,,應用系統應具備一定之遵循性與適當性，以防止正式環境執行未經授權的變更,應用系統之調整，包括升級或修改原始架構，均應經資訊單位主管同意，同時監督其應該達成專案目標，並在規定的時間與預算內完成。,不定期,資訊單位,電子簽核系統,電子簽核系統,,,應用系統變更之電子簽核系統 資訊服務申請單,,,,,,,人工,預防性 (Preventive),,,,應用系統變更之電子簽核系統 資訊服務申請單,,,就公司現行電腦化資訊系統循環作業，為因應「系統變更管理」風險——於正式環境執行未經授權的變更（風險三大屬性—財務報導：[財務報導] 於正式環境執行未經授權的變更；營運：（未填）；法令遵循：（未填）；RoMM：（RoMM 分類未填）；重大科目／聲明：All／（聲明未填）），設計控制目標為「應用系統應具備一定之遵循性與適當性，以防止正式環境執行未經授權的變更」。由資訊單位以人工方式、採預防性控制取向、屬（類型未填）類型，依不定期執行下列控制活動：應用系統之調整，包括升級或修改原始架構，均應經資訊單位主管同意，同時監督其應該達成專案目標，並在規定的時間與預算內完成。。控制執行時使用之 IUC／制度為「電子簽核系統」。投入（Inputs）：電子簽核系統。覆核／執行步驟（Specific activities）：應用系統之調整，包括升級或修改原始架構，均應經資訊單位主管同意，同時監督其應該達成專案目標，並在規定的時間與預算內完成。。產出（Outputs）：應用系統變更之電子簽核系統 資訊服務申請單。,[電腦化資訊系統循環｜系統變更管理] 應用系統應具備一定之遵循性與適當性，以防止正式環境執行未經授權的變更：應用系統之調整，包括升級或修改原始架構，均應經資訊單位主管同意，同時監督其應該達成專案目標，並在規定的時間與預算內完成。（頻率：不定期；負責：資訊單位；IUC：電子簽核系統）,EC106-8,RCM;電腦化資訊系統循環;累積範本;去識別範本,2026-08-26 16:28:16
PL-EC106-9,應用系統應具備一定之遵循性與適當性，以防止正式環境執行未經授權的變更,電腦化資訊系統循環,EC-106,資料處理之控制作業,系統變更管理,系統變更管理,於正式環境執行未經授權的變更,報導面,[財務報導] 於正式環境執行未經授權的變更,,,,All,,應用系統應具備一定之遵循性與適當性，以防止正式環境執行未經授權的變更,任何作業系統變更之申請，均應經資訊單位主管同意，同時監督其應該達成專案目標，並在規定的時間與預算內完成。,不定期,資訊單位,電子簽核系統,電子簽核系統,,,作業系統變更之電子簽核系統 資訊服務申請單,,,,,,,人工,預防性 (Preventive),,,,作業系統變更之電子簽核系統 資訊服務申請單,,,就公司現行電腦化資訊系統循環作業，為因應「系統變更管理」風險——於正式環境執行未經授權的變更（風險三大屬性—財務報導：[財務報導] 於正式環境執行未經授權的變更；營運：（未填）；法令遵循：（未填）；RoMM：（RoMM 分類未填）；重大科目／聲明：All／（聲明未填）），設計控制目標為「應用系統應具備一定之遵循性與適當性，以防止正式環境執行未經授權的變更」。由資訊單位以人工方式、採預防性控制取向、屬（類型未填）類型，依不定期執行下列控制活動：任何作業系統變更之申請，均應經資訊單位主管同意，同時監督其應該達成專案目標，並在規定的時間與預算內完成。。控制執行時使用之 IUC／制度為「電子簽核系統」。投入（Inputs）：電子簽核系統。覆核／執行步驟（Specific activities）：任何作業系統變更之申請，均應經資訊單位主管同意，同時監督其應該達成專案目標，並在規定的時間與預算內完成。。產出（Outputs）：作業系統變更之電子簽核系統 資訊服務申請單。,[電腦化資訊系統循環｜系統變更管理] 應用系統應具備一定之遵循性與適當性，以防止正式環境執行未經授權的變更：任何作業系統變更之申請，均應經資訊單位主管同意，同時監督其應該達成專案目標，並在規定的時間與預算內完成。（頻率：不定期；負責：資訊單位；IUC：電子簽核系統）,EC106-9,RCM;電腦化資訊系統循環;累積範本;去識別範本,2026-08-26 16:28:16
PL-EC106-10,應用系統應具備一定之遵循性與適當性，以防止正式環境執行未經授權的變更,電腦化資訊系統循環,EC-106,資料處理之控制作業,系統變更管理,系統變更管理,於正式環境執行未經授權的變更,報導面,[財務報導] 於正式環境執行未經授權的變更,,,,All,,應用系統應具備一定之遵循性與適當性，以防止正式環境執行未經授權的變更,任何網路及通訊相關系統之調整，包括升級或修改原始架構，均應經資訊單位主管同意，同時監督其應該達成專案目標，並在規定的時間與預算內完成。,不定期,資訊單位,電子簽核系統,電子簽核系統,,,電子簽核系統 資訊服務申請單,,,,,,,人工,預防性 (Preventive),,,,電子簽核系統 資訊服務申請單,,,就公司現行電腦化資訊系統循環作業，為因應「系統變更管理」風險——於正式環境執行未經授權的變更（風險三大屬性—財務報導：[財務報導] 於正式環境執行未經授權的變更；營運：（未填）；法令遵循：（未填）；RoMM：（RoMM 分類未填）；重大科目／聲明：All／（聲明未填）），設計控制目標為「應用系統應具備一定之遵循性與適當性，以防止正式環境執行未經授權的變更」。由資訊單位以人工方式、採預防性控制取向、屬（類型未填）類型，依不定期執行下列控制活動：任何網路及通訊相關系統之調整，包括升級或修改原始架構，均應經資訊單位主管同意，同時監督其應該達成專案目標，並在規定的時間與預算內完成。。控制執行時使用之 IUC／制度為「電子簽核系統」。投入（Inputs）：電子簽核系統。覆核／執行步驟（Specific activities）：任何網路及通訊相關系統之調整，包括升級或修改原始架構，均應經資訊單位主管同意，同時監督其應該達成專案目標，並在規定的時間與預算內完成。。產出（Outputs）：電子簽核系統 資訊服務申請單。,[電腦化資訊系統循環｜系統變更管理] 應用系統應具備一定之遵循性與適當性，以防止正式環境執行未經授權的變更：任何網路及通訊相關系統之調整，包括升級或修改原始架構，均應經資訊單位主管同意，同時監督其應該達成專案目標，並在規定的時間與預算內完成。（頻率：不定期；負責：資訊單位；IUC：電子簽核系統）,EC106-10,RCM;電腦化資訊系統循環;累積範本;去識別範本,2026-08-26 16:28:16
PL-EC107-1,事故發生應予以記錄分析以判定根因並消除,電腦化資訊系統循環,EC-107,檔案及設備之安全控制作業,問題管理,問題管理,缺乏解決問題能力,營運面,,[營運] 缺乏解決問題能力,,,,,事故發生應予以記錄分析以判定根因並消除,資訊單位主管應定期針對異常發生次數進行統計與分析以辨別及消除問題之根源，以避免相同問題再發生。,每月,資訊單位,流程管理系統,流程管理系統,,,資訊設備維修改良紀錄表,,,,,,,人工,預防性 (Preventive),,,,資訊設備維修改良紀錄表,,,就公司現行電腦化資訊系統循環作業，為因應「問題管理」風險——缺乏解決問題能力（風險三大屬性—財務報導：（未填）；營運：[營運] 缺乏解決問題能力；法令遵循：（未填）；RoMM：（RoMM 分類未填）；重大科目／聲明：（重大科目未填）／（聲明未填）），設計控制目標為「事故發生應予以記錄分析以判定根因並消除」。由資訊單位以人工方式、採預防性控制取向、屬（類型未填）類型，依每月執行下列控制活動：資訊單位主管應定期針對異常發生次數進行統計與分析以辨別及消除問題之根源，以避免相同問題再發生。。控制執行時使用之 IUC／制度為「流程管理系統」。投入（Inputs）：流程管理系統。覆核／執行步驟（Specific activities）：資訊單位主管應定期針對異常發生次數進行統計與分析以辨別及消除問題之根源，以避免相同問題再發生。。產出（Outputs）：資訊設備維修改良紀錄表。,[電腦化資訊系統循環｜問題管理] 事故發生應予以記錄分析以判定根因並消除：資訊單位主管應定期針對異常發生次數進行統計與分析以辨別及消除問題之根源，以避免相同問題再發生。（頻率：每月；負責：資訊單位；IUC：流程管理系統）,EC107-1,RCM;電腦化資訊系統循環;累積範本;去識別範本,2026-08-26 16:28:16
PL-EC107-2,防止使用未經授權及不適當的軟體,電腦化資訊系統循環,EC-107,檔案及設備之安全控制作業,技術授權,技術授權,使用未經授權及不適當的軟體,營運面,,[營運] 使用未經授權及不適當的軟體,,,,,防止使用未經授權及不適當的軟體,資訊單位應該將合法軟體建檔管制並定期清查，取得足夠之軟體授權合約。,每半年,資訊單位,"1. 授權軟體清冊
2. 授權軟體查核表",,資訊軟體管理辦法,,"1. 授權軟體清冊
2. 授權軟體查核表",,,,,,,人工,預防性 (Preventive),,,,"1. 授權軟體清冊
2. 授權軟體查核表",,,"就公司現行電腦化資訊系統循環作業，為因應「技術授權」風險——使用未經授權及不適當的軟體（風險三大屬性—財務報導：（未填）；營運：[營運] 使用未經授權及不適當的軟體；法令遵循：（未填）；RoMM：（RoMM 分類未填）；重大科目／聲明：（重大科目未填）／（聲明未填）），設計控制目標為「防止使用未經授權及不適當的軟體」。由資訊單位以人工方式、採預防性控制取向、屬（類型未填）類型，依每半年執行下列控制活動：資訊單位應該將合法軟體建檔管制並定期清查，取得足夠之軟體授權合約。。控制執行時使用之 IUC／制度為「1. 授權軟體清冊
2. 授權軟體查核表」。投入（Inputs）：1. 授權軟體清冊
2. 授權軟體查核表。覆核／執行步驟（Specific activities）：資訊單位應該將合法軟體建檔管制並定期清查，取得足夠之軟體授權合約。。產出（Outputs）：1. 授權軟體清冊
2. 授權軟體查核表。","[電腦化資訊系統循環｜技術授權] 防止使用未經授權及不適當的軟體：資訊單位應該將合法軟體建檔管制並定期清查，取得足夠之軟體授權合約。（頻率：每半年；負責：資訊單位；IUC：1. 授權軟體清冊
2. 授權軟體查核表）",EC107-2,RCM;電腦化資訊系統循環;累積範本;去識別範本,2026-08-26 16:28:16
PL-EC107-3,防止無效果／無效率的存取控制,電腦化資訊系統循環,EC-107,檔案及設備之安全控制作業,資訊安全,資訊安全,無效果／無效率的存取控制,營運面,,[營運] 無效果／無效率的存取控制,,,,,防止無效果／無效率的存取控制,應有適當之資訊資產分類，同時針對機密性資料設置適當存取控制。,持續／不定期,資訊單位,Refer o EC-105-3,Refer o EC-105-3,Refer o EC-105-3,Refer o EC-105-3,Refer o EC-105-3,,,,,,,人工,預防性 (Preventive),,,,Refer o EC-105-3,,,就公司現行電腦化資訊系統循環作業，為因應「資訊安全」風險——無效果／無效率的存取控制（風險三大屬性—財務報導：（未填）；營運：[營運] 無效果／無效率的存取控制；法令遵循：（未填）；RoMM：（RoMM 分類未填）；重大科目／聲明：（重大科目未填）／（聲明未填）），設計控制目標為「防止無效果／無效率的存取控制」。由資訊單位以人工方式、採預防性控制取向、屬（類型未填）類型，依持續／不定期執行下列控制活動：應有適當之資訊資產分類，同時針對機密性資料設置適當存取控制。。控制執行時使用之 IUC／制度為「Refer o EC-105-3」。投入（Inputs）：Refer o EC-105-3。覆核／執行步驟（Specific activities）：應有適當之資訊資產分類，同時針對機密性資料設置適當存取控制。。產出（Outputs）：Refer o EC-105-3。,[電腦化資訊系統循環｜資訊安全] 防止無效果／無效率的存取控制：應有適當之資訊資產分類，同時針對機密性資料設置適當存取控制。（頻率：持續／不定期；負責：資訊單位；IUC：Refer o EC-105-3）,EC107-3,RCM;電腦化資訊系統循環;累積範本;去識別範本,2026-08-26 16:28:16
PL-EC107-4,防止軟體及硬體庫存管理失當,電腦化資訊系統循環,EC-107,檔案及設備之安全控制作業,資產管理,資產管理,軟體及硬體庫存管理失當,營運面,,[營運] 軟體及硬體庫存管理失當,,,,,防止軟體及硬體庫存管理失當,應訂定正式之軟體政策及準則，並讓員工瞭解之。,持續／不定期,資訊單位,"1. 資訊軟體管理辦法
2. 開機資安宣導畫面
3. 資訊安全政策宣導紀錄",,資訊軟體管理辦法,,"1. 資訊軟體管理辦法
2. 開機資安宣導畫面
3. 資訊安全政策宣導紀錄",,,,,,,人工,預防性 (Preventive),,,,"1. 資訊軟體管理辦法
2. 開機資安宣導畫面
3. 資訊安全政策宣導紀錄",,,"就公司現行電腦化資訊系統循環作業，為因應「資產管理」風險——軟體及硬體庫存管理失當（風險三大屬性—財務報導：（未填）；營運：[營運] 軟體及硬體庫存管理失當；法令遵循：（未填）；RoMM：（RoMM 分類未填）；重大科目／聲明：（重大科目未填）／（聲明未填）），設計控制目標為「防止軟體及硬體庫存管理失當」。由資訊單位以人工方式、採預防性控制取向、屬（類型未填）類型，依持續／不定期執行下列控制活動：應訂定正式之軟體政策及準則，並讓員工瞭解之。。控制執行時使用之 IUC／制度為「1. 資訊軟體管理辦法
2. 開機資安宣導畫面
3. 資訊安全政策宣導紀錄」。投入（Inputs）：1. 資訊軟體管理辦法
2. 開機資安宣導畫面
3. 資訊安全政策宣導紀錄。覆核／執行步驟（Specific activities）：應訂定正式之軟體政策及準則，並讓員工瞭解之。。產出（Outputs）：1. 資訊軟體管理辦法
2. 開機資安宣導畫面
3. 資訊安全政策宣導紀錄。","[電腦化資訊系統循環｜資產管理] 防止軟體及硬體庫存管理失當：應訂定正式之軟體政策及準則，並讓員工瞭解之。（頻率：持續／不定期；負責：資訊單位；IUC：1. 資訊軟體管理辦法
2. 開機資安宣導畫面
3. 資訊安全政策宣導紀錄）",EC107-4,RCM;電腦化資訊系統循環;累積範本;去識別範本,2026-08-26 16:28:16
PL-EC107-5,保護資料中心的實體安全保護,電腦化資訊系統循環,EC-107,檔案及設備之安全控制作業,實體環境,實體環境,資料中心的實體安全保護不足,報導面,[財務報導] 資料中心的實體安全保護不足,,,,All,,保護資料中心的實體安全保護,電腦機房進出人員之授權應取得資訊單位主管核准，同時定期覆核進出人員授權之允當性。,不定期,資訊單位,人員進出機房登記表,,,,人員進出機房登記表,,,,,,,人工,偵測性 (Detective),,,,人員進出機房登記表,,,就公司現行電腦化資訊系統循環作業，為因應「實體環境」風險——資料中心的實體安全保護不足（風險三大屬性—財務報導：[財務報導] 資料中心的實體安全保護不足；營運：（未填）；法令遵循：（未填）；RoMM：（RoMM 分類未填）；重大科目／聲明：All／（聲明未填）），設計控制目標為「保護資料中心的實體安全保護」。由資訊單位以人工方式、採偵測性控制取向、屬（類型未填）類型，依不定期執行下列控制活動：電腦機房進出人員之授權應取得資訊單位主管核准，同時定期覆核進出人員授權之允當性。。控制執行時使用之 IUC／制度為「人員進出機房登記表」。投入（Inputs）：人員進出機房登記表。覆核／執行步驟（Specific activities）：電腦機房進出人員之授權應取得資訊單位主管核准，同時定期覆核進出人員授權之允當性。。產出（Outputs）：人員進出機房登記表。,[電腦化資訊系統循環｜實體環境] 保護資料中心的實體安全保護：電腦機房進出人員之授權應取得資訊單位主管核准，同時定期覆核進出人員授權之允當性。（頻率：不定期；負責：資訊單位；IUC：人員進出機房登記表）,EC107-5,RCM;電腦化資訊系統循環;累積範本;去識別範本,2026-08-26 16:28:16
PL-EC107-6,保護資料中心的實體安全保護,電腦化資訊系統循環,EC-107,檔案及設備之安全控制作業,實體環境,實體環境,資料中心的實體安全保護不足,報導面,[財務報導] 資料中心的實體安全保護不足,,,,All,,保護資料中心的實體安全保護,應保留電腦機房人員進出記錄並定期覆核。,每月,資訊單位,人員進出機房登記表,,,,人員進出機房登記表,,,,,,,人工,預防性 (Preventive),,,,人員進出機房登記表,,,就公司現行電腦化資訊系統循環作業，為因應「實體環境」風險——資料中心的實體安全保護不足（風險三大屬性—財務報導：[財務報導] 資料中心的實體安全保護不足；營運：（未填）；法令遵循：（未填）；RoMM：（RoMM 分類未填）；重大科目／聲明：All／（聲明未填）），設計控制目標為「保護資料中心的實體安全保護」。由資訊單位以人工方式、採預防性控制取向、屬（類型未填）類型，依每月執行下列控制活動：應保留電腦機房人員進出記錄並定期覆核。。控制執行時使用之 IUC／制度為「人員進出機房登記表」。投入（Inputs）：人員進出機房登記表。覆核／執行步驟（Specific activities）：應保留電腦機房人員進出記錄並定期覆核。。產出（Outputs）：人員進出機房登記表。,[電腦化資訊系統循環｜實體環境] 保護資料中心的實體安全保護：應保留電腦機房人員進出記錄並定期覆核。（頻率：每月；負責：資訊單位；IUC：人員進出機房登記表）,EC107-6,RCM;電腦化資訊系統循環;累積範本;去識別範本,2026-08-26 16:28:16
PL-EC107-7,保護資料中心的實體安全保護,電腦化資訊系統循環,EC-107,檔案及設備之安全控制作業,實體環境,實體環境,資料中心的實體安全保護不足,報導面,[財務報導] 資料中心的實體安全保護不足,,,,All,,保護資料中心的實體安全保護,電腦機房應設置適當之環境監控機制（包含：溫度、濕度等），並定期覆核監控記錄。,每日,資訊單位,機房資訊設備點檢紀錄表,,,,機房資訊設備點檢紀錄表,,,,,,,人工,預防性 (Preventive),,,,機房資訊設備點檢紀錄表,,,就公司現行電腦化資訊系統循環作業，為因應「實體環境」風險——資料中心的實體安全保護不足（風險三大屬性—財務報導：[財務報導] 資料中心的實體安全保護不足；營運：（未填）；法令遵循：（未填）；RoMM：（RoMM 分類未填）；重大科目／聲明：All／（聲明未填）），設計控制目標為「保護資料中心的實體安全保護」。由資訊單位以人工方式、採預防性控制取向、屬（類型未填）類型，依每日執行下列控制活動：電腦機房應設置適當之環境監控機制（包含：溫度、濕度等），並定期覆核監控記錄。。控制執行時使用之 IUC／制度為「機房資訊設備點檢紀錄表」。投入（Inputs）：機房資訊設備點檢紀錄表。覆核／執行步驟（Specific activities）：電腦機房應設置適當之環境監控機制（包含：溫度、濕度等），並定期覆核監控記錄。。產出（Outputs）：機房資訊設備點檢紀錄表。,[電腦化資訊系統循環｜實體環境] 保護資料中心的實體安全保護：電腦機房應設置適當之環境監控機制（包含：溫度、濕度等），並定期覆核監控記錄。（頻率：每日；負責：資訊單位；IUC：機房資訊設備點檢紀錄表）,EC107-7,RCM;電腦化資訊系統循環;累積範本;去識別範本,2026-08-26 16:28:16
PL-EC108-1,防止導入之系統不符合組織策略要求,電腦化資訊系統循環,EC-108,硬體及系統軟體之購置、使用及維護控制作業,系統架構,系統架構,未採用／導入與企業策略相符的系統架構,營運面,,[營運] 未採用／導入與企業策略相符的系統架構,,,,,防止導入之系統不符合組織策略要求,硬體、系統軟體、作業系統、網路及通訊相關系統之採購應該依照公司採購相關規定及程序申請，並經資訊單位分析與評估。,不定期,資訊單位,"1. 簽呈
2. 請購單",,"1. 資訊系統管制程序
2. 採購管理程序",,"1. 簽呈
2. 請購單",,,,,,,人工,預防性 (Preventive),,,,"1. 簽呈
2. 請購單",,,"就公司現行電腦化資訊系統循環作業，為因應「系統架構」風險——未採用／導入與企業策略相符的系統架構（風險三大屬性—財務報導：（未填）；營運：[營運] 未採用／導入與企業策略相符的系統架構；法令遵循：（未填）；RoMM：（RoMM 分類未填）；重大科目／聲明：（重大科目未填）／（聲明未填）），設計控制目標為「防止導入之系統不符合組織策略要求」。由資訊單位以人工方式、採預防性控制取向、屬（類型未填）類型，依不定期執行下列控制活動：硬體、系統軟體、作業系統、網路及通訊相關系統之採購應該依照公司採購相關規定及程序申請，並經資訊單位分析與評估。。控制執行時使用之 IUC／制度為「1. 簽呈
2. 請購單」。投入（Inputs）：1. 簽呈
2. 請購單。覆核／執行步驟（Specific activities）：硬體、系統軟體、作業系統、網路及通訊相關系統之採購應該依照公司採購相關規定及程序申請，並經資訊單位分析與評估。。產出（Outputs）：1. 簽呈
2. 請購單。","[電腦化資訊系統循環｜系統架構] 防止導入之系統不符合組織策略要求：硬體、系統軟體、作業系統、網路及通訊相關系統之採購應該依照公司採購相關規定及程序申請，並經資訊單位分析與評估。（頻率：不定期；負責：資訊單位；IUC：1. 簽呈
2. 請購單）",EC108-1,RCM;電腦化資訊系統循環;累積範本;去識別範本,2026-08-26 16:28:16
PL-EC108-2,防止於正式環境執行未經授權的變更,電腦化資訊系統循環,EC-108,硬體及系統軟體之購置、使用及維護控制作業,系統變更管理,系統變更管理,於正式環境執行未經授權的變更,報導面,[財務報導] 於正式環境執行未經授權的變更,,,,All,,防止於正式環境執行未經授權的變更,系統軟體之升級更新需求應該依公司系統軟體變更相關管理程序提出申請，由資訊單位評估核准後處理之。,不定期,資訊單位,電子簽核系統,電子簽核系統,,,系統軟體升級之電子簽核系統 資訊服務申請單,,,,,,,人工,預防性 (Preventive),,,,系統軟體升級之電子簽核系統 資訊服務申請單,,,就公司現行電腦化資訊系統循環作業，為因應「系統變更管理」風險——於正式環境執行未經授權的變更（風險三大屬性—財務報導：[財務報導] 於正式環境執行未經授權的變更；營運：（未填）；法令遵循：（未填）；RoMM：（RoMM 分類未填）；重大科目／聲明：All／（聲明未填）），設計控制目標為「防止於正式環境執行未經授權的變更」。由資訊單位以人工方式、採預防性控制取向、屬（類型未填）類型，依不定期執行下列控制活動：系統軟體之升級更新需求應該依公司系統軟體變更相關管理程序提出申請，由資訊單位評估核准後處理之。。控制執行時使用之 IUC／制度為「電子簽核系統」。投入（Inputs）：電子簽核系統。覆核／執行步驟（Specific activities）：系統軟體之升級更新需求應該依公司系統軟體變更相關管理程序提出申請，由資訊單位評估核准後處理之。。產出（Outputs）：系統軟體升級之電子簽核系統 資訊服務申請單。,[電腦化資訊系統循環｜系統變更管理] 防止於正式環境執行未經授權的變更：系統軟體之升級更新需求應該依公司系統軟體變更相關管理程序提出申請，由資訊單位評估核准後處理之。（頻率：不定期；負責：資訊單位；IUC：電子簽核系統）,EC108-2,RCM;電腦化資訊系統循環;累積範本;去識別範本,2026-08-26 16:28:16
PL-EC108-3,防止缺乏有效的變更控制流程,電腦化資訊系統循環,EC-108,硬體及系統軟體之購置、使用及維護控制作業,系統變更管理,系統變更管理,缺乏有效的變更控制流程,報導面,[財務報導] 缺乏有效的變更控制流程,,,,All,,防止缺乏有效的變更控制流程,採用新系統軟體、新硬體而須系統轉換時，應該擬訂轉換計劃及程序。,不定期,資訊單位,轉換計畫（目前未發生）,,,,轉換計畫（目前未發生）,,,,,,,人工,預防性 (Preventive),,,,轉換計畫（目前未發生）,,,就公司現行電腦化資訊系統循環作業，為因應「系統變更管理」風險——缺乏有效的變更控制流程（風險三大屬性—財務報導：[財務報導] 缺乏有效的變更控制流程；營運：（未填）；法令遵循：（未填）；RoMM：（RoMM 分類未填）；重大科目／聲明：All／（聲明未填）），設計控制目標為「防止缺乏有效的變更控制流程」。由資訊單位以人工方式、採預防性控制取向、屬（類型未填）類型，依不定期執行下列控制活動：採用新系統軟體、新硬體而須系統轉換時，應該擬訂轉換計劃及程序。。控制執行時使用之 IUC／制度為「轉換計畫（目前未發生）」。投入（Inputs）：轉換計畫（目前未發生）。覆核／執行步驟（Specific activities）：採用新系統軟體、新硬體而須系統轉換時，應該擬訂轉換計劃及程序。。產出（Outputs）：轉換計畫（目前未發生）。,[電腦化資訊系統循環｜系統變更管理] 防止缺乏有效的變更控制流程：採用新系統軟體、新硬體而須系統轉換時，應該擬訂轉換計劃及程序。（頻率：不定期；負責：資訊單位；IUC：轉換計畫（目前未發生））,EC108-3,RCM;電腦化資訊系統循環;累積範本;去識別範本,2026-08-26 16:28:16
PL-EC108-4,防止於正式啟用前未進行足夠測試,電腦化資訊系統循環,EC-108,硬體及系統軟體之購置、使用及維護控制作業,系統變更管理,系統變更管理,於正式啟用前未進行足夠測試,報導面,[財務報導] 於正式啟用前未進行足夠測試,,,,All,,防止於正式啟用前未進行足夠測試,系統軟體之升級更新後應該進行測試與會同使用者單位驗收。,不定期,Refer o EC102-6,Refer o EC102-6,Refer o EC102-6,Refer o EC102-6,Refer o EC102-6,Refer o EC102-6,,,,,,,人工,預防性 (Preventive),,,,Refer o EC102-6,,,就公司現行電腦化資訊系統循環作業，為因應「系統變更管理」風險——於正式啟用前未進行足夠測試（風險三大屬性—財務報導：[財務報導] 於正式啟用前未進行足夠測試；營運：（未填）；法令遵循：（未填）；RoMM：（RoMM 分類未填）；重大科目／聲明：All／（聲明未填）），設計控制目標為「防止於正式啟用前未進行足夠測試」。由Refer o EC102-6以人工方式、採預防性控制取向、屬（類型未填）類型，依不定期執行下列控制活動：系統軟體之升級更新後應該進行測試與會同使用者單位驗收。。控制執行時使用之 IUC／制度為「Refer o EC102-6」。投入（Inputs）：Refer o EC102-6。覆核／執行步驟（Specific activities）：系統軟體之升級更新後應該進行測試與會同使用者單位驗收。。產出（Outputs）：Refer o EC102-6。,[電腦化資訊系統循環｜系統變更管理] 防止於正式啟用前未進行足夠測試：系統軟體之升級更新後應該進行測試與會同使用者單位驗收。（頻率：不定期；負責：Refer o EC102-6；IUC：Refer o EC102-6）,EC108-4,RCM;電腦化資訊系統循環;累積範本;去識別範本,2026-08-26 16:28:16
PL-EC108-5,防止使用廠商無法提供支援的軟體及硬體,電腦化資訊系統循環,EC-108,硬體及系統軟體之購置、使用及維護控制作業,資產管理,資產管理,使用廠商無法提供支援的軟體及硬體,報導面,[財務報導] 使用廠商無法提供支援的軟體及硬體,,,,All,,防止使用廠商無法提供支援的軟體及硬體,企業應確保應用系統之軟、硬體設備應取得適當外部相關技術支援，並簽署維護合約。,持續,資訊單位,"1. ERP套裝電腦軟體維護服務合約書
2. 流程管理系統軟體維護服務合約書
3. 硬體維護合約書",,,,"1. ERP套裝電腦軟體維護服務合約書
2. 流程管理系統軟體維護服務合約書
3. 硬體維護合約書",,,,,,,人工,預防性 (Preventive),,,,"1. ERP套裝電腦軟體維護服務合約書
2. 流程管理系統軟體維護服務合約書
3. 硬體維護合約書",,,"就公司現行電腦化資訊系統循環作業，為因應「資產管理」風險——使用廠商無法提供支援的軟體及硬體（風險三大屬性—財務報導：[財務報導] 使用廠商無法提供支援的軟體及硬體；營運：（未填）；法令遵循：（未填）；RoMM：（RoMM 分類未填）；重大科目／聲明：All／（聲明未填）），設計控制目標為「防止使用廠商無法提供支援的軟體及硬體」。由資訊單位以人工方式、採預防性控制取向、屬（類型未填）類型，依持續執行下列控制活動：企業應確保應用系統之軟、硬體設備應取得適當外部相關技術支援，並簽署維護合約。。控制執行時使用之 IUC／制度為「1. ERP套裝電腦軟體維護服務合約書
2. 流程管理系統軟體維護服務合約書
3. 硬體維護合約書」。投入（Inputs）：1. ERP套裝電腦軟體維護服務合約書
2. 流程管理系統軟體維護服務合約書
3. 硬體維護合約書。覆核／執行步驟（Specific activities）：企業應確保應用系統之軟、硬體設備應取得適當外部相關技術支援，並簽署維護合約。。產出（Outputs）：1. ERP套裝電腦軟體維護服務合約書
2. 流程管理系統軟體維護服務合約書
3. 硬體維護合約書。","[電腦化資訊系統循環｜資產管理] 防止使用廠商無法提供支援的軟體及硬體：企業應確保應用系統之軟、硬體設備應取得適當外部相關技術支援，並簽署維護合約。（頻率：持續；負責：資訊單位；IUC：1. ERP套裝電腦軟體維護服務合約書
2. 流程管理系統軟體維護服務合約書
3. 硬體維護合約書）",EC108-5,RCM;電腦化資訊系統循環;累積範本;去識別範本,2026-08-26 16:28:16
PL-EC108-6,防止問題偵測與通報未及時,電腦化資訊系統循環,EC-108,硬體及系統軟體之購置、使用及維護控制作業,問題管理,問題管理,問題偵測與通報未及時,報導面,[財務報導] 問題偵測與通報未及時,,,,All,,防止問題偵測與通報未及時,電腦設備故障時，應該交由資訊單位立即排除問題，將處理結果紀錄依影響程度交予主管分層授權覆核。,不定期,資訊單位,流程管理系統,流程管理系統,,,資訊設備維修改良紀錄表,,,,,,,人工,預防性 (Preventive),,,,資訊設備維修改良紀錄表,,,就公司現行電腦化資訊系統循環作業，為因應「問題管理」風險——問題偵測與通報未及時（風險三大屬性—財務報導：[財務報導] 問題偵測與通報未及時；營運：（未填）；法令遵循：（未填）；RoMM：（RoMM 分類未填）；重大科目／聲明：All／（聲明未填）），設計控制目標為「防止問題偵測與通報未及時」。由資訊單位以人工方式、採預防性控制取向、屬（類型未填）類型，依不定期執行下列控制活動：電腦設備故障時，應該交由資訊單位立即排除問題，將處理結果紀錄依影響程度交予主管分層授權覆核。。控制執行時使用之 IUC／制度為「流程管理系統」。投入（Inputs）：流程管理系統。覆核／執行步驟（Specific activities）：電腦設備故障時，應該交由資訊單位立即排除問題，將處理結果紀錄依影響程度交予主管分層授權覆核。。產出（Outputs）：資訊設備維修改良紀錄表。,[電腦化資訊系統循環｜問題管理] 防止問題偵測與通報未及時：電腦設備故障時，應該交由資訊單位立即排除問題，將處理結果紀錄依影響程度交予主管分層授權覆核。（頻率：不定期；負責：資訊單位；IUC：流程管理系統）,EC108-6,RCM;電腦化資訊系統循環;累積範本;去識別範本,2026-08-26 16:28:16
PL-EC108-7,職能分工,電腦化資訊系統循環,EC-108,硬體及系統軟體之購置、使用及維護控制作業,資訊安全,資訊安全,缺乏職能分工,報導面,[財務報導] 缺乏職能分工,,,,All,,職能分工,應有獨立專責人員負責資料庫之管理與維護。,持續,資訊單位,資訊處組織系統圖,,,,資訊處組織系統圖,,,,,,,人工,預防性 (Preventive),,,,資訊處組織系統圖,,,就公司現行電腦化資訊系統循環作業，為因應「資訊安全」風險——缺乏職能分工（風險三大屬性—財務報導：[財務報導] 缺乏職能分工；營運：（未填）；法令遵循：（未填）；RoMM：（RoMM 分類未填）；重大科目／聲明：All／（聲明未填）），設計控制目標為「職能分工」。由資訊單位以人工方式、採預防性控制取向、屬（類型未填）類型，依持續執行下列控制活動：應有獨立專責人員負責資料庫之管理與維護。。控制執行時使用之 IUC／制度為「資訊處組織系統圖」。投入（Inputs）：資訊處組織系統圖。覆核／執行步驟（Specific activities）：應有獨立專責人員負責資料庫之管理與維護。。產出（Outputs）：資訊處組織系統圖。,[電腦化資訊系統循環｜資訊安全] 職能分工：應有獨立專責人員負責資料庫之管理與維護。（頻率：持續；負責：資訊單位；IUC：資訊處組織系統圖）,EC108-7,RCM;電腦化資訊系統循環;累積範本;去識別範本,2026-08-26 16:28:16
PL-EC109-1,防止缺乏自營運中斷回復的能力,電腦化資訊系統循環,EC-109,系統復原計畫制度及測試程式之控制作業,營運持續管理,營運持續管理,缺乏自營運中斷回復的能力,報導面,[財務報導] 缺乏自營運中斷回復的能力,,,,All,,防止缺乏自營運中斷回復的能力,應針對應用系統訂定資訊系統災難復原計劃，且定期演練並持續加強計劃之完整性。,每年,資訊單位,"1. 資訊系統災害復原管理辦法
2. 異地備援紀錄表",,資訊系統災害復原管理辦法,,"1. 資訊系統災害復原管理辦法
2. 異地備援紀錄表",,,,,,,人工,預防性 (Preventive),,,,"1. 資訊系統災害復原管理辦法
2. 異地備援紀錄表",,,"就公司現行電腦化資訊系統循環作業，為因應「營運持續管理」風險——缺乏自營運中斷回復的能力（風險三大屬性—財務報導：[財務報導] 缺乏自營運中斷回復的能力；營運：（未填）；法令遵循：（未填）；RoMM：（RoMM 分類未填）；重大科目／聲明：All／（聲明未填）），設計控制目標為「防止缺乏自營運中斷回復的能力」。由資訊單位以人工方式、採預防性控制取向、屬（類型未填）類型，依每年執行下列控制活動：應針對應用系統訂定資訊系統災難復原計劃，且定期演練並持續加強計劃之完整性。。控制執行時使用之 IUC／制度為「1. 資訊系統災害復原管理辦法
2. 異地備援紀錄表」。投入（Inputs）：1. 資訊系統災害復原管理辦法
2. 異地備援紀錄表。覆核／執行步驟（Specific activities）：應針對應用系統訂定資訊系統災難復原計劃，且定期演練並持續加強計劃之完整性。。產出（Outputs）：1. 資訊系統災害復原管理辦法
2. 異地備援紀錄表。","[電腦化資訊系統循環｜營運持續管理] 防止缺乏自營運中斷回復的能力：應針對應用系統訂定資訊系統災難復原計劃，且定期演練並持續加強計劃之完整性。（頻率：每年；負責：資訊單位；IUC：1. 資訊系統災害復原管理辦法
2. 異地備援紀錄表）",EC109-1,RCM;電腦化資訊系統循環;累積範本;去識別範本,2026-08-26 16:28:16
PL-EC109-2,防止未確保程式處理之排程與及時完成,電腦化資訊系統循環,EC-109,系統復原計畫制度及測試程式之控制作業,營運,營運,未確保程式處理之排程與及時完成,報導面,[財務報導] 未確保程式處理之排程與及時完成,,,,All,,防止未確保程式處理之排程與及時完成,應確保應用系統之備份作業，均依照備份計劃之時程來執行，其備份結果亦經資訊單位主管覆核。,每日,資訊單位,"1. 備份結果畫面
2. 備份結果通知Email",,,,"1. 備份結果畫面
2. 備份結果通知Email",,,,,,,人工,預防性 (Preventive),,,,"1. 備份結果畫面
2. 備份結果通知Email",,,"就公司現行電腦化資訊系統循環作業，為因應「營運」風險——未確保程式處理之排程與及時完成（風險三大屬性—財務報導：[財務報導] 未確保程式處理之排程與及時完成；營運：（未填）；法令遵循：（未填）；RoMM：（RoMM 分類未填）；重大科目／聲明：All／（聲明未填）），設計控制目標為「防止未確保程式處理之排程與及時完成」。由資訊單位以人工方式、採預防性控制取向、屬（類型未填）類型，依每日執行下列控制活動：應確保應用系統之備份作業，均依照備份計劃之時程來執行，其備份結果亦經資訊單位主管覆核。。控制執行時使用之 IUC／制度為「1. 備份結果畫面
2. 備份結果通知Email」。投入（Inputs）：1. 備份結果畫面
2. 備份結果通知Email。覆核／執行步驟（Specific activities）：應確保應用系統之備份作業，均依照備份計劃之時程來執行，其備份結果亦經資訊單位主管覆核。。產出（Outputs）：1. 備份結果畫面
2. 備份結果通知Email。","[電腦化資訊系統循環｜營運] 防止未確保程式處理之排程與及時完成：應確保應用系統之備份作業，均依照備份計劃之時程來執行，其備份結果亦經資訊單位主管覆核。（頻率：每日；負責：資訊單位；IUC：1. 備份結果畫面
2. 備份結果通知Email）",EC109-2,RCM;電腦化資訊系統循環;累積範本;去識別範本,2026-08-26 16:28:16
PL-EC109-3,防止無法確保可攜式儲存媒介的安全,電腦化資訊系統循環,EC-109,系統復原計畫制度及測試程式之控制作業,營運,營運,無法確保可攜式儲存媒介的安全,報導面,[財務報導] 無法確保可攜式儲存媒介的安全,,,,All,,防止無法確保可攜式儲存媒介的安全,備份計劃中應訂定備份媒體（磁帶）使用期限，並銷毀過期之備份媒體（磁帶），其結果必需經資訊單位主管覆核，確保備份媒體（磁帶）之內容己無法使用。,不定期,資訊單位,,,,,,,,,,,,人工,預防性 (Preventive),,,,,,,就公司現行電腦化資訊系統循環作業，為因應「營運」風險——無法確保可攜式儲存媒介的安全（風險三大屬性—財務報導：[財務報導] 無法確保可攜式儲存媒介的安全；營運：（未填）；法令遵循：（未填）；RoMM：（RoMM 分類未填）；重大科目／聲明：All／（聲明未填）），設計控制目標為「防止無法確保可攜式儲存媒介的安全」。由資訊單位以人工方式、採預防性控制取向、屬（類型未填）類型，依不定期執行下列控制活動：備份計劃中應訂定備份媒體（磁帶）使用期限，並銷毀過期之備份媒體（磁帶），其結果必需經資訊單位主管覆核，確保備份媒體（磁帶）之內容己無法使用。。控制執行時使用之 IUC／制度為「（未指定 IUC／制度）」。投入（Inputs）：（請補充投入資訊）。覆核／執行步驟（Specific activities）：備份計劃中應訂定備份媒體（磁帶）使用期限，並銷毀過期之備份媒體（磁帶），其結果必需經資訊單位主管覆核，確保備份媒體（磁帶）之內容己無法使用。。產出（Outputs）：（請補充控制產出／留存軌跡）。,[電腦化資訊系統循環｜營運] 防止無法確保可攜式儲存媒介的安全：備份計劃中應訂定備份媒體（磁帶）使用期限，並銷毀過期之備份媒體（磁帶），其結果必需經資訊單位主管覆核，確保備份媒體（磁帶）之內容己無法使用。（頻率：不定期；負責：資訊單位；IUC：—）,EC109-3,RCM;電腦化資訊系統循環;累積範本;去識別範本,2026-08-26 16:28:16
PL-EC109-4,防止無法確保可攜式儲存媒介的安全,電腦化資訊系統循環,EC-109,系統復原計畫制度及測試程式之控制作業,營運,營運,無法確保可攜式儲存媒介的安全,報導面,[財務報導] 無法確保可攜式儲存媒介的安全,,,,All,,防止無法確保可攜式儲存媒介的安全,備份媒體（磁帶）應以標籤標示，並存放於設有安全控管（防潮、防盜）之環境中。,持續,資訊單位,,,,,,,,,,,,人工,預防性 (Preventive),,,,,,,就公司現行電腦化資訊系統循環作業，為因應「營運」風險——無法確保可攜式儲存媒介的安全（風險三大屬性—財務報導：[財務報導] 無法確保可攜式儲存媒介的安全；營運：（未填）；法令遵循：（未填）；RoMM：（RoMM 分類未填）；重大科目／聲明：All／（聲明未填）），設計控制目標為「防止無法確保可攜式儲存媒介的安全」。由資訊單位以人工方式、採預防性控制取向、屬（類型未填）類型，依持續執行下列控制活動：備份媒體（磁帶）應以標籤標示，並存放於設有安全控管（防潮、防盜）之環境中。。控制執行時使用之 IUC／制度為「（未指定 IUC／制度）」。投入（Inputs）：（請補充投入資訊）。覆核／執行步驟（Specific activities）：備份媒體（磁帶）應以標籤標示，並存放於設有安全控管（防潮、防盜）之環境中。。產出（Outputs）：（請補充控制產出／留存軌跡）。,[電腦化資訊系統循環｜營運] 防止無法確保可攜式儲存媒介的安全：備份媒體（磁帶）應以標籤標示，並存放於設有安全控管（防潮、防盜）之環境中。（頻率：持續；負責：資訊單位；IUC：—）,EC109-4,RCM;電腦化資訊系統循環;累積範本;去識別範本,2026-08-26 16:28:16
PL-EC109-5,防止未對關鍵資料進行異地備份,電腦化資訊系統循環,EC-109,系統復原計畫制度及測試程式之控制作業,營運,營運,未對關鍵資料進行異地備份,報導面,[財務報導] 未對關鍵資料進行異地備份,,,,All,,防止未對關鍵資料進行異地備份,實體備份媒體（磁帶）應執行異地備份，並確認實體備份媒體（磁帶）數量、編號與異地備份紀錄相符。,每日,資訊單位,,,,,,,,,,,,人工,預防性 (Preventive),,,,,,,就公司現行電腦化資訊系統循環作業，為因應「營運」風險——未對關鍵資料進行異地備份（風險三大屬性—財務報導：[財務報導] 未對關鍵資料進行異地備份；營運：（未填）；法令遵循：（未填）；RoMM：（RoMM 分類未填）；重大科目／聲明：All／（聲明未填）），設計控制目標為「防止未對關鍵資料進行異地備份」。由資訊單位以人工方式、採預防性控制取向、屬（類型未填）類型，依每日執行下列控制活動：實體備份媒體（磁帶）應執行異地備份，並確認實體備份媒體（磁帶）數量、編號與異地備份紀錄相符。。控制執行時使用之 IUC／制度為「（未指定 IUC／制度）」。投入（Inputs）：（請補充投入資訊）。覆核／執行步驟（Specific activities）：實體備份媒體（磁帶）應執行異地備份，並確認實體備份媒體（磁帶）數量、編號與異地備份紀錄相符。。產出（Outputs）：（請補充控制產出／留存軌跡）。,[電腦化資訊系統循環｜營運] 防止未對關鍵資料進行異地備份：實體備份媒體（磁帶）應執行異地備份，並確認實體備份媒體（磁帶）數量、編號與異地備份紀錄相符。（頻率：每日；負責：資訊單位；IUC：—）,EC109-5,RCM;電腦化資訊系統循環;累積範本;去識別範本,2026-08-26 16:28:16
PL-EC109-6,防止缺乏回復資料的能力,電腦化資訊系統循環,EC-109,系統復原計畫制度及測試程式之控制作業,營運持續管理,營運持續管理,防止缺乏回復資料的能力,報導面,[財務報導] 防止缺乏回復資料的能力,,,,All,,防止缺乏回復資料的能力,經由定期復原備份資料或其它方式測試備份之資料應該可用。,Refer to EC-109-1,資訊單位,Refer o EC-109-1,Refer o EC-109-1,Refer o EC-109-1,Refer o EC-109-1,Refer o EC-109-1,,,,,,,人工,預防性 (Preventive),,,,Refer o EC-109-1,,,就公司現行電腦化資訊系統循環作業，為因應「營運持續管理」風險——防止缺乏回復資料的能力（風險三大屬性—財務報導：[財務報導] 防止缺乏回復資料的能力；營運：（未填）；法令遵循：（未填）；RoMM：（RoMM 分類未填）；重大科目／聲明：All／（聲明未填）），設計控制目標為「防止缺乏回復資料的能力」。由資訊單位以人工方式、採預防性控制取向、屬（類型未填）類型，依Refer to EC-109-1執行下列控制活動：經由定期復原備份資料或其它方式測試備份之資料應該可用。。控制執行時使用之 IUC／制度為「Refer o EC-109-1」。投入（Inputs）：Refer o EC-109-1。覆核／執行步驟（Specific activities）：經由定期復原備份資料或其它方式測試備份之資料應該可用。。產出（Outputs）：Refer o EC-109-1。,[電腦化資訊系統循環｜營運持續管理] 防止缺乏回復資料的能力：經由定期復原備份資料或其它方式測試備份之資料應該可用。（頻率：Refer to EC-109-1；負責：資訊單位；IUC：Refer o EC-109-1）,EC109-6,RCM;電腦化資訊系統循環;累積範本;去識別範本,2026-08-26 16:28:16
PL-EC110-1,防止無效果／無效率的存取控制,電腦化資訊系統循環,EC-110,資通安全檢查之控制作業,資訊安全,資訊安全,無效果／無效率的存取控制,營運面,,[營運] 無效果／無效率的存取控制,,,,,防止無效果／無效率的存取控制,訂定資訊安全政策做為公司資訊安全之指引（如作業程序、資訊安全控管文件、使用者應遵守的安全規則）並向全體員工宣導。,持續／不定期,資訊單位,"1. 資訊安全管理辦法
2. 開機資安宣導畫面
3. 資訊安全政策宣導紀錄",,資訊安全管理辦法,,"1. 資訊安全管理辦法
2. 開機資安宣導畫面
3. 資訊安全政策宣導紀錄",,,,,,,人工,預防性 (Preventive),,,,"1. 資訊安全管理辦法
2. 開機資安宣導畫面
3. 資訊安全政策宣導紀錄",,,"就公司現行電腦化資訊系統循環作業，為因應「資訊安全」風險——無效果／無效率的存取控制（風險三大屬性—財務報導：（未填）；營運：[營運] 無效果／無效率的存取控制；法令遵循：（未填）；RoMM：（RoMM 分類未填）；重大科目／聲明：（重大科目未填）／（聲明未填）），設計控制目標為「防止無效果／無效率的存取控制」。由資訊單位以人工方式、採預防性控制取向、屬（類型未填）類型，依持續／不定期執行下列控制活動：訂定資訊安全政策做為公司資訊安全之指引（如作業程序、資訊安全控管文件、使用者應遵守的安全規則）並向全體員工宣導。。控制執行時使用之 IUC／制度為「1. 資訊安全管理辦法
2. 開機資安宣導畫面
3. 資訊安全政策宣導紀錄」。投入（Inputs）：1. 資訊安全管理辦法
2. 開機資安宣導畫面
3. 資訊安全政策宣導紀錄。覆核／執行步驟（Specific activities）：訂定資訊安全政策做為公司資訊安全之指引（如作業程序、資訊安全控管文件、使用者應遵守的安全規則）並向全體員工宣導。。產出（Outputs）：1. 資訊安全管理辦法
2. 開機資安宣導畫面
3. 資訊安全政策宣導紀錄。","[電腦化資訊系統循環｜資訊安全] 防止無效果／無效率的存取控制：訂定資訊安全政策做為公司資訊安全之指引（如作業程序、資訊安全控管文件、使用者應遵守的安全規則）並向全體員工宣導。（頻率：持續／不定期；負責：資訊單位；IUC：1. 資訊安全管理辦法
2. 開機資安宣導畫面
3. 資訊安全政策宣導紀錄）",EC110-1,RCM;電腦化資訊系統循環;累積範本;去識別範本,2026-08-26 16:28:16
PL-EC110-2,防止無效果／無效率的存取控制,電腦化資訊系統循環,EC-110,資通安全檢查之控制作業,資訊安全,資訊安全,無效果／無效率的存取控制,營運面,,[營運] 無效果／無效率的存取控制,,,,,防止無效果／無效率的存取控制,企業應指派相關人員或成立資訊安全管理組織負責資訊安全業務。,持續,資訊單位,資安會議紀錄,,資訊安全管理辦法,,資安會議紀錄,,,,,,,人工,預防性 (Preventive),,,,資安會議紀錄,,,就公司現行電腦化資訊系統循環作業，為因應「資訊安全」風險——無效果／無效率的存取控制（風險三大屬性—財務報導：（未填）；營運：[營運] 無效果／無效率的存取控制；法令遵循：（未填）；RoMM：（RoMM 分類未填）；重大科目／聲明：（重大科目未填）／（聲明未填）），設計控制目標為「防止無效果／無效率的存取控制」。由資訊單位以人工方式、採預防性控制取向、屬（類型未填）類型，依持續執行下列控制活動：企業應指派相關人員或成立資訊安全管理組織負責資訊安全業務。。控制執行時使用之 IUC／制度為「資安會議紀錄」。投入（Inputs）：資安會議紀錄。覆核／執行步驟（Specific activities）：企業應指派相關人員或成立資訊安全管理組織負責資訊安全業務。。產出（Outputs）：資安會議紀錄。,[電腦化資訊系統循環｜資訊安全] 防止無效果／無效率的存取控制：企業應指派相關人員或成立資訊安全管理組織負責資訊安全業務。（頻率：持續；負責：資訊單位；IUC：資安會議紀錄）,EC110-2,RCM;電腦化資訊系統循環;累積範本;去識別範本,2026-08-26 16:28:16
PL-EC110-3,防止高機密資料外洩,電腦化資訊系統循環,EC-110,資通安全檢查之控制作業,資訊安全,資訊安全,無效果／無效率的存取控制,營運面,,[營運] 無效果／無效率的存取控制,,,,,防止高機密資料外洩,開發環境、測試環境、訓練環境應該將高機密高敏感資料遮蔽（Mask）或無意義化（Mask I Meaningless）。,不定期,資訊單位,"1. ERP
2. MES
3. 流程管理系統","1. ERP
2. MES
3. 流程管理系統",,,,,,,,,,人工,預防性 (Preventive),,,,,,,"就公司現行電腦化資訊系統循環作業，為因應「資訊安全」風險——無效果／無效率的存取控制（風險三大屬性—財務報導：（未填）；營運：[營運] 無效果／無效率的存取控制；法令遵循：（未填）；RoMM：（RoMM 分類未填）；重大科目／聲明：（重大科目未填）／（聲明未填）），設計控制目標為「防止高機密資料外洩」。由資訊單位以人工方式、採預防性控制取向、屬（類型未填）類型，依不定期執行下列控制活動：開發環境、測試環境、訓練環境應該將高機密高敏感資料遮蔽（Mask）或無意義化（Mask I Meaningless）。。控制執行時使用之 IUC／制度為「1. ERP
2. MES
3. 流程管理系統」。投入（Inputs）：1. ERP
2. MES
3. 流程管理系統。覆核／執行步驟（Specific activities）：開發環境、測試環境、訓練環境應該將高機密高敏感資料遮蔽（Mask）或無意義化（Mask I Meaningless）。。產出（Outputs）：（請補充控制產出／留存軌跡）。","[電腦化資訊系統循環｜資訊安全] 防止高機密資料外洩：開發環境、測試環境、訓練環境應該將高機密高敏感資料遮蔽（Mask）或無意義化（Mask I Meaningless）。（頻率：不定期；負責：資訊單位；IUC：1. ERP
2. MES
3. 流程管理系統）",EC110-3,RCM;電腦化資訊系統循環;累積範本;去識別範本,2026-08-26 16:28:16
PL-EC110-4,建立防毒策略以防止遭受惡意攻擊的系統弱點,電腦化資訊系統循環,EC-110,資通安全檢查之控制作業,資訊安全,資訊安全,無效的電腦防毒策略,報導面,[財務報導] 無效的電腦防毒策略,,,,All,,建立防毒策略以防止遭受惡意攻擊的系統弱點,企業之所有伺服器及電腦應均安裝防毒軟體，並定期針對伺服器及電腦之防毒系統執行病毒碼之更新及定期掃描。,持續,資訊單位,"1. 防毒軟體系統畫面
2. 防毒軟體定期更新／定期掃毒設定系統畫面",,資訊安全管理辦法,,"1. 防毒軟體系統畫面
2. 防毒軟體定期更新／定期掃毒設定系統畫面",,,,,,,人工,預防性 (Preventive),,,,"1. 防毒軟體系統畫面
2. 防毒軟體定期更新／定期掃毒設定系統畫面",,,"就公司現行電腦化資訊系統循環作業，為因應「資訊安全」風險——無效的電腦防毒策略（風險三大屬性—財務報導：[財務報導] 無效的電腦防毒策略；營運：（未填）；法令遵循：（未填）；RoMM：（RoMM 分類未填）；重大科目／聲明：All／（聲明未填）），設計控制目標為「建立防毒策略以防止遭受惡意攻擊的系統弱點」。由資訊單位以人工方式、採預防性控制取向、屬（類型未填）類型，依持續執行下列控制活動：企業之所有伺服器及電腦應均安裝防毒軟體，並定期針對伺服器及電腦之防毒系統執行病毒碼之更新及定期掃描。。控制執行時使用之 IUC／制度為「1. 防毒軟體系統畫面
2. 防毒軟體定期更新／定期掃毒設定系統畫面」。投入（Inputs）：1. 防毒軟體系統畫面
2. 防毒軟體定期更新／定期掃毒設定系統畫面。覆核／執行步驟（Specific activities）：企業之所有伺服器及電腦應均安裝防毒軟體，並定期針對伺服器及電腦之防毒系統執行病毒碼之更新及定期掃描。。產出（Outputs）：1. 防毒軟體系統畫面
2. 防毒軟體定期更新／定期掃毒設定系統畫面。","[電腦化資訊系統循環｜資訊安全] 建立防毒策略以防止遭受惡意攻擊的系統弱點：企業之所有伺服器及電腦應均安裝防毒軟體，並定期針對伺服器及電腦之防毒系統執行病毒碼之更新及定期掃描。（頻率：持續；負責：資訊單位；IUC：1. 防毒軟體系統畫面
2. 防毒軟體定期更新／定期掃毒設定系統畫面）",EC110-4,RCM;電腦化資訊系統循環;累積範本;去識別範本,2026-08-26 16:28:16
PL-EC110-5,建立防毒策略以防止遭受惡意攻擊的系統弱點,電腦化資訊系統循環,EC-110,資通安全檢查之控制作業,資訊安全,資訊安全,存有遭受惡意攻擊的系統弱點,報導面,[財務報導] 存有遭受惡意攻擊的系統弱點,,,,All,,建立防毒策略以防止遭受惡意攻擊的系統弱點,應有適當的電腦或伺服器系統中毒處理程序，同時經資訊單位主管監督並覆核處理情形。,不定期,資訊單位,,,,,,,,,,,,人工,預防性 (Preventive),,,,,,,就公司現行電腦化資訊系統循環作業，為因應「資訊安全」風險——存有遭受惡意攻擊的系統弱點（風險三大屬性—財務報導：[財務報導] 存有遭受惡意攻擊的系統弱點；營運：（未填）；法令遵循：（未填）；RoMM：（RoMM 分類未填）；重大科目／聲明：All／（聲明未填）），設計控制目標為「建立防毒策略以防止遭受惡意攻擊的系統弱點」。由資訊單位以人工方式、採預防性控制取向、屬（類型未填）類型，依不定期執行下列控制活動：應有適當的電腦或伺服器系統中毒處理程序，同時經資訊單位主管監督並覆核處理情形。。控制執行時使用之 IUC／制度為「（未指定 IUC／制度）」。投入（Inputs）：（請補充投入資訊）。覆核／執行步驟（Specific activities）：應有適當的電腦或伺服器系統中毒處理程序，同時經資訊單位主管監督並覆核處理情形。。產出（Outputs）：（請補充控制產出／留存軌跡）。,[電腦化資訊系統循環｜資訊安全] 建立防毒策略以防止遭受惡意攻擊的系統弱點：應有適當的電腦或伺服器系統中毒處理程序，同時經資訊單位主管監督並覆核處理情形。（頻率：不定期；負責：資訊單位；IUC：—）,EC110-5,RCM;電腦化資訊系統循環;累積範本;去識別範本,2026-08-26 16:28:16
PL-EC110-6,建立防毒策略以防止遭受惡意攻擊的系統弱點,電腦化資訊系統循環,EC-110,資通安全檢查之控制作業,資訊安全,資訊安全,存有遭受惡意攻擊的系統弱點,報導面,[財務報導] 存有遭受惡意攻擊的系統弱點,,,,All,,建立防毒策略以防止遭受惡意攻擊的系統弱點,應設置相關資訊安全系統（包含：防火牆系統、入侵偵測/保護系統），並有適當之參數設定，任何設定變更應取得資訊單位主管之同意。,不定期,資訊單位,電子簽核系統,電子簽核系統,資訊軟體開發管理辦法,,"1. 防火牆設定畫面
2. 電子簽核系統 資訊服務申請單",,,,,,,人工,預防性 (Preventive),,,,"1. 防火牆設定畫面
2. 電子簽核系統 資訊服務申請單",,,"就公司現行電腦化資訊系統循環作業，為因應「資訊安全」風險——存有遭受惡意攻擊的系統弱點（風險三大屬性—財務報導：[財務報導] 存有遭受惡意攻擊的系統弱點；營運：（未填）；法令遵循：（未填）；RoMM：（RoMM 分類未填）；重大科目／聲明：All／（聲明未填）），設計控制目標為「建立防毒策略以防止遭受惡意攻擊的系統弱點」。由資訊單位以人工方式、採預防性控制取向、屬（類型未填）類型，依不定期執行下列控制活動：應設置相關資訊安全系統（包含：防火牆系統、入侵偵測/保護系統），並有適當之參數設定，任何設定變更應取得資訊單位主管之同意。。控制執行時使用之 IUC／制度為「電子簽核系統」。投入（Inputs）：電子簽核系統。覆核／執行步驟（Specific activities）：應設置相關資訊安全系統（包含：防火牆系統、入侵偵測/保護系統），並有適當之參數設定，任何設定變更應取得資訊單位主管之同意。。產出（Outputs）：1. 防火牆設定畫面
2. 電子簽核系統 資訊服務申請單。",[電腦化資訊系統循環｜資訊安全] 建立防毒策略以防止遭受惡意攻擊的系統弱點：應設置相關資訊安全系統（包含：防火牆系統、入侵偵測/保護系統），並有適當之參數設定，任何設定變更應取得資訊單位主管之同意。（頻率：不定期；負責：資訊單位；IUC：電子簽核系統）,EC110-6,RCM;電腦化資訊系統循環;累積範本;去識別範本,2026-08-26 16:28:16
PL-EC110-7,建立防毒策略以防止遭受惡意攻擊的系統弱點,電腦化資訊系統循環,EC-110,資通安全檢查之控制作業,資訊安全,資訊安全,存有遭受惡意攻擊的系統弱點,報導面,[財務報導] 存有遭受惡意攻擊的系統弱點,,,,All,,建立防毒策略以防止遭受惡意攻擊的系統弱點,應有定期檢視防火牆連線紀錄並針對有問題連線採取必要處理，同時資訊單位主管應監督並覆核處理情形。,每季,資訊單位,"1. 防火牆 log
2. 防火牆異常及處理紀錄",,資訊安全管理辦法,,"1. 防火牆 log
2. 防火牆異常及處理紀錄",,,,,,,人工,預防性 (Preventive),,,,"1. 防火牆 log
2. 防火牆異常及處理紀錄",,,"就公司現行電腦化資訊系統循環作業，為因應「資訊安全」風險——存有遭受惡意攻擊的系統弱點（風險三大屬性—財務報導：[財務報導] 存有遭受惡意攻擊的系統弱點；營運：（未填）；法令遵循：（未填）；RoMM：（RoMM 分類未填）；重大科目／聲明：All／（聲明未填）），設計控制目標為「建立防毒策略以防止遭受惡意攻擊的系統弱點」。由資訊單位以人工方式、採預防性控制取向、屬（類型未填）類型，依每季執行下列控制活動：應有定期檢視防火牆連線紀錄並針對有問題連線採取必要處理，同時資訊單位主管應監督並覆核處理情形。。控制執行時使用之 IUC／制度為「1. 防火牆 log
2. 防火牆異常及處理紀錄」。投入（Inputs）：1. 防火牆 log
2. 防火牆異常及處理紀錄。覆核／執行步驟（Specific activities）：應有定期檢視防火牆連線紀錄並針對有問題連線採取必要處理，同時資訊單位主管應監督並覆核處理情形。。產出（Outputs）：1. 防火牆 log
2. 防火牆異常及處理紀錄。","[電腦化資訊系統循環｜資訊安全] 建立防毒策略以防止遭受惡意攻擊的系統弱點：應有定期檢視防火牆連線紀錄並針對有問題連線採取必要處理，同時資訊單位主管應監督並覆核處理情形。（頻率：每季；負責：資訊單位；IUC：1. 防火牆 log
2. 防火牆異常及處理紀錄）",EC110-7,RCM;電腦化資訊系統循環;累積範本;去識別範本,2026-08-26 16:28:16
PL-EC110-8,建立防毒策略以防止遭受惡意攻擊的系統弱點,電腦化資訊系統循環,EC-110,資通安全檢查之控制作業,資訊安全,資訊安全,存有遭受惡意攻擊的系統弱點,報導面,[財務報導] 存有遭受惡意攻擊的系統弱點,,,,All,,建立防毒策略以防止遭受惡意攻擊的系統弱點,任何經由網際網路遠端連線存取企業內部網路，應經資訊單位主管核准。,不定期,資訊單位,電子簽核系統,電子簽核系統,資訊安全管理辦法,,電子簽核系統 資訊服務申請單,,,,,,,人工,預防性 (Preventive),,,,電子簽核系統 資訊服務申請單,,,就公司現行電腦化資訊系統循環作業，為因應「資訊安全」風險——存有遭受惡意攻擊的系統弱點（風險三大屬性—財務報導：[財務報導] 存有遭受惡意攻擊的系統弱點；營運：（未填）；法令遵循：（未填）；RoMM：（RoMM 分類未填）；重大科目／聲明：All／（聲明未填）），設計控制目標為「建立防毒策略以防止遭受惡意攻擊的系統弱點」。由資訊單位以人工方式、採預防性控制取向、屬（類型未填）類型，依不定期執行下列控制活動：任何經由網際網路遠端連線存取企業內部網路，應經資訊單位主管核准。。控制執行時使用之 IUC／制度為「電子簽核系統」。投入（Inputs）：電子簽核系統。覆核／執行步驟（Specific activities）：任何經由網際網路遠端連線存取企業內部網路，應經資訊單位主管核准。。產出（Outputs）：電子簽核系統 資訊服務申請單。,[電腦化資訊系統循環｜資訊安全] 建立防毒策略以防止遭受惡意攻擊的系統弱點：任何經由網際網路遠端連線存取企業內部網路，應經資訊單位主管核准。（頻率：不定期；負責：資訊單位；IUC：電子簽核系統）,EC110-8,RCM;電腦化資訊系統循環;累積範本;去識別範本,2026-08-26 16:28:16
PL-EC110-9,防止缺乏復原處理的能力,電腦化資訊系統循環,EC-110,資通安全檢查之控制作業,系統變更管理,系統變更管理,缺乏復原處理的能力,報導面,[財務報導] 缺乏復原處理的能力,,,,All,,防止缺乏復原處理的能力,網路設備及其他通訊設備，於導入正式作業環境前應該保留前一版本。,不定期,Refer o EC106-10,Refer o EC106-10,Refer o EC106-10,Refer o EC106-10,Refer o EC106-10,Refer o EC106-10,,,,,,,人工,預防性 (Preventive),,,,Refer o EC106-10,,,就公司現行電腦化資訊系統循環作業，為因應「系統變更管理」風險——缺乏復原處理的能力（風險三大屬性—財務報導：[財務報導] 缺乏復原處理的能力；營運：（未填）；法令遵循：（未填）；RoMM：（RoMM 分類未填）；重大科目／聲明：All／（聲明未填）），設計控制目標為「防止缺乏復原處理的能力」。由Refer o EC106-10以人工方式、採預防性控制取向、屬（類型未填）類型，依不定期執行下列控制活動：網路設備及其他通訊設備，於導入正式作業環境前應該保留前一版本。。控制執行時使用之 IUC／制度為「Refer o EC106-10」。投入（Inputs）：Refer o EC106-10。覆核／執行步驟（Specific activities）：網路設備及其他通訊設備，於導入正式作業環境前應該保留前一版本。。產出（Outputs）：Refer o EC106-10。,[電腦化資訊系統循環｜系統變更管理] 防止缺乏復原處理的能力：網路設備及其他通訊設備，於導入正式作業環境前應該保留前一版本。（頻率：不定期；負責：Refer o EC106-10；IUC：Refer o EC106-10）,EC110-9,RCM;電腦化資訊系統循環;累積範本;去識別範本,2026-08-26 16:28:16
PL-EC110-10,建立防毒策略以防止遭受惡意攻擊的系統弱點,電腦化資訊系統循環,EC-110,資通安全檢查之控制作業,資訊安全,資訊安全,存有遭受惡意攻擊的系統弱點,報導面,[財務報導] 存有遭受惡意攻擊的系統弱點,,,,All,,建立防毒策略以防止遭受惡意攻擊的系統弱點,公司應定期執行資訊安全檢核（如：弱點掃描、滲透測試等），並針對發現之問題進行處理及追蹤改善狀況。,持續,資訊單位,,,,,,,,,,,,人工,預防性 (Preventive),,,,,,,就公司現行電腦化資訊系統循環作業，為因應「資訊安全」風險——存有遭受惡意攻擊的系統弱點（風險三大屬性—財務報導：[財務報導] 存有遭受惡意攻擊的系統弱點；營運：（未填）；法令遵循：（未填）；RoMM：（RoMM 分類未填）；重大科目／聲明：All／（聲明未填）），設計控制目標為「建立防毒策略以防止遭受惡意攻擊的系統弱點」。由資訊單位以人工方式、採預防性控制取向、屬（類型未填）類型，依持續執行下列控制活動：公司應定期執行資訊安全檢核（如：弱點掃描、滲透測試等），並針對發現之問題進行處理及追蹤改善狀況。。控制執行時使用之 IUC／制度為「（未指定 IUC／制度）」。投入（Inputs）：（請補充投入資訊）。覆核／執行步驟（Specific activities）：公司應定期執行資訊安全檢核（如：弱點掃描、滲透測試等），並針對發現之問題進行處理及追蹤改善狀況。。產出（Outputs）：（請補充控制產出／留存軌跡）。,[電腦化資訊系統循環｜資訊安全] 建立防毒策略以防止遭受惡意攻擊的系統弱點：公司應定期執行資訊安全檢核（如：弱點掃描、滲透測試等），並針對發現之問題進行處理及追蹤改善狀況。（頻率：持續；負責：資訊單位；IUC：—）,EC110-10,RCM;電腦化資訊系統循環;累積範本;去識別範本,2026-08-26 16:28:16
PL-EC111-1,防止投標、選擇供應商與承包不當，以及應執行之盡職調查不力,電腦化資訊系統循環,EC-111,委外服務控制作業,合約與外包,合約與外包,投標、選擇供應商與承包不當，以及應執行之盡職調查不力,營運面,,[營運] 投標、選擇供應商與承包不當，以及應執行之盡職調查不力,,,,,防止投標、選擇供應商與承包不當，以及應執行之盡職調查不力,應擬定資訊類採購辦法，明訂招標及供應商選商方式，以之遵循。,持續,資訊單位,,,資訊系統管制程序,,,,,,,,,人工,預防性 (Preventive),,,,,,,就公司現行電腦化資訊系統循環作業，為因應「合約與外包」風險——投標、選擇供應商與承包不當，以及應執行之盡職調查不力（風險三大屬性—財務報導：（未填）；營運：[營運] 投標、選擇供應商與承包不當，以及應執行之盡職調查不力；法令遵循：（未填）；RoMM：（RoMM 分類未填）；重大科目／聲明：（重大科目未填）／（聲明未填）），設計控制目標為「防止投標、選擇供應商與承包不當，以及應執行之盡職調查不力」。由資訊單位以人工方式、採預防性控制取向、屬（類型未填）類型，依持續執行下列控制活動：應擬定資訊類採購辦法，明訂招標及供應商選商方式，以之遵循。。控制執行時使用之 IUC／制度為「（未指定 IUC／制度）」。投入（Inputs）：（請補充投入資訊）。覆核／執行步驟（Specific activities）：應擬定資訊類採購辦法，明訂招標及供應商選商方式，以之遵循。。產出（Outputs）：（請補充控制產出／留存軌跡）。,[電腦化資訊系統循環｜合約與外包] 防止投標、選擇供應商與承包不當，以及應執行之盡職調查不力：應擬定資訊類採購辦法，明訂招標及供應商選商方式，以之遵循。（頻率：持續；負責：資訊單位；IUC：—）,EC111-1,RCM;電腦化資訊系統循環;累積範本;去識別範本,2026-08-26 16:28:16
PL-EC111-2,委外服務機構之選擇與公司需求不符可能影響公司正常運作。,電腦化資訊系統循環,EC-111,委外服務控制作業,合約與外包,合約與外包,投標、選擇供應商與承包不當，以及應執行之盡職調查不力,營運面,,[營運] 投標、選擇供應商與承包不當，以及應執行之盡職調查不力,,,,,委外服務機構之選擇與公司需求不符可能影響公司正常運作。,委外服務機構（廠商）之評核標準及評選結果應經由資訊單位主管及相關使用者單位主管同意並核准。,,資訊單位,,,,,,,,,,,,人工,預防性 (Preventive),,,,,,,就公司現行電腦化資訊系統循環作業，為因應「合約與外包」風險——投標、選擇供應商與承包不當，以及應執行之盡職調查不力（風險三大屬性—財務報導：（未填）；營運：[營運] 投標、選擇供應商與承包不當，以及應執行之盡職調查不力；法令遵循：（未填）；RoMM：（RoMM 分類未填）；重大科目／聲明：（重大科目未填）／（聲明未填）），設計控制目標為「委外服務機構之選擇與公司需求不符可能影響公司正常運作。」。由資訊單位以人工方式、採預防性控制取向、屬（類型未填）類型，依（頻率未填）執行下列控制活動：委外服務機構（廠商）之評核標準及評選結果應經由資訊單位主管及相關使用者單位主管同意並核准。。控制執行時使用之 IUC／制度為「（未指定 IUC／制度）」。投入（Inputs）：（請補充投入資訊）。覆核／執行步驟（Specific activities）：委外服務機構（廠商）之評核標準及評選結果應經由資訊單位主管及相關使用者單位主管同意並核准。。產出（Outputs）：（請補充控制產出／留存軌跡）。,[電腦化資訊系統循環｜合約與外包] 委外服務機構之選擇與公司需求不符可能影響公司正常運作。：委外服務機構（廠商）之評核標準及評選結果應經由資訊單位主管及相關使用者單位主管同意並核准。（頻率：—；負責：資訊單位；IUC：—）,EC111-2,RCM;電腦化資訊系統循環;累積範本;去識別範本,2026-08-26 16:28:16
PL-EC111-3,防止合約中缺乏檢查安全及保密控制的規範,電腦化資訊系統循環,EC-111,委外服務控制作業,合約與外包,合約與外包,合約中缺乏檢查安全及保密控制的規範,營運面,,[營運] 合約中缺乏檢查安全及保密控制的規範,,,,,防止合約中缺乏檢查安全及保密控制的規範,應於於合約中列入允許公司對委外廠商進行檢查、許可及稽核所有安全性及隱私資料保密控制之條款。,,資訊單位,,,,,,,,,,,,人工,預防性 (Preventive),,,,,,,就公司現行電腦化資訊系統循環作業，為因應「合約與外包」風險——合約中缺乏檢查安全及保密控制的規範（風險三大屬性—財務報導：（未填）；營運：[營運] 合約中缺乏檢查安全及保密控制的規範；法令遵循：（未填）；RoMM：（RoMM 分類未填）；重大科目／聲明：（重大科目未填）／（聲明未填）），設計控制目標為「防止合約中缺乏檢查安全及保密控制的規範」。由資訊單位以人工方式、採預防性控制取向、屬（類型未填）類型，依（頻率未填）執行下列控制活動：應於於合約中列入允許公司對委外廠商進行檢查、許可及稽核所有安全性及隱私資料保密控制之條款。。控制執行時使用之 IUC／制度為「（未指定 IUC／制度）」。投入（Inputs）：（請補充投入資訊）。覆核／執行步驟（Specific activities）：應於於合約中列入允許公司對委外廠商進行檢查、許可及稽核所有安全性及隱私資料保密控制之條款。。產出（Outputs）：（請補充控制產出／留存軌跡）。,[電腦化資訊系統循環｜合約與外包] 防止合約中缺乏檢查安全及保密控制的規範：應於於合約中列入允許公司對委外廠商進行檢查、許可及稽核所有安全性及隱私資料保密控制之條款。（頻率：—；負責：資訊單位；IUC：—）,EC111-3,RCM;電腦化資訊系統循環;累積範本;去識別範本,2026-08-26 16:28:16
PL-EC111-4,防止合約中缺乏檢查安全及保密控制的規範,電腦化資訊系統循環,EC-111,委外服務控制作業,合約與外包,合約與外包,合約中缺乏檢查安全及保密控制的規範,營運面,,[營運] 合約中缺乏檢查安全及保密控制的規範,,,,,防止合約中缺乏檢查安全及保密控制的規範,與委外廠商或協力廠商簽訂合約中，應包括符合公司資訊安全政策規範及法律要求。,,資訊單位,,,,,,,,,,,,人工,預防性 (Preventive),,,,,,,就公司現行電腦化資訊系統循環作業，為因應「合約與外包」風險——合約中缺乏檢查安全及保密控制的規範（風險三大屬性—財務報導：（未填）；營運：[營運] 合約中缺乏檢查安全及保密控制的規範；法令遵循：（未填）；RoMM：（RoMM 分類未填）；重大科目／聲明：（重大科目未填）／（聲明未填）），設計控制目標為「防止合約中缺乏檢查安全及保密控制的規範」。由資訊單位以人工方式、採預防性控制取向、屬（類型未填）類型，依（頻率未填）執行下列控制活動：與委外廠商或協力廠商簽訂合約中，應包括符合公司資訊安全政策規範及法律要求。。控制執行時使用之 IUC／制度為「（未指定 IUC／制度）」。投入（Inputs）：（請補充投入資訊）。覆核／執行步驟（Specific activities）：與委外廠商或協力廠商簽訂合約中，應包括符合公司資訊安全政策規範及法律要求。。產出（Outputs）：（請補充控制產出／留存軌跡）。,[電腦化資訊系統循環｜合約與外包] 防止合約中缺乏檢查安全及保密控制的規範：與委外廠商或協力廠商簽訂合約中，應包括符合公司資訊安全政策規範及法律要求。（頻率：—；負責：資訊單位；IUC：—）,EC111-4,RCM;電腦化資訊系統循環;累積範本;去識別範本,2026-08-26 16:28:16
PL-CS101-1,銷貨預測被正確地計算及記錄,銷售及收款循環,CS101,銷售預測及計畫作業,運用,運用,生產規劃不當,營運面,,[營運] 生產規劃不當,,,,,銷貨預測被正確地計算及記錄,銷售預測應包含客戶端提供之銷售預測資料，使生管相關單位能據此規劃產能。,每週／每月／每季,"1. 業務單位
2. 運營單位
3. 業務支援單位",Rolling Forecast,,銷售預測管理辦法,,Rolling Forecast,,,,,,,人工,預防性 (Preventive),,,,Rolling Forecast,,,"就公司現行銷售及收款循環作業，為因應「運用」風險——生產規劃不當（風險三大屬性—財務報導：（未填）；營運：[營運] 生產規劃不當；法令遵循：（未填）；RoMM：（RoMM 分類未填）；重大科目／聲明：（重大科目未填）／（聲明未填）），設計控制目標為「銷貨預測被正確地計算及記錄」。由1. 業務單位
2. 運營單位
3. 業務支援單位以人工方式、採預防性控制取向、屬（類型未填）類型，依每週／每月／
每季執行下列控制活動：銷售預測應包含客戶端提供之銷售預測資料，使生管相關單位能據此規劃產能。。控制執行時使用之 IUC／制度為「Rolling Forecast」。投入（Inputs）：Rolling Forecast。覆核／執行步驟（Specific activities）：銷售預測應包含客戶端提供之銷售預測資料，使生管相關單位能據此規劃產能。。產出（Outputs）：Rolling Forecast。","[銷售及收款循環｜運用] 銷貨預測被正確地計算及記錄：銷售預測應包含客戶端提供之銷售預測資料，使生管相關單位能據此規劃產能。（頻率：每週／每月／
每季；負責：1. 業務單位
2. 運營單位
3. 業務支援單位；IUC：Rolling Forecast）",CS101-1,RCM;銷售及收款循環;累積範本;去識別範本,2026-08-26 16:28:17
PL-CS101-2,銷貨預測被正確地計算及記錄,銷售及收款循環,CS101,銷售預測及計畫作業,財務計畫／預算／預測,財務計畫／預算／預測,不適當商業假設,營運面,,[營運] 不適當商業假設,,,,,銷貨預測被正確地計算及記錄,年度銷售計劃的訂定應考量銷售預測資料及相關策略及計畫，並經權責主管核准。,每年,"1. 業務單位
2. 市場研究單位
3. 運營單位
4. 業務支援單位",ERP,ERP,銷售預測管理辦法,,年度銷售預算計畫,,,,,,,人工,預防性 (Preventive),,,,年度銷售預算計畫,,,"就公司現行銷售及收款循環作業，為因應「財務計畫／預算／預測」風險——不適當商業假設（風險三大屬性—財務報導：（未填）；營運：[營運] 不適當商業假設；法令遵循：（未填）；RoMM：（RoMM 分類未填）；重大科目／聲明：（重大科目未填）／（聲明未填）），設計控制目標為「銷貨預測被正確地計算及記錄」。由1. 業務單位
2. 市場研究單位
3. 運營單位
4. 業務支援單位以人工方式、採預防性控制取向、屬（類型未填）類型，依每年執行下列控制活動：年度銷售計劃的訂定應考量銷售預測資料及相關策略及計畫，並經權責主管核准。。控制執行時使用之 IUC／制度為「ERP」。投入（Inputs）：ERP。覆核／執行步驟（Specific activities）：年度銷售計劃的訂定應考量銷售預測資料及相關策略及計畫，並經權責主管核准。。產出（Outputs）：年度銷售預算計畫。","[銷售及收款循環｜財務計畫／預算／預測] 銷貨預測被正確地計算及記錄：年度銷售計劃的訂定應考量銷售預測資料及相關策略及計畫，並經權責主管核准。（頻率：每年；負責：1. 業務單位
2. 市場研究單位
3. 運營單位
4. 業務支援單位；IUC：ERP）",CS101-2,RCM;銷售及收款循環;累積範本;去識別範本,2026-08-26 16:28:17
PL-CS101-3,銷貨預測被正確地計算及記錄,銷售及收款循環,CS101,銷售預測及計畫作業,規劃,規劃,不精準的的市場需求與供應預測,營運面,,[營運] 不精準的的市場需求與供應預測,,,,,銷貨預測被正確地計算及記錄,應定期檢討每年度銷售預測及實際銷售情形，經權責主管核准後留存相關軌跡。,每週／每月／每季,業務單位,ERP,ERP,銷售預測管理辦法,,業務週報,,,,,,,人工,偵測性 (Detective),,,,業務週報,,,"就公司現行銷售及收款循環作業，為因應「規劃」風險——不精準的的市場需求與供應預測（風險三大屬性—財務報導：（未填）；營運：[營運] 不精準的的市場需求與供應預測；法令遵循：（未填）；RoMM：（RoMM 分類未填）；重大科目／聲明：（重大科目未填）／（聲明未填）），設計控制目標為「銷貨預測被正確地計算及記錄」。由業務單位以人工方式、採偵測性控制取向、屬（類型未填）類型，依每週／
每月／
每季執行下列控制活動：應定期檢討每年度銷售預測及實際銷售情形，經權責主管核准後留存相關軌跡。。控制執行時使用之 IUC／制度為「ERP」。投入（Inputs）：ERP。覆核／執行步驟（Specific activities）：應定期檢討每年度銷售預測及實際銷售情形，經權責主管核准後留存相關軌跡。。產出（Outputs）：業務週報。","[銷售及收款循環｜規劃] 銷貨預測被正確地計算及記錄：應定期檢討每年度銷售預測及實際銷售情形，經權責主管核准後留存相關軌跡。（頻率：每週／
每月／
每季；負責：業務單位；IUC：ERP）",CS101-3,RCM;銷售及收款循環;累積範本;去識別範本,2026-08-26 16:28:17
PL-CS102-1,對外報價價格被正確控管,銷售及收款循環,CS102,報價作業,定價,定價,產品／服務的定價不當,營運面,,[營運] 產品／服務的定價不當,,,,,對外報價價格被正確控管,對外報價資訊應統一由權責人員控管，並經權責主管核准後，始得提交予客戶。,不定期,"1. 業務單位
2. 業務支援單位
3. 運營單位",流程管理系統,流程管理系統,訂價原則與報價作業管理辦法,,"1. 效益評估
2. 報價檢核表（S6-013-B-01）
3. 簽呈
4. 報價單",,,,,,,人工,預防性 (Preventive),,,,"1. 效益評估
2. 報價檢核表（S6-013-B-01）
3. 簽呈
4. 報價單",,,"就公司現行銷售及收款循環作業，為因應「定價」風險——產品／服務的定價不當（風險三大屬性—財務報導：（未填）；營運：[營運] 產品／服務的定價不當；法令遵循：（未填）；RoMM：（RoMM 分類未填）；重大科目／聲明：（重大科目未填）／（聲明未填）），設計控制目標為「對外報價價格被正確控管」。由1. 業務單位
2. 業務支援單位
3. 運營單位以人工方式、採預防性控制取向、屬（類型未填）類型，依不定期執行下列控制活動：對外報價資訊應統一由權責人員控管，並經權責主管核准後，始得提交予客戶。。控制執行時使用之 IUC／制度為「流程管理系統」。投入（Inputs）：流程管理系統。覆核／執行步驟（Specific activities）：對外報價資訊應統一由權責人員控管，並經權責主管核准後，始得提交予客戶。。產出（Outputs）：1. 效益評估
2. 報價檢核表（S6-013-B-01）
3. 簽呈
4. 報價單。","[銷售及收款循環｜定價] 對外報價價格被正確控管：對外報價資訊應統一由權責人員控管，並經權責主管核准後，始得提交予客戶。（頻率：不定期；負責：1. 業務單位
2. 業務支援單位
3. 運營單位；IUC：流程管理系統）",CS102-1,RCM;銷售及收款循環;累積範本;去識別範本,2026-08-26 16:28:17
PL-CS102-2,僅有有效的異動才會更新價格主檔,銷售及收款循環,CS102,報價作業,會計,會計,不實的財務資訊,報導面,[財務報導] 不實的財務資訊,,,,應收帳款，銷售收入淨額,,僅有有效的異動才會更新價格主檔,報價權責人員於輸入價格主檔前應確認客戶回覆之報價單或PO與原始報價資料之一致性，並由第三人確認輸入資料之完整性及正確性。,不定期,"1. 業務單位
2. 業務支援單位",,,,,,,,,,,,人工,預防性 (Preventive),,,,,,,"就公司現行銷售及收款循環作業，為因應「會計」風險——不實的財務資訊（風險三大屬性—財務報導：[財務報導] 不實的財務資訊；營運：（未填）；法令遵循：（未填）；RoMM：（RoMM 分類未填）；重大科目／聲明：應收帳款，銷售收入淨額／（聲明未填）），設計控制目標為「僅有有效的異動才會更新價格主檔」。由1. 業務單位
2. 業務支援單位以人工方式、採預防性控制取向、屬（類型未填）類型，依不定期執行下列控制活動：報價權責人員於輸入價格主檔前應確認客戶回覆之報價單或PO與原始報價資料之一致性，並由第三人確認輸入資料之完整性及正確性。。控制執行時使用之 IUC／制度為「（未指定 IUC／制度）」。投入（Inputs）：（請補充投入資訊）。覆核／執行步驟（Specific activities）：報價權責人員於輸入價格主檔前應確認客戶回覆之報價單或PO與原始報價資料之一致性，並由第三人確認輸入資料之完整性及正確性。。產出（Outputs）：（請補充控制產出／留存軌跡）。","[銷售及收款循環｜會計] 僅有有效的異動才會更新價格主檔：報價權責人員於輸入價格主檔前應確認客戶回覆之報價單或PO與原始報價資料之一致性，並由第三人確認輸入資料之完整性及正確性。（頻率：不定期；負責：1. 業務單位
2. 業務支援單位；IUC：—）",CS102-2,RCM;銷售及收款循環;累積範本;去識別範本,2026-08-26 16:28:17
PL-CS103-1,修改客戶主檔應經適當授權並驗證其正確性及持續有效性。,銷售及收款循環,CS103,客戶資料管理作業,會計,會計,不實的財務資訊,報導面,[財務報導] 不實的財務資訊,,,,應收帳款，銷貨收入淨額,,修改客戶主檔應經適當授權並驗證其正確性及持續有效性。,客戶主檔異動申請應建立書面記錄，以便權責主管覆核客戶主檔異動之正確性，並由獨立第三人核對系統更正資料之完整性及正確性，相關軌跡應完整留存。,不定期,"1. 業務單位
2. 業務支援單位",ERP,ERP,,,客戶基本資料表,,,,,,,人工,預防性 (Preventive),,,,客戶基本資料表,,,"就公司現行銷售及收款循環作業，為因應「會計」風險——不實的財務資訊（風險三大屬性—財務報導：[財務報導] 不實的財務資訊；營運：（未填）；法令遵循：（未填）；RoMM：（RoMM 分類未填）；重大科目／聲明：應收帳款，銷貨收入淨額／（聲明未填）），設計控制目標為「修改客戶主檔應經適當授權並驗證其正確性及持續有效性。」。由1. 業務單位
2. 業務支援單位以人工方式、採預防性控制取向、屬（類型未填）類型，依不定期執行下列控制活動：客戶主檔異動申請應建立書面記錄，以便權責主管覆核客戶主檔異動之正確性，並由獨立第三人核對系統更正資料之完整性及正確性，相關軌跡應完整留存。。控制執行時使用之 IUC／制度為「ERP」。投入（Inputs）：ERP。覆核／執行步驟（Specific activities）：客戶主檔異動申請應建立書面記錄，以便權責主管覆核客戶主檔異動之正確性，並由獨立第三人核對系統更正資料之完整性及正確性，相關軌跡應完整留存。。產出（Outputs）：客戶基本資料表。","[銷售及收款循環｜會計] 修改客戶主檔應經適當授權並驗證其正確性及持續有效性。：客戶主檔異動申請應建立書面記錄，以便權責主管覆核客戶主檔異動之正確性，並由獨立第三人核對系統更正資料之完整性及正確性，相關軌跡應完整留存。（頻率：不定期；負責：1. 業務單位
2. 業務支援單位；IUC：ERP）",CS103-1,RCM;銷售及收款循環;累積範本;去識別範本,2026-08-26 16:28:17
PL-CS103-2,應正確且即時的處理客戶主檔之修改申請。,銷售及收款循環,CS103,客戶資料管理作業,會計,會計,不實的財務資訊,報導面,[財務報導] 不實的財務資訊,,,,應收帳款，銷售收入淨額,,應正確且即時的處理客戶主檔之修改申請。,權責主管應定期檢查客戶主檔之明細，以確認其客戶主檔仍屬有效及正確。,每週,業務支援單位,ERP,ERP,,,客戶主檔異動明細覆核紀錄,,,,,,,人工,偵測性 (Detective),,,,客戶主檔異動明細覆核紀錄,,,就公司現行銷售及收款循環作業，為因應「會計」風險——不實的財務資訊（風險三大屬性—財務報導：[財務報導] 不實的財務資訊；營運：（未填）；法令遵循：（未填）；RoMM：（RoMM 分類未填）；重大科目／聲明：應收帳款，銷售收入淨額／（聲明未填）），設計控制目標為「應正確且即時的處理客戶主檔之修改申請。」。由業務支援單位以人工方式、採偵測性控制取向、屬（類型未填）類型，依每週執行下列控制活動：權責主管應定期檢查客戶主檔之明細，以確認其客戶主檔仍屬有效及正確。。控制執行時使用之 IUC／制度為「ERP」。投入（Inputs）：ERP。覆核／執行步驟（Specific activities）：權責主管應定期檢查客戶主檔之明細，以確認其客戶主檔仍屬有效及正確。。產出（Outputs）：客戶主檔異動明細覆核紀錄。,[銷售及收款循環｜會計] 應正確且即時的處理客戶主檔之修改申請。：權責主管應定期檢查客戶主檔之明細，以確認其客戶主檔仍屬有效及正確。（頻率：每週；負責：業務支援單位；IUC：ERP）,CS103-2,RCM;銷售及收款循環;累積範本;去識別範本,2026-08-26 16:28:17
PL-CS103-3,修改客戶主檔應經適當授權並驗證其正確性及持續有效性。,銷售及收款循環,CS103,客戶資料管理作業,會計,會計,不實的財務資訊,報導面,[財務報導] 不實的財務資訊,,,,應收帳款，銷售收入淨額,,修改客戶主檔應經適當授權並驗證其正確性及持續有效性。,針對於長期未下單或確定不再交易之客戶，應申請凍結客戶主檔並由權責主管核准。,每年,業務支援單位,ERP,ERP,,,久未交易客戶覆核及凍結記錄,,,,,,,人工,預防性 (Preventive),,,,久未交易客戶覆核及凍結記錄,,,就公司現行銷售及收款循環作業，為因應「會計」風險——不實的財務資訊（風險三大屬性—財務報導：[財務報導] 不實的財務資訊；營運：（未填）；法令遵循：（未填）；RoMM：（RoMM 分類未填）；重大科目／聲明：應收帳款，銷售收入淨額／（聲明未填）），設計控制目標為「修改客戶主檔應經適當授權並驗證其正確性及持續有效性。」。由業務支援單位以人工方式、採預防性控制取向、屬（類型未填）類型，依每年執行下列控制活動：針對於長期未下單或確定不再交易之客戶，應申請凍結客戶主檔並由權責主管核准。。控制執行時使用之 IUC／制度為「ERP」。投入（Inputs）：ERP。覆核／執行步驟（Specific activities）：針對於長期未下單或確定不再交易之客戶，應申請凍結客戶主檔並由權責主管核准。。產出（Outputs）：久未交易客戶覆核及凍結記錄。,[銷售及收款循環｜會計] 修改客戶主檔應經適當授權並驗證其正確性及持續有效性。：針對於長期未下單或確定不再交易之客戶，應申請凍結客戶主檔並由權責主管核准。（頻率：每年；負責：業務支援單位；IUC：ERP）,CS103-3,RCM;銷售及收款循環;累積範本;去識別範本,2026-08-26 16:28:17
PL-CS104-1,處理客戶訂單前應先確認其是否已建立信用額度或信用額度是否足夠。,銷售及收款循環,CS104,客戶信用管理作業,授信,授信,未妥善維護客戶信用相關資訊,營運面,,[營運] 未妥善維護客戶信用相關資訊,,,,,處理客戶訂單前應先確認其是否已建立信用額度或信用額度是否足夠。,新增或修正客戶風險等級及信用額度時，信控人員應依據已經權責主管核准之相關資料及授信政策，評估客戶之風險等級及授信額度。,不定期,"1. 業務支援單位
2. 財務單位",ERP,ERP,授信作業管理辦法,,"1. 客戶授信額度分級評核表（S6-003-A-01）
2. 授信額度申請暨變更申請表（S6-003-B-01）",,,,,,,人工,預防性 (Preventive),,,,"1. 客戶授信額度分級評核表（S6-003-A-01）
2. 授信額度申請暨變更申請表（S6-003-B-01）",,,"就公司現行銷售及收款循環作業，為因應「授信」風險——未妥善維護客戶信用相關資訊（風險三大屬性—財務報導：（未填）；營運：[營運] 未妥善維護客戶信用相關資訊；法令遵循：（未填）；RoMM：（RoMM 分類未填）；重大科目／聲明：（重大科目未填）／（聲明未填）），設計控制目標為「處理客戶訂單前應先確認其是否已建立信用額度或信用額度是否足夠。」。由1. 業務支援單位
2. 財務單位以人工方式、採預防性控制取向、屬（類型未填）類型，依不定期執行下列控制活動：新增或修正客戶風險等級及信用額度時，信控人員應依據已經權責主管核准之相關資料及授信政策，評估客戶之風險等級及授信額度。。控制執行時使用之 IUC／制度為「ERP」。投入（Inputs）：ERP。覆核／執行步驟（Specific activities）：新增或修正客戶風險等級及信用額度時，信控人員應依據已經權責主管核准之相關資料及授信政策，評估客戶之風險等級及授信額度。。產出（Outputs）：1. 客戶授信額度分級評核表（S6-003-A-01）
2. 授信額度申請暨變更申請表（S6-003-B-01）。","[銷售及收款循環｜授信] 處理客戶訂單前應先確認其是否已建立信用額度或信用額度是否足夠。：新增或修正客戶風險等級及信用額度時，信控人員應依據已經權責主管核准之相關資料及授信政策，評估客戶之風險等級及授信額度。（頻率：不定期；負責：1. 業務支援單位
2. 財務單位；IUC：ERP）",CS104-1,RCM;銷售及收款循環;累積範本;去識別範本,2026-08-26 16:28:17
PL-CS104-2,處理客戶訂單前應先確認其是否已建立信用額度或信用額度是否足夠。,銷售及收款循環,CS104,客戶信用管理作業,授信,授信,未妥善維護客戶信用相關資訊,營運面,,[營運] 未妥善維護客戶信用相關資訊,,,,,處理客戶訂單前應先確認其是否已建立信用額度或信用額度是否足夠。,負責新增及維護客戶信用主檔之人員應經權責主管適當授權，並將權限設定於應用系統中。,持續,財務單位,ERP,ERP,授信作業管理辦法,,,,,,,,,自動,預防性 (Preventive),,,,,,,就公司現行銷售及收款循環作業，為因應「授信」風險——未妥善維護客戶信用相關資訊（風險三大屬性—財務報導：（未填）；營運：[營運] 未妥善維護客戶信用相關資訊；法令遵循：（未填）；RoMM：（RoMM 分類未填）；重大科目／聲明：（重大科目未填）／（聲明未填）），設計控制目標為「處理客戶訂單前應先確認其是否已建立信用額度或信用額度是否足夠。」。由財務單位以自動方式、採預防性控制取向、屬（類型未填）類型，依持續執行下列控制活動：負責新增及維護客戶信用主檔之人員應經權責主管適當授權，並將權限設定於應用系統中。。控制執行時使用之 IUC／制度為「ERP」。投入（Inputs）：ERP。覆核／執行步驟（Specific activities）：負責新增及維護客戶信用主檔之人員應經權責主管適當授權，並將權限設定於應用系統中。。產出（Outputs）：（請補充控制產出／留存軌跡）。,[銷售及收款循環｜授信] 處理客戶訂單前應先確認其是否已建立信用額度或信用額度是否足夠。：負責新增及維護客戶信用主檔之人員應經權責主管適當授權，並將權限設定於應用系統中。（頻率：持續；負責：財務單位；IUC：ERP）,CS104-2,RCM;銷售及收款循環;累積範本;去識別範本,2026-08-26 16:28:17
PL-CS104-3,處理客戶訂單前應先確認其是否已建立信用額度或信用額度是否足夠。,銷售及收款循環,CS104,客戶信用管理作業,授信,授信,缺乏有效之授信管理程序,營運面,,[營運] 缺乏有效之授信管理程序,,,,,處理客戶訂單前應先確認其是否已建立信用額度或信用額度是否足夠。,公司應訂定信用額度授與及控管之政策，並且將此政策宣導至相關單位。,持續,業務支援單位,授信作業管理辦法,,授信作業管理辦法,,授信作業管理辦法,,,,,,,人工,預防性 (Preventive),,,,授信作業管理辦法,,,就公司現行銷售及收款循環作業，為因應「授信」風險——缺乏有效之授信管理程序（風險三大屬性—財務報導：（未填）；營運：[營運] 缺乏有效之授信管理程序；法令遵循：（未填）；RoMM：（RoMM 分類未填）；重大科目／聲明：（重大科目未填）／（聲明未填）），設計控制目標為「處理客戶訂單前應先確認其是否已建立信用額度或信用額度是否足夠。」。由業務支援單位以人工方式、採預防性控制取向、屬（類型未填）類型，依持續執行下列控制活動：公司應訂定信用額度授與及控管之政策，並且將此政策宣導至相關單位。。控制執行時使用之 IUC／制度為「授信作業管理辦法」。投入（Inputs）：授信作業管理辦法。覆核／執行步驟（Specific activities）：公司應訂定信用額度授與及控管之政策，並且將此政策宣導至相關單位。。產出（Outputs）：授信作業管理辦法。,[銷售及收款循環｜授信] 處理客戶訂單前應先確認其是否已建立信用額度或信用額度是否足夠。：公司應訂定信用額度授與及控管之政策，並且將此政策宣導至相關單位。（頻率：持續；負責：業務支援單位；IUC：授信作業管理辦法）,CS104-3,RCM;銷售及收款循環;累積範本;去識別範本,2026-08-26 16:28:17
PL-CS104-4,信用額度應定期評估。,銷售及收款循環,CS104,客戶信用管理作業,授信,授信,未妥善維護客戶信用相關資訊,營運面,,[營運] 未妥善維護客戶信用相關資訊,,,,,信用額度應定期評估。,信用控管單位應定期評估所有客戶信用額度之適當性，針對應收帳款惡化或顯現不利償債能力之客戶，應執行債權確保法律程序，於信控主檔調整風險等級及信用額度。,每週／每半年,"1. 業務支援單位
2. 財務單位",ERP,ERP,授信作業管理辦法,,累計營收前十大客戶明細及建議報告（S6-003-D-01）,,,,,,,人工,偵測性 (Detective),,,,累計營收前十大客戶明細及建議報告（S6-003-D-01）,,,"就公司現行銷售及收款循環作業，為因應「授信」風險——未妥善維護客戶信用相關資訊（風險三大屬性—財務報導：（未填）；營運：[營運] 未妥善維護客戶信用相關資訊；法令遵循：（未填）；RoMM：（RoMM 分類未填）；重大科目／聲明：（重大科目未填）／（聲明未填）），設計控制目標為「信用額度應定期評估。」。由1. 業務支援單位
2. 財務單位以人工方式、採偵測性控制取向、屬（類型未填）類型，依每週／
每半年執行下列控制活動：信用控管單位應定期評估所有客戶信用額度之適當性，針對應收帳款惡化或顯現不利償債能力之客戶，應執行債權確保法律程序，於信控主檔調整風險等級及信用額度。。控制執行時使用之 IUC／制度為「ERP」。投入（Inputs）：ERP。覆核／執行步驟（Specific activities）：信用控管單位應定期評估所有客戶信用額度之適當性，針對應收帳款惡化或顯現不利償債能力之客戶，應執行債權確保法律程序，於信控主檔調整風險等級及信用額度。。產出（Outputs）：累計營收前十大客戶明細及建議報告（S6-003-D-01）。","[銷售及收款循環｜授信] 信用額度應定期評估。：信用控管單位應定期評估所有客戶信用額度之適當性，針對應收帳款惡化或顯現不利償債能力之客戶，應執行債權確保法律程序，於信控主檔調整風險等級及信用額度。（頻率：每週／
每半年；負責：1. 業務支援單位
2. 財務單位；IUC：ERP）",CS104-4,RCM;銷售及收款循環;累積範本;去識別範本,2026-08-26 16:28:17
PL-CS104-5,處理客戶訂單前應先確認其是否已建立信用額度或信用額度是否足夠。,銷售及收款循環,CS104,客戶信用管理作業,授信,授信,未妥善維護客戶信用相關資訊,營運面,,[營運] 未妥善維護客戶信用相關資訊,,,,,處理客戶訂單前應先確認其是否已建立信用額度或信用額度是否足夠。,針對已接近或超過信用額度上限之客戶，系統應能辨別且發出警訊。,持續,業務支援單位,ERP,ERP,授信作業管理辦法,,,,,,,,,自動,預防性 (Preventive),,,,,,,就公司現行銷售及收款循環作業，為因應「授信」風險——未妥善維護客戶信用相關資訊（風險三大屬性—財務報導：（未填）；營運：[營運] 未妥善維護客戶信用相關資訊；法令遵循：（未填）；RoMM：（RoMM 分類未填）；重大科目／聲明：（重大科目未填）／（聲明未填）），設計控制目標為「處理客戶訂單前應先確認其是否已建立信用額度或信用額度是否足夠。」。由業務支援單位以自動方式、採預防性控制取向、屬（類型未填）類型，依持續執行下列控制活動：針對已接近或超過信用額度上限之客戶，系統應能辨別且發出警訊。。控制執行時使用之 IUC／制度為「ERP」。投入（Inputs）：ERP。覆核／執行步驟（Specific activities）：針對已接近或超過信用額度上限之客戶，系統應能辨別且發出警訊。。產出（Outputs）：（請補充控制產出／留存軌跡）。,[銷售及收款循環｜授信] 處理客戶訂單前應先確認其是否已建立信用額度或信用額度是否足夠。：針對已接近或超過信用額度上限之客戶，系統應能辨別且發出警訊。（頻率：持續；負責：業務支援單位；IUC：ERP）,CS104-5,RCM;銷售及收款循環;累積範本;去識別範本,2026-08-26 16:28:17
PL-CS104-6,處理客戶訂單前應先確認其是否已建立信用額度或信用額度是否足夠。,銷售及收款循環,CS104,客戶信用管理作業,授信,授信,未妥善維護客戶信用相關資訊,營運面,,[營運] 未妥善維護客戶信用相關資訊,,,,,處理客戶訂單前應先確認其是否已建立信用額度或信用額度是否足夠。,已被限制交易之客戶應經權責主管核准後，始得以放行訂單。,不定期,"1. 業務支援單位
2. 財務單位",ERP,ERP,授信作業管理辦法,,當次信用額度寬放申請單（S6-003-C-01）,,,,,,,人工,預防性 (Preventive),,,,當次信用額度寬放申請單（S6-003-C-01）,,,"就公司現行銷售及收款循環作業，為因應「授信」風險——未妥善維護客戶信用相關資訊（風險三大屬性—財務報導：（未填）；營運：[營運] 未妥善維護客戶信用相關資訊；法令遵循：（未填）；RoMM：（RoMM 分類未填）；重大科目／聲明：（重大科目未填）／（聲明未填）），設計控制目標為「處理客戶訂單前應先確認其是否已建立信用額度或信用額度是否足夠。」。由1. 業務支援單位
2. 財務單位以人工方式、採預防性控制取向、屬（類型未填）類型，依不定期執行下列控制活動：已被限制交易之客戶應經權責主管核准後，始得以放行訂單。。控制執行時使用之 IUC／制度為「ERP」。投入（Inputs）：ERP。覆核／執行步驟（Specific activities）：已被限制交易之客戶應經權責主管核准後，始得以放行訂單。。產出（Outputs）：當次信用額度寬放申請單（S6-003-C-01）。","[銷售及收款循環｜授信] 處理客戶訂單前應先確認其是否已建立信用額度或信用額度是否足夠。：已被限制交易之客戶應經權責主管核准後，始得以放行訂單。（頻率：不定期；負責：1. 業務支援單位
2. 財務單位；IUC：ERP）",CS104-6,RCM;銷售及收款循環;累積範本;去識別範本,2026-08-26 16:28:17
PL-CS105-1,所有自客戶接獲之訂單應正確輸入系統。,銷售及收款循環,CS105,訂單處理作業,會計,會計,不實的財務資訊,報導面,[財務報導] 不實的財務資訊,,,,應收帳款，銷售收入淨額,,所有自客戶接獲之訂單應正確輸入系統。,Sales Orders應依據客戶訂單建立並經權責主管核准。,持續,業務支援單位,ERP,ERP,訂單管理作業程序,,Sales Order,,,,,,,自動,預防性 (Preventive),,,,Sales Order,,,就公司現行銷售及收款循環作業，為因應「會計」風險——不實的財務資訊（風險三大屬性—財務報導：[財務報導] 不實的財務資訊；營運：（未填）；法令遵循：（未填）；RoMM：（RoMM 分類未填）；重大科目／聲明：應收帳款，銷售收入淨額／（聲明未填）），設計控制目標為「所有自客戶接獲之訂單應正確輸入系統。」。由業務支援單位以自動方式、採預防性控制取向、屬（類型未填）類型，依持續執行下列控制活動：Sales Orders應依據客戶訂單建立並經權責主管核准。。控制執行時使用之 IUC／制度為「ERP」。投入（Inputs）：ERP。覆核／執行步驟（Specific activities）：Sales Orders應依據客戶訂單建立並經權責主管核准。。產出（Outputs）：Sales Order。,[銷售及收款循環｜會計] 所有自客戶接獲之訂單應正確輸入系統。：Sales Orders應依據客戶訂單建立並經權責主管核准。（頻率：持續；負責：業務支援單位；IUC：ERP）,CS105-1,RCM;銷售及收款循環;累積範本;去識別範本,2026-08-26 16:28:17
PL-CS105-2,接受訂單應經權責主管核准單價及交易條件，且所有經過核准之訂單始可輸入系統並處理。,銷售及收款循環,CS105,訂單處理作業,資訊安全,資訊安全,無效果／無效率的存取控制,營運面,,[營運] 無效果／無效率的存取控制,,,,,接受訂單應經權責主管核准單價及交易條件，且所有經過核准之訂單始可輸入系統並處理。,ERP應限制僅有經授權之人員始能新增、修改或刪除Sales Orders。,持續,業務支援單位,ERP,ERP,,,,,,,,,,自動,預防性 (Preventive),,,,,,,就公司現行銷售及收款循環作業，為因應「資訊安全」風險——無效果／無效率的存取控制（風險三大屬性—財務報導：（未填）；營運：[營運] 無效果／無效率的存取控制；法令遵循：（未填）；RoMM：（RoMM 分類未填）；重大科目／聲明：（重大科目未填）／（聲明未填）），設計控制目標為「接受訂單應經權責主管核准單價及交易條件，且所有經過核准之訂單始可輸入系統並處理。」。由業務支援單位以自動方式、採預防性控制取向、屬（類型未填）類型，依持續執行下列控制活動：ERP應限制僅有經授權之人員始能新增、修改或刪除Sales Orders。。控制執行時使用之 IUC／制度為「ERP」。投入（Inputs）：ERP。覆核／執行步驟（Specific activities）：ERP應限制僅有經授權之人員始能新增、修改或刪除Sales Orders。。產出（Outputs）：（請補充控制產出／留存軌跡）。,[銷售及收款循環｜資訊安全] 接受訂單應經權責主管核准單價及交易條件，且所有經過核准之訂單始可輸入系統並處理。：ERP應限制僅有經授權之人員始能新增、修改或刪除Sales Orders。（頻率：持續；負責：業務支援單位；IUC：ERP）,CS105-2,RCM;銷售及收款循環;累積範本;去識別範本,2026-08-26 16:28:17
PL-CS105-3,接受訂單應經權責主管核准單價及交易條件，且所有經過核准之訂單始可輸入系統並處理。,銷售及收款循環,CS105,訂單處理作業,資訊安全,資訊安全,無效果／無效率的存取控制,營運面,,[營運] 無效果／無效率的存取控制,,,,,接受訂單應經權責主管核准單價及交易條件，且所有經過核准之訂單始可輸入系統並處理。,ERP應限制僅有經授權之人員始能異動ERP之銷售價格資訊。,持續,業務支援單位,,,,,,,,,,,,自動,預防性 (Preventive),,,,,,,就公司現行銷售及收款循環作業，為因應「資訊安全」風險——無效果／無效率的存取控制（風險三大屬性—財務報導：（未填）；營運：[營運] 無效果／無效率的存取控制；法令遵循：（未填）；RoMM：（RoMM 分類未填）；重大科目／聲明：（重大科目未填）／（聲明未填）），設計控制目標為「接受訂單應經權責主管核准單價及交易條件，且所有經過核准之訂單始可輸入系統並處理。」。由業務支援單位以自動方式、採預防性控制取向、屬（類型未填）類型，依持續執行下列控制活動：ERP應限制僅有經授權之人員始能異動ERP之銷售價格資訊。。控制執行時使用之 IUC／制度為「（未指定 IUC／制度）」。投入（Inputs）：（請補充投入資訊）。覆核／執行步驟（Specific activities）：ERP應限制僅有經授權之人員始能異動ERP之銷售價格資訊。。產出（Outputs）：（請補充控制產出／留存軌跡）。,[銷售及收款循環｜資訊安全] 接受訂單應經權責主管核准單價及交易條件，且所有經過核准之訂單始可輸入系統並處理。：ERP應限制僅有經授權之人員始能異動ERP之銷售價格資訊。（頻率：持續；負責：業務支援單位；IUC：—）,CS105-3,RCM;銷售及收款循環;累積範本;去識別範本,2026-08-26 16:28:17
PL-CS105-4,所有自客戶接獲之訂單應輸入系統並處理。,銷售及收款循環,CS105,訂單處理作業,會計,會計,不實的財務資訊,報導面,[財務報導] 不實的財務資訊,,,,應收帳款，銷售收入淨額,,所有自客戶接獲之訂單應輸入系統並處理。,輸入系統之Sales Orders，系統應順序給予連續編號。,持續,業務支援單位,ERP,ERP,,,,,,,,,,自動,預防性 (Preventive),,,,,,,就公司現行銷售及收款循環作業，為因應「會計」風險——不實的財務資訊（風險三大屬性—財務報導：[財務報導] 不實的財務資訊；營運：（未填）；法令遵循：（未填）；RoMM：（RoMM 分類未填）；重大科目／聲明：應收帳款，銷售收入淨額／（聲明未填）），設計控制目標為「所有自客戶接獲之訂單應輸入系統並處理。」。由業務支援單位以自動方式、採預防性控制取向、屬（類型未填）類型，依持續執行下列控制活動：輸入系統之Sales Orders，系統應順序給予連續編號。。控制執行時使用之 IUC／制度為「ERP」。投入（Inputs）：ERP。覆核／執行步驟（Specific activities）：輸入系統之Sales Orders，系統應順序給予連續編號。。產出（Outputs）：（請補充控制產出／留存軌跡）。,[銷售及收款循環｜會計] 所有自客戶接獲之訂單應輸入系統並處理。：輸入系統之Sales Orders，系統應順序給予連續編號。（頻率：持續；負責：業務支援單位；IUC：ERP）,CS105-4,RCM;銷售及收款循環;累積範本;去識別範本,2026-08-26 16:28:17
PL-CS105-5,所有自客戶接獲之訂單應輸入系統並處理。,銷售及收款循環,CS105,訂單處理作業,會計,會計,不實的財務資訊,報導面,[財務報導] 不實的財務資訊,,,,應收帳款，銷售收入淨額,,所有自客戶接獲之訂單應輸入系統並處理。,權責主管應定期覆核系統所產生之未結Sales Orders明細，以確認Sales Orders皆即時被處理。,每月,業務支援單位,未結訂單檢視紀錄,,,,未結訂單檢視紀錄,,,,,,,人工,偵測性 (Detective),,,,未結訂單檢視紀錄,,,就公司現行銷售及收款循環作業，為因應「會計」風險——不實的財務資訊（風險三大屬性—財務報導：[財務報導] 不實的財務資訊；營運：（未填）；法令遵循：（未填）；RoMM：（RoMM 分類未填）；重大科目／聲明：應收帳款，銷售收入淨額／（聲明未填）），設計控制目標為「所有自客戶接獲之訂單應輸入系統並處理。」。由業務支援單位以人工方式、採偵測性控制取向、屬（類型未填）類型，依每月執行下列控制活動：權責主管應定期覆核系統所產生之未結Sales Orders明細，以確認Sales Orders皆即時被處理。。控制執行時使用之 IUC／制度為「未結訂單檢視紀錄」。投入（Inputs）：未結訂單檢視紀錄。覆核／執行步驟（Specific activities）：權責主管應定期覆核系統所產生之未結Sales Orders明細，以確認Sales Orders皆即時被處理。。產出（Outputs）：未結訂單檢視紀錄。,[銷售及收款循環｜會計] 所有自客戶接獲之訂單應輸入系統並處理。：權責主管應定期覆核系統所產生之未結Sales Orders明細，以確認Sales Orders皆即時被處理。（頻率：每月；負責：業務支援單位；IUC：未結訂單檢視紀錄）,CS105-5,RCM;銷售及收款循環;累積範本;去識別範本,2026-08-26 16:28:17
PL-CS105-6,接受訂單及取消訂單輸入應正確。,銷售及收款循環,CS105,訂單處理作業,資訊安全,資訊安全,無效果／無效率的存取控制,營運面,,[營運] 無效果／無效率的存取控制,,,,,接受訂單及取消訂單輸入應正確。,Sales Orders修改應取得客戶確認且核對客戶原始文件，方可於系統異動。,不定期,"1. 業務支援單位
2. 生／物管單位",ERP,ERP,訂單變更殘材處理管理辦法,,Sales Order,,,,,,,人工,預防性 (Preventive),,,,Sales Order,,,"就公司現行銷售及收款循環作業，為因應「資訊安全」風險——無效果／無效率的存取控制（風險三大屬性—財務報導：（未填）；營運：[營運] 無效果／無效率的存取控制；法令遵循：（未填）；RoMM：（RoMM 分類未填）；重大科目／聲明：（重大科目未填）／（聲明未填）），設計控制目標為「接受訂單及取消訂單輸入應正確。」。由1. 業務支援單位
2. 生／物管單位以人工方式、採預防性控制取向、屬（類型未填）類型，依不定期執行下列控制活動：Sales Orders修改應取得客戶確認且核對客戶原始文件，方可於系統異動。。控制執行時使用之 IUC／制度為「ERP」。投入（Inputs）：ERP。覆核／執行步驟（Specific activities）：Sales Orders修改應取得客戶確認且核對客戶原始文件，方可於系統異動。。產出（Outputs）：Sales Order。","[銷售及收款循環｜資訊安全] 接受訂單及取消訂單輸入應正確。：Sales Orders修改應取得客戶確認且核對客戶原始文件，方可於系統異動。（頻率：不定期；負責：1. 業務支援單位
2. 生／物管單位；IUC：ERP）",CS105-6,RCM;銷售及收款循環;累積範本;去識別範本,2026-08-26 16:28:17
PL-CS105-7,接受訂單及取消訂單輸入應正確。,銷售及收款循環,CS105,訂單處理作業,定價,定價,產品／服務的定價不當,營運面,,[營運] 產品／服務的定價不當,,,,,接受訂單及取消訂單輸入應正確。,Sales Orders修改應經權責主管核准，並確實送交報價權責人員針對要求賠償之金額進行報價。,不定期,Refer o CS105-6,Refer o CS105-6,Refer o CS105-6,Refer o CS105-6,Refer o CS105-6,Refer o CS105-6,,,,,,,人工,預防性 (Preventive),,,,Refer o CS105-6,,,就公司現行銷售及收款循環作業，為因應「定價」風險——產品／服務的定價不當（風險三大屬性—財務報導：（未填）；營運：[營運] 產品／服務的定價不當；法令遵循：（未填）；RoMM：（RoMM 分類未填）；重大科目／聲明：（重大科目未填）／（聲明未填）），設計控制目標為「接受訂單及取消訂單輸入應正確。」。由Refer o CS105-6以人工方式、採預防性控制取向、屬（類型未填）類型，依不定期執行下列控制活動：Sales Orders修改應經權責主管核准，並確實送交報價權責人員針對要求賠償之金額進行報價。。控制執行時使用之 IUC／制度為「Refer o CS105-6」。投入（Inputs）：Refer o CS105-6。覆核／執行步驟（Specific activities）：Sales Orders修改應經權責主管核准，並確實送交報價權責人員針對要求賠償之金額進行報價。。產出（Outputs）：Refer o CS105-6。,[銷售及收款循環｜定價] 接受訂單及取消訂單輸入應正確。：Sales Orders修改應經權責主管核准，並確實送交報價權責人員針對要求賠償之金額進行報價。（頻率：不定期；負責：Refer o CS105-6；IUC：Refer o CS105-6）,CS105-7,RCM;銷售及收款循環;累積範本;去識別範本,2026-08-26 16:28:17
PL-CS106-1,出貨係依據有效訂單及合約,銷售及收款循環,CS106,交貨或提供勞務作業,運送／交貨,運送／交貨,訂單及交期確認流程缺乏效率,營運面,,[營運] 訂單及交期確認流程缺乏效率,,,,,出貨係依據有效訂單及合約,所有交貨計畫應與訂單、合約一致，如有差異應取得另外的客戶指示。,不定期,業務支援單位,ERP,ERP,訂單管理作業程序,,Delivery Note,,,,,,,人工,預防性 (Preventive),,,,Delivery Note,,,就公司現行銷售及收款循環作業，為因應「運送／交貨」風險——訂單及交期確認流程缺乏效率（風險三大屬性—財務報導：（未填）；營運：[營運] 訂單及交期確認流程缺乏效率；法令遵循：（未填）；RoMM：（RoMM 分類未填）；重大科目／聲明：（重大科目未填）／（聲明未填）），設計控制目標為「出貨係依據有效訂單及合約」。由業務支援單位以人工方式、採預防性控制取向、屬（類型未填）類型，依不定期執行下列控制活動：所有交貨計畫應與訂單、合約一致，如有差異應取得另外的客戶指示。。控制執行時使用之 IUC／制度為「ERP」。投入（Inputs）：ERP。覆核／執行步驟（Specific activities）：所有交貨計畫應與訂單、合約一致，如有差異應取得另外的客戶指示。。產出（Outputs）：Delivery Note。,[銷售及收款循環｜運送／交貨] 出貨係依據有效訂單及合約：所有交貨計畫應與訂單、合約一致，如有差異應取得另外的客戶指示。（頻率：不定期；負責：業務支援單位；IUC：ERP）,CS106-1,RCM;銷售及收款循環;累積範本;去識別範本,2026-08-26 16:28:17
PL-CS106-2,貨物交付均取得合法外部憑證,銷售及收款循環,CS106,交貨或提供勞務作業,運送／交貨,運送／交貨,運輸／物流公司服務不可靠,營運面,,[營運] 運輸／物流公司服務不可靠,,,,,貨物交付均取得合法外部憑證,交付貨物予客戶或客戶指定運輸公司後，應進行簽收，並將簽收紀錄妥為保管。,不定期,倉管單位,ERP,ERP,訂單管理作業程序,,Delivery Note,,,,,,,人工,預防性 (Preventive),,,,Delivery Note,,,就公司現行銷售及收款循環作業，為因應「運送／交貨」風險——運輸／物流公司服務不可靠（風險三大屬性—財務報導：（未填）；營運：[營運] 運輸／物流公司服務不可靠；法令遵循：（未填）；RoMM：（RoMM 分類未填）；重大科目／聲明：（重大科目未填）／（聲明未填）），設計控制目標為「貨物交付均取得合法外部憑證」。由倉管單位以人工方式、採預防性控制取向、屬（類型未填）類型，依不定期執行下列控制活動：交付貨物予客戶或客戶指定運輸公司後，應進行簽收，並將簽收紀錄妥為保管。。控制執行時使用之 IUC／制度為「ERP」。投入（Inputs）：ERP。覆核／執行步驟（Specific activities）：交付貨物予客戶或客戶指定運輸公司後，應進行簽收，並將簽收紀錄妥為保管。。產出（Outputs）：Delivery Note。,[銷售及收款循環｜運送／交貨] 貨物交付均取得合法外部憑證：交付貨物予客戶或客戶指定運輸公司後，應進行簽收，並將簽收紀錄妥為保管。（頻率：不定期；負責：倉管單位；IUC：ERP）,CS106-2,RCM;銷售及收款循環;累積範本;去識別範本,2026-08-26 16:28:17
PL-CS106-3,所有貨品及勞務交易資訊皆應記錄於系統,銷售及收款循環,CS106,交貨或提供勞務作業,會計,會計,不實的財務資訊,報導面,[財務報導] 不實的財務資訊,,,,應收帳款，銷售收入淨額,,所有貨品及勞務交易資訊皆應記錄於系統,定期檢視所有勞務服務皆已於適當期間完成系統登帳作業。,不定期／每月,業務支援單位,ERP,ERP,訂單管理作業程序,,Delivery Note,,,,,,,人工,預防性 (Preventive),,,,Delivery Note,,,就公司現行銷售及收款循環作業，為因應「會計」風險——不實的財務資訊（風險三大屬性—財務報導：[財務報導] 不實的財務資訊；營運：（未填）；法令遵循：（未填）；RoMM：（RoMM 分類未填）；重大科目／聲明：應收帳款，銷售收入淨額／（聲明未填）），設計控制目標為「所有貨品及勞務交易資訊皆應記錄於系統」。由業務支援單位以人工方式、採預防性控制取向、屬（類型未填）類型，依不定期／每月執行下列控制活動：定期檢視所有勞務服務皆已於適當期間完成系統登帳作業。。控制執行時使用之 IUC／制度為「ERP」。投入（Inputs）：ERP。覆核／執行步驟（Specific activities）：定期檢視所有勞務服務皆已於適當期間完成系統登帳作業。。產出（Outputs）：Delivery Note。,[銷售及收款循環｜會計] 所有貨品及勞務交易資訊皆應記錄於系統：定期檢視所有勞務服務皆已於適當期間完成系統登帳作業。（頻率：不定期／每月；負責：業務支援單位；IUC：ERP）,CS106-3,RCM;銷售及收款循環;累積範本;去識別範本,2026-08-26 16:28:17
PL-CS106-4,執行業務符合法令規範之要求,銷售及收款循環,CS106,交貨或提供勞務作業,法律和法規遵循,法律和法規遵循,針對法令遵循的實施與執行未有監督機制,遵循面,,,[法令遵循] 針對法令遵循的實施與執行未有監督機制,,,,執行業務符合法令規範之要求,公司設置相關出口及保稅業務時，應依據相關法規規定編制帳冊、報表及相關申請文件，送主管機關或海關取得核可。,持續,進出口單位,"1. Delivery Note
2. Packing List
3. Invoice",,"訂單管理作業程序
進出口管理辦法","1. 關稅法
2. 科技產業園區設置管理條例","1. Delivery Note
2. Packing List
3. Invoice",,,,,,,人工,預防性 (Preventive),,,,"1. Delivery Note
2. Packing List
3. Invoice",,,"就公司現行銷售及收款循環作業，為因應「法律和法規遵循」風險——針對法令遵循的實施與執行未有監督機制（風險三大屬性—財務報導：（未填）；營運：（未填）；法令遵循：[法令遵循] 針對法令遵循的實施與執行未有監督機制；RoMM：（RoMM 分類未填）；重大科目／聲明：（重大科目未填）／（聲明未填）），設計控制目標為「執行業務符合法令規範之要求」。由進出口單位以人工方式、採預防性控制取向、屬（類型未填）類型，依持續執行下列控制活動：公司設置相關出口及保稅業務時，應依據相關法規規定編制帳冊、報表及相關申請文件，送主管機關或海關取得核可。。控制執行時使用之 IUC／制度為「1. Delivery Note
2. Packing List
3. Invoice」。投入（Inputs）：1. Delivery Note
2. Packing List
3. Invoice。覆核／執行步驟（Specific activities）：公司設置相關出口及保稅業務時，應依據相關法規規定編制帳冊、報表及相關申請文件，送主管機關或海關取得核可。。產出（Outputs）：1. Delivery Note
2. Packing List
3. Invoice。","[銷售及收款循環｜法律和法規遵循] 執行業務符合法令規範之要求：公司設置相關出口及保稅業務時，應依據相關法規規定編制帳冊、報表及相關申請文件，送主管機關或海關取得核可。（頻率：持續；負責：進出口單位；IUC：1. Delivery Note
2. Packing List
3. Invoice）",CS106-4,RCM;銷售及收款循環;累積範本;去識別範本,2026-08-26 16:28:17
PL-CS106-5,執行業務符合法令規範之要求,銷售及收款循環,CS106,交貨或提供勞務作業,法律和法規遵循,法律和法規遵循,針對法令遵循的實施與執行未有監督機制,遵循面,,,[法令遵循] 針對法令遵循的實施與執行未有監督機制,,,,執行業務符合法令規範之要求,公司輸出入貨品時，應依據相關法規備妥申請文件，送主管機關取得核可。,不定期,業務支援單位,,,訂單管理作業程序,貿易法,,,,,,,,人工,預防性 (Preventive),,,,,,,就公司現行銷售及收款循環作業，為因應「法律和法規遵循」風險——針對法令遵循的實施與執行未有監督機制（風險三大屬性—財務報導：（未填）；營運：（未填）；法令遵循：[法令遵循] 針對法令遵循的實施與執行未有監督機制；RoMM：（RoMM 分類未填）；重大科目／聲明：（重大科目未填）／（聲明未填）），設計控制目標為「執行業務符合法令規範之要求」。由業務支援單位以人工方式、採預防性控制取向、屬（類型未填）類型，依不定期執行下列控制活動：公司輸出入貨品時，應依據相關法規備妥申請文件，送主管機關取得核可。。控制執行時使用之 IUC／制度為「（未指定 IUC／制度）」。投入（Inputs）：（請補充投入資訊）。覆核／執行步驟（Specific activities）：公司輸出入貨品時，應依據相關法規備妥申請文件，送主管機關取得核可。。產出（Outputs）：（請補充控制產出／留存軌跡）。,[銷售及收款循環｜法律和法規遵循] 執行業務符合法令規範之要求：公司輸出入貨品時，應依據相關法規備妥申請文件，送主管機關取得核可。（頻率：不定期；負責：業務支援單位；IUC：—）,CS106-5,RCM;銷售及收款循環;累積範本;去識別範本,2026-08-26 16:28:17
PL-CS106-6,出貨係依據有效訂單及合約,銷售及收款循環,CS106,交貨或提供勞務作業,運送／交貨,運送／交貨,無效率之訂單管理及驗證過程,營運面,,[營運] 無效率之訂單管理及驗證過程,,,,,出貨係依據有效訂單及合約,特殊或非常規之客戶訂單價格未談定前不應放行出貨。,持續,業務支援單位,ERP,ERP,訂單管理作業程序,,Delivery Note,,,,,,,自動,預防性 (Preventive),,,,Delivery Note,,,就公司現行銷售及收款循環作業，為因應「運送／交貨」風險——無效率之訂單管理及驗證過程（風險三大屬性—財務報導：（未填）；營運：[營運] 無效率之訂單管理及驗證過程；法令遵循：（未填）；RoMM：（RoMM 分類未填）；重大科目／聲明：（重大科目未填）／（聲明未填）），設計控制目標為「出貨係依據有效訂單及合約」。由業務支援單位以自動方式、採預防性控制取向、屬（類型未填）類型，依持續執行下列控制活動：特殊或非常規之客戶訂單價格未談定前不應放行出貨。。控制執行時使用之 IUC／制度為「ERP」。投入（Inputs）：ERP。覆核／執行步驟（Specific activities）：特殊或非常規之客戶訂單價格未談定前不應放行出貨。。產出（Outputs）：Delivery Note。,[銷售及收款循環｜運送／交貨] 出貨係依據有效訂單及合約：特殊或非常規之客戶訂單價格未談定前不應放行出貨。（頻率：持續；負責：業務支援單位；IUC：ERP）,CS106-6,RCM;銷售及收款循環;累積範本;去識別範本,2026-08-26 16:28:17
PL-CS106-7,存貨是可銷售的或可使用的，並有適當之保全。,銷售及收款循環,CS106,交貨或提供勞務作業,流程管理,流程管理,無法追踪資產及相關資訊,營運面,,[營運] 無法追踪資產及相關資訊,,,"存貨，
銷貨成本",,存貨是可銷售的或可使用的，並有適當之保全。,應定期檢視Hub倉存貨狀態及庫存數量之正確性。,,業務支援單位,,,,,,,,,,,,人工,預防性 (Preventive),,,,,,,"就公司現行銷售及收款循環作業，為因應「流程管理」風險——無法追踪資產及相關資訊（風險三大屬性—財務報導：（未填）；營運：[營運] 無法追踪資產及相關資訊；法令遵循：（未填）；RoMM：（RoMM 分類未填）；重大科目／聲明：存貨，
銷貨成本／（聲明未填）），設計控制目標為「存貨是可銷售的或可使用的，並有適當之保全。」。由業務支援單位以人工方式、採預防性控制取向、屬（類型未填）類型，依（頻率未填）執行下列控制活動：應定期檢視Hub倉存貨狀態及庫存數量之正確性。。控制執行時使用之 IUC／制度為「（未指定 IUC／制度）」。投入（Inputs）：（請補充投入資訊）。覆核／執行步驟（Specific activities）：應定期檢視Hub倉存貨狀態及庫存數量之正確性。。產出（Outputs）：（請補充控制產出／留存軌跡）。",[銷售及收款循環｜流程管理] 存貨是可銷售的或可使用的，並有適當之保全。：應定期檢視Hub倉存貨狀態及庫存數量之正確性。（頻率：—；負責：業務支援單位；IUC：—）,CS106-7,RCM;銷售及收款循環;累積範本;去識別範本,2026-08-26 16:28:17
PL-CS107-1,發票上所記載之交易條件及單價應取得適當授權，且經正確計算及記錄。,銷售及收款循環,CS107,開立銷貨發票作業,會計,會計,對會計分錄的控制不足,報導面,[財務報導] 對會計分錄的控制不足,,,,應收帳款，銷售收入淨額,,發票上所記載之交易條件及單價應取得適當授權，且經正確計算及記錄。,系統應能自動核對發票資訊（Billing Invoice）、經核准之訂單（Sales Order）及出貨單。,持續,業務支援單位,ERP,ERP,,,,,,,,,,自動,預防性 (Preventive),,,,,,,就公司現行銷售及收款循環作業，為因應「會計」風險——對會計分錄的控制不足（風險三大屬性—財務報導：[財務報導] 對會計分錄的控制不足；營運：（未填）；法令遵循：（未填）；RoMM：（RoMM 分類未填）；重大科目／聲明：應收帳款，銷售收入淨額／（聲明未填）），設計控制目標為「發票上所記載之交易條件及單價應取得適當授權，且經正確計算及記錄。」。由業務支援單位以自動方式、採預防性控制取向、屬（類型未填）類型，依持續執行下列控制活動：系統應能自動核對發票資訊（Billing Invoice）、經核准之訂單（Sales Order）及出貨單。。控制執行時使用之 IUC／制度為「ERP」。投入（Inputs）：ERP。覆核／執行步驟（Specific activities）：系統應能自動核對發票資訊（Billing Invoice）、經核准之訂單（Sales Order）及出貨單。。產出（Outputs）：（請補充控制產出／留存軌跡）。,[銷售及收款循環｜會計] 發票上所記載之交易條件及單價應取得適當授權，且經正確計算及記錄。：系統應能自動核對發票資訊（Billing Invoice）、經核准之訂單（Sales Order）及出貨單。（頻率：持續；負責：業務支援單位；IUC：ERP）,CS107-1,RCM;銷售及收款循環;累積範本;去識別範本,2026-08-26 16:28:17
PL-CS107-2,所有貨品及勞務交易資訊皆應記錄於系統。,銷售及收款循環,CS107,開立銷貨發票作業,會計,會計,不實的財務資訊,報導面,[財務報導] 不實的財務資訊,,,,應收帳款，銷售收入淨額,,所有貨品及勞務交易資訊皆應記錄於系統。,所有已出貨之貨品或勞務完成時，相關資訊應即時轉入系統並產生Billing Invoice。,持續,業務支援單位,ERP,ERP,,,,,,,,,,自動,預防性 (Preventive),,,,,,,就公司現行銷售及收款循環作業，為因應「會計」風險——不實的財務資訊（風險三大屬性—財務報導：[財務報導] 不實的財務資訊；營運：（未填）；法令遵循：（未填）；RoMM：（RoMM 分類未填）；重大科目／聲明：應收帳款，銷售收入淨額／（聲明未填）），設計控制目標為「所有貨品及勞務交易資訊皆應記錄於系統。」。由業務支援單位以自動方式、採預防性控制取向、屬（類型未填）類型，依持續執行下列控制活動：所有已出貨之貨品或勞務完成時，相關資訊應即時轉入系統並產生Billing Invoice。。控制執行時使用之 IUC／制度為「ERP」。投入（Inputs）：ERP。覆核／執行步驟（Specific activities）：所有已出貨之貨品或勞務完成時，相關資訊應即時轉入系統並產生Billing Invoice。。產出（Outputs）：（請補充控制產出／留存軌跡）。,[銷售及收款循環｜會計] 所有貨品及勞務交易資訊皆應記錄於系統。：所有已出貨之貨品或勞務完成時，相關資訊應即時轉入系統並產生Billing Invoice。（頻率：持續；負責：業務支援單位；IUC：ERP）,CS107-2,RCM;銷售及收款循環;累積範本;去識別範本,2026-08-26 16:28:17
PL-CS107-3,發票開立均經過主管核准及確認正確性,銷售及收款循環,CS107,開立銷貨發票作業,會計,會計,不實的財務資訊,報導面,[財務報導] 不實的財務資訊,,,,應收帳款，銷售收入淨額,,發票開立均經過主管核准及確認正確性,Billing Invoice寄送前應由權責人員覆核其內容與出貨或勞務之資訊一致性。,持續,業務支援單位,ERP,ERP,,,統一發票,,,,,,,自動,預防性 (Preventive),,,,統一發票,,,就公司現行銷售及收款循環作業，為因應「會計」風險——不實的財務資訊（風險三大屬性—財務報導：[財務報導] 不實的財務資訊；營運：（未填）；法令遵循：（未填）；RoMM：（RoMM 分類未填）；重大科目／聲明：應收帳款，銷售收入淨額／（聲明未填）），設計控制目標為「發票開立均經過主管核准及確認正確性」。由業務支援單位以自動方式、採預防性控制取向、屬（類型未填）類型，依持續執行下列控制活動：Billing Invoice寄送前應由權責人員覆核其內容與出貨或勞務之資訊一致性。。控制執行時使用之 IUC／制度為「ERP」。投入（Inputs）：ERP。覆核／執行步驟（Specific activities）：Billing Invoice寄送前應由權責人員覆核其內容與出貨或勞務之資訊一致性。。產出（Outputs）：統一發票。,[銷售及收款循環｜會計] 發票開立均經過主管核准及確認正確性：Billing Invoice寄送前應由權責人員覆核其內容與出貨或勞務之資訊一致性。（頻率：持續；負責：業務支援單位；IUC：ERP）,CS107-3,RCM;銷售及收款循環;累積範本;去識別範本,2026-08-26 16:28:17
PL-CS107-4,所有運交客戶之貨品皆應開立發票。,銷售及收款循環,CS107,開立銷貨發票作業,會計,會計,不實的財務資訊,報導面,[財務報導] 不實的財務資訊,,,,應收帳款，銷售收入淨額,,所有運交客戶之貨品皆應開立發票。,權責主管應定期覆核系統所產生之已交運但未開立發票(Invoice)之貨品明細，及已產生Debit或Credi Note Request但未產生正式之Debit或Credi Note。,每月,"1. 會計單位
2. 業務支援單位",ERP,ERP,,,"1. 已出貨但尚未產生請款文件清單覆核紀錄
2. 請款文件清單覆核紀錄",,,,,,,人工,偵測性 (Detective),,,,"1. 已出貨但尚未產生請款文件清單覆核紀錄
2. 請款文件清單覆核紀錄",,,"就公司現行銷售及收款循環作業，為因應「會計」風險——不實的財務資訊（風險三大屬性—財務報導：[財務報導] 不實的財務資訊；營運：（未填）；法令遵循：（未填）；RoMM：（RoMM 分類未填）；重大科目／聲明：應收帳款，銷售收入淨額／（聲明未填）），設計控制目標為「所有運交客戶之貨品皆應開立發票。」。由1. 會計單位
2. 業務支援單位以人工方式、採偵測性控制取向、屬（類型未填）類型，依每月執行下列控制活動：權責主管應定期覆核系統所產生之已交運但未開立發票(Invoice)之貨品明細，及已產生Debit或Credi Note Request但未產生正式之Debit或Credi Note。。控制執行時使用之 IUC／制度為「ERP」。投入（Inputs）：ERP。覆核／執行步驟（Specific activities）：權責主管應定期覆核系統所產生之已交運但未開立發票(Invoice)之貨品明細，及已產生Debit或Credi Note Request但未產生正式之Debit或Credi Note。。產出（Outputs）：1. 已出貨但尚未產生請款文件清單覆核紀錄
2. 請款文件清單覆核紀錄。","[銷售及收款循環｜會計] 所有運交客戶之貨品皆應開立發票。：權責主管應定期覆核系統所產生之已交運但未開立發票(Invoice)之貨品明細，及已產生Debit或Credi Note Request但未產生正式之Debit或Credi Note。（頻率：每月；負責：1. 會計單位
2. 業務支援單位；IUC：ERP）",CS107-4,RCM;銷售及收款循環;累積範本;去識別範本,2026-08-26 16:28:17
PL-CS107-5,所有已開立之發票皆經紀錄。,銷售及收款循環,CS107,開立銷貨發票作業,會計,會計,不實的財務資訊,報導面,[財務報導] 不實的財務資訊,,,,應收帳款，銷售收入淨額,,所有已開立之發票皆經紀錄。,權責主管應定期覆核系統產生之已開立Billing Invoice但未過帳明細，並分析其差異原因。,每月,會計單位,ERP,ERP,,,請款文件清單覆核紀錄,,,,,,,人工,偵測性 (Detective),,,,請款文件清單覆核紀錄,,,就公司現行銷售及收款循環作業，為因應「會計」風險——不實的財務資訊（風險三大屬性—財務報導：[財務報導] 不實的財務資訊；營運：（未填）；法令遵循：（未填）；RoMM：（RoMM 分類未填）；重大科目／聲明：應收帳款，銷售收入淨額／（聲明未填）），設計控制目標為「所有已開立之發票皆經紀錄。」。由會計單位以人工方式、採偵測性控制取向、屬（類型未填）類型，依每月執行下列控制活動：權責主管應定期覆核系統產生之已開立Billing Invoice但未過帳明細，並分析其差異原因。。控制執行時使用之 IUC／制度為「ERP」。投入（Inputs）：ERP。覆核／執行步驟（Specific activities）：權責主管應定期覆核系統產生之已開立Billing Invoice但未過帳明細，並分析其差異原因。。產出（Outputs）：請款文件清單覆核紀錄。,[銷售及收款循環｜會計] 所有已開立之發票皆經紀錄。：權責主管應定期覆核系統產生之已開立Billing Invoice但未過帳明細，並分析其差異原因。（頻率：每月；負責：會計單位；IUC：ERP）,CS107-5,RCM;銷售及收款循環;累積範本;去識別範本,2026-08-26 16:28:17
PL-CS107-6,所有已開立發票皆應記錄於適當之會計期間。,銷售及收款循環,CS107,開立銷貨發票作業,會計,會計,不實的財務資訊,報導面,[財務報導] 不實的財務資訊,,,,應收帳款，銷售收入淨額,,所有已開立發票皆應記錄於適當之會計期間。,權責主管應覆核所有接近結帳日之交易，以確保收入認列係歸屬於正確之會計期間。,每月,"1. 會計單位
2. 業務支援單位",ERP,ERP,,,已出貨但尚未產生請款文件清單覆核紀錄,,,,,,,人工,偵測性 (Detective),,,,已出貨但尚未產生請款文件清單覆核紀錄,,,"就公司現行銷售及收款循環作業，為因應「會計」風險——不實的財務資訊（風險三大屬性—財務報導：[財務報導] 不實的財務資訊；營運：（未填）；法令遵循：（未填）；RoMM：（RoMM 分類未填）；重大科目／聲明：應收帳款，銷售收入淨額／（聲明未填）），設計控制目標為「所有已開立發票皆應記錄於適當之會計期間。」。由1. 會計單位
2. 業務支援單位以人工方式、採偵測性控制取向、屬（類型未填）類型，依每月執行下列控制活動：權責主管應覆核所有接近結帳日之交易，以確保收入認列係歸屬於正確之會計期間。。控制執行時使用之 IUC／制度為「ERP」。投入（Inputs）：ERP。覆核／執行步驟（Specific activities）：權責主管應覆核所有接近結帳日之交易，以確保收入認列係歸屬於正確之會計期間。。產出（Outputs）：已出貨但尚未產生請款文件清單覆核紀錄。","[銷售及收款循環｜會計] 所有已開立發票皆應記錄於適當之會計期間。：權責主管應覆核所有接近結帳日之交易，以確保收入認列係歸屬於正確之會計期間。（頻率：每月；負責：1. 會計單位
2. 業務支援單位；IUC：ERP）",CS107-6,RCM;銷售及收款循環;累積範本;去識別範本,2026-08-26 16:28:17
PL-CS107-7,執行業務符合法令規範之要求,銷售及收款循環,CS107,開立銷貨發票作業,稅務,稅務,無法符合稅務規定,遵循面,,,[法令遵循] 無法符合稅務規定,,,,執行業務符合法令規範之要求,若為已申報營業稅之發票申請作廢，應皆已檢附相關證明文件，申請專案退稅。若為未申報營業稅之發票申請作廢，應於原作廢發票存根聯上加蓋作廢章。,不定期,"1. 會計單位
2. 業務單位",ERP,ERP,,加值型及非加值型營業稅法,營業人銷貨退回折讓證明單,,,,,,,人工,預防性 (Preventive),,,,營業人銷貨退回折讓證明單,,,"就公司現行銷售及收款循環作業，為因應「稅務」風險——無法符合稅務規定（風險三大屬性—財務報導：（未填）；營運：（未填）；法令遵循：[法令遵循] 無法符合稅務規定；RoMM：（RoMM 分類未填）；重大科目／聲明：（重大科目未填）／（聲明未填）），設計控制目標為「執行業務符合法令規範之要求」。由1. 會計單位
2. 業務單位以人工方式、採預防性控制取向、屬（類型未填）類型，依不定期執行下列控制活動：若為已申報營業稅之發票申請作廢，應皆已檢附相關證明文件，申請專案退稅。若為未申報營業稅之發票申請作廢，應於原作廢發票存根聯上加蓋作廢章。。控制執行時使用之 IUC／制度為「ERP」。投入（Inputs）：ERP。覆核／執行步驟（Specific activities）：若為已申報營業稅之發票申請作廢，應皆已檢附相關證明文件，申請專案退稅。若為未申報營業稅之發票申請作廢，應於原作廢發票存根聯上加蓋作廢章。。產出（Outputs）：營業人銷貨退回折讓證明單。","[銷售及收款循環｜稅務] 執行業務符合法令規範之要求：若為已申報營業稅之發票申請作廢，應皆已檢附相關證明文件，申請專案退稅。若為未申報營業稅之發票申請作廢，應於原作廢發票存根聯上加蓋作廢章。（頻率：不定期；負責：1. 會計單位
2. 業務單位；IUC：ERP）",CS107-7,RCM;銷售及收款循環;累積範本;去識別範本,2026-08-26 16:28:17
PL-CS107-8,執行業務符合法令規範之要求,銷售及收款循環,CS107,開立銷貨發票作業,會計,會計,不實的財務資訊,報導面,[財務報導] 不實的財務資訊,,,,應收帳款，銷售收入淨額,,執行業務符合法令規範之要求,銷貨應皆已依據法令規定於法定期限內開立發票。,每月,會計單位,ERP,ERP,,,營收調節表,,,,,,,人工,預防性 (Preventive),,,,營收調節表,,,就公司現行銷售及收款循環作業，為因應「會計」風險——不實的財務資訊（風險三大屬性—財務報導：[財務報導] 不實的財務資訊；營運：（未填）；法令遵循：（未填）；RoMM：（RoMM 分類未填）；重大科目／聲明：應收帳款，銷售收入淨額／（聲明未填）），設計控制目標為「執行業務符合法令規範之要求」。由會計單位以人工方式、採預防性控制取向、屬（類型未填）類型，依每月執行下列控制活動：銷貨應皆已依據法令規定於法定期限內開立發票。。控制執行時使用之 IUC／制度為「ERP」。投入（Inputs）：ERP。覆核／執行步驟（Specific activities）：銷貨應皆已依據法令規定於法定期限內開立發票。。產出（Outputs）：營收調節表。,[銷售及收款循環｜會計] 執行業務符合法令規範之要求：銷貨應皆已依據法令規定於法定期限內開立發票。（頻率：每月；負責：會計單位；IUC：ERP）,CS107-8,RCM;銷售及收款循環;累積範本;去識別範本,2026-08-26 16:28:17
PL-CS107-9,發票資訊異動皆經適當授權,銷售及收款循環,CS107,開立銷貨發票作業,會計,會計,不實的財務資訊,報導面,[財務報導] 不實的財務資訊,,,,應收帳款，銷售收入淨額,,發票資訊異動皆經適當授權,異動Billing Rule應經申請並經權責主管核准後修改。,不定期,Refer o CS103-1,Refer o CS103-1,Refer o CS103-1,Refer o CS103-1,Refer o CS103-1,Refer o CS103-1,,,,,,,人工,預防性 (Preventive),,,,Refer o CS103-1,,,就公司現行銷售及收款循環作業，為因應「會計」風險——不實的財務資訊（風險三大屬性—財務報導：[財務報導] 不實的財務資訊；營運：（未填）；法令遵循：（未填）；RoMM：（RoMM 分類未填）；重大科目／聲明：應收帳款，銷售收入淨額／（聲明未填）），設計控制目標為「發票資訊異動皆經適當授權」。由Refer o CS103-1以人工方式、採預防性控制取向、屬（類型未填）類型，依不定期執行下列控制活動：異動Billing Rule應經申請並經權責主管核准後修改。。控制執行時使用之 IUC／制度為「Refer o CS103-1」。投入（Inputs）：Refer o CS103-1。覆核／執行步驟（Specific activities）：異動Billing Rule應經申請並經權責主管核准後修改。。產出（Outputs）：Refer o CS103-1。,[銷售及收款循環｜會計] 發票資訊異動皆經適當授權：異動Billing Rule應經申請並經權責主管核准後修改。（頻率：不定期；負責：Refer o CS103-1；IUC：Refer o CS103-1）,CS107-9,RCM;銷售及收款循環;累積範本;去識別範本,2026-08-26 16:28:17
PL-CS107-10,發票資訊異動皆經適當授權,銷售及收款循環,CS107,開立銷貨發票作業,會計,會計,不實的財務資訊,報導面,[財務報導] 不實的財務資訊,,,,應收帳款，銷售收入淨額,,發票資訊異動皆經適當授權,Cancel billing應提出申請並經權責主管簽核後由權責人員於SAP系統進行異動。,不定期,"1. 會計單位
2. 業務支援單位",ERP,ERP,,,取消請款文件申請,,,,,,,人工,預防性 (Preventive),,,,取消請款文件申請,,,"就公司現行銷售及收款循環作業，為因應「會計」風險——不實的財務資訊（風險三大屬性—財務報導：[財務報導] 不實的財務資訊；營運：（未填）；法令遵循：（未填）；RoMM：（RoMM 分類未填）；重大科目／聲明：應收帳款，銷售收入淨額／（聲明未填）），設計控制目標為「發票資訊異動皆經適當授權」。由1. 會計單位
2. 業務支援單位以人工方式、採預防性控制取向、屬（類型未填）類型，依不定期執行下列控制活動：Cancel billing應提出申請並經權責主管簽核後由權責人員於SAP系統進行異動。。控制執行時使用之 IUC／制度為「ERP」。投入（Inputs）：ERP。覆核／執行步驟（Specific activities）：Cancel billing應提出申請並經權責主管簽核後由權責人員於SAP系統進行異動。。產出（Outputs）：取消請款文件申請。","[銷售及收款循環｜會計] 發票資訊異動皆經適當授權：Cancel billing應提出申請並經權責主管簽核後由權責人員於SAP系統進行異動。（頻率：不定期；負責：1. 會計單位
2. 業務支援單位；IUC：ERP）",CS107-10,RCM;銷售及收款循環;累積範本;去識別範本,2026-08-26 16:28:17
PL-CS107-11,發票資訊異動皆經適當授權,銷售及收款循環,CS107,開立銷貨發票作業,會計,會計,不實的財務資訊,報導面,[財務報導] 不實的財務資訊,,,,應收帳款，銷售收入淨額,,發票資訊異動皆經適當授權,權責人員應定期確認Cancel Billing紀錄與ERP系統異動紀錄相符，若有不符，應進行瞭解，確認差異原因。,每月,"1. 會計單位
2. 業務支援單位",ERP,ERP,,,取消請款文件申請,,,,,,,人工,預防性 (Preventive),,,,取消請款文件申請,,,"就公司現行銷售及收款循環作業，為因應「會計」風險——不實的財務資訊（風險三大屬性—財務報導：[財務報導] 不實的財務資訊；營運：（未填）；法令遵循：（未填）；RoMM：（RoMM 分類未填）；重大科目／聲明：應收帳款，銷售收入淨額／（聲明未填）），設計控制目標為「發票資訊異動皆經適當授權」。由1. 會計單位
2. 業務支援單位以人工方式、採預防性控制取向、屬（類型未填）類型，依每月執行下列控制活動：權責人員應定期確認Cancel Billing紀錄與ERP系統異動紀錄相符，若有不符，應進行瞭解，確認差異原因。。控制執行時使用之 IUC／制度為「ERP」。投入（Inputs）：ERP。覆核／執行步驟（Specific activities）：權責人員應定期確認Cancel Billing紀錄與ERP系統異動紀錄相符，若有不符，應進行瞭解，確認差異原因。。產出（Outputs）：取消請款文件申請。","[銷售及收款循環｜會計] 發票資訊異動皆經適當授權：權責人員應定期確認Cancel Billing紀錄與ERP系統異動紀錄相符，若有不符，應進行瞭解，確認差異原因。（頻率：每月；負責：1. 會計單位
2. 業務支援單位；IUC：ERP）",CS107-11,RCM;銷售及收款循環;累積範本;去識別範本,2026-08-26 16:28:17
PL-CS108-1,所有銷貨皆應正確記錄於適當會計科目,銷售及收款循環,CS108,應收帳款與銷貨收入認列及管理作業,會計,會計,不實的財務資訊,報導面,[財務報導] 不實的財務資訊,,,,應收帳款，銷售收入淨額,,所有銷貨皆應正確記錄於適當會計科目,系統針對所有開立之Billing Invoice應自動拋轉，認列銷貨收入及應收帳款科目。,持續,"1. 會計單位
2. 業務支援單位",ERP,ERP,,,"1. 交貨證明
2. Delivery Note",,,,,,,自動,預防性 (Preventive),,,,"1. 交貨證明
2. Delivery Note",,,"就公司現行銷售及收款循環作業，為因應「會計」風險——不實的財務資訊（風險三大屬性—財務報導：[財務報導] 不實的財務資訊；營運：（未填）；法令遵循：（未填）；RoMM：（RoMM 分類未填）；重大科目／聲明：應收帳款，銷售收入淨額／（聲明未填）），設計控制目標為「所有銷貨皆應正確記錄於適當會計科目」。由1. 會計單位
2. 業務支援單位以自動方式、採預防性控制取向、屬（類型未填）類型，依持續執行下列控制活動：系統針對所有開立之Billing Invoice應自動拋轉，認列銷貨收入及應收帳款科目。。控制執行時使用之 IUC／制度為「ERP」。投入（Inputs）：ERP。覆核／執行步驟（Specific activities）：系統針對所有開立之Billing Invoice應自動拋轉，認列銷貨收入及應收帳款科目。。產出（Outputs）：1. 交貨證明
2. Delivery Note。","[銷售及收款循環｜會計] 所有銷貨皆應正確記錄於適當會計科目：系統針對所有開立之Billing Invoice應自動拋轉，認列銷貨收入及應收帳款科目。（頻率：持續；負責：1. 會計單位
2. 業務支援單位；IUC：ERP）",CS108-1,RCM;銷售及收款循環;累積範本;去識別範本,2026-08-26 16:28:17
PL-CS108-2,所有收款皆應輸入系統處理，並正確記錄於適當之會計期間。,銷售及收款循環,CS108,應收帳款與銷貨收入認列及管理作業,會計,會計,不實的財務資訊,報導面,[財務報導] 不實的財務資訊,,,,應收帳款，銷售收入淨額,,所有收款皆應輸入系統處理，並正確記錄於適當之會計期間。,客戶對帳單應定期寄發予客戶。,每月,業務支援單位,ERP,ERP,,,對帳單,,,,,,,人工,預防性 (Preventive),,,,對帳單,,,就公司現行銷售及收款循環作業，為因應「會計」風險——不實的財務資訊（風險三大屬性—財務報導：[財務報導] 不實的財務資訊；營運：（未填）；法令遵循：（未填）；RoMM：（RoMM 分類未填）；重大科目／聲明：應收帳款，銷售收入淨額／（聲明未填）），設計控制目標為「所有收款皆應輸入系統處理，並正確記錄於適當之會計期間。」。由業務支援單位以人工方式、採預防性控制取向、屬（類型未填）類型，依每月執行下列控制活動：客戶對帳單應定期寄發予客戶。。控制執行時使用之 IUC／制度為「ERP」。投入（Inputs）：ERP。覆核／執行步驟（Specific activities）：客戶對帳單應定期寄發予客戶。。產出（Outputs）：對帳單。,[銷售及收款循環｜會計] 所有收款皆應輸入系統處理，並正確記錄於適當之會計期間。：客戶對帳單應定期寄發予客戶。（頻率：每月；負責：業務支援單位；IUC：ERP）,CS108-2,RCM;銷售及收款循環;累積範本;去識別範本,2026-08-26 16:28:17
PL-CS108-3,權責主管應定期監督客戶是否依據協議之付款條件即時付款。,銷售及收款循環,CS108,應收帳款與銷貨收入認列及管理作業,會計,會計,不實的財務資訊,報導面,[財務報導] 不實的財務資訊,,,,應收帳款，銷售收入淨額,,權責主管應定期監督客戶是否依據協議之付款條件即時付款。,定期產生及分析ERP所產生之應收帳款帳齡分析表，並針對逾期之帳款執行催收程序。,每週,業務支援單位,ERP,ERP,,,週會報告,,,,,,,人工,偵測性 (Detective),,,,週會報告,,,就公司現行銷售及收款循環作業，為因應「會計」風險——不實的財務資訊（風險三大屬性—財務報導：[財務報導] 不實的財務資訊；營運：（未填）；法令遵循：（未填）；RoMM：（RoMM 分類未填）；重大科目／聲明：應收帳款，銷售收入淨額／（聲明未填）），設計控制目標為「權責主管應定期監督客戶是否依據協議之付款條件即時付款。」。由業務支援單位以人工方式、採偵測性控制取向、屬（類型未填）類型，依每週執行下列控制活動：定期產生及分析ERP所產生之應收帳款帳齡分析表，並針對逾期之帳款執行催收程序。。控制執行時使用之 IUC／制度為「ERP」。投入（Inputs）：ERP。覆核／執行步驟（Specific activities）：定期產生及分析ERP所產生之應收帳款帳齡分析表，並針對逾期之帳款執行催收程序。。產出（Outputs）：週會報告。,[銷售及收款循環｜會計] 權責主管應定期監督客戶是否依據協議之付款條件即時付款。：定期產生及分析ERP所產生之應收帳款帳齡分析表，並針對逾期之帳款執行催收程序。（頻率：每週；負責：業務支援單位；IUC：ERP）,CS108-3,RCM;銷售及收款循環;累積範本;去識別範本,2026-08-26 16:28:17
PL-CS108-4,應收帳款需能反映公司當前所面臨之商業環境及經濟狀況，並採用合適之會計政策。,銷售及收款循環,CS108,應收帳款與銷貨收入認列及管理作業,會計,會計,不實的財務資訊,報導面,[財務報導] 不實的財務資訊,,,,應收帳款，推銷費用,,應收帳款需能反映公司當前所面臨之商業環境及經濟狀況，並採用合適之會計政策。,權責主管應定期覆核及核准壞帳準備。,每月,會計單位,ERP,ERP,,,備抵呆帳入帳傳票,,,,,,,人工,偵測性 (Detective),,,,備抵呆帳入帳傳票,,,就公司現行銷售及收款循環作業，為因應「會計」風險——不實的財務資訊（風險三大屬性—財務報導：[財務報導] 不實的財務資訊；營運：（未填）；法令遵循：（未填）；RoMM：（RoMM 分類未填）；重大科目／聲明：應收帳款，推銷費用／（聲明未填）），設計控制目標為「應收帳款需能反映公司當前所面臨之商業環境及經濟狀況，並採用合適之會計政策。」。由會計單位以人工方式、採偵測性控制取向、屬（類型未填）類型，依每月執行下列控制活動：權責主管應定期覆核及核准壞帳準備。。控制執行時使用之 IUC／制度為「ERP」。投入（Inputs）：ERP。覆核／執行步驟（Specific activities）：權責主管應定期覆核及核准壞帳準備。。產出（Outputs）：備抵呆帳入帳傳票。,[銷售及收款循環｜會計] 應收帳款需能反映公司當前所面臨之商業環境及經濟狀況，並採用合適之會計政策。：權責主管應定期覆核及核准壞帳準備。（頻率：每月；負責：會計單位；IUC：ERP）,CS108-4,RCM;銷售及收款循環;累積範本;去識別範本,2026-08-26 16:28:17
PL-CS108-5,應收帳款之貸方金額應正確且合理,銷售及收款循環,CS108,應收帳款與銷貨收入認列及管理作業,會計,會計,不實的財務資訊,報導面,[財務報導] 不實的財務資訊,,,,應收帳款,,應收帳款之貸方金額應正確且合理,無法收回之帳款之備抵呆帳沖銷應有相關證明，且經權責主管核准。,不定期,"1.業務單位
2.會計單位",ERP,ERP,,,簽呈,,,,,,,人工,預防性 (Preventive),,,,簽呈,,,"就公司現行銷售及收款循環作業，為因應「會計」風險——不實的財務資訊（風險三大屬性—財務報導：[財務報導] 不實的財務資訊；營運：（未填）；法令遵循：（未填）；RoMM：（RoMM 分類未填）；重大科目／聲明：應收帳款／（聲明未填）），設計控制目標為「應收帳款之貸方金額應正確且合理」。由1.業務單位
2.會計單位以人工方式、採預防性控制取向、屬（類型未填）類型，依不定期執行下列控制活動：無法收回之帳款之備抵呆帳沖銷應有相關證明，且經權責主管核准。。控制執行時使用之 IUC／制度為「ERP」。投入（Inputs）：ERP。覆核／執行步驟（Specific activities）：無法收回之帳款之備抵呆帳沖銷應有相關證明，且經權責主管核准。。產出（Outputs）：簽呈。","[銷售及收款循環｜會計] 應收帳款之貸方金額應正確且合理：無法收回之帳款之備抵呆帳沖銷應有相關證明，且經權責主管核准。（頻率：不定期；負責：1.業務單位
2.會計單位；IUC：ERP）",CS108-5,RCM;銷售及收款循環;累積範本;去識別範本,2026-08-26 16:28:17
PL-CS109-1,票據業務皆應依照公司管理辦法執行,銷售及收款循環,CS109,收款作業,"會計/
流程管理","會計/
流程管理","不實的財務資訊/
無法追踪資產及相關資訊",報導面,"[財務報導] 不實的財務資訊/
無法追踪資產及相關資訊",,,,應收帳款,,票據業務皆應依照公司管理辦法執行,收受票據應依據票據之管理辦法執行。,不定期,財務單位,應收票據登記表,,收款管理辦法,,應收票據登記表,,,,,,,人工,預防性 (Preventive),,,,應收票據登記表,,,"就公司現行銷售及收款循環作業，為因應「會計/
流程管理」風險——不實的財務資訊/
無法追踪資產及相關資訊（風險三大屬性—財務報導：[財務報導] 不實的財務資訊/
無法追踪資產及相關資訊；營運：（未填）；法令遵循：（未填）；RoMM：（RoMM 分類未填）；重大科目／聲明：應收帳款／（聲明未填）），設計控制目標為「票據業務皆應依照公司管理辦法執行」。由財務單位以人工方式、採預防性控制取向、屬（類型未填）類型，依不定期執行下列控制活動：收受票據應依據票據之管理辦法執行。。控制執行時使用之 IUC／制度為「應收票據登記表」。投入（Inputs）：應收票據登記表。覆核／執行步驟（Specific activities）：收受票據應依據票據之管理辦法執行。。產出（Outputs）：應收票據登記表。","[銷售及收款循環｜會計/
流程管理] 票據業務皆應依照公司管理辦法執行：收受票據應依據票據之管理辦法執行。（頻率：不定期；負責：財務單位；IUC：應收票據登記表）",CS109-1,RCM;銷售及收款循環;累積範本;去識別範本,2026-08-26 16:28:17
PL-CS109-2,帳務調整皆應經過適當覆核，並產生相對應之憑證,銷售及收款循環,CS109,收款作業,會計,會計,不實的財務資訊,報導面,[財務報導] 不實的財務資訊,,,,應收帳款，銷售收入淨額,,帳務調整皆應經過適當覆核，並產生相對應之憑證,應核對客戶匯入款項與帳載之一致性後進行沖帳作業，並製作相關傳票由權責主管核准。,不定期,財務單位,ERP,ERP,收款管理辦法,,暫收款傳票,,,,,,,人工,預防性 (Preventive),,,,暫收款傳票,,,就公司現行銷售及收款循環作業，為因應「會計」風險——不實的財務資訊（風險三大屬性—財務報導：[財務報導] 不實的財務資訊；營運：（未填）；法令遵循：（未填）；RoMM：（RoMM 分類未填）；重大科目／聲明：應收帳款，銷售收入淨額／（聲明未填）），設計控制目標為「帳務調整皆應經過適當覆核，並產生相對應之憑證」。由財務單位以人工方式、採預防性控制取向、屬（類型未填）類型，依不定期執行下列控制活動：應核對客戶匯入款項與帳載之一致性後進行沖帳作業，並製作相關傳票由權責主管核准。。控制執行時使用之 IUC／制度為「ERP」。投入（Inputs）：ERP。覆核／執行步驟（Specific activities）：應核對客戶匯入款項與帳載之一致性後進行沖帳作業，並製作相關傳票由權責主管核准。。產出（Outputs）：暫收款傳票。,[銷售及收款循環｜會計] 帳務調整皆應經過適當覆核，並產生相對應之憑證：應核對客戶匯入款項與帳載之一致性後進行沖帳作業，並製作相關傳票由權責主管核准。（頻率：不定期；負責：財務單位；IUC：ERP）,CS109-2,RCM;銷售及收款循環;累積範本;去識別範本,2026-08-26 16:28:17
PL-CS109-3,若有提供客戶現金折讓(Cash Discount)，則應被正確計算及紀錄。,銷售及收款循環,CS109,收款作業,會計,會計,不實的財務資訊,報導面,[財務報導] 不實的財務資訊,,,,應收帳款，銷售收入淨額,,若有提供客戶現金折讓(Cash Discount)，則應被正確計算及紀錄。,應依據事前合約設定及事後實際交易條件計算現金折讓金額。,不定期,"1. 業務支援單位
2. 會計單位",ERP,ERP,,,"1. Credi Note
2. 現金折讓傳票",,,,,,,人工,偵測性 (Detective),,,,"1. Credi Note
2. 現金折讓傳票",,,"就公司現行銷售及收款循環作業，為因應「會計」風險——不實的財務資訊（風險三大屬性—財務報導：[財務報導] 不實的財務資訊；營運：（未填）；法令遵循：（未填）；RoMM：（RoMM 分類未填）；重大科目／聲明：應收帳款，銷售收入淨額／（聲明未填）），設計控制目標為「若有提供客戶現金折讓(Cash Discount)，則應被正確計算及紀錄。」。由1. 業務支援單位
2. 會計單位以人工方式、採偵測性控制取向、屬（類型未填）類型，依不定期執行下列控制活動：應依據事前合約設定及事後實際交易條件計算現金折讓金額。。控制執行時使用之 IUC／制度為「ERP」。投入（Inputs）：ERP。覆核／執行步驟（Specific activities）：應依據事前合約設定及事後實際交易條件計算現金折讓金額。。產出（Outputs）：1. Credi Note
2. 現金折讓傳票。","[銷售及收款循環｜會計] 若有提供客戶現金折讓(Cash Discount)，則應被正確計算及紀錄。：應依據事前合約設定及事後實際交易條件計算現金折讓金額。（頻率：不定期；負責：1. 業務支援單位
2. 會計單位；IUC：ERP）",CS109-3,RCM;銷售及收款循環;累積範本;去識別範本,2026-08-26 16:28:17
PL-CS109-4,所有收款皆應輸入系統處理，並正確記錄於適當之會計期間。,銷售及收款循環,CS109,收款作業,會計,會計,不實的財務資訊,報導面,[財務報導] 不實的財務資訊,,,,應收帳款，銷售收入淨額,,所有收款皆應輸入系統處理，並正確記錄於適當之會計期間。,權責主管應注意所有接近結帳日之收款，以確保記錄係歸屬於適當之會計期間。,每月,Refer o 採購及付款循環 CP106-12,Refer o 採購及付款循環 CP106-12,Refer o 採購及付款循環 CP106-12,Refer o 採購及付款循環 CP106-12,Refer o 採購及付款循環 CP106-12,Refer o 採購及付款循環 CP106-12,,,,,,,人工,偵測性 (Detective),,,,Refer o 採購及付款循環 CP106-12,,,就公司現行銷售及收款循環作業，為因應「會計」風險——不實的財務資訊（風險三大屬性—財務報導：[財務報導] 不實的財務資訊；營運：（未填）；法令遵循：（未填）；RoMM：（RoMM 分類未填）；重大科目／聲明：應收帳款，銷售收入淨額／（聲明未填）），設計控制目標為「所有收款皆應輸入系統處理，並正確記錄於適當之會計期間。」。由Refer o 採購及付款循環 CP106-12以人工方式、採偵測性控制取向、屬（類型未填）類型，依每月執行下列控制活動：權責主管應注意所有接近結帳日之收款，以確保記錄係歸屬於適當之會計期間。。控制執行時使用之 IUC／制度為「Refer o 採購及付款循環 CP106-12」。投入（Inputs）：Refer o 採購及付款循環 CP106-12。覆核／執行步驟（Specific activities）：權責主管應注意所有接近結帳日之收款，以確保記錄係歸屬於適當之會計期間。。產出（Outputs）：Refer o 採購及付款循環 CP106-12。,[銷售及收款循環｜會計] 所有收款皆應輸入系統處理，並正確記錄於適當之會計期間。：權責主管應注意所有接近結帳日之收款，以確保記錄係歸屬於適當之會計期間。（頻率：每月；負責：Refer o 採購及付款循環 CP106-12；IUC：Refer o 採購及付款循環 CP106-12）,CS109-4,RCM;銷售及收款循環;累積範本;去識別範本,2026-08-26 16:28:17
PL-CS109-5,所有收款皆應輸入系統處理，並正確記錄於適當之會計期間。,銷售及收款循環,CS109,收款作業,報告品質,報告品質,報告資訊缺乏完整性與正確性,報導面,[財務報導] 報告資訊缺乏完整性與正確性,,,,"Receivables, Sales",,所有收款皆應輸入系統處理，並正確記錄於適當之會計期間。,應定期製作銀行調節表，若有差異應追查原因，經辨認出之錯誤應即時入帳。,每月,Refer o 採購及付款循環 CP106-12,Refer o 採購及付款循環 CP106-12,Refer o 採購及付款循環 CP106-12,Refer o 採購及付款循環 CP106-12,Refer o 採購及付款循環 CP106-12,Refer o 採購及付款循環 CP106-12,,,,,,,人工,偵測性 (Detective),,,,Refer o 採購及付款循環 CP106-12,,,"就公司現行銷售及收款循環作業，為因應「報告品質」風險——報告資訊缺乏完整性與正確性（風險三大屬性—財務報導：[財務報導] 報告資訊缺乏完整性與正確性；營運：（未填）；法令遵循：（未填）；RoMM：（RoMM 分類未填）；重大科目／聲明：Receivables, Sales／（聲明未填）），設計控制目標為「所有收款皆應輸入系統處理，並正確記錄於適當之會計期間。」。由Refer o 採購及付款循環 CP106-12以人工方式、採偵測性控制取向、屬（類型未填）類型，依每月執行下列控制活動：應定期製作銀行調節表，若有差異應追查原因，經辨認出之錯誤應即時入帳。。控制執行時使用之 IUC／制度為「Refer o 採購及付款循環 CP106-12」。投入（Inputs）：Refer o 採購及付款循環 CP106-12。覆核／執行步驟（Specific activities）：應定期製作銀行調節表，若有差異應追查原因，經辨認出之錯誤應即時入帳。。產出（Outputs）：Refer o 採購及付款循環 CP106-12。",[銷售及收款循環｜報告品質] 所有收款皆應輸入系統處理，並正確記錄於適當之會計期間。：應定期製作銀行調節表，若有差異應追查原因，經辨認出之錯誤應即時入帳。（頻率：每月；負責：Refer o 採購及付款循環 CP106-12；IUC：Refer o 採購及付款循環 CP106-12）,CS109-5,RCM;銷售及收款循環;累積範本;去識別範本,2026-08-26 16:28:17
PL-CS110-1,及時處理客訴案件以降低公司損失,銷售及收款循環,CS110,客訴處理暨售後服務作業,客戶關係／客戶支援,客戶關係／客戶支援,"客戶關係管理欠佳/
不重視客戶滿意度",營運面,,"[營運] 客戶關係管理欠佳/
不重視客戶滿意度",,,,,及時處理客訴案件以降低公司損失,客戶抱怨調查文件應依據客訴處理相關辦法執行，並經權責主管審核後回覆客戶處理方式。,持續,"1. 業務支援單位
2. 品保單位
3. 業務單位","1. 客戶訴怨處理單
2. 客戶訴怨案件追蹤管制表",,"1. 客戶訴怨管理程序
2. 矯正與預防措施管制程序",,"1. 客戶訴怨處理單
2. 客戶訴怨案件追蹤管制表",,,,,,,人工,預防性 (Preventive),,,,"1. 客戶訴怨處理單
2. 客戶訴怨案件追蹤管制表",,,"就公司現行銷售及收款循環作業，為因應「客戶關係／客戶支援」風險——客戶關係管理欠佳/
不重視客戶滿意度（風險三大屬性—財務報導：（未填）；營運：[營運] 客戶關係管理欠佳/
不重視客戶滿意度；法令遵循：（未填）；RoMM：（RoMM 分類未填）；重大科目／聲明：（重大科目未填）／（聲明未填）），設計控制目標為「及時處理客訴案件以降低公司損失」。由1. 業務支援單位
2. 品保單位
3. 業務單位以人工方式、採預防性控制取向、屬（類型未填）類型，依持續執行下列控制活動：客戶抱怨調查文件應依據客訴處理相關辦法執行，並經權責主管審核後回覆客戶處理方式。。控制執行時使用之 IUC／制度為「1. 客戶訴怨處理單
2. 客戶訴怨案件追蹤管制表」。投入（Inputs）：1. 客戶訴怨處理單
2. 客戶訴怨案件追蹤管制表。覆核／執行步驟（Specific activities）：客戶抱怨調查文件應依據客訴處理相關辦法執行，並經權責主管審核後回覆客戶處理方式。。產出（Outputs）：1. 客戶訴怨處理單
2. 客戶訴怨案件追蹤管制表。","[銷售及收款循環｜客戶關係／客戶支援] 及時處理客訴案件以降低公司損失：客戶抱怨調查文件應依據客訴處理相關辦法執行，並經權責主管審核後回覆客戶處理方式。（頻率：持續；負責：1. 業務支援單位
2. 品保單位
3. 業務單位；IUC：1. 客戶訴怨處理單
2. 客戶訴怨案件追蹤管制表）",CS110-1,RCM;銷售及收款循環;累積範本;去識別範本,2026-08-26 16:28:17
PL-CS110-2,定期分析客訴案件以提升服務品質,銷售及收款循環,CS110,客訴處理暨售後服務作業,客戶關係／客戶支援,客戶關係／客戶支援,"客戶關係管理欠佳/
不重視客戶滿意度",營運面,,"[營運] 客戶關係管理欠佳/
不重視客戶滿意度",,,,,定期分析客訴案件以提升服務品質,應定期分析客戶抱怨資料，並確實提報權責主管或管理審查會。,不定期,品保單位,8D Report,,"1. 客戶訴怨管理程序
2. 矯正與預防措施管制程序",,8D Report,,,,,,,人工,偵測性 (Detective),,,,8D Report,,,"就公司現行銷售及收款循環作業，為因應「客戶關係／客戶支援」風險——客戶關係管理欠佳/
不重視客戶滿意度（風險三大屬性—財務報導：（未填）；營運：[營運] 客戶關係管理欠佳/
不重視客戶滿意度；法令遵循：（未填）；RoMM：（RoMM 分類未填）；重大科目／聲明：（重大科目未填）／（聲明未填）），設計控制目標為「定期分析客訴案件以提升服務品質」。由品保單位以人工方式、採偵測性控制取向、屬（類型未填）類型，依不定期執行下列控制活動：應定期分析客戶抱怨資料，並確實提報權責主管或管理審查會。。控制執行時使用之 IUC／制度為「8D Report」。投入（Inputs）：8D Report。覆核／執行步驟（Specific activities）：應定期分析客戶抱怨資料，並確實提報權責主管或管理審查會。。產出（Outputs）：8D Report。",[銷售及收款循環｜客戶關係／客戶支援] 定期分析客訴案件以提升服務品質：應定期分析客戶抱怨資料，並確實提報權責主管或管理審查會。（頻率：不定期；負責：品保單位；IUC：8D Report）,CS110-2,RCM;銷售及收款循環;累積範本;去識別範本,2026-08-26 16:28:17
PL-CS110-3,留存客訴案件處理軌跡以符合調閱需求,銷售及收款循環,CS110,客訴處理暨售後服務作業,客戶關係／客戶支援,客戶關係／客戶支援,"客戶關係管理欠佳/
不重視客戶滿意度",營運面,,"[營運] 客戶關係管理欠佳/
不重視客戶滿意度",,,,,留存客訴案件處理軌跡以符合調閱需求,應完整保存客戶抱怨處理資料、分析資料及改善報告，以作為未來改善之參考依據。,持續,"1. 品保單位
2. 業務單位","1. 客戶訴怨案件追蹤管制表
2. 客戶訴怨處理單及相關矯正預防措施報告",,"1. 客戶訴怨管理程序
2. 矯正與預防措施管制程序",,"1. 客戶訴怨案件追蹤管制表
2. 客戶訴怨處理單及相關矯正預防措施報告",,,,,,,人工,預防性 (Preventive),,,,"1. 客戶訴怨案件追蹤管制表
2. 客戶訴怨處理單及相關矯正預防措施報告",,,"就公司現行銷售及收款循環作業，為因應「客戶關係／客戶支援」風險——客戶關係管理欠佳/
不重視客戶滿意度（風險三大屬性—財務報導：（未填）；營運：[營運] 客戶關係管理欠佳/
不重視客戶滿意度；法令遵循：（未填）；RoMM：（RoMM 分類未填）；重大科目／聲明：（重大科目未填）／（聲明未填）），設計控制目標為「留存客訴案件處理軌跡以符合調閱需求」。由1. 品保單位
2. 業務單位以人工方式、採預防性控制取向、屬（類型未填）類型，依持續執行下列控制活動：應完整保存客戶抱怨處理資料、分析資料及改善報告，以作為未來改善之參考依據。。控制執行時使用之 IUC／制度為「1. 客戶訴怨案件追蹤管制表
2. 客戶訴怨處理單及相關矯正預防措施報告」。投入（Inputs）：1. 客戶訴怨案件追蹤管制表
2. 客戶訴怨處理單及相關矯正預防措施報告。覆核／執行步驟（Specific activities）：應完整保存客戶抱怨處理資料、分析資料及改善報告，以作為未來改善之參考依據。。產出（Outputs）：1. 客戶訴怨案件追蹤管制表
2. 客戶訴怨處理單及相關矯正預防措施報告。","[銷售及收款循環｜客戶關係／客戶支援] 留存客訴案件處理軌跡以符合調閱需求：應完整保存客戶抱怨處理資料、分析資料及改善報告，以作為未來改善之參考依據。（頻率：持續；負責：1. 品保單位
2. 業務單位；IUC：1. 客戶訴怨案件追蹤管制表
2. 客戶訴怨處理單及相關矯正預防措施報告）",CS110-3,RCM;銷售及收款循環;累積範本;去識別範本,2026-08-26 16:28:17
PL-CS111-1,折讓單(Credi Note)應記錄於適當之會計期間。,銷售及收款循環,CS111,銷貨退回或折讓作業,會計,會計,不實的財務資訊,報導面,[財務報導] 不實的財務資訊,,,,應收帳款，銷售收入淨額,,折讓單(Credi Note)應記錄於適當之會計期間。,權責主管應注意所有接近結帳日之銷貨折讓，以確保折讓紀錄於正確之會計期間。,不定期,Refer o CS107-4,Refer o CS107-4,Refer o CS107-4,Refer o CS107-4,Refer o CS107-4,Refer o CS107-4,,,,,,,人工,偵測性 (Detective),,,,Refer o CS107-4,,,就公司現行銷售及收款循環作業，為因應「會計」風險——不實的財務資訊（風險三大屬性—財務報導：[財務報導] 不實的財務資訊；營運：（未填）；法令遵循：（未填）；RoMM：（RoMM 分類未填）；重大科目／聲明：應收帳款，銷售收入淨額／（聲明未填）），設計控制目標為「折讓單(Credi Note)應記錄於適當之會計期間。」。由Refer o CS107-4以人工方式、採偵測性控制取向、屬（類型未填）類型，依不定期執行下列控制活動：權責主管應注意所有接近結帳日之銷貨折讓，以確保折讓紀錄於正確之會計期間。。控制執行時使用之 IUC／制度為「Refer o CS107-4」。投入（Inputs）：Refer o CS107-4。覆核／執行步驟（Specific activities）：權責主管應注意所有接近結帳日之銷貨折讓，以確保折讓紀錄於正確之會計期間。。產出（Outputs）：Refer o CS107-4。,[銷售及收款循環｜會計] 折讓單(Credi Note)應記錄於適當之會計期間。：權責主管應注意所有接近結帳日之銷貨折讓，以確保折讓紀錄於正確之會計期間。（頻率：不定期；負責：Refer o CS107-4；IUC：Refer o CS107-4）,CS111-1,RCM;銷售及收款循環;累積範本;去識別範本,2026-08-26 16:28:17
PL-CS111-2,折讓單(Credi Note)應記錄於適當之會計期間。,銷售及收款循環,CS111,銷貨退回或折讓作業,會計,會計,不實的財務資訊,報導面,[財務報導] 不實的財務資訊,,,,應收帳款，銷售收入淨額,,折讓單(Credi Note)應記錄於適當之會計期間。,Credi Notes應順序編號，並按編號順序歸檔。,持續,業務支援單位,ERP,ERP,,,,,,,,,,人工,預防性 (Preventive),,,,,,,就公司現行銷售及收款循環作業，為因應「會計」風險——不實的財務資訊（風險三大屬性—財務報導：[財務報導] 不實的財務資訊；營運：（未填）；法令遵循：（未填）；RoMM：（RoMM 分類未填）；重大科目／聲明：應收帳款，銷售收入淨額／（聲明未填）），設計控制目標為「折讓單(Credi Note)應記錄於適當之會計期間。」。由業務支援單位以人工方式、採預防性控制取向、屬（類型未填）類型，依持續執行下列控制活動：Credi Notes應順序編號，並按編號順序歸檔。。控制執行時使用之 IUC／制度為「ERP」。投入（Inputs）：ERP。覆核／執行步驟（Specific activities）：Credi Notes應順序編號，並按編號順序歸檔。。產出（Outputs）：（請補充控制產出／留存軌跡）。,[銷售及收款循環｜會計] 折讓單(Credi Note)應記錄於適當之會計期間。：Credi Notes應順序編號，並按編號順序歸檔。（頻率：持續；負責：業務支援單位；IUC：ERP）,CS111-2,RCM;銷售及收款循環;累積範本;去識別範本,2026-08-26 16:28:17
PL-CS111-3,折讓單(Credi Note)所記載之金額及相應之帳務處理應計算正確並經正確記錄。,銷售及收款循環,CS111,銷貨退回或折讓作業,會計,會計,不實的財務資訊,報導面,[財務報導] 不實的財務資訊,,,,應收帳款，銷售收入淨額,,折讓單(Credi Note)所記載之金額及相應之帳務處理應計算正確並經正確記錄。,銷貨折讓應備妥相關資料，並先取得權責主管之核准。,不定期,"1. 業務支援單位
2. 會計單位",ERP,ERP,銷貨退回帳務處理作業管理辦法,,"1. Debi Note
2. 折讓單
3. Credi Note
4. 銷貨折讓傳票",,,,,,,人工,預防性 (Preventive),,,,"1. Debi Note
2. 折讓單
3. Credi Note
4. 銷貨折讓傳票",,,"就公司現行銷售及收款循環作業，為因應「會計」風險——不實的財務資訊（風險三大屬性—財務報導：[財務報導] 不實的財務資訊；營運：（未填）；法令遵循：（未填）；RoMM：（RoMM 分類未填）；重大科目／聲明：應收帳款，銷售收入淨額／（聲明未填）），設計控制目標為「折讓單(Credi Note)所記載之金額及相應之帳務處理應計算正確並經正確記錄。」。由1. 業務支援單位
2. 會計單位以人工方式、採預防性控制取向、屬（類型未填）類型，依不定期執行下列控制活動：銷貨折讓應備妥相關資料，並先取得權責主管之核准。。控制執行時使用之 IUC／制度為「ERP」。投入（Inputs）：ERP。覆核／執行步驟（Specific activities）：銷貨折讓應備妥相關資料，並先取得權責主管之核准。。產出（Outputs）：1. Debi Note
2. 折讓單
3. Credi Note
4. 銷貨折讓傳票。","[銷售及收款循環｜會計] 折讓單(Credi Note)所記載之金額及相應之帳務處理應計算正確並經正確記錄。：銷貨折讓應備妥相關資料，並先取得權責主管之核准。（頻率：不定期；負責：1. 業務支援單位
2. 會計單位；IUC：ERP）",CS111-3,RCM;銷售及收款循環;累積範本;去識別範本,2026-08-26 16:28:17
PL-CS111-4,折讓單(Credi Note)所記載之金額及相應之帳務處理應計算正確並經正確記錄。,銷售及收款循環,CS111,銷貨退回或折讓作業,會計,會計,不實的財務資訊,報導面,[財務報導] 不實的財務資訊,,,,應收帳款，銷售收入淨額,,折讓單(Credi Note)所記載之金額及相應之帳務處理應計算正確並經正確記錄。,權責主管應定期監督並分析銷貨折讓所為調整之原因、數量及金額。,不定期,業務支援單位,ERP,ERP,銷貨退回帳務處理作業管理辦法,,"1. 銷貨退回帳務處理作業管理辦法
2. 銷貨退回相關作業一覽表",,,,,,,人工,偵測性 (Detective),,,,"1. 銷貨退回帳務處理作業管理辦法
2. 銷貨退回相關作業一覽表",,,"就公司現行銷售及收款循環作業，為因應「會計」風險——不實的財務資訊（風險三大屬性—財務報導：[財務報導] 不實的財務資訊；營運：（未填）；法令遵循：（未填）；RoMM：（RoMM 分類未填）；重大科目／聲明：應收帳款，銷售收入淨額／（聲明未填）），設計控制目標為「折讓單(Credi Note)所記載之金額及相應之帳務處理應計算正確並經正確記錄。」。由業務支援單位以人工方式、採偵測性控制取向、屬（類型未填）類型，依不定期執行下列控制活動：權責主管應定期監督並分析銷貨折讓所為調整之原因、數量及金額。。控制執行時使用之 IUC／制度為「ERP」。投入（Inputs）：ERP。覆核／執行步驟（Specific activities）：權責主管應定期監督並分析銷貨折讓所為調整之原因、數量及金額。。產出（Outputs）：1. 銷貨退回帳務處理作業管理辦法
2. 銷貨退回相關作業一覽表。",[銷售及收款循環｜會計] 折讓單(Credi Note)所記載之金額及相應之帳務處理應計算正確並經正確記錄。：權責主管應定期監督並分析銷貨折讓所為調整之原因、數量及金額。（頻率：不定期；負責：業務支援單位；IUC：ERP）,CS111-4,RCM;銷售及收款循環;累積範本;去識別範本,2026-08-26 16:28:17
PL-CS111-5,給與客戶銷貨折讓應符合公司之既定政策。,銷售及收款循環,CS111,銷貨退回或折讓作業,會計,會計,不實的財務資訊,報導面,[財務報導] 不實的財務資訊,,,,應收帳款，銷售收入淨額,,給與客戶銷貨折讓應符合公司之既定政策。,應制訂銷貨折讓之政策，權責主管並應定期監督該政策之執行情形。,持續,業務支援單位,"1. 銷貨退回帳務處理作業管理辦法
2. 銷貨退回相關作業一覽表",,銷貨退回帳務處理作業管理辦法,,"1. 銷貨退回帳務處理作業管理辦法
2. 銷貨退回相關作業一覽表",,,,,,,人工,預防性 (Preventive),,,,"1. 銷貨退回帳務處理作業管理辦法
2. 銷貨退回相關作業一覽表",,,"就公司現行銷售及收款循環作業，為因應「會計」風險——不實的財務資訊（風險三大屬性—財務報導：[財務報導] 不實的財務資訊；營運：（未填）；法令遵循：（未填）；RoMM：（RoMM 分類未填）；重大科目／聲明：應收帳款，銷售收入淨額／（聲明未填）），設計控制目標為「給與客戶銷貨折讓應符合公司之既定政策。」。由業務支援單位以人工方式、採預防性控制取向、屬（類型未填）類型，依持續執行下列控制活動：應制訂銷貨折讓之政策，權責主管並應定期監督該政策之執行情形。。控制執行時使用之 IUC／制度為「1. 銷貨退回帳務處理作業管理辦法
2. 銷貨退回相關作業一覽表」。投入（Inputs）：1. 銷貨退回帳務處理作業管理辦法
2. 銷貨退回相關作業一覽表。覆核／執行步驟（Specific activities）：應制訂銷貨折讓之政策，權責主管並應定期監督該政策之執行情形。。產出（Outputs）：1. 銷貨退回帳務處理作業管理辦法
2. 銷貨退回相關作業一覽表。","[銷售及收款循環｜會計] 給與客戶銷貨折讓應符合公司之既定政策。：應制訂銷貨折讓之政策，權責主管並應定期監督該政策之執行情形。（頻率：持續；負責：業務支援單位；IUC：1. 銷貨退回帳務處理作業管理辦法
2. 銷貨退回相關作業一覽表）",CS111-5,RCM;銷售及收款循環;累積範本;去識別範本,2026-08-26 16:28:17
PL-CS111-6,貨品退貨需符合退貨標準,銷售及收款循環,CS111,銷貨退回或折讓作業,退貨,退貨,定義不清和無法執行的退貨與授信政策,營運面,,[營運] 定義不清和無法執行的退貨與授信政策,,,,,貨品退貨需符合退貨標準,退回之貨品應皆經由品管單位審查。,不定期,"1. 業務支援單位
2. 倉管單位
3. 品保單位",ERP,ERP,銷貨退回帳務處理作業管理辦法,,"1. 退貨訂單
2. 換貨訂單",,,,,,,人工,預防性 (Preventive),,,,"1. 退貨訂單
2. 換貨訂單",,,"就公司現行銷售及收款循環作業，為因應「退貨」風險——定義不清和無法執行的退貨與授信政策（風險三大屬性—財務報導：（未填）；營運：[營運] 定義不清和無法執行的退貨與授信政策；法令遵循：（未填）；RoMM：（RoMM 分類未填）；重大科目／聲明：（重大科目未填）／（聲明未填）），設計控制目標為「貨品退貨需符合退貨標準」。由1. 業務支援單位
2. 倉管單位
3. 品保單位以人工方式、採預防性控制取向、屬（類型未填）類型，依不定期執行下列控制活動：退回之貨品應皆經由品管單位審查。。控制執行時使用之 IUC／制度為「ERP」。投入（Inputs）：ERP。覆核／執行步驟（Specific activities）：退回之貨品應皆經由品管單位審查。。產出（Outputs）：1. 退貨訂單
2. 換貨訂單。","[銷售及收款循環｜退貨] 貨品退貨需符合退貨標準：退回之貨品應皆經由品管單位審查。（頻率：不定期；負責：1. 業務支援單位
2. 倉管單位
3. 品保單位；IUC：ERP）",CS111-6,RCM;銷售及收款循環;累積範本;去識別範本,2026-08-26 16:28:17
PL-CS111-7,實際退庫數量與帳上一致,銷售及收款循環,CS111,銷貨退回或折讓作業,會計,會計,不實的財務資訊,報導面,[財務報導] 不實的財務資訊,,,,應收帳款，銷售收入淨額,,實際退庫數量與帳上一致,經權責單位核定退回之貨品應與退回入庫之數量一致。,不定期,"1. 業務支援單位
2. 倉管單位",ERP,ERP,銷貨退回帳務處理作業管理辦法,,"1. 退貨明細
2. 退貨訂單
3. 換貨訂單",,,,,,,人工,預防性 (Preventive),,,,"1. 退貨明細
2. 退貨訂單
3. 換貨訂單",,,"就公司現行銷售及收款循環作業，為因應「會計」風險——不實的財務資訊（風險三大屬性—財務報導：[財務報導] 不實的財務資訊；營運：（未填）；法令遵循：（未填）；RoMM：（RoMM 分類未填）；重大科目／聲明：應收帳款，銷售收入淨額／（聲明未填）），設計控制目標為「實際退庫數量與帳上一致」。由1. 業務支援單位
2. 倉管單位以人工方式、採預防性控制取向、屬（類型未填）類型，依不定期執行下列控制活動：經權責單位核定退回之貨品應與退回入庫之數量一致。。控制執行時使用之 IUC／制度為「ERP」。投入（Inputs）：ERP。覆核／執行步驟（Specific activities）：經權責單位核定退回之貨品應與退回入庫之數量一致。。產出（Outputs）：1. 退貨明細
2. 退貨訂單
3. 換貨訂單。","[銷售及收款循環｜會計] 實際退庫數量與帳上一致：經權責單位核定退回之貨品應與退回入庫之數量一致。（頻率：不定期；負責：1. 業務支援單位
2. 倉管單位；IUC：ERP）",CS111-7,RCM;銷售及收款循環;累積範本;去識別範本,2026-08-26 16:28:17
PL-CS111-8,銷貨折讓皆取得合法外部憑證,銷售及收款循環,CS111,銷貨退回或折讓作業,會計,會計,不實的財務資訊,報導面,[財務報導] 不實的財務資訊,,,,"Receivables, Sales",,銷貨折讓皆取得合法外部憑證,所有國內銷貨折讓應皆已取得客戶簽章之折讓單。,不定期,會計單位,"1. 銷貨退回相關作業一覽表
2. 營業人銷貨退回折讓證明單",,銷貨退回帳務處理作業管理辦法,,"1. 銷貨退回相關作業一覽表
2. 營業人銷貨退回折讓證明單",,,,,,,人工,預防性 (Preventive),,,,"1. 銷貨退回相關作業一覽表
2. 營業人銷貨退回折讓證明單",,,"就公司現行銷售及收款循環作業，為因應「會計」風險——不實的財務資訊（風險三大屬性—財務報導：[財務報導] 不實的財務資訊；營運：（未填）；法令遵循：（未填）；RoMM：（RoMM 分類未填）；重大科目／聲明：Receivables, Sales／（聲明未填）），設計控制目標為「銷貨折讓皆取得合法外部憑證」。由會計單位以人工方式、採預防性控制取向、屬（類型未填）類型，依不定期執行下列控制活動：所有國內銷貨折讓應皆已取得客戶簽章之折讓單。。控制執行時使用之 IUC／制度為「1. 銷貨退回相關作業一覽表
2. 營業人銷貨退回折讓證明單」。投入（Inputs）：1. 銷貨退回相關作業一覽表
2. 營業人銷貨退回折讓證明單。覆核／執行步驟（Specific activities）：所有國內銷貨折讓應皆已取得客戶簽章之折讓單。。產出（Outputs）：1. 銷貨退回相關作業一覽表
2. 營業人銷貨退回折讓證明單。","[銷售及收款循環｜會計] 銷貨折讓皆取得合法外部憑證：所有國內銷貨折讓應皆已取得客戶簽章之折讓單。（頻率：不定期；負責：會計單位；IUC：1. 銷貨退回相關作業一覽表
2. 營業人銷貨退回折讓證明單）",CS111-8,RCM;銷售及收款循環;累積範本;去識別範本,2026-08-26 16:28:17
PL-CS112-1,產品銷毀皆符合公司辦法及程序,銷售及收款循環,CS112,產品銷毀作業,減少廢料與閉路式生產,減少廢料與閉路式生產,廢料處理／回收／報廢不適當,營運面,,[營運] 廢料處理／回收／報廢不適當,,,,,產品銷毀皆符合公司辦法及程序,產品銷毀應皆依據相關程序，並經權責主管核准後執行。,每月,倉管單位,非存貨倉報廢簽呈,,報廢作業管理辦法,,非存貨倉報廢簽呈,,,,,,,人工,預防性 (Preventive),,,,非存貨倉報廢簽呈,,,就公司現行銷售及收款循環作業，為因應「減少廢料與閉路式生產」風險——廢料處理／回收／報廢不適當（風險三大屬性—財務報導：（未填）；營運：[營運] 廢料處理／回收／報廢不適當；法令遵循：（未填）；RoMM：（RoMM 分類未填）；重大科目／聲明：（重大科目未填）／（聲明未填）），設計控制目標為「產品銷毀皆符合公司辦法及程序」。由倉管單位以人工方式、採預防性控制取向、屬（類型未填）類型，依每月執行下列控制活動：產品銷毀應皆依據相關程序，並經權責主管核准後執行。。控制執行時使用之 IUC／制度為「非存貨倉報廢簽呈」。投入（Inputs）：非存貨倉報廢簽呈。覆核／執行步驟（Specific activities）：產品銷毀應皆依據相關程序，並經權責主管核准後執行。。產出（Outputs）：非存貨倉報廢簽呈。,[銷售及收款循環｜減少廢料與閉路式生產] 產品銷毀皆符合公司辦法及程序：產品銷毀應皆依據相關程序，並經權責主管核准後執行。（頻率：每月；負責：倉管單位；IUC：非存貨倉報廢簽呈）,CS112-1,RCM;銷售及收款循環;累積範本;去識別範本,2026-08-26 16:28:17
PL-CS112-2,產品銷毀皆符合公司辦法及程序,銷售及收款循環,CS112,產品銷毀作業,減少廢料與閉路式生產,減少廢料與閉路式生產,廢料處理／回收／報廢不適當,營運面,,[營運] 廢料處理／回收／報廢不適當,,,,,產品銷毀皆符合公司辦法及程序,於產品銷毀作業完成後應由清運商處理後續作業。,每季,Refer o 生產循環CO108-4,Refer o 生產循環CO108-4,Refer o 生產循環CO108-4,Refer o 生產循環CO108-4,Refer o 生產循環CO108-4,Refer o 生產循環CO108-4,,,,,,,人工,預防性 (Preventive),,,,Refer o 生產循環CO108-4,,,就公司現行銷售及收款循環作業，為因應「減少廢料與閉路式生產」風險——廢料處理／回收／報廢不適當（風險三大屬性—財務報導：（未填）；營運：[營運] 廢料處理／回收／報廢不適當；法令遵循：（未填）；RoMM：（RoMM 分類未填）；重大科目／聲明：（重大科目未填）／（聲明未填）），設計控制目標為「產品銷毀皆符合公司辦法及程序」。由Refer o 生產循環CO108-4以人工方式、採預防性控制取向、屬（類型未填）類型，依每季執行下列控制活動：於產品銷毀作業完成後應由清運商處理後續作業。。控制執行時使用之 IUC／制度為「Refer o 生產循環CO108-4」。投入（Inputs）：Refer o 生產循環CO108-4。覆核／執行步驟（Specific activities）：於產品銷毀作業完成後應由清運商處理後續作業。。產出（Outputs）：Refer o 生產循環CO108-4。,[銷售及收款循環｜減少廢料與閉路式生產] 產品銷毀皆符合公司辦法及程序：於產品銷毀作業完成後應由清運商處理後續作業。（頻率：每季；負責：Refer o 生產循環CO108-4；IUC：Refer o 生產循環CO108-4）,CS112-2,RCM;銷售及收款循環;累積範本;去識別範本,2026-08-26 16:28:17
PL-CS112-3,產品銷毀皆符合公司辦法及程序,銷售及收款循環,CS112,產品銷毀作業,稅務,稅務,無法符合稅務規定,遵循面,,,[法令遵循] 無法符合稅務規定,,,,產品銷毀皆符合公司辦法及程序,向主管機關申請報廢前應開立物品處置單、備妥報廢明細並經權責主管核可。,不定期,Refer o 生產循環CO108-1,Refer o 生產循環CO108-1,Refer o 生產循環CO108-1,Refer o 生產循環CO108-1,Refer o 生產循環CO108-1,Refer o 生產循環CO108-1,,,,,,,人工,預防性 (Preventive),,,,Refer o 生產循環CO108-1,,,就公司現行銷售及收款循環作業，為因應「稅務」風險——無法符合稅務規定（風險三大屬性—財務報導：（未填）；營運：（未填）；法令遵循：[法令遵循] 無法符合稅務規定；RoMM：（RoMM 分類未填）；重大科目／聲明：（重大科目未填）／（聲明未填）），設計控制目標為「產品銷毀皆符合公司辦法及程序」。由Refer o 生產循環CO108-1以人工方式、採預防性控制取向、屬（類型未填）類型，依不定期執行下列控制活動：向主管機關申請報廢前應開立物品處置單、備妥報廢明細並經權責主管核可。。控制執行時使用之 IUC／制度為「Refer o 生產循環CO108-1」。投入（Inputs）：Refer o 生產循環CO108-1。覆核／執行步驟（Specific activities）：向主管機關申請報廢前應開立物品處置單、備妥報廢明細並經權責主管核可。。產出（Outputs）：Refer o 生產循環CO108-1。,[銷售及收款循環｜稅務] 產品銷毀皆符合公司辦法及程序：向主管機關申請報廢前應開立物品處置單、備妥報廢明細並經權責主管核可。（頻率：不定期；負責：Refer o 生產循環CO108-1；IUC：Refer o 生產循環CO108-1）,CS112-3,RCM;銷售及收款循環;累積範本;去識別範本,2026-08-26 16:28:17
PL-CS113-1,所有已開立發票皆應記錄於適當之會計期間。,銷售及收款循環,CS113,差異分析作業,財務計畫／預算／預測,財務計畫／預算／預測,缺乏監督計劃及預算之能力,營運面,,[營運] 缺乏監督計劃及預算之能力,,,,,所有已開立發票皆應記錄於適當之會計期間。,應定期針對銷貨收入及銷貨毛利等科目與預算進行比較，若發生重大差異應追蹤分析並經權責主管核准。,每週,"1. 業務支援單位
2. 運營單位","1.業務週報記錄
2. 效益分析",,,,"1.業務週報記錄
2. 效益分析",,,,,,,人工,預防性 (Preventive),,,,"1.業務週報記錄
2. 效益分析",,,"就公司現行銷售及收款循環作業，為因應「財務計畫／預算／預測」風險——缺乏監督計劃及預算之能力（風險三大屬性—財務報導：（未填）；營運：[營運] 缺乏監督計劃及預算之能力；法令遵循：（未填）；RoMM：（RoMM 分類未填）；重大科目／聲明：（重大科目未填）／（聲明未填）），設計控制目標為「所有已開立發票皆應記錄於適當之會計期間。」。由1. 業務支援單位
2. 運營單位以人工方式、採預防性控制取向、屬（類型未填）類型，依每週執行下列控制活動：應定期針對銷貨收入及銷貨毛利等科目與預算進行比較，若發生重大差異應追蹤分析並經權責主管核准。。控制執行時使用之 IUC／制度為「1.業務週報記錄
2. 效益分析」。投入（Inputs）：1.業務週報記錄
2. 效益分析。覆核／執行步驟（Specific activities）：應定期針對銷貨收入及銷貨毛利等科目與預算進行比較，若發生重大差異應追蹤分析並經權責主管核准。。產出（Outputs）：1.業務週報記錄
2. 效益分析。","[銷售及收款循環｜財務計畫／預算／預測] 所有已開立發票皆應記錄於適當之會計期間。：應定期針對銷貨收入及銷貨毛利等科目與預算進行比較，若發生重大差異應追蹤分析並經權責主管核准。（頻率：每週；負責：1. 業務支援單位
2. 運營單位；IUC：1.業務週報記錄
2. 效益分析）",CS113-1,RCM;銷售及收款循環;累積範本;去識別範本,2026-08-26 16:28:17
